appearances,PPG,goals,assists,own_goals,substitutions_on,substitutions_off,yellow_cards,second_yellow_cards,red_cards,penalty_goals,minutes_per_goal,minutes_played
40.0,1.9,0.0,0.0,1.0,5.0,3.0,7.0,0.0,0.0,0.0,0.0,3.125
25.0,1.6,1.0,1.0,1.0,4.0,3.0,4.0,0.0,1.0,0.0,1.903,1.903
18.0,1.5,0.0,0.0,0.0,4.0,12.0,0.0,0.0,0.0,0.0,0.0,1.133
36.0,1.86,0.0,1.0,0.0,4.0,5.0,3.0,0.0,0.0,0.0,0.0,2.794
20.0,1.85,3.0,2.0,0.0,7.0,5.0,2.0,0.0,0.0,0.0,378.0,1.134
4.0,2.25,0.0,0.0,0.0,1.0,1.0,0.0,0.0,0.0,0.0,0.0,226.0
52.0,1.75,6.0,2.0,0.0,4.0,5.0,2.0,0.0,0.0,0.0,737.0,4.423
,,,,,,,,,,,,
4.0,2.0,0.0,0.0,0.0,2.0,1.0,0.0,0.0,0.0,0.0,0.0,163.0
44.0,2.07,9.0,6.0,0.0,7.0,15.0,14.0,0.0,1.0,0.0,352.0,3.164
,,,,,,,,,,,,
,,,,,,,,,,,,
49.0,1.78,2.0,6.0,0.0,14.0,18.0,2.0,0.0,0.0,0.0,1.543,3.086
48.0,1.65,5.0,4.0,0.0,7.0,6.0,10.0,0.0,0.0,0.0,762.0,3.812
39.0,1.67,6.0,8.0,0.0,12.0,16.0,3.0,0.0,0.0,0.0,398.0,2.386
1.0,,0.0,0.0,0.0,1.0,0.0,1.0,0.0,0.0,0.0,0.0,14.0
,,,,,,,,,,,,
29.0,2.34,7.0,3.0,0.0,5.0,9.0,5.0,0.0,0.0,0.0,295.0,2.067
37.0,1.84,6.0,9.0,0.0,16.0,13.0,1.0,0.0,0.0,1.0,319.0,1.912
32.0,1.97,3.0,5.0,0.0,16.0,8.0,5.0,0.0,0.0,1.0,507.0,1.521
44.0,1.57,10.0,6.0,0.0,13.0,16.0,2.0,0.0,0.0,0.0,284.0,2.837
44.0,1.61,2.0,12.0,0.0,11.0,22.0,4.0,0.0,0.0,0.0,1.386,2.771
5.0,2.4,0.0,1.0,0.0,3.0,2.0,0.0,0.0,0.0,0.0,0.0,166.0
43.0,1.67,30.0,4.0,0.0,1.0,8.0,2.0,0.0,0.0,4.0,123.0,3.701
,,,,,,,,,,,,
,,,,,,,,,,,,
42.0,1.98,5.0,3.0,0.0,2.0,4.0,6.0,0.0,0.0,0.0,700.0,3.5
29.0,2.03,1.0,2.0,0.0,9.0,2.0,2.0,0.0,0.0,0.0,2.065,2.065
29.0,2.03,3.0,2.0,0.0,13.0,12.0,7.0,0.0,0.0,0.0,499.0,1.497
41.0,1.93,1.0,3.0,0.0,12.0,15.0,7.0,0.0,2.0,0.0,2.523,2.523
22.0,1.86,1.0,1.0,0.0,15.0,6.0,2.0,0.0,0.0,0.0,719.0,719.0
19.0,2.11,0.0,0.0,0.0,16.0,3.0,0.0,0.0,0.0,0.0,0.0,384.0
25.0,1.44,0.0,1.0,0.0,9.0,5.0,3.0,0.0,0.0,0.0,0.0,1.441
,,,,,,,,,,,,
1.0,3.0,0.0,0.0,0.0,1.0,0.0,0.0,0.0,0.0,0.0,0.0,6.0
51.0,1.92,4.0,3.0,0.0,7.0,13.0,7.0,0.0,0.0,0.0,964.0,3.856
,,,,,,,,,,,,
51.0,1.88,9.0,10.0,0.0,4.0,15.0,8.0,1.0,0.0,0.0,449.0,4.038
43.0,1.81,9.0,5.0,0.0,15.0,10.0,3.0,1.0,0.0,0.0,283.0,2.545
,,,,,,,,,,,,
50.0,1.86,10.0,6.0,0.0,11.0,21.0,3.0,0.0,0.0,0.0,349.0,3.493
55.0,1.87,10.0,9.0,0.0,18.0,19.0,3.0,1.0,0.0,0.0,343.0,3.428
36.0,1.97,12.0,14.0,0.0,6.0,18.0,5.0,0.0,0.0,2.0,216.0,2.592
36.0,1.92,9.0,2.0,0.0,21.0,13.0,1.0,0.0,0.0,0.0,145.0,1.303
,,,,,,,,,,,,
35.0,2.03,15.0,5.0,0.0,5.0,5.0,7.0,0.0,0.0,0.0,186.0,2.79
27.0,1.93,7.0,2.0,0.0,14.0,8.0,4.0,0.0,0.0,0.0,172.0,1.204
,,,,,,,,,,,,
,,,,,,,,,,,,
17.0,2.59,0.0,0.0,0.0,6.0,4.0,2.0,0.0,0.0,0.0,0.0,874.0
25.0,1.92,0.0,0.0,2.0,12.0,3.0,3.0,0.0,0.0,0.0,0.0,1.29
29.0,2.17,0.0,2.0,0.0,11.0,8.0,3.0,0.0,0.0,0.0,0.0,1.674
44.0,2.3,0.0,2.0,1.0,7.0,13.0,5.0,0.0,1.0,0.0,0.0,3.235
43.0,2.35,4.0,8.0,0.0,6.0,23.0,5.0,0.0,0.0,0.0,761.0,3.044
28.0,2.07,0.0,4.0,0.0,15.0,9.0,4.0,0.0,0.0,0.0,0.0,1.34
,,,,,,,,,,,,
31.0,2.35,0.0,0.0,0.0,24.0,4.0,1.0,0.0,0.0,0.0,0.0,844.0
11.0,2.36,3.0,2.0,0.0,2.0,4.0,3.0,0.0,0.0,0.0,254.0,761.0
,,,,,,,,,,,,
,,,,,,,,,,,,
48.0,2.33,8.0,9.0,0.0,9.0,16.0,6.0,0.0,0.0,0.0,421.0,3.368
27.0,2.0,5.0,3.0,0.0,21.0,1.0,4.0,0.0,0.0,0.0,163.0,817.0
49.0,2.24,17.0,8.0,0.0,12.0,26.0,3.0,0.0,0.0,0.0,192.0,3.267
48.0,2.21,18.0,6.0,0.0,17.0,24.0,5.0,0.0,0.0,1.0,145.0,2.606
51.0,2.27,33.0,23.0,0.0,2.0,13.0,1.0,0.0,0.0,11.0,134.0,4.411
14.0,1.71,2.0,2.0,0.0,10.0,2.0,1.0,0.0,0.0,0.0,233.0,466.0
,,,,,,,,,,,,
36.0,2.08,9.0,4.0,0.0,14.0,18.0,2.0,0.0,0.0,0.0,200.0,1.804
36.0,1.81,1.0,1.0,0.0,2.0,1.0,9.0,0.0,0.0,0.0,3.15,3.15
14.0,2.0,0.0,0.0,0.0,0.0,4.0,7.0,0.0,0.0,0.0,0.0,1.176
,,,,,,,,,,,,
36.0,1.97,4.0,1.0,0.0,7.0,3.0,6.0,0.0,0.0,0.0,655.0,2.62
32.0,1.72,3.0,1.0,0.0,4.0,5.0,3.0,0.0,0.0,0.0,830.0,2.489
1.0,3.0,0.0,0.0,0.0,0.0,1.0,0.0,0.0,0.0,0.0,0.0,62.0
46.0,1.93,7.0,4.0,0.0,7.0,8.0,9.0,1.0,0.0,0.0,514.0,3.597
39.0,1.74,0.0,2.0,0.0,15.0,9.0,4.0,0.0,0.0,0.0,0.0,2.26
25.0,1.84,2.0,2.0,0.0,8.0,11.0,1.0,0.0,0.0,0.0,692.0,1.383
,,,,,,,,,,,,
43.0,1.81,1.0,5.0,0.0,2.0,8.0,12.0,0.0,0.0,0.0,3.635,3.635
17.0,1.94,0.0,1.0,0.0,5.0,12.0,4.0,0.0,0.0,0.0,0.0,825.0
44.0,1.77,7.0,13.0,0.0,7.0,11.0,9.0,0.0,0.0,0.0,475.0,3.327
29.0,2.21,4.0,3.0,0.0,11.0,7.0,2.0,0.0,0.0,0.0,413.0,1.653
20.0,0.9,0.0,0.0,0.0,10.0,6.0,2.0,0.0,0.0,0.0,0.0,969.0
,,,,,,,,,,,,
4.0,1.75,0.0,0.0,0.0,2.0,2.0,1.0,0.0,0.0,0.0,0.0,158.0
15.0,2.07,3.0,5.0,0.0,6.0,2.0,0.0,0.0,0.0,0.0,283.0,849.0
40.0,1.88,4.0,10.0,0.0,15.0,16.0,2.0,0.0,0.0,0.0,584.0,2.335
36.0,2.22,6.0,11.0,0.0,15.0,12.0,4.0,0.0,0.0,0.0,334.0,2.004
43.0,1.81,6.0,8.0,0.0,12.0,16.0,8.0,0.0,0.0,0.0,452.0,2.713
39.0,1.85,11.0,5.0,0.0,10.0,23.0,3.0,0.0,0.0,0.0,207.0,2.272
,,,,,,,,,,,,
,,,,,,,,,,,,
9.0,1.67,2.0,0.0,0.0,6.0,4.0,1.0,0.0,0.0,0.0,141.0,282.0
13.0,2.38,6.0,0.0,0.0,6.0,6.0,0.0,0.0,0.0,0.0,96.0,577.0
26.0,1.62,1.0,2.0,0.0,0.0,6.0,5.0,0.0,0.0,0.0,2.102,2.102
21.0,1.86,0.0,2.0,0.0,1.0,7.0,5.0,0.0,0.0,0.0,0.0,1.612
28.0,1.39,0.0,0.0,0.0,3.0,1.0,4.0,0.0,0.0,0.0,0.0,2.299
28.0,1.54,0.0,0.0,0.0,3.0,5.0,4.0,0.0,1.0,0.0,0.0,2.18
27.0,1.56,0.0,0.0,0.0,4.0,2.0,4.0,0.0,0.0,0.0,0.0,2.152
35.0,1.54,0.0,1.0,1.0,3.0,14.0,2.0,0.0,0.0,0.0,0.0,2.732
34.0,1.35,2.0,3.0,1.0,9.0,2.0,2.0,1.0,0.0,0.0,1.206,2.412
6.0,1.17,0.0,0.0,0.0,4.0,1.0,2.0,0.0,0.0,0.0,0.0,316.0
50.0,1.46,4.0,9.0,0.0,7.0,4.0,6.0,0.0,0.0,0.0,1.01,4.04
45.0,1.53,0.0,0.0,1.0,11.0,3.0,2.0,0.0,0.0,0.0,0.0,3.154
,,,,,,,,,,,,
43.0,1.53,2.0,0.0,0.0,16.0,15.0,12.0,0.0,0.0,0.0,1.246,2.491
54.0,1.37,6.0,3.0,0.0,22.0,21.0,8.0,0.0,0.0,0.0,480.0,2.88
,,,,,,,,,,,,
,,,,,,,,,,,,
45.0,1.42,12.0,11.0,0.0,13.0,30.0,8.0,0.0,0.0,0.0,226.0,2.717
46.0,1.39,11.0,12.0,0.0,9.0,21.0,1.0,0.0,0.0,2.0,290.0,3.19
22.0,1.68,3.0,4.0,0.0,11.0,8.0,1.0,0.0,0.0,0.0,343.0,1.029
27.0,1.41,1.0,3.0,0.0,17.0,10.0,0.0,0.0,0.0,0.0,946.0,946.0
,,,,,,,,,,,,
21.0,1.38,4.0,0.0,0.0,9.0,9.0,0.0,0.0,0.0,0.0,263.0,1.053
44.0,1.5,15.0,8.0,1.0,8.0,12.0,0.0,0.0,0.0,2.0,222.0,3.327
33.0,1.48,3.0,2.0,0.0,16.0,10.0,3.0,0.0,0.0,1.0,544.0,1.631
,,,,,,,,,,,,
27.0,0.85,5.0,3.0,0.0,18.0,7.0,2.0,0.0,0.0,0.0,203.0,1.017
33.0,1.21,1.0,1.0,0.0,11.0,10.0,7.0,0.0,0.0,0.0,2.055,2.055
32.0,1.59,2.0,2.0,0.0,1.0,7.0,9.0,0.0,0.0,0.0,1.355,2.71
42.0,1.6,2.0,0.0,0.0,6.0,13.0,6.0,0.0,0.0,0.0,1.558,3.116
39.0,1.28,4.0,1.0,0.0,10.0,11.0,9.0,0.0,0.0,0.0,674.0,2.694
24.0,1.33,0.0,0.0,0.0,13.0,4.0,1.0,0.0,0.0,0.0,0.0,1.134
21.0,1.19,0.0,0.0,0.0,4.0,5.0,5.0,0.0,0.0,0.0,0.0,1.458
12.0,2.0,1.0,0.0,0.0,6.0,3.0,2.0,0.0,0.0,0.0,623.0,623.0
42.0,1.07,3.0,2.0,1.0,2.0,10.0,6.0,0.0,2.0,0.0,1.144,3.432
12.0,1.42,0.0,0.0,1.0,7.0,3.0,1.0,0.0,0.0,0.0,0.0,587.0
,,,,,,,,,,,,
56.0,1.43,0.0,3.0,0.0,5.0,17.0,6.0,0.0,0.0,0.0,0.0,4.47
45.0,1.56,2.0,6.0,1.0,9.0,24.0,15.0,0.0,0.0,0.0,1.447,2.894
41.0,1.59,5.0,3.0,0.0,11.0,14.0,7.0,0.0,0.0,0.0,542.0,2.709
,,,,,,,,,,,,
,,,,,,,,,,,,
34.0,1.32,4.0,5.0,0.0,15.0,11.0,4.0,0.0,0.0,0.0,427.0,1.708
56.0,1.46,19.0,19.0,0.0,2.0,5.0,6.0,2.0,1.0,7.0,255.0,4.842
,,,,,,,,,,,,
25.0,1.16,3.0,0.0,0.0,15.0,11.0,5.0,0.0,0.0,0.0,295.0,885.0
42.0,1.45,10.0,9.0,0.0,15.0,10.0,5.0,0.0,0.0,0.0,267.0,2.667
51.0,1.39,10.0,4.0,0.0,14.0,24.0,2.0,0.0,0.0,0.0,324.0,3.242
,,,,,,,,,,,,
22.0,1.73,14.0,2.0,0.0,9.0,6.0,4.0,0.0,0.0,1.0,91.0,1.275
10.0,2.2,0.0,0.0,0.0,2.0,6.0,1.0,0.0,0.0,0.0,0.0,582.0
41.0,1.88,6.0,1.0,0.0,2.0,4.0,11.0,0.0,1.0,1.0,591.0,3.543
45.0,2.0,2.0,1.0,2.0,2.0,1.0,12.0,0.0,0.0,0.0,1.942,3.884
0.0,,0.0,0.0,0.0,0.0,0.0,0.0,0.0,0.0,0.0,0.0,0.0
,,,,,,,,,,,,
,,,,,,,,,,,,
,,,,,,,,,,,90.0,67.0
44.0,1.91,0.0,1.0,0.0,7.0,7.0,3.0,0.0,0.0,0.0,0.0,3.369
31.0,1.81,0.0,4.0,0.0,11.0,15.0,1.0,0.0,0.0,0.0,0.0,1.741
18.0,2.28,0.0,0.0,0.0,12.0,1.0,2.0,0.0,0.0,0.0,0.0,677.0
46.0,1.96,5.0,8.0,0.0,5.0,19.0,10.0,0.0,0.0,0.0,754.0,3.768
44.0,1.95,6.0,3.0,0.0,10.0,9.0,6.0,0.0,0.0,0.0,537.0,3.219
37.0,2.0,4.0,3.0,0.0,0.0,15.0,12.0,0.0,0.0,0.0,743.0,2.972
,,,,,,,,,,,,
32.0,2.13,0.0,1.0,0.0,20.0,5.0,4.0,0.0,0.0,0.0,0.0,1.203
21.0,2.29,2.0,0.0,0.0,15.0,3.0,0.0,0.0,0.0,0.0,333.0,666.0
,,,,,,,,,,,,
39.0,2.0,9.0,5.0,0.0,18.0,14.0,0.0,0.0,0.0,0.0,226.0,2.033
40.0,1.85,9.0,14.0,0.0,6.0,28.0,4.0,0.0,0.0,0.0,301.0,2.711
41.0,2.07,27.0,6.0,0.0,1.0,25.0,1.0,0.0,0.0,5.0,120.0,3.234
21.0,1.71,1.0,0.0,0.0,18.0,3.0,1.0,0.0,0.0,0.0,438.0,438.0
18.0,1.83,2.0,2.0,0.0,15.0,2.0,1.0,0.0,0.0,0.0,206.0,411.0
,,,,,,,,,,,,
49.0,1.96,3.0,0.0,0.0,1.0,2.0,2.0,0.0,0.0,0.0,1.408,4.224
22.0,2.0,0.0,1.0,0.0,2.0,6.0,3.0,0.0,0.0,0.0,0.0,1.748
,,,,,,,,,,,,
,,,,,,,,,,,,
45.0,1.76,0.0,7.0,0.0,5.0,22.0,6.0,0.0,0.0,0.0,0.0,3.345
37.0,1.89,1.0,2.0,0.0,4.0,14.0,8.0,0.0,0.0,0.0,2.745,2.745
27.0,2.11,2.0,2.0,1.0,6.0,6.0,5.0,0.0,0.0,0.0,949.0,1.898
,,,,,,,,,,,,
33.0,2.03,5.0,0.0,0.0,9.0,16.0,4.0,0.0,0.0,0.0,396.0,1.979
41.0,1.76,1.0,0.0,0.0,8.0,12.0,5.0,0.0,0.0,0.0,2.802,2.802
18.0,1.83,0.0,0.0,0.0,7.0,5.0,2.0,0.0,0.0,0.0,0.0,1.036
52.0,1.87,5.0,10.0,0.0,0.0,14.0,5.0,0.0,0.0,0.0,897.0,4.483
48.0,1.9,4.0,6.0,0.0,9.0,23.0,8.0,0.0,0.0,0.0,811.0,3.244
,,,,,,,,,,,,
45.0,2.02,4.0,7.0,0.0,20.0,19.0,2.0,1.0,0.0,0.0,573.0,2.292
53.0,1.89,14.0,15.0,0.0,1.0,23.0,11.0,0.0,0.0,0.0,315.0,4.412
36.0,2.17,10.0,5.0,0.0,15.0,16.0,2.0,0.0,0.0,1.0,183.0,1.829
41.0,1.83,11.0,9.0,0.0,12.0,24.0,4.0,0.0,0.0,2.0,222.0,2.44
38.0,1.71,2.0,4.0,0.0,13.0,21.0,4.0,0.0,0.0,0.0,1.036,2.072
37.0,1.78,8.0,1.0,0.0,24.0,12.0,2.0,0.0,0.0,0.0,168.0,1.343
53.0,1.89,17.0,14.0,0.0,11.0,28.0,2.0,0.0,0.0,2.0,205.0,3.488
38.0,1.58,1.0,1.0,0.0,1.0,3.0,6.0,1.0,0.0,0.0,3.359,3.359
,,,,,,,,,,,,
19.0,2.32,1.0,1.0,0.0,4.0,5.0,3.0,0.0,0.0,0.0,1.304,1.304
27.0,1.26,0.0,0.0,1.0,3.0,3.0,5.0,0.0,0.0,0.0,0.0,2.159
24.0,1.08,1.0,0.0,0.0,2.0,3.0,5.0,0.0,0.0,0.0,1.867,1.867
13.0,1.62,3.0,0.0,0.0,4.0,7.0,2.0,0.0,0.0,0.0,246.0,739.0
36.0,1.64,1.0,1.0,0.0,6.0,5.0,7.0,0.0,0.0,0.0,2.847,2.847
20.0,1.65,3.0,2.0,0.0,6.0,6.0,0.0,1.0,0.0,0.0,406.0,1.218
23.0,1.78,0.0,2.0,0.0,2.0,6.0,5.0,0.0,0.0,0.0,0.0,1.858
39.0,1.77,4.0,2.0,0.0,3.0,18.0,7.0,1.0,0.0,0.0,773.0,3.09
27.0,1.59,1.0,5.0,0.0,17.0,5.0,6.0,0.0,0.0,0.0,1.075,1.075
,,,,,,,,,,,,
,,,,,,,,,,,,
38.0,1.74,2.0,1.0,0.0,14.0,14.0,4.0,0.0,0.0,0.0,1.109,2.217
,,,,,,,,,,,,
3.0,2.33,0.0,0.0,0.0,0.0,3.0,1.0,0.0,0.0,0.0,0.0,172.0
40.0,1.63,11.0,3.0,0.0,8.0,16.0,1.0,0.0,0.0,0.0,266.0,2.921
32.0,1.53,5.0,2.0,0.0,18.0,10.0,0.0,0.0,0.0,0.0,273.0,1.366
36.0,1.67,7.0,5.0,0.0,12.0,19.0,5.0,0.0,0.0,0.0,312.0,2.186
24.0,1.33,1.0,5.0,0.0,16.0,8.0,1.0,0.0,0.0,0.0,803.0,803.0
,,,,,,,,,,,,
,,,,,,,,,,,,
34.0,1.59,8.0,5.0,0.0,10.0,20.0,3.0,0.0,0.0,0.0,260.0,2.076
36.0,1.75,11.0,4.0,0.0,10.0,15.0,4.0,0.0,0.0,1.0,217.0,2.39
40.0,1.08,0.0,2.0,0.0,0.0,1.0,4.0,0.0,0.0,0.0,0.0,3.529
28.0,1.32,0.0,0.0,0.0,7.0,11.0,4.0,0.0,0.0,0.0,0.0,1.878
34.0,1.12,0.0,0.0,0.0,13.0,4.0,4.0,1.0,0.0,0.0,0.0,2.077
16.0,1.63,2.0,0.0,0.0,1.0,3.0,4.0,0.0,0.0,0.0,639.0,1.278
32.0,1.22,2.0,1.0,0.0,6.0,19.0,5.0,0.0,0.0,0.0,1.071,2.141
25.0,1.04,3.0,2.0,0.0,9.0,7.0,2.0,0.0,0.0,0.0,498.0,1.495
19.0,1.53,0.0,0.0,0.0,8.0,6.0,3.0,0.0,0.0,0.0,0.0,925.0
37.0,1.14,2.0,4.0,1.0,1.0,2.0,2.0,0.0,0.0,0.0,1.623,3.245
,,,,,,,,,,,,
30.0,1.17,0.0,1.0,0.0,8.0,16.0,7.0,2.0,0.0,0.0,0.0,1.923
37.0,1.16,9.0,2.0,0.0,5.0,11.0,8.0,0.0,0.0,0.0,302.0,2.72
23.0,1.43,0.0,0.0,0.0,7.0,13.0,6.0,0.0,0.0,0.0,0.0,1.175
33.0,1.09,1.0,1.0,0.0,18.0,14.0,6.0,0.0,0.0,0.0,1.487,1.487
,,,,,,,,,,,,
,,,,,,,,,,,,
35.0,0.89,5.0,0.0,0.0,7.0,11.0,10.0,0.0,0.0,2.0,505.0,2.526
22.0,1.05,1.0,2.0,0.0,12.0,8.0,2.0,0.0,0.0,0.0,989.0,989.0
34.0,1.06,4.0,4.0,0.0,2.0,16.0,3.0,0.0,1.0,0.0,676.0,2.704
,,,,,,,,,,,,
13.0,0.46,0.0,0.0,0.0,12.0,1.0,0.0,0.0,0.0,0.0,0.0,144.0
23.0,1.04,1.0,0.0,0.0,18.0,4.0,1.0,0.0,0.0,0.0,541.0,541.0
19.0,0.89,3.0,2.0,0.0,12.0,6.0,2.0,0.0,0.0,0.0,268.0,804.0
17.0,0.94,1.0,2.0,0.0,15.0,2.0,0.0,0.0,0.0,0.0,405.0,405.0
15.0,1.0,1.0,1.0,0.0,4.0,11.0,1.0,0.0,0.0,0.0,874.0,874.0
38.0,1.76,2.0,0.0,0.0,0.0,3.0,6.0,0.0,0.0,0.0,1.716,3.431
39.0,1.72,5.0,2.0,0.0,1.0,0.0,4.0,0.0,0.0,0.0,696.0,3.48
30.0,2.17,0.0,0.0,0.0,21.0,2.0,5.0,0.0,0.0,0.0,0.0,1.193
9.0,2.11,0.0,0.0,0.0,5.0,0.0,1.0,0.0,0.0,0.0,0.0,446.0
,,,,,,,,,,,,
7.0,2.29,0.0,0.0,0.0,3.0,0.0,1.0,0.0,0.0,0.0,0.0,435.0
38.0,1.87,1.0,3.0,0.0,10.0,5.0,9.0,0.0,0.0,0.0,2.713,2.713
36.0,1.89,2.0,1.0,0.0,0.0,6.0,4.0,0.0,0.0,0.0,1.58,3.159
16.0,1.56,0.0,3.0,0.0,8.0,7.0,4.0,0.0,0.0,0.0,0.0,713.0
,,,,,,,,,,,,
38.0,1.82,0.0,1.0,0.0,13.0,19.0,11.0,0.0,0.0,0.0,0.0,2.248
38.0,1.87,4.0,1.0,0.0,16.0,7.0,12.0,0.0,0.0,0.0,567.0,2.267
9.0,1.67,0.0,1.0,0.0,2.0,3.0,1.0,0.0,0.0,0.0,0.0,646.0
,,,,,,,,,,,,
35.0,1.8,5.0,3.0,0.0,8.0,17.0,2.0,0.0,0.0,0.0,496.0,2.478
23.0,1.57,3.0,1.0,0.0,19.0,3.0,2.0,0.0,0.0,0.0,183.0,550.0
42.0,1.76,6.0,12.0,0.0,11.0,20.0,1.0,0.0,0.0,0.0,444.0,2.662
,,,,,,,,,,,,
32.0,1.94,2.0,0.0,0.0,24.0,7.0,0.0,0.0,0.0,0.0,408.0,815.0
39.0,1.82,20.0,3.0,0.0,4.0,22.0,1.0,0.0,0.0,3.0,152.0,3.045
44.0,1.66,3.0,2.0,3.0,0.0,1.0,8.0,1.0,0.0,0.0,1.31,3.931
43.0,1.74,1.0,1.0,0.0,0.0,4.0,6.0,0.0,0.0,0.0,3.794,3.794
,,,,,,,,,,,,
31.0,1.94,1.0,1.0,0.0,3.0,3.0,4.0,1.0,0.0,0.0,2.545,2.545
44.0,1.59,0.0,5.0,0.0,0.0,15.0,3.0,0.0,0.0,0.0,0.0,3.678
12.0,2.33,1.0,0.0,0.0,10.0,0.0,1.0,0.0,0.0,0.0,440.0,440.0
,,,,,,,,,,,,
19.0,1.68,0.0,1.0,0.0,12.0,5.0,2.0,0.0,0.0,0.0,0.0,699.0
3.0,3.0,0.0,0.0,0.0,2.0,1.0,1.0,0.0,0.0,0.0,0.0,83.0
27.0,1.7,0.0,2.0,0.0,6.0,18.0,3.0,0.0,0.0,0.0,0.0,1.706
,,,,,,,,,,,,
,,,,,,,,,,,,
40.0,1.7,0.0,5.0,0.0,12.0,23.0,12.0,0.0,0.0,0.0,0.0,2.457
36.0,1.75,4.0,2.0,0.0,22.0,6.0,3.0,0.0,0.0,0.0,338.0,1.352
,,,,,,,,,,,,
,,,,,,,,,,,,
42.0,1.67,2.0,3.0,0.0,22.0,10.0,6.0,0.0,1.0,0.0,1.053,2.106
,,,,,,,,,,,,
34.0,1.44,6.0,2.0,0.0,8.0,12.0,4.0,0.0,0.0,0.0,391.0,2.343
8.0,1.25,0.0,1.0,0.0,6.0,2.0,1.0,0.0,0.0,0.0,0.0,258.0
,,,,,,,,,,,,
36.0,1.78,7.0,3.0,0.0,24.0,9.0,4.0,1.0,0.0,0.0,198.0,1.389
,,,,,,,,,,,,
38.0,1.53,0.0,0.0,0.0,1.0,4.0,4.0,0.0,1.0,0.0,0.0,3.294
18.0,1.22,0.0,0.0,0.0,4.0,6.0,5.0,0.0,0.0,0.0,0.0,1.204
14.0,1.36,0.0,1.0,0.0,5.0,5.0,2.0,0.0,0.0,0.0,0.0,782.0
0.0,,0.0,0.0,0.0,0.0,0.0,0.0,0.0,0.0,0.0,0.0,0.0
,,,,,,,,,,,,
4.0,1.5,0.0,0.0,0.0,2.0,1.0,0.0,0.0,0.0,0.0,0.0,155.0
,,,,,,,,,,,,
26.0,1.31,0.0,0.0,0.0,7.0,12.0,7.0,0.0,0.0,0.0,0.0,1.612
31.0,1.52,0.0,3.0,0.0,7.0,7.0,8.0,0.0,0.0,0.0,0.0,2.264
32.0,1.47,2.0,3.0,0.0,2.0,19.0,10.0,0.0,0.0,0.0,1.192,2.384
,,,,,,,,,,,,
40.0,1.4,1.0,3.0,0.0,5.0,1.0,9.0,0.0,1.0,0.0,3.289,3.289
,,,,,,,,,,,,
,,,,,,,,,,,,
37.0,1.59,9.0,4.0,0.0,14.0,16.0,3.0,0.0,0.0,0.0,254.0,2.285
31.0,1.45,3.0,6.0,0.0,9.0,10.0,6.0,0.0,0.0,0.0,705.0,2.116
14.0,1.29,1.0,1.0,0.0,12.0,3.0,0.0,0.0,0.0,0.0,334.0,334.0
32.0,1.47,2.0,2.0,0.0,21.0,11.0,4.0,0.0,0.0,0.0,549.0,1.098
34.0,1.41,12.0,5.0,0.0,5.0,21.0,2.0,0.0,1.0,0.0,203.0,2.438
17.0,1.65,2.0,1.0,0.0,15.0,2.0,2.0,0.0,0.0,0.0,166.0,332.0
33.0,1.36,3.0,0.0,0.0,28.0,5.0,3.0,0.0,0.0,0.0,208.0,624.0
41.0,1.49,2.0,5.0,0.0,2.0,0.0,6.0,0.0,0.0,0.0,1.773,3.545
34.0,1.65,0.0,1.0,0.0,2.0,6.0,3.0,0.0,0.0,0.0,0.0,2.826
,,,,,,,,,,,,
,,,,,,,,,,,,
,,,,,,,,,,,,
11.0,1.27,0.0,0.0,0.0,4.0,2.0,1.0,0.0,0.0,0.0,0.0,598.0
42.0,1.52,2.0,4.0,0.0,4.0,11.0,8.0,0.0,0.0,0.0,1.653,3.305
6.0,1.67,0.0,0.0,0.0,5.0,1.0,0.0,0.0,0.0,0.0,0.0,158.0
,,,,,,,,,,,,
23.0,2.04,0.0,2.0,0.0,12.0,6.0,2.0,0.0,0.0,0.0,0.0,1.004
35.0,1.4,1.0,3.0,2.0,5.0,19.0,3.0,0.0,0.0,0.0,2.493,2.493
34.0,1.65,6.0,3.0,0.0,0.0,12.0,9.0,0.0,1.0,0.0,467.0,2.803
15.0,2.13,0.0,0.0,0.0,12.0,3.0,2.0,0.0,0.0,0.0,0.0,298.0
26.0,1.77,0.0,2.0,0.0,16.0,7.0,2.0,0.0,0.0,0.0,0.0,1.015
34.0,1.53,0.0,0.0,0.0,16.0,10.0,6.0,0.0,0.0,0.0,0.0,1.686
12.0,0.92,0.0,1.0,0.0,9.0,1.0,0.0,0.0,0.0,0.0,0.0,379.0
42.0,1.52,3.0,11.0,0.0,6.0,24.0,2.0,0.0,0.0,0.0,1.047,3.141
24.0,1.54,3.0,3.0,0.0,16.0,6.0,1.0,0.0,0.0,0.0,279.0,836.0
,,,,,,,,,,,,
3.0,2.33,0.0,0.0,0.0,3.0,0.0,0.0,0.0,0.0,0.0,0.0,11.0
41.0,1.49,19.0,9.0,0.0,3.0,3.0,3.0,0.0,0.0,5.0,184.0,3.487
,,,,,,,,,,,,
7.0,1.86,0.0,0.0,0.0,6.0,1.0,0.0,0.0,0.0,0.0,0.0,159.0
33.0,1.39,0.0,1.0,0.0,2.0,3.0,7.0,0.0,0.0,0.0,0.0,2.763
,,,,,,,,,,,,
,,,,,,,,,,,,
33.0,1.39,0.0,1.0,0.0,10.0,5.0,3.0,0.0,0.0,0.0,0.0,2.114
5.0,0.2,0.0,0.0,0.0,0.0,1.0,2.0,0.0,0.0,0.0,0.0,442.0
10.0,1.2,0.0,0.0,0.0,0.0,4.0,1.0,0.0,0.0,0.0,0.0,837.0
16.0,1.0,0.0,0.0,2.0,5.0,2.0,2.0,0.0,0.0,0.0,0.0,1.032
40.0,1.18,5.0,7.0,0.0,1.0,19.0,6.0,1.0,0.0,0.0,668.0,3.342
,,,,,,,,,,,,
6.0,1.5,0.0,1.0,0.0,3.0,2.0,0.0,0.0,0.0,0.0,0.0,225.0
34.0,1.41,2.0,2.0,1.0,8.0,8.0,6.0,0.0,0.0,0.0,1.163,2.326
,,,,,,,,,,,,
,,,,,,,,,,,,
39.0,1.13,4.0,2.0,0.0,1.0,18.0,9.0,1.0,0.0,0.0,804.0,3.215
38.0,1.21,2.0,7.0,0.0,16.0,21.0,3.0,0.0,0.0,0.0,933.0,1.866
,,,,,,,,,,,,
26.0,1.0,1.0,1.0,0.0,21.0,2.0,2.0,0.0,0.0,0.0,656.0,656.0
27.0,1.3,3.0,0.0,0.0,17.0,7.0,0.0,0.0,0.0,0.0,348.0,1.043
32.0,1.09,5.0,5.0,0.0,19.0,12.0,1.0,0.0,0.0,0.0,244.0,1.221
17.0,1.41,0.0,1.0,0.0,11.0,7.0,2.0,0.0,0.0,0.0,0.0,617.0
,,,,,2.0,,,,,,,
28.0,1.39,3.0,2.0,0.0,18.0,10.0,4.0,0.0,0.0,0.0,354.0,1.062
35.0,0.97,17.0,6.0,0.0,5.0,10.0,3.0,0.0,1.0,0.0,161.0,2.742
37.0,1.11,14.0,4.0,0.0,5.0,19.0,5.0,0.0,0.0,0.0,200.0,2.796
25.0,1.08,2.0,1.0,0.0,17.0,7.0,0.0,0.0,0.0,0.0,434.0,868.0
,,,,,2.0,,,,,,,
7.0,2.29,0.0,0.0,0.0,5.0,2.0,0.0,0.0,0.0,0.0,0.0,185.0
33.0,1.39,0.0,1.0,0.0,2.0,1.0,4.0,0.0,0.0,0.0,0.0,2.78
34.0,1.12,1.0,1.0,0.0,0.0,2.0,6.0,0.0,0.0,0.0,3.014,3.014
17.0,1.24,3.0,1.0,0.0,4.0,0.0,5.0,0.0,0.0,0.0,411.0,1.232
36.0,1.33,1.0,2.0,0.0,0.0,2.0,3.0,0.0,0.0,0.0,3.174,3.174
15.0,1.27,0.0,2.0,0.0,7.0,6.0,2.0,1.0,0.0,0.0,0.0,691.0
,,,,,,,,,,,,
6.0,1.83,0.0,0.0,0.0,2.0,3.0,1.0,0.0,0.0,0.0,0.0,282.0
,,,,,,,,,,,,
22.0,1.5,0.0,1.0,0.0,4.0,8.0,4.0,0.0,0.0,0.0,0.0,1.646
39.0,1.28,0.0,3.0,0.0,3.0,11.0,7.0,0.0,0.0,0.0,0.0,3.177
17.0,1.29,2.0,3.0,0.0,10.0,5.0,5.0,0.0,0.0,0.0,405.0,809.0
21.0,1.0,0.0,2.0,0.0,15.0,3.0,5.0,0.0,0.0,0.0,0.0,676.0
,,,,,,,,,,,,
22.0,1.23,5.0,8.0,0.0,5.0,5.0,1.0,0.0,0.0,0.0,307.0,1.537
,,,,,,,,,,,,
37.0,1.19,1.0,1.0,0.0,14.0,16.0,1.0,0.0,0.0,0.0,2.091,2.091
25.0,1.2,3.0,2.0,0.0,6.0,11.0,2.0,0.0,0.0,0.0,537.0,1.611
34.0,1.12,12.0,1.0,0.0,15.0,10.0,3.0,0.0,0.0,0.0,153.0,1.84
,,,,,,,,,,,,
6.0,0.5,0.0,0.0,0.0,4.0,2.0,1.0,0.0,0.0,0.0,0.0,178.0
33.0,1.55,1.0,1.0,1.0,0.0,1.0,8.0,0.0,1.0,0.0,2.95,2.95
37.0,1.51,2.0,0.0,0.0,1.0,0.0,7.0,0.0,0.0,0.0,1.642,3.284
24.0,1.58,0.0,0.0,1.0,7.0,2.0,3.0,0.0,0.0,0.0,0.0,1.539
11.0,1.91,0.0,0.0,0.0,4.0,1.0,1.0,0.0,0.0,0.0,0.0,620.0
37.0,1.46,0.0,10.0,0.0,1.0,2.0,8.0,0.0,0.0,0.0,0.0,3.268
21.0,1.76,4.0,4.0,0.0,10.0,6.0,1.0,0.0,0.0,0.0,239.0,956.0
,,,,,,,,,,,,
,,,,,,,,,,,,
35.0,1.57,0.0,0.0,0.0,5.0,11.0,6.0,0.0,0.0,0.0,0.0,2.593
34.0,1.47,0.0,2.0,0.0,4.0,20.0,12.0,0.0,0.0,0.0,0.0,2.528
17.0,1.94,0.0,0.0,0.0,14.0,2.0,3.0,0.0,0.0,0.0,0.0,384.0
28.0,1.29,2.0,0.0,0.0,23.0,6.0,3.0,0.0,1.0,0.0,398.0,796.0
20.0,1.8,2.0,3.0,0.0,8.0,9.0,0.0,0.0,0.0,0.0,531.0,1.062
39.0,1.51,6.0,3.0,0.0,13.0,26.0,3.0,0.0,0.0,0.0,369.0,2.211
43.0,1.53,9.0,6.0,0.0,5.0,24.0,1.0,0.0,0.0,0.0,363.0,3.264
36.0,1.53,2.0,7.0,0.0,8.0,24.0,8.0,0.0,0.0,0.0,1.142,2.283
,,,,,,,,,,,,
11.0,1.27,4.0,1.0,0.0,4.0,2.0,2.0,0.0,0.0,0.0,174.0,695.0
13.0,1.62,2.0,1.0,0.0,7.0,6.0,1.0,0.0,0.0,0.0,287.0,574.0
26.0,1.35,6.0,2.0,0.0,13.0,12.0,2.0,0.0,0.0,0.0,210.0,1.262
40.0,1.63,2.0,9.0,0.0,21.0,14.0,3.0,0.0,0.0,0.0,942.0,1.884
,,,,,,,,,,,,
42.0,1.5,14.0,3.0,0.0,12.0,21.0,4.0,0.0,0.0,5.0,186.0,2.606
4.0,1.75,0.0,0.0,0.0,4.0,0.0,0.0,0.0,0.0,0.0,0.0,14.0
,,,,,,,,,,,,
38.0,0.71,1.0,2.0,0.0,1.0,1.0,6.0,0.0,0.0,0.0,3.378,3.378
10.0,1.8,0.0,0.0,0.0,6.0,3.0,1.0,0.0,0.0,0.0,0.0,415.0
22.0,0.86,0.0,3.0,0.0,2.0,1.0,1.0,0.0,0.0,0.0,0.0,1.855
,,,,,,,,,,,,
32.0,0.53,1.0,3.0,0.0,1.0,4.0,5.0,0.0,1.0,0.0,2.656,2.656
10.0,1.1,0.0,2.0,0.0,3.0,1.0,1.0,0.0,0.0,0.0,0.0,725.0
27.0,0.85,1.0,3.0,0.0,11.0,3.0,3.0,1.0,0.0,0.0,1.615,1.615
22.0,0.64,0.0,1.0,1.0,2.0,8.0,3.0,1.0,0.0,0.0,0.0,1.672
,,,,,,,,,,,,
32.0,0.72,1.0,0.0,0.0,7.0,22.0,2.0,0.0,0.0,0.0,2.03,2.03
35.0,0.63,2.0,0.0,0.0,28.0,6.0,4.0,0.0,0.0,0.0,561.0,1.122
33.0,0.64,1.0,1.0,1.0,2.0,7.0,10.0,0.0,0.0,0.0,2.789,2.789
14.0,0.86,0.0,0.0,0.0,10.0,3.0,1.0,0.0,0.0,0.0,0.0,397.0
29.0,1.14,3.0,4.0,0.0,11.0,16.0,3.0,0.0,0.0,0.0,486.0,1.458
31.0,0.55,3.0,2.0,0.0,2.0,12.0,5.0,0.0,0.0,0.0,838.0,2.515
22.0,1.0,7.0,2.0,0.0,7.0,15.0,2.0,0.0,0.0,0.0,159.0,1.113
26.0,1.23,3.0,0.0,0.0,16.0,6.0,3.0,1.0,0.0,0.0,362.0,1.087
,,,,,,,,,,,,
20.0,0.7,1.0,1.0,0.0,13.0,6.0,1.0,0.0,0.0,0.0,758.0,758.0
9.0,0.44,0.0,0.0,0.0,2.0,5.0,0.0,0.0,0.0,0.0,0.0,531.0
19.0,0.79,0.0,1.0,0.0,6.0,13.0,1.0,0.0,0.0,0.0,0.0,979.0
22.0,0.41,2.0,1.0,0.0,12.0,8.0,2.0,0.0,0.0,0.0,437.0,874.0
,,,,,,,,,,,,
28.0,0.68,5.0,2.0,0.0,22.0,6.0,3.0,0.0,0.0,1.0,153.0,763.0
38.0,0.55,3.0,0.0,0.0,2.0,5.0,9.0,0.0,0.0,0.0,1.063,3.188
5.0,0.6,0.0,0.0,0.0,3.0,0.0,0.0,0.0,0.0,0.0,0.0,355.0
34.0,0.5,2.0,0.0,0.0,0.0,7.0,7.0,0.0,0.0,0.0,1.432,2.863
15.0,0.67,0.0,0.0,0.0,3.0,3.0,3.0,0.0,0.0,0.0,0.0,1.059
19.0,0.53,1.0,0.0,0.0,2.0,4.0,2.0,0.0,2.0,0.0,1.394,1.394
31.0,1.81,3.0,1.0,0.0,2.0,2.0,15.0,0.0,0.0,0.0,901.0,2.703
28.0,0.36,0.0,1.0,0.0,6.0,13.0,3.0,0.0,0.0,0.0,0.0,1.828
11.0,0.82,0.0,0.0,0.0,4.0,5.0,1.0,0.0,0.0,0.0,0.0,525.0
,,,,,,,,,,,,
35.0,0.37,0.0,2.0,0.0,0.0,4.0,5.0,0.0,0.0,0.0,0.0,3.102
31.0,0.42,1.0,1.0,0.0,15.0,10.0,4.0,0.0,0.0,0.0,1.586,1.586
23.0,0.74,2.0,1.0,0.0,4.0,7.0,2.0,0.0,0.0,0.0,792.0,1.584
30.0,0.77,1.0,2.0,0.0,8.0,17.0,7.0,0.0,0.0,0.0,1.942,1.942
28.0,0.43,1.0,0.0,0.0,3.0,8.0,13.0,0.0,0.0,0.0,2.166,2.166
,,,,,,,,,,,,
37.0,0.54,3.0,0.0,0.0,11.0,15.0,1.0,0.0,0.0,0.0,820.0,2.46
,,,,,,,,,,,,
18.0,0.89,0.0,2.0,0.0,12.0,6.0,4.0,0.0,0.0,0.0,0.0,436.0
29.0,0.45,2.0,3.0,0.0,11.0,13.0,3.0,0.0,0.0,0.0,753.0,1.506
,,,,,,,,,,,,
38.0,0.47,4.0,3.0,0.0,14.0,15.0,7.0,0.0,0.0,0.0,554.0,2.215
,,,,,,,,,,,,
27.0,0.44,4.0,1.0,0.0,16.0,7.0,4.0,0.0,0.0,0.0,272.0,1.088
,,,,,,,,,,,,
36.0,0.83,2.0,0.0,0.0,4.0,1.0,4.0,0.0,0.0,0.0,1.487,2.974
23.0,0.7,1.0,0.0,0.0,7.0,5.0,6.0,0.0,0.0,0.0,1.465,1.465
22.0,2.23,0.0,0.0,0.0,1.0,0.0,3.0,1.0,0.0,0.0,0.0,1.858
25.0,1.0,2.0,0.0,0.0,4.0,3.0,2.0,0.0,0.0,0.0,956.0,1.912
,,,,,,,,,,,,
30.0,0.7,0.0,1.0,1.0,1.0,8.0,1.0,0.0,0.0,0.0,0.0,2.49
,,,,,,,,,,,,
38.0,0.71,4.0,2.0,0.0,2.0,11.0,6.0,0.0,0.0,0.0,775.0,3.101
,,,,,,,,,,,,
20.0,0.85,0.0,2.0,1.0,6.0,2.0,2.0,0.0,1.0,0.0,0.0,1.314
30.0,0.83,1.0,5.0,1.0,0.0,15.0,8.0,0.0,0.0,0.0,2.467,2.467
34.0,0.76,0.0,0.0,0.0,6.0,6.0,8.0,0.0,0.0,0.0,0.0,2.44
,,,,,,,,,,,,
25.0,0.64,1.0,3.0,0.0,6.0,6.0,4.0,0.0,0.0,0.0,1.722,1.722
11.0,1.45,1.0,1.0,0.0,1.0,7.0,1.0,0.0,0.0,0.0,696.0,696.0
,,,,,,,,,,,,
34.0,0.65,6.0,3.0,0.0,18.0,10.0,9.0,0.0,0.0,0.0,281.0,1.683
33.0,0.64,6.0,1.0,0.0,15.0,14.0,2.0,0.0,0.0,1.0,299.0,1.791
13.0,1.23,0.0,2.0,0.0,6.0,1.0,0.0,0.0,0.0,0.0,0.0,674.0
,,,,,,,,,,,,
35.0,0.91,6.0,1.0,0.0,14.0,17.0,6.0,0.0,0.0,1.0,310.0,1.859
22.0,1.05,1.0,1.0,0.0,12.0,9.0,3.0,0.0,0.0,0.0,973.0,973.0
24.0,0.71,1.0,1.0,0.0,18.0,5.0,0.0,0.0,0.0,0.0,760.0,760.0
8.0,0.88,0.0,0.0,0.0,6.0,2.0,0.0,0.0,0.0,0.0,0.0,229.0
36.0,0.78,10.0,4.0,0.0,0.0,16.0,5.0,0.0,0.0,2.0,290.0,2.899
48.0,2.15,1.0,0.0,0.0,1.0,2.0,3.0,0.0,0.0,0.0,4.179,4.179
43.0,2.14,1.0,1.0,0.0,1.0,3.0,7.0,0.0,0.0,0.0,3.705,3.705
,,,,,,,,,,,,
13.0,2.38,0.0,1.0,0.0,6.0,1.0,2.0,0.0,0.0,0.0,0.0,661.0
28.0,2.0,1.0,2.0,0.0,6.0,3.0,1.0,1.0,0.0,0.0,1.988,1.988
38.0,2.13,0.0,2.0,0.0,3.0,8.0,8.0,0.0,0.0,0.0,0.0,3.145
42.0,2.07,2.0,3.0,0.0,2.0,2.0,5.0,0.0,0.0,0.0,1.842,3.683
,,,,,,,,,,,,
2.0,,0.0,0.0,0.0,1.0,0.0,0.0,0.0,0.0,0.0,0.0,108.0
44.0,2.05,18.0,6.0,0.0,3.0,13.0,5.0,0.0,0.0,3.0,201.0,3.618
,,,,,,,,,,,,
48.0,2.13,2.0,2.0,0.0,20.0,6.0,7.0,0.0,0.0,0.0,1.385,2.769
10.0,1.7,0.0,0.0,0.0,6.0,4.0,1.0,0.0,0.0,0.0,0.0,330.0
1.0,3.0,0.0,0.0,0.0,1.0,0.0,0.0,0.0,0.0,0.0,0.0,6.0
39.0,2.18,1.0,5.0,0.0,14.0,23.0,8.0,0.0,1.0,0.0,2.068,2.068
,,,,,,,,,,,,
1.0,3.0,0.0,1.0,0.0,1.0,0.0,0.0,0.0,0.0,0.0,0.0,33.0
39.0,2.23,5.0,0.0,0.0,25.0,13.0,4.0,0.0,0.0,0.0,278.0,1.392
43.0,2.19,8.0,7.0,0.0,1.0,15.0,4.0,0.0,0.0,0.0,459.0,3.675
19.0,1.26,3.0,1.0,0.0,4.0,8.0,2.0,0.0,0.0,1.0,410.0,1.231
,,,,,,,,,,,,
30.0,2.0,2.0,0.0,0.0,8.0,16.0,4.0,0.0,0.0,0.0,914.0,1.828
5.0,2.0,1.0,0.0,0.0,3.0,2.0,1.0,0.0,0.0,0.0,160.0,160.0
3.0,3.0,0.0,1.0,0.0,3.0,0.0,0.0,0.0,0.0,0.0,0.0,20.0
4.0,2.0,0.0,0.0,0.0,3.0,1.0,0.0,0.0,0.0,0.0,0.0,100.0
,,,,,,,,,,,,
24.0,2.0,1.0,1.0,0.0,20.0,3.0,1.0,0.0,0.0,0.0,511.0,511.0
32.0,2.22,0.0,0.0,0.0,3.0,5.0,7.0,0.0,0.0,0.0,0.0,2.549
,,,,,,,,,,,,
48.0,2.15,1.0,0.0,0.0,1.0,1.0,5.0,0.0,0.0,0.0,4.251,4.251
,,,,,,,,,,,,
35.0,2.03,4.0,10.0,1.0,4.0,10.0,8.0,0.0,0.0,0.0,680.0,2.719
39.0,2.23,1.0,1.0,1.0,20.0,13.0,5.0,0.0,0.0,0.0,1.617,1.617
45.0,2.09,6.0,4.0,0.0,1.0,12.0,12.0,0.0,0.0,0.0,644.0,3.862
23.0,2.43,2.0,2.0,0.0,14.0,4.0,0.0,0.0,0.0,0.0,388.0,775.0
,,,,,,,,,,,,
25.0,2.32,0.0,2.0,0.0,5.0,8.0,3.0,0.0,0.0,0.0,0.0,1.73
18.0,2.61,0.0,0.0,0.0,16.0,1.0,2.0,0.0,0.0,0.0,0.0,216.0
39.0,1.97,0.0,4.0,0.0,12.0,17.0,2.0,0.0,0.0,0.0,0.0,2.5
,,,,,,,,,,,,
41.0,2.2,10.0,13.0,0.0,10.0,27.0,3.0,0.0,0.0,0.0,271.0,2.705
32.0,2.19,8.0,2.0,0.0,22.0,7.0,3.0,0.0,0.0,0.0,132.0,1.053
,,,,,,,,,,,,
46.0,2.13,9.0,6.0,0.0,18.0,25.0,5.0,0.0,0.0,0.0,276.0,2.48
48.0,2.08,19.0,7.0,0.0,11.0,23.0,2.0,0.0,0.0,1.0,168.0,3.193
18.0,1.72,0.0,0.0,0.0,17.0,0.0,0.0,0.0,0.0,0.0,0.0,325.0
41.0,2.1,3.0,3.0,0.0,28.0,10.0,0.0,0.0,0.0,0.0,483.0,1.45
39.0,1.56,1.0,0.0,0.0,2.0,4.0,10.0,0.0,1.0,0.0,3.281,3.281
23.0,1.65,3.0,1.0,1.0,8.0,3.0,4.0,0.0,0.0,0.0,459.0,1.378
3.0,1.0,0.0,0.0,0.0,1.0,1.0,0.0,0.0,0.0,0.0,0.0,183.0
13.0,1.85,0.0,0.0,0.0,4.0,4.0,2.0,0.0,0.0,0.0,0.0,759.0
,,,,,,,,,,,,
18.0,1.72,0.0,1.0,0.0,11.0,5.0,4.0,0.0,0.0,0.0,0.0,602.0
,,,,,,,,,,,,
,,,,,2.0,,,,,,,
11.0,1.0,0.0,0.0,0.0,8.0,3.0,0.0,0.0,0.0,0.0,0.0,320.0
,,,,,,,,,,,,
27.0,1.26,1.0,3.0,0.0,8.0,9.0,4.0,0.0,0.0,0.0,1.67,1.67
47.0,1.64,2.0,3.0,0.0,0.0,4.0,2.0,1.0,0.0,0.0,2.106,4.212
,,,,,,,,,,,,
,,,,,,,,,,,,
46.0,1.59,4.0,1.0,0.0,8.0,25.0,10.0,0.0,0.0,0.0,813.0,3.253
29.0,1.21,8.0,3.0,0.0,10.0,9.0,2.0,0.0,0.0,0.0,199.0,1.593
47.0,1.68,2.0,7.0,0.0,7.0,22.0,9.0,0.0,0.0,1.0,1.738,3.475
,,,,,,,,,,,,
52.0,1.65,15.0,2.0,0.0,14.0,22.0,11.0,0.0,0.0,0.0,236.0,3.535
40.0,1.63,9.0,5.0,0.0,15.0,13.0,2.0,0.0,0.0,0.0,275.0,2.472
7.0,1.57,2.0,0.0,0.0,4.0,3.0,0.0,0.0,0.0,1.0,137.0,274.0
18.0,2.06,0.0,1.0,0.0,7.0,2.0,2.0,0.0,0.0,0.0,0.0,1.058
37.0,2.0,0.0,0.0,0.0,4.0,2.0,8.0,0.0,0.0,0.0,0.0,3.043
47.0,1.96,6.0,6.0,1.0,5.0,8.0,2.0,0.0,0.0,3.0,625.0,3.751
18.0,2.06,0.0,0.0,0.0,13.0,4.0,1.0,0.0,0.0,0.0,0.0,470.0
36.0,2.19,2.0,0.0,0.0,25.0,10.0,1.0,0.0,0.0,0.0,607.0,1.213
32.0,2.0,0.0,2.0,0.0,4.0,21.0,5.0,0.0,0.0,0.0,0.0,2.268
14.0,1.29,0.0,0.0,0.0,4.0,2.0,4.0,1.0,0.0,0.0,0.0,868.0
13.0,2.23,0.0,0.0,0.0,10.0,3.0,0.0,0.0,0.0,0.0,0.0,349.0
27.0,2.19,0.0,1.0,0.0,17.0,7.0,2.0,0.0,0.0,0.0,0.0,1.166
37.0,2.03,0.0,2.0,0.0,3.0,9.0,7.0,0.0,0.0,0.0,0.0,2.961
,,,,,,,,,,,,
45.0,1.98,10.0,7.0,0.0,7.0,19.0,13.0,0.0,0.0,0.0,333.0,3.33
15.0,2.13,1.0,1.0,0.0,9.0,2.0,4.0,0.0,0.0,0.0,702.0,702.0
27.0,1.96,4.0,2.0,0.0,15.0,10.0,3.0,0.0,0.0,0.0,290.0,1.159
,,,,,,,,,,,,
,,,,,,,,,,,,
46.0,2.07,4.0,6.0,0.0,8.0,25.0,2.0,0.0,0.0,0.0,803.0,3.21
0.0,,0.0,0.0,0.0,0.0,0.0,0.0,0.0,0.0,0.0,0.0,0.0
25.0,1.88,4.0,3.0,0.0,5.0,15.0,8.0,0.0,0.0,0.0,437.0,1.747
36.0,1.92,7.0,2.0,0.0,13.0,22.0,1.0,0.0,0.0,0.0,259.0,1.812
41.0,1.34,12.0,2.0,0.0,9.0,15.0,3.0,0.0,0.0,4.0,231.0,2.767
31.0,1.26,4.0,3.0,0.0,13.0,14.0,6.0,0.0,0.0,0.0,396.0,1.585
36.0,1.97,10.0,2.0,0.0,15.0,21.0,2.0,0.0,0.0,0.0,171.0,1.712
,,,,,,,,,,,,
29.0,1.83,6.0,0.0,0.0,9.0,11.0,0.0,0.0,0.0,1.0,320.0,1.92
15.0,2.0,1.0,0.0,0.0,11.0,2.0,3.0,0.0,0.0,0.0,485.0,485.0
43.0,1.21,1.0,7.0,0.0,4.0,5.0,11.0,0.0,0.0,0.0,3.548,3.548
,,,,,,,,,,,,
,,,,,,,,,,,,
28.0,1.36,1.0,0.0,0.0,14.0,13.0,2.0,0.0,0.0,0.0,1.286,1.286
44.0,1.23,2.0,6.0,0.0,22.0,6.0,5.0,0.0,0.0,0.0,1.16,2.319
41.0,1.2,0.0,4.0,0.0,5.0,22.0,10.0,0.0,0.0,0.0,0.0,2.921
,,,,,,,,,,,,
32.0,1.59,6.0,9.0,0.0,7.0,10.0,4.0,1.0,0.0,2.0,373.0,2.237
,,,,,,,,,,,,
26.0,1.23,2.0,3.0,1.0,13.0,13.0,2.0,0.0,0.0,0.0,465.0,929.0
37.0,1.3,3.0,2.0,0.0,11.0,21.0,6.0,0.0,0.0,0.0,746.0,2.238
,,,,,,,,,,,,
37.0,1.35,0.0,4.0,0.0,2.0,1.0,6.0,0.0,1.0,0.0,0.0,3.242
,,,,,,,,,,,,
50.0,1.34,2.0,1.0,0.0,30.0,14.0,4.0,0.0,0.0,0.0,988.0,1.975
,,,,,,,,,,,,
29.0,1.62,2.0,0.0,0.0,18.0,7.0,1.0,0.0,0.0,0.0,565.0,1.129
26.0,1.27,2.0,4.0,0.0,19.0,6.0,2.0,0.0,0.0,0.0,419.0,837.0
,,,,,,,,,,,,
2.0,,0.0,0.0,0.0,0.0,2.0,0.0,0.0,0.0,0.0,0.0,116.0
33.0,1.18,15.0,5.0,0.0,5.0,9.0,3.0,0.0,0.0,1.0,168.0,2.516
45.0,1.31,8.0,6.0,1.0,9.0,25.0,3.0,0.0,0.0,0.0,390.0,3.12
45.0,1.13,4.0,2.0,1.0,2.0,3.0,5.0,0.0,0.0,0.0,980.0,3.921
20.0,1.2,1.0,1.0,0.0,3.0,3.0,3.0,0.0,0.0,0.0,1.57,1.57
9.0,0.67,0.0,0.0,0.0,4.0,4.0,3.0,0.0,0.0,0.0,0.0,455.0
,,,,,,,,,,,,
,,,,,2.0,,,,,,,
28.0,1.68,1.0,1.0,0.0,2.0,6.0,6.0,0.0,0.0,0.0,2.231,2.231
17.0,1.18,0.0,0.0,0.0,9.0,2.0,1.0,1.0,0.0,0.0,0.0,834.0
33.0,0.97,0.0,0.0,0.0,0.0,6.0,1.0,0.0,0.0,0.0,0.0,2.844
11.0,0.91,0.0,0.0,0.0,3.0,2.0,1.0,1.0,0.0,0.0,0.0,740.0
17.0,0.35,0.0,0.0,0.0,3.0,5.0,3.0,0.0,0.0,0.0,0.0,1.251
,,,,,,,,,,,,
23.0,0.96,0.0,0.0,0.0,6.0,11.0,2.0,0.0,0.0,0.0,0.0,1.431
14.0,1.36,0.0,0.0,0.0,6.0,6.0,1.0,0.0,0.0,0.0,0.0,722.0
17.0,0.88,1.0,0.0,0.0,10.0,8.0,2.0,0.0,0.0,0.0,746.0,746.0
42.0,1.0,6.0,6.0,0.0,4.0,9.0,10.0,0.0,0.0,0.0,557.0,3.344
,,,,,,,,,,,,
27.0,1.04,1.0,4.0,0.0,1.0,9.0,5.0,0.0,0.0,0.0,2.135,2.135
48.0,1.35,14.0,3.0,0.0,4.0,9.0,2.0,0.0,0.0,1.0,290.0,4.054
31.0,1.1,2.0,1.0,0.0,6.0,11.0,5.0,0.0,0.0,0.0,1.061,2.122
41.0,1.39,2.0,0.0,0.0,15.0,16.0,5.0,0.0,0.0,0.0,1.141,2.281
,,,,,,,,,,,,
18.0,0.89,1.0,0.0,0.0,6.0,5.0,0.0,0.0,0.0,0.0,1.135,1.135
43.0,1.09,8.0,3.0,0.0,4.0,18.0,10.0,0.0,0.0,2.0,413.0,3.301
41.0,0.93,5.0,0.0,0.0,9.0,21.0,1.0,0.0,0.0,0.0,510.0,2.551
30.0,0.93,4.0,1.0,0.0,19.0,11.0,4.0,0.0,0.0,0.0,311.0,1.243
14.0,1.21,2.0,2.0,0.0,8.0,5.0,0.0,0.0,0.0,0.0,294.0,587.0
49.0,1.49,16.0,2.0,0.0,18.0,13.0,4.0,0.0,0.0,0.0,193.0,3.08
33.0,1.85,1.0,1.0,1.0,1.0,3.0,9.0,0.0,0.0,0.0,2.885,2.885
,,,,,,,,,,,,
45.0,1.51,5.0,1.0,1.0,1.0,3.0,6.0,0.0,0.0,0.0,800.0,3.998
,,,,,,,,,,,,
37.0,1.35,0.0,1.0,0.0,11.0,7.0,3.0,0.0,1.0,0.0,0.0,2.363
,,,,,,,,,,,,
51.0,1.55,2.0,4.0,0.0,2.0,3.0,2.0,0.0,0.0,0.0,2.244,4.487
,,,,,,,,,,,,
,,,,,,,,,,,,
50.0,1.46,10.0,13.0,0.0,5.0,13.0,4.0,0.0,0.0,0.0,401.0,4.01
45.0,1.58,3.0,3.0,0.0,16.0,15.0,7.0,0.0,0.0,0.0,898.0,2.693
41.0,1.51,6.0,4.0,0.0,14.0,21.0,2.0,0.0,0.0,1.0,394.0,2.366
28.0,1.64,0.0,0.0,0.0,12.0,9.0,3.0,0.0,0.0,0.0,0.0,1.384
,,,,,,,,,,,,
,,,,,,,,,,,,
,,,,,,,,,,,,
8.0,2.0,1.0,0.0,0.0,8.0,0.0,1.0,0.0,0.0,0.0,73.0,73.0
34.0,1.41,6.0,5.0,0.0,15.0,16.0,2.0,0.0,0.0,0.0,312.0,1.873
6.0,1.33,0.0,0.0,0.0,5.0,1.0,0.0,0.0,0.0,0.0,0.0,119.0
31.0,1.26,12.0,1.0,0.0,6.0,12.0,1.0,0.0,0.0,1.0,191.0,2.293
,,,,,,,,,,,,
,,,,,,,,,,,,
29.0,1.48,2.0,1.0,0.0,16.0,12.0,5.0,0.0,0.0,0.0,549.0,1.097
,,,,,,,,,,,,
16.0,1.88,0.0,0.0,0.0,1.0,4.0,4.0,0.0,0.0,0.0,0.0,1.275
45.0,1.42,1.0,2.0,1.0,0.0,4.0,3.0,0.0,0.0,0.0,4.014,4.014
31.0,1.48,0.0,0.0,0.0,1.0,3.0,5.0,0.0,1.0,0.0,0.0,2.612
11.0,1.45,1.0,0.0,0.0,6.0,3.0,1.0,0.0,0.0,0.0,438.0,438.0
43.0,1.42,1.0,3.0,1.0,0.0,1.0,9.0,0.0,1.0,0.0,3.798,3.798
24.0,1.42,0.0,0.0,0.0,14.0,5.0,1.0,0.0,0.0,0.0,0.0,981.0
44.0,1.34,7.0,2.0,0.0,4.0,13.0,5.0,0.0,0.0,0.0,487.0,3.412
38.0,1.37,4.0,1.0,0.0,8.0,12.0,11.0,0.0,1.0,0.0,687.0,2.746
37.0,1.19,3.0,1.0,0.0,17.0,14.0,4.0,0.0,0.0,0.0,601.0,1.804
39.0,1.44,1.0,1.0,0.0,5.0,15.0,5.0,0.0,0.0,0.0,2.949,2.949
46.0,1.37,4.0,14.0,0.0,10.0,27.0,4.0,0.0,0.0,0.0,737.0,2.949
36.0,1.31,3.0,1.0,0.0,5.0,6.0,10.0,1.0,0.0,0.0,921.0,2.764
42.0,1.26,3.0,5.0,0.0,17.0,24.0,3.0,0.0,0.0,0.0,707.0,2.121
,,,,,,,,,,,,
,,,,,,,,,,,,
39.0,0.9,6.0,2.0,0.0,10.0,24.0,6.0,0.0,0.0,2.0,409.0,2.453
26.0,1.54,12.0,2.0,0.0,0.0,21.0,2.0,0.0,0.0,0.0,173.0,2.077
44.0,1.32,7.0,2.0,0.0,9.0,23.0,2.0,0.0,0.0,0.0,431.0,3.02
12.0,1.33,1.0,1.0,0.0,10.0,2.0,1.0,0.0,0.0,0.0,250.0,250.0
19.0,1.32,2.0,0.0,0.0,11.0,7.0,1.0,1.0,0.0,0.0,313.0,625.0
18.0,1.44,2.0,2.0,0.0,15.0,2.0,0.0,0.0,0.0,0.0,203.0,405.0
21.0,1.62,2.0,6.0,0.0,12.0,9.0,4.0,0.0,0.0,0.0,431.0,862.0
,,,,,,,,,,,,
28.0,0.93,1.0,1.0,0.0,2.0,3.0,10.0,0.0,0.0,0.0,2.365,2.365
,,,,,,,,,,,,
,,,,,,,,,,,,
11.0,1.36,0.0,0.0,0.0,5.0,5.0,1.0,0.0,0.0,0.0,0.0,427.0
8.0,1.0,1.0,0.0,0.0,4.0,2.0,2.0,0.0,0.0,0.0,445.0,445.0
,,,,,,,,,,,,
,,,,,,,,,,,,
,,,,,,,,,,,,
29.0,1.24,0.0,1.0,0.0,7.0,10.0,2.0,0.0,0.0,0.0,0.0,1.989
,,,,,,,,,,,,
46.0,1.04,1.0,1.0,0.0,8.0,15.0,6.0,0.0,0.0,0.0,3.182,3.182
13.0,1.69,1.0,0.0,0.0,7.0,5.0,1.0,0.0,0.0,0.0,484.0,484.0
11.0,1.18,0.0,1.0,0.0,7.0,3.0,0.0,0.0,0.0,0.0,0.0,415.0
18.0,1.11,3.0,0.0,0.0,9.0,7.0,2.0,1.0,0.0,0.0,263.0,788.0
31.0,1.13,2.0,4.0,0.0,18.0,10.0,4.0,0.0,0.0,0.0,656.0,1.312
12.0,1.08,1.0,2.0,0.0,5.0,6.0,3.0,0.0,0.0,0.0,685.0,685.0
,,,,,,,,,,,,
,,,,,,,,,,,,
13.0,0.92,2.0,2.0,0.0,0.0,6.0,1.0,0.0,0.0,0.0,546.0,1.091
40.0,1.03,6.0,4.0,0.0,13.0,20.0,1.0,0.0,0.0,0.0,415.0,2.489
,,,,,,,,,,,,
23.0,1.3,5.0,0.0,0.0,3.0,10.0,4.0,0.0,0.0,2.0,334.0,1.672
,,,,,,,,,,,,
32.0,1.19,2.0,1.0,0.0,24.0,7.0,1.0,0.0,0.0,0.0,500.0,1.0
45.0,1.36,7.0,2.0,0.0,5.0,28.0,3.0,0.0,0.0,0.0,462.0,3.236
42.0,1.12,3.0,0.0,1.0,4.0,5.0,9.0,0.0,0.0,0.0,1.168,3.503
39.0,1.31,1.0,0.0,0.0,0.0,6.0,6.0,0.0,0.0,0.0,3.409,3.409
,,,,,,,,,,,,
25.0,0.92,3.0,0.0,2.0,2.0,3.0,7.0,0.0,0.0,0.0,689.0,2.067
25.0,1.08,1.0,0.0,0.0,9.0,2.0,3.0,0.0,0.0,0.0,1.592,1.592
,,,,,,,,,,,,
,,,,,,,,,,,,
,,,,,,,,,,,,
21.0,1.43,0.0,2.0,0.0,6.0,6.0,3.0,0.0,0.0,0.0,0.0,1.332
45.0,1.18,1.0,2.0,1.0,6.0,8.0,12.0,0.0,0.0,0.0,3.56,3.56
45.0,1.31,1.0,2.0,0.0,4.0,21.0,11.0,0.0,0.0,0.0,3.421,3.421
15.0,1.2,0.0,0.0,0.0,6.0,6.0,6.0,0.0,0.0,0.0,0.0,663.0
15.0,1.2,0.0,2.0,0.0,6.0,5.0,2.0,0.0,0.0,0.0,0.0,873.0
26.0,1.35,0.0,1.0,0.0,11.0,8.0,8.0,0.0,0.0,0.0,0.0,1.559
,,,,,,,,,,,,
39.0,1.08,4.0,6.0,0.0,10.0,12.0,10.0,0.0,0.0,0.0,657.0,2.629
49.0,1.16,3.0,5.0,0.0,10.0,21.0,6.0,0.0,0.0,0.0,1.162,3.486
16.0,1.25,2.0,1.0,0.0,10.0,6.0,1.0,0.0,0.0,0.0,280.0,559.0
49.0,1.14,6.0,3.0,0.0,18.0,19.0,5.0,0.0,0.0,0.0,477.0,2.861
38.0,1.21,7.0,4.0,0.0,8.0,21.0,2.0,0.0,0.0,0.0,373.0,2.61
,,,,,,,,,,,,
28.0,1.11,3.0,1.0,0.0,15.0,13.0,5.0,0.0,0.0,0.0,370.0,1.111
,,,,,,,,,,,,
,,,,,,,,,,,,
22.0,1.73,13.0,0.0,0.0,13.0,3.0,3.0,0.0,0.0,2.0,76.0,988.0
42.0,1.98,22.0,7.0,0.0,10.0,14.0,3.0,0.0,0.0,0.0,135.0,2.959
,,,,,,,,,,,,
18.0,1.28,0.0,1.0,0.0,0.0,4.0,5.0,0.0,0.0,0.0,0.0,1.501
19.0,2.0,0.0,1.0,0.0,9.0,2.0,2.0,1.0,0.0,0.0,0.0,1.071
49.0,1.41,2.0,2.0,0.0,1.0,0.0,5.0,0.0,0.0,0.0,2.172,4.344
41.0,1.49,2.0,0.0,0.0,3.0,5.0,5.0,0.0,0.0,0.0,1.674,3.347
17.0,1.71,0.0,2.0,0.0,3.0,4.0,2.0,0.0,0.0,0.0,0.0,1.195
26.0,1.46,1.0,2.0,0.0,3.0,1.0,4.0,0.0,1.0,0.0,2.053,2.053
,,,,,,,,,,,,
35.0,1.57,2.0,5.0,0.0,3.0,5.0,5.0,0.0,0.0,0.0,1.397,2.794
32.0,1.16,2.0,2.0,0.0,16.0,5.0,4.0,0.0,0.0,0.0,754.0,1.507
39.0,1.56,2.0,1.0,0.0,2.0,10.0,11.0,0.0,0.0,0.0,1.626,3.252
27.0,1.3,0.0,2.0,0.0,15.0,6.0,6.0,0.0,0.0,0.0,0.0,1.207
,,,,,,,,,,,,
34.0,1.18,1.0,0.0,0.0,21.0,9.0,4.0,1.0,0.0,0.0,1.332,1.332
39.0,1.38,3.0,7.0,0.0,10.0,18.0,6.0,0.0,0.0,2.0,875.0,2.625
34.0,1.26,9.0,2.0,0.0,16.0,16.0,2.0,0.0,0.0,0.0,184.0,1.652
47.0,1.34,7.0,6.0,0.0,7.0,30.0,12.0,0.0,0.0,1.0,467.0,3.269
,,,,,,,,,,,,
44.0,1.5,1.0,2.0,0.0,11.0,30.0,4.0,0.0,0.0,0.0,2.615,2.615
48.0,1.38,8.0,6.0,0.0,24.0,13.0,8.0,1.0,0.0,1.0,290.0,2.32
7.0,0.71,0.0,1.0,0.0,5.0,2.0,1.0,1.0,0.0,0.0,0.0,222.0
39.0,1.54,10.0,4.0,0.0,11.0,23.0,3.0,0.0,0.0,0.0,239.0,2.393
30.0,1.13,5.0,4.0,0.0,14.0,13.0,5.0,0.0,1.0,0.0,287.0,1.435
14.0,0.79,5.0,0.0,0.0,9.0,4.0,0.0,0.0,0.0,3.0,108.0,541.0
26.0,0.46,0.0,1.0,0.0,23.0,3.0,1.0,0.0,0.0,0.0,0.0,515.0
26.0,1.15,2.0,0.0,1.0,2.0,2.0,2.0,0.0,0.0,0.0,1.094,2.187
,,,,,,,,,,,,
14.0,1.64,0.0,0.0,0.0,4.0,0.0,3.0,0.0,0.0,0.0,0.0,976.0
33.0,1.06,2.0,0.0,0.0,0.0,7.0,4.0,0.0,0.0,0.0,1.378,2.756
21.0,1.71,0.0,0.0,0.0,5.0,4.0,3.0,0.0,0.0,0.0,0.0,1.482
6.0,1.83,0.0,0.0,0.0,3.0,1.0,1.0,0.0,0.0,0.0,0.0,293.0
43.0,1.23,1.0,3.0,0.0,5.0,13.0,4.0,0.0,0.0,0.0,3.229,3.229
26.0,1.46,1.0,0.0,2.0,14.0,1.0,3.0,0.0,0.0,0.0,1.333,1.333
31.0,1.23,0.0,1.0,0.0,12.0,11.0,7.0,0.0,0.0,0.0,0.0,1.74
38.0,1.26,4.0,0.0,0.0,1.0,11.0,9.0,0.0,0.0,0.0,780.0,3.119
26.0,1.35,1.0,1.0,0.0,9.0,9.0,7.0,1.0,0.0,0.0,1.542,1.542
38.0,1.37,4.0,4.0,0.0,12.0,22.0,2.0,0.0,0.0,2.0,577.0,2.309
43.0,1.42,1.0,2.0,0.0,10.0,9.0,9.0,0.0,1.0,0.0,2.931,2.931
33.0,1.48,2.0,2.0,0.0,12.0,16.0,6.0,0.0,0.0,0.0,897.0,1.793
,,,,,,,,,,,,
15.0,1.8,8.0,8.0,0.0,2.0,0.0,2.0,0.0,0.0,0.0,155.0,1.238
25.0,0.92,3.0,4.0,0.0,10.0,14.0,2.0,0.0,0.0,0.0,417.0,1.252
35.0,1.06,2.0,0.0,0.0,21.0,13.0,2.0,0.0,0.0,0.0,605.0,1.21
,,,,,,,,,,,,
15.0,1.53,0.0,0.0,0.0,12.0,3.0,3.0,0.0,0.0,0.0,0.0,332.0
14.0,1.0,2.0,1.0,0.0,6.0,8.0,1.0,0.0,0.0,0.0,347.0,694.0
47.0,1.26,2.0,4.0,0.0,15.0,26.0,7.0,0.0,0.0,0.0,1.49,2.979
22.0,1.09,2.0,0.0,0.0,10.0,6.0,2.0,0.0,0.0,0.0,567.0,1.134
22.0,1.55,5.0,3.0,0.0,11.0,11.0,2.0,0.0,0.0,0.0,187.0,936.0
31.0,1.16,9.0,1.0,0.0,9.0,16.0,6.0,0.0,0.0,1.0,208.0,1.876
,,,,,,,,,,,,
28.0,1.39,0.0,0.0,0.0,5.0,7.0,3.0,0.0,0.0,0.0,0.0,2.062
42.0,1.02,2.0,1.0,1.0,1.0,6.0,8.0,0.0,1.0,0.0,1.792,3.583
,,,,,,,,,,,,
24.0,0.92,0.0,0.0,1.0,7.0,1.0,5.0,0.0,0.0,0.0,0.0,1.672
36.0,1.08,0.0,2.0,0.0,15.0,6.0,4.0,0.0,1.0,0.0,0.0,2.02
,,,,,,,,,,,,
20.0,1.2,0.0,1.0,0.0,2.0,12.0,5.0,0.0,0.0,0.0,0.0,1.403
39.0,1.0,4.0,3.0,0.0,9.0,18.0,7.0,0.0,0.0,0.0,644.0,2.577
23.0,1.09,0.0,1.0,0.0,7.0,10.0,6.0,0.0,0.0,0.0,0.0,1.298
11.0,0.82,0.0,1.0,1.0,2.0,4.0,1.0,0.0,0.0,0.0,0.0,729.0
34.0,1.44,0.0,1.0,0.0,7.0,7.0,6.0,0.0,0.0,0.0,0.0,2.421
43.0,0.93,2.0,3.0,0.0,2.0,8.0,8.0,0.0,0.0,0.0,1.805,3.61
48.0,1.02,5.0,4.0,0.0,19.0,12.0,5.0,0.0,0.0,0.0,588.0,2.94
32.0,0.91,3.0,3.0,0.0,12.0,15.0,0.0,0.0,0.0,0.0,597.0,1.791
34.0,1.0,2.0,2.0,0.0,15.0,16.0,0.0,0.0,0.0,0.0,875.0,1.75
34.0,1.06,3.0,0.0,0.0,23.0,10.0,1.0,0.0,0.0,0.0,396.0,1.189
27.0,1.04,3.0,2.0,0.0,11.0,15.0,0.0,0.0,0.0,0.0,450.0,1.349
31.0,1.16,2.0,3.0,0.0,15.0,12.0,1.0,0.0,0.0,0.0,754.0,1.507
6.0,0.67,1.0,0.0,0.0,3.0,2.0,2.0,0.0,0.0,0.0,308.0,308.0
,,,,,,,,,,,,
35.0,1.06,12.0,1.0,0.0,10.0,18.0,1.0,0.0,1.0,0.0,173.0,2.076
10.0,1.0,2.0,0.0,0.0,7.0,3.0,1.0,0.0,0.0,0.0,146.0,292.0
,,,,,,,,,,,,
47.0,1.28,3.0,4.0,0.0,4.0,2.0,7.0,0.0,0.0,0.0,1.307,3.92
,,,,,,,,,,,,
6.0,1.67,0.0,0.0,0.0,3.0,1.0,0.0,0.0,1.0,0.0,0.0,256.0
8.0,1.13,0.0,0.0,0.0,1.0,2.0,0.0,0.0,0.0,0.0,0.0,579.0
17.0,0.88,0.0,2.0,0.0,5.0,6.0,1.0,0.0,0.0,0.0,0.0,1.08
42.0,1.29,0.0,3.0,0.0,14.0,21.0,3.0,0.0,0.0,0.0,0.0,2.325
21.0,1.67,0.0,0.0,0.0,5.0,6.0,4.0,0.0,0.0,0.0,0.0,1.358
29.0,1.17,1.0,0.0,0.0,6.0,15.0,5.0,0.0,0.0,0.0,1.893,1.893
46.0,1.3,8.0,1.0,0.0,8.0,12.0,9.0,1.0,0.0,2.0,420.0,3.358
37.0,1.27,2.0,5.0,0.0,4.0,7.0,11.0,0.0,0.0,0.0,1.468,2.936
,,,,,,,,,,,,
,,,,,,,,,,,,
40.0,1.2,6.0,1.0,0.0,7.0,12.0,4.0,1.0,0.0,0.0,482.0,2.894
,,,,,,,,,,,,
31.0,1.42,5.0,3.0,0.0,13.0,13.0,4.0,0.0,1.0,0.0,331.0,1.655
36.0,1.22,5.0,2.0,0.0,19.0,11.0,1.0,0.0,0.0,1.0,324.0,1.62
37.0,1.0,4.0,4.0,0.0,20.0,12.0,0.0,0.0,0.0,0.0,424.0,1.697
42.0,1.19,10.0,0.0,0.0,16.0,18.0,5.0,0.0,1.0,1.0,231.0,2.305
22.0,0.95,2.0,0.0,0.0,9.0,12.0,2.0,0.0,0.0,0.0,552.0,1.104
,,,,,,,,,,,,
50.0,1.36,1.0,0.0,0.0,0.0,0.0,3.0,0.0,0.0,0.0,4.5,4.5
37.0,1.46,2.0,1.0,0.0,1.0,1.0,5.0,0.0,2.0,0.0,1.584,3.167
33.0,1.42,0.0,3.0,0.0,5.0,9.0,8.0,0.0,0.0,0.0,0.0,2.298
,,,,,,,,,,,,
36.0,1.5,2.0,0.0,0.0,9.0,6.0,2.0,0.0,0.0,0.0,1.18,2.36
26.0,1.38,5.0,0.0,0.0,5.0,14.0,8.0,1.0,0.0,0.0,351.0,1.756
24.0,1.42,0.0,0.0,0.0,12.0,4.0,2.0,0.0,0.0,0.0,0.0,1.173
50.0,1.36,3.0,6.0,0.0,0.0,2.0,6.0,0.0,0.0,0.0,1.477,4.43
49.0,1.39,1.0,8.0,0.0,4.0,25.0,1.0,0.0,0.0,0.0,3.656,3.656
26.0,1.65,0.0,4.0,0.0,7.0,8.0,6.0,0.0,1.0,0.0,0.0,1.504
37.0,1.32,6.0,3.0,0.0,9.0,22.0,5.0,0.0,0.0,0.0,380.0,2.277
,,,,,,,,,,,,
46.0,1.3,12.0,1.0,0.0,15.0,25.0,3.0,0.0,0.0,2.0,231.0,2.771
23.0,1.13,0.0,0.0,0.0,22.0,1.0,0.0,0.0,0.0,0.0,0.0,496.0
39.0,1.28,2.0,2.0,0.0,21.0,14.0,0.0,0.0,0.0,0.0,877.0,1.753
38.0,1.32,3.0,0.0,0.0,21.0,18.0,2.0,0.0,0.0,0.0,537.0,1.612
5.0,0.8,1.0,0.0,0.0,5.0,0.0,1.0,0.0,0.0,0.0,91.0,91.0
43.0,1.33,10.0,4.0,0.0,14.0,28.0,3.0,0.0,0.0,1.0,227.0,2.269
,,,,,,,,,,,,
12.0,1.17,0.0,0.0,0.0,2.0,2.0,2.0,0.0,0.0,0.0,0.0,888.0
,,,,,,,,,,,,
,,,,,,,,,,,,
2.0,1.5,0.0,0.0,0.0,0.0,0.0,1.0,0.0,0.0,0.0,0.0,180.0
,,,,,,,,,,,,
47.0,1.36,1.0,4.0,0.0,7.0,8.0,3.0,0.0,0.0,0.0,3.583,3.583
,,,,,,,,,,,,
26.0,1.46,0.0,0.0,0.0,14.0,11.0,1.0,0.0,0.0,0.0,0.0,1.054
8.0,0.88,0.0,0.0,0.0,7.0,1.0,0.0,0.0,0.0,0.0,0.0,125.0
16.0,1.69,1.0,0.0,0.0,0.0,2.0,2.0,0.0,0.0,0.0,1.421,1.421
,,,,,,,,,,,,
34.0,1.47,1.0,0.0,0.0,19.0,11.0,6.0,0.0,0.0,0.0,1.471,1.471
27.0,1.3,1.0,1.0,0.0,19.0,8.0,3.0,0.0,0.0,0.0,742.0,742.0
29.0,1.38,1.0,2.0,0.0,18.0,8.0,0.0,0.0,0.0,0.0,1.103,1.103
,,,,,,,,,,,,
,,,,,,,,,,,,
31.0,1.19,3.0,4.0,0.0,12.0,10.0,6.0,0.0,0.0,0.0,587.0,1.76
39.0,1.18,3.0,0.0,0.0,28.0,8.0,3.0,0.0,0.0,0.0,441.0,1.324
49.0,1.31,3.0,7.0,1.0,4.0,23.0,3.0,0.0,0.0,0.0,1.32,3.961
44.0,1.39,7.0,0.0,0.0,18.0,23.0,1.0,0.0,0.0,1.0,321.0,2.247
45.0,1.33,12.0,3.0,0.0,10.0,21.0,8.0,0.0,0.0,0.0,256.0,3.076
,,,,,,,,,,,,
36.0,1.36,3.0,1.0,0.0,6.0,6.0,9.0,0.0,0.0,0.0,918.0,2.754
43.0,1.23,1.0,1.0,0.0,8.0,4.0,6.0,2.0,0.0,0.0,3.157,3.157
42.0,1.0,2.0,1.0,0.0,1.0,4.0,4.0,0.0,0.0,0.0,1.822,3.644
19.0,1.21,0.0,1.0,1.0,4.0,3.0,3.0,0.0,0.0,0.0,0.0,1.362
4.0,1.5,0.0,0.0,0.0,1.0,1.0,0.0,0.0,0.0,0.0,0.0,246.0
48.0,1.31,0.0,2.0,0.0,7.0,8.0,9.0,0.0,0.0,0.0,0.0,3.731
51.0,1.31,2.0,3.0,0.0,7.0,9.0,8.0,0.0,0.0,0.0,2.023,4.046
34.0,1.21,4.0,5.0,0.0,8.0,7.0,4.0,0.0,0.0,0.0,611.0,2.443
,,,,,,,,,,,,
,,,,,,,,,,,,
34.0,1.47,1.0,1.0,0.0,4.0,6.0,9.0,0.0,0.0,0.0,2.702,2.702
47.0,1.28,3.0,2.0,0.0,11.0,25.0,8.0,0.0,0.0,0.0,1.022,3.066
32.0,1.47,3.0,1.0,0.0,13.0,12.0,9.0,0.0,0.0,0.0,570.0,1.709
9.0,1.67,3.0,0.0,0.0,2.0,3.0,3.0,0.0,0.0,0.0,195.0,584.0
,,,,,,,,,,,,
45.0,1.36,3.0,5.0,0.0,14.0,24.0,9.0,0.0,0.0,0.0,919.0,2.758
45.0,1.4,7.0,3.0,0.0,13.0,19.0,7.0,1.0,1.0,3.0,397.0,2.779
50.0,1.12,12.0,2.0,0.0,19.0,15.0,2.0,0.0,0.0,0.0,243.0,2.916
41.0,1.32,15.0,3.0,0.0,16.0,13.0,5.0,0.0,0.0,0.0,162.0,2.437
31.0,1.16,4.0,0.0,0.0,14.0,16.0,1.0,0.0,0.0,0.0,353.0,1.411
,,,,,,,,,,,,
40.0,1.7,3.0,1.0,2.0,0.0,1.0,5.0,0.0,0.0,0.0,1.185,3.555
43.0,1.53,2.0,0.0,1.0,0.0,1.0,7.0,0.0,0.0,0.0,1.912,3.823
,,,,,,,,,,,,
46.0,1.52,4.0,2.0,1.0,3.0,4.0,4.0,0.0,0.0,0.0,957.0,3.829
11.0,1.18,0.0,0.0,0.0,6.0,3.0,1.0,0.0,0.0,0.0,0.0,495.0
44.0,1.48,1.0,3.0,2.0,2.0,5.0,8.0,0.0,0.0,0.0,3.676,3.676
12.0,1.0,0.0,0.0,0.0,3.0,0.0,1.0,0.0,0.0,0.0,0.0,822.0
,,,,,,,,,,,,
15.0,1.4,0.0,0.0,0.0,6.0,3.0,2.0,0.0,0.0,0.0,0.0,860.0
23.0,1.91,1.0,0.0,0.0,20.0,1.0,3.0,0.0,0.0,0.0,513.0,513.0
21.0,1.67,1.0,0.0,0.0,3.0,15.0,2.0,0.0,0.0,0.0,1.283,1.283
22.0,1.5,0.0,1.0,0.0,10.0,8.0,1.0,0.0,0.0,0.0,0.0,1.117
51.0,1.47,4.0,5.0,0.0,3.0,29.0,6.0,0.0,0.0,0.0,1.0,3.998
49.0,1.41,1.0,3.0,0.0,12.0,11.0,8.0,0.0,0.0,0.0,3.467,3.467
9.0,1.89,2.0,1.0,0.0,3.0,4.0,0.0,0.0,0.0,0.0,236.0,471.0
36.0,1.36,0.0,1.0,0.0,6.0,3.0,8.0,0.0,0.0,0.0,0.0,2.771
2.0,3.0,0.0,0.0,0.0,1.0,1.0,0.0,0.0,0.0,0.0,0.0,72.0
45.0,1.47,2.0,6.0,0.0,14.0,16.0,7.0,0.0,0.0,0.0,1.345,2.69
28.0,1.36,0.0,2.0,0.0,20.0,7.0,2.0,0.0,1.0,0.0,0.0,831.0
28.0,1.07,6.0,3.0,0.0,7.0,16.0,2.0,0.0,0.0,0.0,308.0,1.85
,,,,,,,,,,,,
27.0,1.59,5.0,0.0,0.0,16.0,9.0,3.0,0.0,0.0,0.0,227.0,1.136
49.0,1.31,14.0,0.0,0.0,18.0,17.0,2.0,0.0,0.0,1.0,213.0,2.984
25.0,1.6,6.0,1.0,0.0,8.0,10.0,0.0,0.0,0.0,0.0,243.0,1.46
36.0,1.42,1.0,2.0,0.0,20.0,12.0,0.0,0.0,0.0,0.0,1.536,1.536
6.0,3.0,0.0,2.0,0.0,4.0,2.0,0.0,0.0,0.0,0.0,0.0,168.0
31.0,1.32,3.0,0.0,0.0,3.0,2.0,6.0,1.0,1.0,0.0,830.0,2.49
15.0,1.33,0.0,1.0,0.0,3.0,4.0,2.0,0.0,0.0,0.0,0.0,1.049
23.0,1.43,1.0,0.0,0.0,5.0,10.0,4.0,0.0,0.0,0.0,1.498,1.498
25.0,1.12,2.0,0.0,0.0,3.0,1.0,3.0,0.0,0.0,0.0,1.038,2.075
15.0,1.67,1.0,0.0,0.0,8.0,6.0,0.0,0.0,0.0,0.0,685.0,685.0
,,,,,,,,,,,,
11.0,1.27,0.0,0.0,0.0,4.0,5.0,1.0,0.0,0.0,0.0,0.0,592.0
40.0,1.2,3.0,4.0,0.0,1.0,16.0,7.0,0.0,0.0,0.0,1.096,3.288
37.0,1.24,2.0,0.0,0.0,22.0,6.0,6.0,0.0,0.0,0.0,870.0,1.74
27.0,1.63,0.0,0.0,0.0,18.0,3.0,3.0,0.0,0.0,0.0,0.0,1.089
,,,,,,,,,,,,
18.0,1.67,0.0,0.0,0.0,12.0,6.0,3.0,0.0,0.0,0.0,0.0,542.0
11.0,0.82,0.0,1.0,0.0,5.0,6.0,0.0,0.0,0.0,0.0,0.0,538.0
38.0,1.16,1.0,5.0,0.0,16.0,18.0,5.0,0.0,0.0,0.0,1.933,1.933
45.0,1.38,4.0,6.0,0.0,5.0,11.0,7.0,0.0,0.0,0.0,894.0,3.577
44.0,1.23,0.0,3.0,0.0,11.0,6.0,3.0,0.0,0.0,0.0,0.0,3.059
,,,,,,,,,,,,
,,,,,,,,,,,,
47.0,1.21,8.0,1.0,0.0,9.0,28.0,5.0,0.0,0.0,0.0,400.0,3.197
15.0,1.53,0.0,0.0,0.0,9.0,6.0,2.0,0.0,0.0,0.0,0.0,567.0
32.0,1.19,4.0,6.0,0.0,17.0,12.0,1.0,0.0,0.0,0.0,390.0,1.56
38.0,1.11,1.0,1.0,0.0,20.0,18.0,1.0,0.0,0.0,0.0,1.471,1.471
28.0,1.14,4.0,2.0,0.0,15.0,12.0,2.0,0.0,0.0,0.0,289.0,1.156
,,,,,,,,,,,,
44.0,1.41,8.0,6.0,0.0,26.0,14.0,4.0,0.0,0.0,1.0,253.0,2.023
7.0,1.86,2.0,0.0,0.0,5.0,2.0,0.0,0.0,0.0,0.0,89.0,178.0
33.0,1.18,2.0,2.0,1.0,10.0,3.0,6.0,0.0,0.0,0.0,1.18,2.36
29.0,1.31,1.0,0.0,0.0,1.0,7.0,8.0,0.0,0.0,0.0,2.395,2.395
,,,,,,,,,,,,
15.0,1.0,0.0,0.0,1.0,2.0,6.0,0.0,0.0,0.0,0.0,0.0,1.109
27.0,1.22,0.0,1.0,0.0,7.0,4.0,3.0,0.0,0.0,0.0,0.0,1.85
,,,,,,,,,,,,
20.0,0.85,1.0,1.0,1.0,9.0,9.0,1.0,0.0,0.0,0.0,783.0,783.0
3.0,2.0,0.0,0.0,0.0,2.0,1.0,2.0,0.0,0.0,0.0,0.0,95.0
46.0,1.04,0.0,3.0,0.0,6.0,7.0,3.0,0.0,0.0,0.0,0.0,3.64
,,,,,,,,,,,,
18.0,1.33,1.0,1.0,0.0,5.0,2.0,4.0,0.0,1.0,0.0,1.225,1.225
,,,,,,,,,,,,
32.0,1.19,0.0,0.0,0.0,16.0,9.0,3.0,0.0,0.0,0.0,0.0,1.62
,,,,,,,,,,,,
48.0,1.15,1.0,2.0,0.0,10.0,24.0,10.0,0.0,0.0,0.0,3.181,3.181
40.0,1.15,1.0,0.0,0.0,21.0,14.0,0.0,0.0,1.0,0.0,1.883,1.883
27.0,1.63,5.0,3.0,0.0,8.0,13.0,1.0,0.0,0.0,2.0,340.0,1.701
29.0,0.9,3.0,0.0,0.0,11.0,16.0,1.0,0.0,0.0,0.0,468.0,1.404
20.0,1.1,1.0,0.0,0.0,16.0,4.0,0.0,0.0,1.0,0.0,653.0,653.0
,,,,,,,,,,,,
31.0,1.06,2.0,0.0,0.0,16.0,14.0,0.0,0.0,0.0,0.0,646.0,1.292
40.0,1.1,12.0,3.0,0.0,10.0,25.0,0.0,0.0,0.0,4.0,205.0,2.464
14.0,1.36,2.0,1.0,0.0,10.0,4.0,2.0,0.0,0.0,0.0,231.0,461.0
14.0,1.21,0.0,0.0,0.0,1.0,4.0,3.0,0.0,0.0,0.0,0.0,1.122
33.0,1.33,1.0,3.0,1.0,8.0,5.0,5.0,0.0,0.0,0.0,2.277,2.277
,,,,,,,,,,,,
30.0,1.0,2.0,1.0,0.0,1.0,0.0,3.0,0.0,0.0,0.0,1.335,2.67
,,,,,,,,,,,,
30.0,1.13,0.0,3.0,0.0,6.0,9.0,8.0,0.0,0.0,0.0,0.0,2.229
42.0,1.17,3.0,4.0,0.0,13.0,2.0,4.0,0.0,0.0,0.0,948.0,2.845
19.0,1.21,0.0,0.0,0.0,4.0,7.0,2.0,0.0,0.0,0.0,0.0,1.236
35.0,1.2,2.0,1.0,0.0,7.0,8.0,0.0,0.0,0.0,0.0,1.305,2.61
12.0,1.17,1.0,0.0,0.0,2.0,7.0,0.0,0.0,0.0,0.0,840.0,840.0
31.0,1.29,1.0,0.0,0.0,10.0,15.0,6.0,0.0,0.0,0.0,1.809,1.809
24.0,0.96,1.0,1.0,0.0,6.0,3.0,10.0,0.0,0.0,0.0,1.667,1.667
44.0,0.95,2.0,2.0,0.0,12.0,24.0,4.0,0.0,0.0,0.0,1.28,2.559
26.0,0.69,0.0,1.0,0.0,8.0,8.0,2.0,0.0,0.0,0.0,0.0,1.734
46.0,1.09,6.0,1.0,0.0,3.0,4.0,13.0,0.0,0.0,0.0,659.0,3.956
29.0,1.48,6.0,2.0,0.0,7.0,7.0,4.0,0.0,1.0,0.0,330.0,1.979
0.0,,0.0,0.0,0.0,0.0,0.0,0.0,0.0,0.0,0.0,0.0,0.0
9.0,0.44,0.0,0.0,0.0,5.0,4.0,1.0,0.0,0.0,0.0,0.0,295.0
,,,,,,,,,,,,
14.0,0.43,1.0,0.0,0.0,8.0,5.0,1.0,0.0,0.0,0.0,559.0,559.0
22.0,0.59,0.0,0.0,0.0,18.0,4.0,2.0,0.0,0.0,0.0,0.0,549.0
44.0,0.93,3.0,4.0,0.0,17.0,25.0,5.0,0.0,0.0,1.0,753.0,2.258
,,,,,,,,,,,,
8.0,0.25,1.0,0.0,0.0,2.0,3.0,0.0,0.0,0.0,0.0,488.0,488.0
3.0,0.33,0.0,0.0,0.0,3.0,0.0,0.0,0.0,0.0,0.0,0.0,10.0
,,,,,,,,,,,,
19.0,0.84,2.0,1.0,0.0,13.0,6.0,0.0,0.0,0.0,0.0,320.0,639.0
,,,,,,,,,,,,
,,,,,,,,,,,,
16.0,1.56,2.0,1.0,1.0,1.0,5.0,5.0,0.0,0.0,0.0,618.0,1.236
,,,,,,,,,,,,
0.0,,0.0,0.0,0.0,0.0,0.0,0.0,0.0,0.0,0.0,0.0,0.0
14.0,0.86,1.0,0.0,0.0,3.0,0.0,3.0,0.0,0.0,0.0,1.069,1.069
27.0,1.19,1.0,0.0,1.0,4.0,3.0,5.0,0.0,0.0,0.0,2.142,2.142
,,,,,,,,,,,,
1.0,1.0,0.0,0.0,0.0,0.0,0.0,0.0,0.0,0.0,0.0,0.0,90.0
33.0,1.42,0.0,2.0,0.0,19.0,4.0,5.0,0.0,0.0,0.0,0.0,1.642
46.0,1.15,4.0,1.0,1.0,0.0,1.0,5.0,0.0,0.0,0.0,1.03,4.119
22.0,1.05,0.0,0.0,0.0,5.0,10.0,6.0,0.0,0.0,0.0,0.0,1.394
36.0,1.25,0.0,1.0,0.0,21.0,4.0,3.0,0.0,0.0,0.0,0.0,1.726
,,,,,,,,,,,,
,,,,,,,,,,,,
38.0,1.11,1.0,4.0,0.0,2.0,10.0,7.0,0.0,0.0,0.0,3.108,3.108
7.0,0.57,1.0,0.0,0.0,6.0,0.0,1.0,0.0,0.0,0.0,211.0,211.0
41.0,1.1,2.0,1.0,0.0,9.0,16.0,10.0,0.0,0.0,0.0,1.449,2.898
41.0,1.2,0.0,2.0,1.0,11.0,4.0,8.0,0.0,1.0,0.0,0.0,2.706
41.0,1.2,5.0,1.0,0.0,12.0,25.0,7.0,0.0,0.0,0.0,464.0,2.322
24.0,1.58,3.0,4.0,0.0,8.0,11.0,2.0,0.0,0.0,0.0,454.0,1.361
,,,,,,,,,,,,
16.0,0.88,1.0,0.0,0.0,14.0,2.0,1.0,0.0,0.0,0.0,372.0,372.0
24.0,0.92,1.0,1.0,0.0,10.0,12.0,2.0,0.0,0.0,0.0,1.162,1.162
33.0,1.15,10.0,2.0,0.0,5.0,11.0,10.0,0.0,0.0,2.0,246.0,2.459
,,,,,,,,,,,,
,,,,,,,,,,,,
14.0,0.93,4.0,0.0,0.0,9.0,5.0,1.0,0.0,0.0,0.0,168.0,673.0
31.0,0.77,3.0,0.0,0.0,19.0,10.0,6.0,0.0,0.0,0.0,438.0,1.314
,,,,,,,,,,,,
,,,,,,,,,,,,
42.0,1.07,4.0,3.0,0.0,0.0,1.0,6.0,0.0,0.0,0.0,926.0,3.702
27.0,1.19,1.0,2.0,0.0,3.0,4.0,7.0,0.0,0.0,0.0,2.089,2.089
17.0,1.24,1.0,0.0,0.0,1.0,3.0,1.0,0.0,0.0,0.0,1.373,1.373
4.0,1.25,0.0,0.0,0.0,2.0,0.0,0.0,0.0,0.0,0.0,0.0,260.0
37.0,1.24,6.0,1.0,0.0,10.0,4.0,1.0,0.0,0.0,0.0,434.0,2.606
12.0,1.42,0.0,0.0,0.0,4.0,4.0,1.0,0.0,0.0,0.0,0.0,744.0
22.0,1.18,1.0,0.0,0.0,11.0,6.0,1.0,0.0,0.0,0.0,1.062,1.062
33.0,1.06,0.0,1.0,0.0,5.0,10.0,5.0,0.0,0.0,0.0,0.0,2.507
,,,,,,,,,,,,
,,,,,,,,,,,,
31.0,1.39,0.0,0.0,0.0,13.0,11.0,8.0,0.0,0.0,0.0,0.0,1.652
,,,,,,,,,,,,
31.0,1.1,1.0,2.0,0.0,17.0,8.0,2.0,0.0,0.0,0.0,1.42,1.42
15.0,0.87,0.0,1.0,0.0,6.0,8.0,1.0,0.0,0.0,0.0,0.0,721.0
2.0,0.5,0.0,0.0,0.0,2.0,0.0,1.0,0.0,0.0,0.0,0.0,14.0
,,,,,,,,,,,,
,,,,,,,,,,,,
44.0,1.09,4.0,6.0,0.0,10.0,12.0,6.0,0.0,1.0,0.0,791.0,3.162
30.0,1.23,2.0,2.0,0.0,18.0,12.0,2.0,0.0,0.0,0.0,532.0,1.063
28.0,1.68,3.0,0.0,1.0,13.0,15.0,4.0,0.0,0.0,0.0,449.0,1.348
,,,,,,,,,,,,
24.0,0.96,1.0,0.0,0.0,16.0,8.0,1.0,0.0,0.0,1.0,855.0,855.0
33.0,2.27,2.0,1.0,0.0,0.0,5.0,8.0,0.0,0.0,0.0,1.464,2.928
43.0,2.26,3.0,0.0,0.0,0.0,16.0,4.0,0.0,0.0,0.0,1.198,3.593
,,,,,,,,,,,,
28.0,2.32,3.0,1.0,0.0,8.0,3.0,2.0,0.0,0.0,0.0,611.0,1.833
2.0,,0.0,0.0,0.0,0.0,2.0,1.0,0.0,0.0,0.0,0.0,66.0
31.0,2.29,3.0,4.0,0.0,4.0,6.0,0.0,0.0,0.0,0.0,805.0,2.416
34.0,2.26,5.0,3.0,0.0,8.0,20.0,2.0,0.0,0.0,0.0,446.0,2.228
21.0,2.14,0.0,2.0,0.0,7.0,2.0,0.0,0.0,0.0,0.0,0.0,1.384
42.0,2.17,3.0,3.0,0.0,11.0,14.0,11.0,0.0,0.0,0.0,880.0,2.641
17.0,1.94,0.0,3.0,0.0,10.0,6.0,1.0,0.0,0.0,0.0,0.0,714.0
50.0,2.22,3.0,12.0,0.0,1.0,1.0,6.0,0.0,0.0,0.0,1.459,4.377
28.0,2.14,1.0,1.0,0.0,6.0,12.0,2.0,0.0,0.0,0.0,1.843,1.843
24.0,2.46,0.0,0.0,0.0,15.0,3.0,2.0,0.0,1.0,0.0,0.0,941.0
40.0,2.13,5.0,2.0,0.0,17.0,8.0,7.0,0.0,0.0,0.0,452.0,2.26
,,,,,,,,,,,,
,,,,,,,,,,,,
42.0,2.19,7.0,8.0,0.0,22.0,13.0,2.0,0.0,0.0,0.0,281.0,1.968
50.0,2.22,17.0,21.0,0.0,8.0,24.0,4.0,0.0,0.0,1.0,205.0,3.482
45.0,2.18,13.0,6.0,0.0,20.0,16.0,4.0,0.0,0.0,0.0,183.0,2.377
,,,,,,,,,,,,
6.0,2.0,0.0,0.0,0.0,5.0,1.0,0.0,0.0,0.0,0.0,0.0,70.0
46.0,2.33,38.0,13.0,0.0,4.0,16.0,6.0,0.0,0.0,13.0,94.0,3.582
45.0,1.96,3.0,2.0,1.0,5.0,4.0,9.0,1.0,0.0,0.0,1.263,3.788
43.0,2.02,0.0,2.0,1.0,2.0,6.0,7.0,0.0,0.0,0.0,0.0,3.586
49.0,1.98,4.0,1.0,0.0,1.0,0.0,6.0,0.0,0.0,0.0,1.1,4.399
,,,,,,,,,,,,
20.0,1.55,1.0,0.0,0.0,9.0,1.0,1.0,1.0,0.0,0.0,1.062,1.062
48.0,2.04,4.0,13.0,0.0,4.0,17.0,5.0,1.0,0.0,0.0,967.0,3.869
,,,,,,,,,,,,
24.0,2.08,2.0,1.0,1.0,5.0,6.0,5.0,1.0,0.0,0.0,791.0,1.582
28.0,2.0,0.0,1.0,0.0,18.0,8.0,1.0,0.0,0.0,0.0,0.0,1.012
,,,,,,,,,,,,
,,,,,,,,,,,,
,,,,,,,,,,,,
42.0,2.07,5.0,4.0,0.0,18.0,11.0,6.0,0.0,0.0,0.0,424.0,2.119
40.0,2.0,4.0,5.0,0.0,16.0,23.0,3.0,0.0,0.0,0.0,501.0,2.004
45.0,2.02,16.0,15.0,0.0,9.0,16.0,8.0,0.0,0.0,3.0,212.0,3.392
34.0,1.88,5.0,0.0,0.0,26.0,9.0,2.0,0.0,0.0,0.0,157.0,786.0
17.0,1.76,3.0,2.0,0.0,10.0,5.0,1.0,0.0,0.0,0.0,217.0,651.0
28.0,1.79,2.0,2.0,0.0,17.0,11.0,3.0,0.0,0.0,0.0,595.0,1.189
,,,,,,,,,,,,
27.0,1.96,11.0,2.0,0.0,11.0,16.0,4.0,0.0,0.0,0.0,126.0,1.387
45.0,1.93,27.0,1.0,0.0,18.0,16.0,5.0,0.0,0.0,1.0,93.0,2.505
4.0,2.5,0.0,0.0,0.0,0.0,2.0,0.0,0.0,0.0,0.0,0.0,291.0
31.0,1.52,0.0,0.0,1.0,9.0,6.0,7.0,0.0,0.0,0.0,0.0,2.017
,,,,,,,,,,,,
38.0,1.45,5.0,1.0,0.0,0.0,0.0,5.0,0.0,2.0,0.0,679.0,3.394
35.0,1.74,1.0,0.0,0.0,13.0,6.0,5.0,0.0,0.0,0.0,2.037,2.037
29.0,1.45,1.0,6.0,0.0,2.0,8.0,7.0,0.0,0.0,0.0,2.3,2.3
39.0,1.44,1.0,1.0,0.0,8.0,11.0,3.0,0.0,0.0,0.0,2.808,2.808
24.0,1.5,0.0,2.0,0.0,7.0,5.0,6.0,0.0,0.0,0.0,0.0,1.613
21.0,1.24,0.0,0.0,0.0,12.0,6.0,1.0,0.0,0.0,0.0,0.0,896.0
39.0,1.46,4.0,6.0,0.0,5.0,17.0,3.0,0.0,0.0,0.0,720.0,2.88
39.0,1.28,0.0,2.0,0.0,13.0,20.0,7.0,0.0,0.0,0.0,0.0,2.253
40.0,1.53,0.0,2.0,0.0,14.0,22.0,9.0,0.0,0.0,0.0,0.0,2.106
5.0,1.8,0.0,0.0,0.0,3.0,2.0,1.0,0.0,0.0,0.0,0.0,200.0
41.0,1.37,0.0,1.0,0.0,14.0,7.0,4.0,0.0,0.0,0.0,0.0,2.756
34.0,1.5,1.0,0.0,0.0,11.0,14.0,5.0,0.0,0.0,0.0,2.113,2.113
33.0,1.48,11.0,8.0,0.0,1.0,12.0,6.0,0.0,0.0,0.0,251.0,2.763
43.0,1.42,5.0,2.0,0.0,17.0,17.0,7.0,0.0,0.0,0.0,454.0,2.271
,,,,,,,,,,,,
40.0,1.28,5.0,8.0,0.0,14.0,11.0,0.0,0.0,0.0,0.0,487.0,2.437
31.0,0.87,2.0,3.0,0.0,17.0,14.0,2.0,0.0,0.0,0.0,644.0,1.287
45.0,1.38,21.0,6.0,0.0,5.0,26.0,1.0,1.0,0.0,4.0,155.0,3.258
,,,,,,,,,,,,
29.0,1.31,5.0,0.0,0.0,25.0,4.0,1.0,0.0,0.0,0.0,121.0,604.0
37.0,1.57,0.0,6.0,0.0,0.0,0.0,7.0,1.0,1.0,0.0,0.0,3.274
37.0,1.84,3.0,3.0,1.0,8.0,4.0,5.0,0.0,0.0,0.0,876.0,2.628
,,,,,,,,,,,,
,,,,,,,,,,,,
44.0,1.82,3.0,7.0,1.0,12.0,11.0,11.0,0.0,0.0,0.0,962.0,2.886
35.0,1.86,1.0,5.0,0.0,4.0,4.0,2.0,0.0,0.0,0.0,2.826,2.826
,,,,,,,,,,,,
30.0,1.8,0.0,1.0,0.0,20.0,7.0,7.0,0.0,0.0,0.0,0.0,1.147
42.0,1.67,2.0,4.0,0.0,3.0,19.0,6.0,1.0,0.0,0.0,1.644,3.287
,,,,,,,,,,,,
26.0,1.96,0.0,0.0,0.0,20.0,3.0,1.0,0.0,0.0,0.0,0.0,790.0
36.0,1.67,5.0,3.0,0.0,9.0,13.0,6.0,0.0,0.0,0.0,450.0,2.251
,,,,,,,,,,,,
39.0,1.64,1.0,0.0,0.0,10.0,13.0,5.0,0.0,0.0,0.0,2.572,2.572
45.0,1.78,1.0,15.0,0.0,5.0,17.0,8.0,0.0,1.0,0.0,3.464,3.464
27.0,1.0,7.0,1.0,1.0,2.0,18.0,3.0,0.0,0.0,0.0,266.0,1.862
45.0,1.78,6.0,15.0,0.0,4.0,25.0,1.0,0.0,0.0,0.0,568.0,3.41
25.0,1.64,2.0,1.0,0.0,20.0,5.0,3.0,0.0,0.0,0.0,307.0,614.0
48.0,1.71,12.0,5.0,0.0,14.0,27.0,5.0,0.0,0.0,0.0,233.0,2.791
24.0,1.67,1.0,2.0,0.0,18.0,6.0,4.0,0.0,0.0,0.0,707.0,707.0
36.0,1.92,12.0,9.0,0.0,9.0,25.0,6.0,0.0,0.0,0.0,183.0,2.201
23.0,1.3,3.0,3.0,0.0,9.0,10.0,1.0,0.0,0.0,0.0,402.0,1.206
45.0,1.62,34.0,9.0,0.0,3.0,8.0,6.0,0.0,0.0,8.0,112.0,3.806
,,,,,,,,,,,,
,,,,,,,,,,,,
33.0,1.36,1.0,0.0,0.0,3.0,5.0,6.0,0.0,0.0,0.0,2.665,2.665
13.0,1.23,0.0,0.0,0.0,3.0,7.0,0.0,0.0,1.0,0.0,0.0,724.0
25.0,1.92,3.0,0.0,0.0,3.0,4.0,2.0,0.0,0.0,0.0,663.0,1.989
3.0,2.0,0.0,0.0,0.0,3.0,0.0,1.0,0.0,0.0,0.0,0.0,28.0
28.0,1.54,1.0,2.0,0.0,9.0,2.0,4.0,0.0,0.0,0.0,1.865,1.865
43.0,1.4,1.0,12.0,0.0,3.0,14.0,6.0,0.0,0.0,0.0,3.471,3.471
,,,,,,,,,,,,
34.0,1.68,2.0,3.0,0.0,8.0,12.0,4.0,0.0,0.0,0.0,1.193,2.385
19.0,1.79,1.0,2.0,0.0,6.0,6.0,0.0,0.0,1.0,0.0,1.072,1.072
19.0,1.53,1.0,1.0,0.0,9.0,9.0,2.0,0.0,0.0,0.0,755.0,755.0
46.0,1.5,4.0,9.0,1.0,2.0,7.0,8.0,0.0,0.0,0.0,967.0,3.867
,,,,,,,,,,,,
18.0,2.0,1.0,0.0,0.0,14.0,4.0,3.0,0.0,0.0,0.0,526.0,526.0
,,,,,,,,,,,,
42.0,1.57,10.0,8.0,0.0,9.0,20.0,11.0,0.0,0.0,0.0,279.0,2.787
,,,,,,,,,,,,
35.0,1.23,3.0,3.0,0.0,23.0,12.0,1.0,0.0,0.0,0.0,416.0,1.249
16.0,1.44,2.0,1.0,0.0,11.0,5.0,2.0,0.0,0.0,0.0,220.0,439.0
,,,,,,,,,,,,
,,,,,,,,,,,,
6.0,1.0,0.0,1.0,0.0,1.0,4.0,1.0,0.0,0.0,0.0,0.0,381.0
,,,,,,,,,,,,
48.0,1.56,17.0,6.0,0.0,19.0,18.0,6.0,0.0,0.0,0.0,159.0,2.711
,,,,,,,,,,,,
,,,,,,,,,,,,
22.0,1.09,8.0,1.0,0.0,10.0,10.0,2.0,0.0,0.0,1.0,126.0,1.008
33.0,1.03,7.0,3.0,0.0,15.0,13.0,2.0,0.0,0.0,0.0,239.0,1.671
42.0,1.76,0.0,0.0,0.0,0.0,5.0,5.0,1.0,1.0,0.0,0.0,3.613
,,,,,,,,,,,,
44.0,1.89,2.0,0.0,1.0,4.0,10.0,8.0,0.0,0.0,0.0,1.736,3.472
32.0,1.97,1.0,1.0,1.0,12.0,6.0,7.0,0.0,0.0,0.0,1.957,1.957
13.0,2.85,0.0,0.0,0.0,11.0,1.0,1.0,0.0,0.0,0.0,0.0,201.0
33.0,1.79,3.0,7.0,0.0,6.0,14.0,3.0,0.0,0.0,0.0,794.0,2.382
23.0,1.57,0.0,0.0,0.0,13.0,8.0,4.0,0.0,0.0,0.0,0.0,946.0
,,,,,,,,,,,,
3.0,2.33,0.0,0.0,0.0,3.0,0.0,0.0,0.0,0.0,0.0,0.0,22.0
45.0,1.89,2.0,4.0,0.0,9.0,9.0,8.0,0.0,0.0,0.0,1.605,3.209
47.0,1.87,6.0,2.0,0.0,7.0,20.0,3.0,0.0,0.0,0.0,574.0,3.442
22.0,1.64,1.0,0.0,0.0,15.0,5.0,0.0,0.0,0.0,0.0,741.0,741.0
18.0,1.83,1.0,1.0,0.0,9.0,6.0,3.0,0.0,0.0,0.0,866.0,866.0
12.0,2.0,2.0,2.0,0.0,6.0,6.0,1.0,0.0,0.0,0.0,251.0,502.0
31.0,1.61,5.0,3.0,0.0,22.0,9.0,1.0,0.0,0.0,0.0,200.0,1.001
,,,,,,,,,,,,
35.0,1.89,5.0,3.0,0.0,6.0,24.0,1.0,0.0,0.0,0.0,465.0,2.324
3.0,1.0,0.0,1.0,0.0,0.0,3.0,1.0,0.0,0.0,0.0,0.0,198.0
,,,,,,,,,,,,
48.0,1.79,22.0,12.0,0.0,5.0,31.0,3.0,0.0,0.0,1.0,166.0,3.645
25.0,1.84,3.0,1.0,0.0,17.0,8.0,2.0,0.0,0.0,1.0,270.0,809.0
25.0,2.08,2.0,1.0,0.0,19.0,5.0,1.0,0.0,0.0,0.0,337.0,673.0
,,,,,,,,,,,,
,,,,,,,,,,,,
16.0,1.56,2.0,0.0,0.0,7.0,0.0,3.0,0.0,0.0,0.0,437.0,874.0
43.0,1.56,3.0,0.0,0.0,4.0,3.0,6.0,0.0,0.0,0.0,1.209,3.626
10.0,1.6,2.0,0.0,0.0,1.0,2.0,2.0,0.0,0.0,0.0,392.0,784.0
7.0,2.29,0.0,1.0,0.0,0.0,3.0,1.0,0.0,0.0,0.0,0.0,593.0
,,,,,,,,,,,,
,,,,,,,,,,,,
31.0,1.26,0.0,2.0,0.0,15.0,4.0,2.0,0.0,0.0,0.0,0.0,1.759
,,,,,,,,,,,,
23.0,1.35,3.0,1.0,0.0,7.0,12.0,5.0,0.0,0.0,0.0,475.0,1.426
15.0,1.13,0.0,0.0,0.0,9.0,4.0,1.0,0.0,0.0,0.0,0.0,561.0
30.0,1.33,3.0,6.0,0.0,1.0,2.0,9.0,0.0,1.0,0.0,856.0,2.569
,,,,,,,,,,,,
2.0,0.5,0.0,1.0,0.0,0.0,2.0,1.0,0.0,0.0,0.0,0.0,125.0
11.0,1.45,2.0,1.0,0.0,6.0,5.0,1.0,0.0,0.0,1.0,242.0,483.0
25.0,1.64,1.0,3.0,0.0,6.0,16.0,1.0,0.0,0.0,0.0,1.54,1.54
,,,,,,,,,,,,
26.0,1.27,0.0,5.0,1.0,13.0,4.0,2.0,0.0,0.0,0.0,0.0,1.26
40.0,1.7,9.0,7.0,0.0,14.0,22.0,2.0,0.0,0.0,0.0,253.0,2.276
,,,,,,,,,,,,
34.0,1.35,10.0,12.0,0.0,2.0,22.0,6.0,0.0,0.0,2.0,273.0,2.73
35.0,1.31,11.0,4.0,0.0,13.0,13.0,2.0,0.0,0.0,1.0,192.0,2.107
36.0,1.28,6.0,2.0,0.0,11.0,21.0,7.0,0.0,0.0,0.0,356.0,2.133
20.0,1.2,3.0,0.0,0.0,17.0,3.0,1.0,0.0,0.0,0.0,157.0,471.0
19.0,1.26,1.0,1.0,0.0,19.0,0.0,2.0,0.0,0.0,0.0,157.0,157.0
0.0,,0.0,0.0,0.0,0.0,0.0,0.0,0.0,0.0,0.0,0.0,0.0
,,,,,,,,,,,,
,,,,,,,,,,,,
38.0,1.24,2.0,0.0,0.0,3.0,8.0,11.0,0.0,0.0,0.0,1.53,3.06
42.0,1.1,0.0,0.0,0.0,10.0,3.0,5.0,0.0,0.0,0.0,0.0,3.066
27.0,1.07,0.0,0.0,2.0,6.0,6.0,4.0,0.0,1.0,0.0,0.0,1.74
22.0,0.82,0.0,3.0,0.0,10.0,6.0,1.0,0.0,0.0,0.0,0.0,1.122
31.0,1.03,0.0,2.0,0.0,7.0,15.0,1.0,0.0,0.0,0.0,0.0,2.024
2.0,3.0,0.0,2.0,0.0,1.0,1.0,0.0,0.0,0.0,0.0,0.0,61.0
31.0,0.81,2.0,3.0,0.0,8.0,8.0,1.0,0.0,0.0,0.0,1.084,2.168
,,,,,,,,,,,,
,,,,,,,,,,,,
10.0,0.8,0.0,0.0,0.0,2.0,7.0,0.0,0.0,0.0,0.0,0.0,462.0
41.0,1.0,6.0,3.0,0.0,2.0,17.0,7.0,0.0,0.0,0.0,549.0,3.291
22.0,1.18,2.0,2.0,0.0,12.0,6.0,4.0,0.0,0.0,0.0,465.0,929.0
3.0,2.0,0.0,0.0,0.0,0.0,2.0,0.0,0.0,0.0,0.0,0.0,237.0
25.0,0.88,0.0,1.0,0.0,17.0,6.0,6.0,0.0,0.0,0.0,0.0,933.0
16.0,1.25,0.0,1.0,0.0,6.0,3.0,1.0,0.0,0.0,0.0,0.0,891.0
,,,,,,,,,,,,
41.0,1.05,11.0,10.0,0.0,1.0,17.0,5.0,0.0,0.0,3.0,318.0,3.503
31.0,1.19,8.0,4.0,0.0,6.0,17.0,5.0,0.0,0.0,0.0,257.0,2.053
37.0,0.95,11.0,3.0,0.0,6.0,16.0,3.0,0.0,0.0,0.0,231.0,2.537
18.0,0.83,6.0,0.0,0.0,8.0,9.0,3.0,0.0,0.0,0.0,158.0,948.0
29.0,1.45,5.0,4.0,0.0,11.0,14.0,5.0,0.0,0.0,0.0,313.0,1.566
32.0,0.94,4.0,2.0,0.0,21.0,7.0,0.0,0.0,0.0,0.0,328.0,1.313
24.0,1.58,3.0,3.0,0.0,16.0,8.0,5.0,0.0,0.0,0.0,262.0,787.0
,,,,,,,,,,,,
36.0,2.25,22.0,6.0,0.0,8.0,9.0,4.0,0.0,1.0,0.0,112.0,2.474
,,,,,,,,,,,,
34.0,1.62,3.0,1.0,0.0,4.0,1.0,5.0,0.0,0.0,0.0,913.0,2.74
28.0,1.64,1.0,0.0,0.0,13.0,6.0,2.0,0.0,0.0,0.0,1.437,1.437
,,,,,,,,,,,,
1.0,3.0,0.0,0.0,0.0,0.0,1.0,0.0,0.0,0.0,0.0,0.0,90.0
32.0,1.69,2.0,4.0,1.0,2.0,13.0,0.0,0.0,0.0,0.0,1.29,2.579
20.0,1.9,0.0,0.0,0.0,12.0,2.0,1.0,0.0,0.0,0.0,0.0,826.0
22.0,1.86,2.0,0.0,0.0,13.0,3.0,3.0,0.0,0.0,0.0,433.0,866.0
30.0,1.57,5.0,1.0,0.0,7.0,15.0,5.0,0.0,0.0,0.0,389.0,1.947
23.0,1.65,0.0,1.0,0.0,15.0,1.0,3.0,0.0,0.0,0.0,0.0,907.0
36.0,1.69,2.0,1.0,0.0,0.0,11.0,5.0,0.0,0.0,0.0,1.558,3.115
33.0,1.76,1.0,1.0,0.0,3.0,10.0,4.0,1.0,0.0,0.0,2.521,2.521
21.0,2.24,3.0,6.0,0.0,7.0,8.0,5.0,0.0,0.0,0.0,398.0,1.195
20.0,1.65,0.0,1.0,0.0,9.0,10.0,2.0,0.0,0.0,0.0,0.0,974.0
,,,,,2.0,,,,,,,
34.0,2.03,2.0,3.0,0.0,26.0,4.0,3.0,0.0,0.0,0.0,508.0,1.015
37.0,1.65,10.0,12.0,0.0,4.0,26.0,2.0,0.0,0.0,1.0,267.0,2.674
13.0,1.69,1.0,1.0,0.0,10.0,2.0,0.0,0.0,0.0,0.0,379.0,379.0
36.0,1.61,10.0,9.0,0.0,1.0,16.0,2.0,0.0,0.0,0.0,303.0,3.034
25.0,1.64,0.0,4.0,0.0,10.0,11.0,1.0,0.0,0.0,0.0,0.0,1.329
3.0,3.0,0.0,0.0,0.0,2.0,1.0,0.0,0.0,0.0,0.0,0.0,93.0
,,,,,,,,,,,,
23.0,1.35,3.0,1.0,0.0,16.0,5.0,2.0,0.0,0.0,0.0,266.0,799.0
,,,,,,,,,,,,
20.0,1.6,0.0,0.0,0.0,1.0,3.0,5.0,0.0,0.0,0.0,0.0,1.646
23.0,1.61,1.0,1.0,0.0,10.0,1.0,2.0,1.0,0.0,0.0,1.399,1.399
16.0,1.06,1.0,0.0,0.0,8.0,3.0,2.0,0.0,0.0,0.0,846.0,846.0
25.0,1.56,0.0,1.0,0.0,0.0,6.0,0.0,0.0,0.0,0.0,0.0,2.011
20.0,1.6,0.0,1.0,0.0,5.0,6.0,4.0,0.0,0.0,0.0,0.0,1.517
17.0,1.41,0.0,1.0,0.0,0.0,8.0,3.0,0.0,0.0,0.0,0.0,1.408
34.0,1.59,1.0,5.0,0.0,0.0,16.0,7.0,0.0,0.0,0.0,2.776,2.776
28.0,1.43,0.0,1.0,0.0,25.0,3.0,3.0,0.0,0.0,0.0,0.0,501.0
17.0,1.47,0.0,0.0,0.0,14.0,4.0,2.0,0.0,0.0,0.0,0.0,462.0
36.0,1.53,0.0,0.0,0.0,0.0,2.0,3.0,0.0,0.0,0.0,0.0,3.254
26.0,1.69,0.0,0.0,0.0,8.0,10.0,5.0,0.0,0.0,0.0,0.0,1.458
30.0,1.57,3.0,0.0,0.0,0.0,9.0,13.0,0.0,1.0,0.0,838.0,2.515
32.0,1.63,8.0,5.0,0.0,0.0,11.0,8.0,1.0,1.0,2.0,333.0,2.66
,,,,,,,,,,,,
33.0,1.52,10.0,7.0,0.0,6.0,8.0,4.0,1.0,0.0,0.0,249.0,2.491
,,,,,,,,,,,,
34.0,1.53,7.0,9.0,0.0,2.0,19.0,4.0,0.0,0.0,0.0,397.0,2.777
,,,,,,,,,,,,
30.0,1.6,3.0,3.0,0.0,23.0,10.0,2.0,0.0,0.0,0.0,309.0,926.0
,,,,,,,,,,,,
28.0,1.43,4.0,2.0,0.0,18.0,8.0,3.0,0.0,0.0,0.0,239.0,957.0
33.0,1.36,4.0,1.0,0.0,0.0,0.0,5.0,0.0,0.0,0.0,743.0,2.97
,,,,,,,,,,,,
22.0,1.68,1.0,0.0,0.0,13.0,3.0,0.0,0.0,0.0,0.0,887.0,887.0
33.0,1.45,1.0,3.0,0.0,2.0,21.0,6.0,1.0,0.0,0.0,2.47,2.47
25.0,1.32,1.0,2.0,0.0,16.0,4.0,2.0,0.0,0.0,0.0,1.049,1.049
34.0,1.41,0.0,0.0,0.0,2.0,12.0,6.0,0.0,0.0,0.0,0.0,2.763
22.0,1.32,1.0,0.0,1.0,16.0,1.0,2.0,0.0,0.0,0.0,765.0,765.0
35.0,1.29,0.0,2.0,0.0,0.0,7.0,9.0,0.0,0.0,0.0,0.0,3.068
28.0,1.36,2.0,2.0,0.0,6.0,17.0,1.0,0.0,0.0,0.0,957.0,1.913
,,,,,,,,,,,,
,,,,,,,,,,,,
33.0,1.24,3.0,4.0,0.0,15.0,10.0,3.0,0.0,0.0,2.0,573.0,1.72
34.0,1.32,4.0,8.0,0.0,7.0,23.0,4.0,0.0,0.0,0.0,552.0,2.209
,,,,,,,,,,,,
21.0,1.38,5.0,9.0,0.0,1.0,19.0,0.0,0.0,0.0,0.0,324.0,1.619
,,,,,,,,,,,,
33.0,1.36,16.0,10.0,0.0,0.0,7.0,3.0,1.0,0.0,1.0,183.0,2.925
32.0,1.19,12.0,7.0,0.0,7.0,19.0,3.0,0.0,0.0,1.0,167.0,2.0
,,,,,,,,,,,,
21.0,1.0,5.0,2.0,0.0,6.0,13.0,2.0,0.0,0.0,0.0,241.0,1.206
29.0,1.83,0.0,0.0,2.0,1.0,3.0,9.0,1.0,1.0,0.0,0.0,2.434
29.0,1.69,0.0,1.0,0.0,1.0,8.0,6.0,1.0,0.0,0.0,0.0,2.352
24.0,1.54,0.0,0.0,0.0,8.0,8.0,3.0,0.0,0.0,0.0,0.0,1.502
17.0,1.29,0.0,1.0,0.0,4.0,3.0,1.0,0.0,0.0,0.0,0.0,1.134
12.0,1.33,1.0,1.0,1.0,5.0,4.0,3.0,0.0,0.0,0.0,630.0,630.0
,,,,,,,,,,,,
34.0,1.35,2.0,2.0,0.0,13.0,18.0,2.0,0.0,0.0,0.0,955.0,1.909
,,,,,,,,,,,,
16.0,1.44,0.0,2.0,0.0,11.0,5.0,2.0,0.0,0.0,0.0,0.0,497.0
,,,,,,,,,,,,
36.0,1.67,0.0,1.0,0.0,0.0,15.0,9.0,0.0,0.0,0.0,0.0,3.108
12.0,1.42,0.0,0.0,0.0,11.0,1.0,1.0,0.0,0.0,0.0,0.0,231.0
31.0,1.61,10.0,5.0,0.0,2.0,11.0,10.0,0.0,0.0,0.0,244.0,2.441
,,,,,,,,,,,,
,,,,,,,,,,,,
26.0,1.77,16.0,12.0,0.0,5.0,6.0,3.0,0.0,0.0,0.0,113.0,1.809
34.0,1.68,6.0,2.0,0.0,18.0,16.0,1.0,0.0,0.0,0.0,224.0,1.342
17.0,1.71,4.0,6.0,0.0,0.0,9.0,0.0,0.0,0.0,0.0,352.0,1.409
30.0,1.5,3.0,4.0,0.0,20.0,10.0,3.0,0.0,0.0,0.0,366.0,1.099
36.0,1.58,9.0,11.0,0.0,2.0,23.0,4.0,0.0,0.0,1.0,304.0,2.732
23.0,1.22,2.0,3.0,0.0,16.0,7.0,1.0,0.0,0.0,2.0,364.0,728.0
20.0,1.7,5.0,2.0,0.0,18.0,2.0,1.0,0.0,0.0,0.0,60.0,299.0
27.0,1.48,6.0,0.0,0.0,18.0,6.0,4.0,0.0,0.0,0.0,157.0,944.0
34.0,1.32,1.0,1.0,1.0,2.0,2.0,4.0,0.0,0.0,0.0,2.941,2.941
,,,,,,,,,,,,
20.0,1.35,0.0,1.0,1.0,6.0,6.0,3.0,1.0,0.0,0.0,0.0,1.233
23.0,1.43,0.0,2.0,0.0,2.0,4.0,9.0,1.0,0.0,0.0,0.0,1.837
37.0,1.41,1.0,4.0,0.0,0.0,1.0,9.0,0.0,0.0,0.0,3.335,3.335
,,,,,2.0,,,,,,,
34.0,1.29,1.0,5.0,0.0,0.0,6.0,10.0,0.0,0.0,0.0,2.926,2.926
9.0,1.11,0.0,0.0,0.0,6.0,2.0,0.0,0.0,0.0,0.0,0.0,304.0
36.0,1.44,1.0,3.0,0.0,5.0,26.0,2.0,0.0,0.0,0.0,2.448,2.448
11.0,0.91,0.0,0.0,0.0,6.0,5.0,3.0,0.0,0.0,0.0,0.0,457.0
25.0,1.28,0.0,1.0,0.0,18.0,5.0,1.0,0.0,0.0,0.0,0.0,1.003
35.0,1.37,0.0,1.0,0.0,5.0,9.0,3.0,0.0,0.0,0.0,0.0,2.564
,,,,,,,,,,,,
37.0,1.38,0.0,2.0,0.0,3.0,16.0,8.0,0.0,0.0,0.0,0.0,2.918
,,,,,,,,,,,,
,,,,,,,,,,,,
32.0,1.38,10.0,3.0,0.0,3.0,21.0,5.0,0.0,0.0,0.0,241.0,2.409
28.0,1.18,3.0,1.0,0.0,18.0,8.0,3.0,0.0,0.0,0.0,373.0,1.119
21.0,1.29,0.0,0.0,0.0,12.0,9.0,0.0,0.0,0.0,0.0,0.0,767.0
7.0,1.43,1.0,1.0,0.0,6.0,1.0,0.0,0.0,0.0,0.0,163.0,163.0
38.0,1.37,8.0,3.0,0.0,15.0,16.0,5.0,0.0,0.0,1.0,258.0,2.065
,,,,,,,,,,,,
34.0,1.41,10.0,3.0,0.0,11.0,18.0,4.0,0.0,2.0,0.0,184.0,1.841
,,,,,,,,,,,,
,,,,,,,,,,,,
36.0,1.19,1.0,0.0,0.0,0.0,0.0,4.0,0.0,0.0,0.0,3.24,3.24
28.0,1.25,2.0,2.0,0.0,10.0,3.0,8.0,0.0,0.0,0.0,916.0,1.832
20.0,1.05,1.0,0.0,0.0,2.0,7.0,6.0,0.0,0.0,1.0,1.537,1.537
27.0,1.04,3.0,4.0,0.0,8.0,8.0,4.0,0.0,1.0,0.0,569.0,1.706
,,,,,,,,,,,,
17.0,1.24,0.0,0.0,0.0,4.0,5.0,4.0,0.0,0.0,0.0,0.0,1.16
27.0,1.44,0.0,3.0,0.0,7.0,9.0,5.0,0.0,0.0,0.0,0.0,1.768
17.0,0.88,1.0,0.0,0.0,6.0,7.0,3.0,0.0,0.0,0.0,970.0,970.0
16.0,1.56,0.0,1.0,0.0,10.0,6.0,2.0,0.0,0.0,0.0,0.0,571.0
34.0,1.26,1.0,1.0,0.0,1.0,6.0,7.0,0.0,0.0,0.0,2.907,2.907
28.0,1.29,1.0,1.0,0.0,9.0,15.0,3.0,0.0,0.0,0.0,1.646,1.646
,,,,,,,,,,,,
30.0,1.4,0.0,0.0,0.0,7.0,17.0,1.0,0.0,0.0,0.0,0.0,1.859
16.0,0.75,2.0,2.0,0.0,4.0,10.0,1.0,0.0,0.0,1.0,457.0,913.0
,,,,,,,,,,,,
5.0,1.2,0.0,0.0,0.0,4.0,1.0,1.0,0.0,0.0,0.0,0.0,119.0
35.0,1.23,0.0,2.0,0.0,24.0,12.0,1.0,0.0,0.0,0.0,0.0,1.209
,,,,,,,,,,,,
39.0,1.26,6.0,4.0,0.0,19.0,11.0,5.0,0.0,0.0,2.0,339.0,2.033
,,,,,,,,,,,,
5.0,0.2,0.0,0.0,0.0,5.0,0.0,1.0,0.0,0.0,0.0,0.0,70.0
5.0,0.8,0.0,0.0,0.0,3.0,2.0,0.0,0.0,0.0,0.0,0.0,158.0
36.0,0.92,0.0,0.0,0.0,1.0,10.0,9.0,0.0,0.0,0.0,0.0,2.945
,,,,,,,,,,,,
28.0,1.43,2.0,1.0,0.0,3.0,4.0,4.0,0.0,0.0,0.0,1.109,2.218
,,,,,,,,,,,,
34.0,1.03,0.0,1.0,0.0,10.0,6.0,4.0,0.0,0.0,0.0,0.0,2.087
,,,,,,,,,,,,
33.0,1.27,0.0,1.0,0.0,9.0,11.0,1.0,0.0,0.0,0.0,0.0,2.12
31.0,1.06,3.0,2.0,0.0,6.0,21.0,6.0,0.0,1.0,0.0,606.0,1.817
,,,,,,,,,,,,
0.0,,0.0,0.0,0.0,0.0,0.0,0.0,0.0,0.0,0.0,0.0,0.0
,,,,,,,,,,,,
,,,,,,,,,,,,
33.0,1.36,2.0,0.0,0.0,18.0,11.0,6.0,0.0,0.0,0.0,696.0,1.391
23.0,1.17,1.0,3.0,0.0,3.0,14.0,2.0,0.0,0.0,0.0,1.669,1.669
,,,,,,,,,,,,
43.0,1.14,5.0,3.0,0.0,18.0,17.0,3.0,0.0,0.0,0.0,451.0,2.256
,,,,,,,,,,,,
34.0,1.03,8.0,3.0,0.0,18.0,9.0,1.0,0.0,0.0,0.0,217.0,1.738
,,,,,,,,,,,,
38.0,1.05,3.0,5.0,0.0,27.0,12.0,3.0,0.0,0.0,0.0,472.0,1.416
39.0,1.15,8.0,6.0,0.0,9.0,22.0,8.0,0.0,0.0,3.0,325.0,2.598
38.0,1.45,16.0,7.0,0.0,7.0,17.0,5.0,0.0,0.0,0.0,181.0,2.893
,,,,,,,,,,,,
14.0,0.21,1.0,0.0,0.0,13.0,0.0,1.0,0.0,0.0,0.0,327.0,327.0
,,,,,,,,,,,,
,,,,,,,,,,,,
15.0,0.87,1.0,0.0,0.0,3.0,5.0,2.0,1.0,0.0,0.0,972.0,972.0
35.0,1.0,0.0,0.0,0.0,0.0,1.0,1.0,0.0,0.0,0.0,0.0,3.131
12.0,0.92,0.0,0.0,0.0,0.0,0.0,2.0,0.0,0.0,0.0,0.0,1.11
,,,,,,,,,,,,
22.0,1.36,0.0,0.0,0.0,6.0,7.0,1.0,0.0,0.0,0.0,0.0,1.409
35.0,1.0,0.0,4.0,1.0,0.0,4.0,2.0,0.0,0.0,0.0,0.0,3.095
23.0,0.96,2.0,0.0,0.0,12.0,10.0,1.0,0.0,0.0,0.0,486.0,971.0
31.0,1.03,2.0,2.0,0.0,4.0,13.0,5.0,0.0,0.0,0.0,1.206,2.411
,,,,,,,,,,,,
,,,,,,,,,,,,
26.0,1.27,0.0,2.0,0.0,0.0,13.0,5.0,0.0,0.0,0.0,0.0,2.043
14.0,0.71,0.0,0.0,0.0,7.0,6.0,1.0,0.0,0.0,0.0,0.0,565.0
,,,,,,,,,,,,
31.0,1.03,0.0,5.0,0.0,0.0,0.0,3.0,0.0,0.0,0.0,0.0,2.82
,,,,,,,,,,,,
19.0,1.05,0.0,3.0,0.0,6.0,9.0,1.0,0.0,0.0,0.0,0.0,1.026
27.0,0.93,2.0,1.0,0.0,13.0,13.0,3.0,0.0,0.0,0.0,632.0,1.263
25.0,1.12,1.0,3.0,0.0,11.0,13.0,0.0,0.0,0.0,0.0,1.348,1.348
19.0,0.95,3.0,2.0,0.0,9.0,9.0,1.0,0.0,0.0,0.0,317.0,951.0
34.0,1.0,3.0,2.0,0.0,16.0,16.0,3.0,0.0,0.0,0.0,589.0,1.766
27.0,1.04,7.0,4.0,0.0,4.0,16.0,7.0,0.0,0.0,0.0,283.0,1.979
12.0,0.92,0.0,0.0,0.0,12.0,0.0,1.0,0.0,0.0,0.0,0.0,106.0
,,,,,,,,,,,,
,,,,,,,,,,,,
,,,,,,,,,,,,
,,,,,2.0,,,,,,,
21.0,1.1,0.0,0.0,0.0,2.0,0.0,5.0,0.0,0.0,0.0,0.0,1.781
30.0,0.7,0.0,2.0,0.0,4.0,7.0,0.0,0.0,0.0,0.0,0.0,2.23
17.0,0.76,1.0,1.0,0.0,6.0,2.0,2.0,0.0,0.0,0.0,984.0,984.0
23.0,0.83,1.0,0.0,0.0,6.0,4.0,2.0,0.0,0.0,0.0,1.604,1.604
22.0,0.77,0.0,0.0,0.0,1.0,4.0,6.0,0.0,0.0,0.0,0.0,1.865
14.0,1.71,2.0,1.0,0.0,0.0,3.0,0.0,0.0,0.0,0.0,589.0,1.178
,,,,,,,,,,,,
12.0,0.75,1.0,0.0,0.0,11.0,1.0,1.0,0.0,0.0,0.0,217.0,217.0
33.0,0.7,2.0,1.0,0.0,2.0,14.0,10.0,1.0,0.0,0.0,1.357,2.714
22.0,0.86,0.0,0.0,0.0,8.0,9.0,0.0,0.0,0.0,0.0,0.0,1.208
18.0,2.33,1.0,3.0,0.0,0.0,9.0,0.0,0.0,0.0,0.0,1.455,1.455
37.0,0.86,2.0,4.0,0.0,4.0,22.0,3.0,0.0,0.0,0.0,1.348,2.696
,,,,,,,,,,,,
,,,,,,,,,,,,
19.0,0.89,1.0,0.0,0.0,12.0,6.0,0.0,0.0,1.0,0.0,587.0,587.0
,,,,,,,,,,,,
31.0,1.58,3.0,0.0,0.0,13.0,16.0,3.0,0.0,0.0,0.0,528.0,1.583
9.0,1.33,0.0,1.0,0.0,6.0,3.0,0.0,0.0,0.0,0.0,0.0,243.0
20.0,0.4,9.0,1.0,0.0,9.0,9.0,3.0,0.0,0.0,1.0,118.0,1.062
34.0,0.74,1.0,3.0,0.0,18.0,16.0,1.0,0.0,0.0,0.0,1.471,1.471
33.0,0.67,3.0,3.0,0.0,5.0,14.0,5.0,0.0,0.0,0.0,793.0,2.378
25.0,0.76,0.0,0.0,0.0,5.0,4.0,5.0,0.0,0.0,0.0,0.0,1.821
46.0,1.39,6.0,1.0,0.0,1.0,5.0,12.0,1.0,0.0,0.0,662.0,3.971
32.0,0.78,0.0,2.0,0.0,2.0,7.0,2.0,0.0,0.0,0.0,0.0,2.596
23.0,0.74,1.0,2.0,1.0,6.0,5.0,4.0,0.0,0.0,0.0,1.645,1.645
20.0,1.0,0.0,0.0,0.0,3.0,8.0,3.0,0.0,0.0,0.0,0.0,1.325
,,,,,,,,,,,,
11.0,1.0,0.0,0.0,0.0,3.0,3.0,0.0,0.0,1.0,0.0,0.0,631.0
11.0,0.91,0.0,2.0,0.0,2.0,4.0,0.0,0.0,0.0,0.0,0.0,739.0
20.0,0.85,1.0,2.0,0.0,10.0,4.0,3.0,0.0,0.0,0.0,943.0,943.0
12.0,0.58,1.0,0.0,0.0,0.0,3.0,2.0,0.0,0.0,0.0,968.0,968.0
15.0,0.73,0.0,0.0,0.0,9.0,5.0,4.0,0.0,0.0,0.0,0.0,508.0
33.0,0.85,6.0,2.0,0.0,8.0,20.0,7.0,0.0,0.0,0.0,348.0,2.085
33.0,0.85,0.0,1.0,2.0,6.0,2.0,12.0,0.0,0.0,0.0,0.0,2.488
33.0,0.82,0.0,1.0,0.0,11.0,12.0,7.0,0.0,0.0,0.0,0.0,1.897
26.0,0.65,0.0,2.0,0.0,12.0,10.0,1.0,0.0,1.0,0.0,0.0,1.325
28.0,0.71,0.0,6.0,0.0,7.0,15.0,6.0,0.0,0.0,0.0,0.0,1.767
33.0,0.67,2.0,3.0,0.0,11.0,13.0,5.0,0.0,0.0,0.0,1.065,2.13
25.0,0.76,6.0,3.0,0.0,9.0,13.0,0.0,0.0,0.0,1.0,231.0,1.385
12.0,0.42,1.0,1.0,0.0,7.0,3.0,0.0,1.0,0.0,0.0,533.0,533.0
,,,,,,,,,,,,
34.0,0.97,10.0,3.0,0.0,9.0,14.0,4.0,0.0,0.0,0.0,226.0,2.257
34.0,0.74,12.0,3.0,0.0,9.0,15.0,3.0,0.0,0.0,2.0,178.0,2.139
21.0,0.57,2.0,2.0,0.0,12.0,3.0,1.0,0.0,0.0,1.0,470.0,939.0
25.0,0.6,2.0,0.0,0.0,22.0,1.0,7.0,1.0,0.0,1.0,377.0,753.0
33.0,1.82,3.0,1.0,2.0,0.0,1.0,8.0,0.0,0.0,0.0,998.0,2.994
20.0,1.75,1.0,1.0,0.0,3.0,9.0,3.0,0.0,0.0,0.0,1.415,1.415
34.0,1.62,3.0,0.0,0.0,2.0,6.0,5.0,0.0,0.0,0.0,991.0,2.974
32.0,1.84,0.0,4.0,0.0,7.0,10.0,9.0,0.0,0.0,0.0,0.0,2.237
,,,,,,,,,,,,
23.0,1.74,2.0,0.0,0.0,5.0,4.0,3.0,1.0,0.0,0.0,771.0,1.542
16.0,1.75,0.0,0.0,0.0,7.0,6.0,4.0,0.0,0.0,0.0,0.0,945.0
35.0,1.89,0.0,9.0,0.0,3.0,5.0,6.0,1.0,0.0,0.0,0.0,2.811
,,,,,,,,,,,,
34.0,1.85,2.0,4.0,0.0,6.0,11.0,9.0,0.0,0.0,0.0,1.233,2.465
,,,,,,,,,,,,
30.0,1.77,5.0,3.0,0.0,4.0,11.0,7.0,0.0,0.0,1.0,464.0,2.321
,,,,,2.0,,,,,,,
35.0,1.89,3.0,1.0,0.0,6.0,13.0,5.0,0.0,0.0,0.0,889.0,2.668
22.0,2.05,1.0,1.0,0.0,14.0,4.0,1.0,0.0,0.0,0.0,939.0,939.0
28.0,1.96,5.0,3.0,1.0,12.0,11.0,3.0,0.0,0.0,1.0,283.0,1.414
,,,,,,,,,,,,
8.0,1.38,0.0,0.0,0.0,6.0,2.0,0.0,0.0,0.0,0.0,0.0,226.0
28.0,1.93,11.0,6.0,0.0,3.0,16.0,6.0,0.0,0.0,0.0,190.0,2.095
32.0,1.72,11.0,6.0,0.0,9.0,20.0,2.0,0.0,0.0,0.0,179.0,1.964
30.0,1.33,10.0,2.0,0.0,6.0,11.0,2.0,0.0,0.0,2.0,214.0,2.144
,,,,,,,,,,,,
18.0,1.89,0.0,0.0,0.0,15.0,1.0,0.0,0.0,0.0,0.0,0.0,465.0
15.0,2.07,1.0,1.0,0.0,12.0,4.0,1.0,0.0,0.0,0.0,256.0,256.0
,,,,,,,,,,,,
33.0,1.45,1.0,3.0,0.0,0.0,5.0,0.0,0.0,0.0,1.0,2.847,2.847
33.0,1.52,3.0,0.0,0.0,2.0,3.0,7.0,1.0,0.0,0.0,919.0,2.758
33.0,1.45,2.0,1.0,0.0,8.0,6.0,2.0,0.0,0.0,0.0,1.134,2.268
,,,,,,,,,,,,
27.0,1.37,0.0,2.0,0.0,9.0,8.0,5.0,0.0,0.0,0.0,0.0,1.688
23.0,1.39,1.0,2.0,0.0,4.0,11.0,5.0,0.0,0.0,0.0,1.535,1.535
,,,,,,,,,,,,
32.0,1.47,0.0,5.0,0.0,10.0,9.0,3.0,0.0,0.0,0.0,0.0,2.076
6.0,1.5,0.0,1.0,0.0,5.0,0.0,1.0,0.0,0.0,0.0,0.0,203.0
22.0,1.86,1.0,0.0,1.0,13.0,2.0,4.0,0.0,0.0,0.0,942.0,942.0
19.0,1.16,2.0,1.0,0.0,1.0,4.0,5.0,0.0,0.0,0.0,769.0,1.538
26.0,1.31,3.0,4.0,0.0,0.0,15.0,11.0,0.0,0.0,0.0,693.0,2.08
34.0,1.38,3.0,9.0,0.0,0.0,10.0,6.0,1.0,0.0,0.0,983.0,2.95
31.0,1.23,2.0,3.0,0.0,14.0,13.0,6.0,0.0,0.0,0.0,830.0,1.66
24.0,1.38,0.0,2.0,0.0,4.0,14.0,6.0,0.0,0.0,0.0,0.0,1.654
34.0,1.41,8.0,14.0,1.0,1.0,10.0,4.0,0.0,0.0,1.0,355.0,2.837
24.0,1.25,2.0,8.0,0.0,4.0,5.0,5.0,0.0,0.0,0.0,890.0,1.78
14.0,1.86,5.0,0.0,0.0,9.0,2.0,0.0,0.0,0.0,1.0,121.0,603.0
9.0,1.89,0.0,0.0,0.0,7.0,2.0,0.0,0.0,0.0,0.0,0.0,202.0
24.0,1.58,12.0,3.0,0.0,4.0,12.0,5.0,0.0,1.0,0.0,149.0,1.793
,,,,,,,,,,,,
25.0,1.24,11.0,1.0,0.0,6.0,15.0,9.0,0.0,0.0,0.0,143.0,1.575
,,,,,,,,,,,,
11.0,1.18,0.0,0.0,0.0,9.0,1.0,2.0,0.0,0.0,0.0,0.0,253.0
24.0,1.42,27.0,0.0,0.0,3.0,3.0,1.0,0.0,0.0,4.0,73.0,1.979
26.0,1.62,18.0,10.0,0.0,3.0,14.0,1.0,0.0,0.0,1.0,106.0,1.916
,,,,,,,,,,,,
14.0,1.93,0.0,0.0,0.0,8.0,3.0,1.0,0.0,0.0,0.0,0.0,594.0
25.0,1.68,0.0,2.0,0.0,4.0,1.0,5.0,1.0,1.0,0.0,0.0,1.943
,,,,,,,,,,,,
,,,,,,,,,,,,
10.0,1.5,1.0,1.0,0.0,3.0,6.0,2.0,0.0,0.0,0.0,589.0,589.0
31.0,1.87,1.0,5.0,0.0,6.0,10.0,7.0,0.0,0.0,0.0,2.131,2.131
20.0,1.85,1.0,1.0,1.0,8.0,7.0,4.0,0.0,0.0,0.0,1.092,1.092
20.0,1.65,1.0,3.0,0.0,1.0,8.0,1.0,0.0,0.0,0.0,1.644,1.644
,,,,,,,,,,,,
28.0,1.79,2.0,3.0,0.0,8.0,9.0,5.0,0.0,0.0,0.0,901.0,1.801
19.0,1.68,1.0,0.0,0.0,13.0,3.0,4.0,0.0,0.0,0.0,753.0,753.0
33.0,1.61,3.0,8.0,0.0,7.0,24.0,3.0,0.0,0.0,0.0,707.0,2.122
19.0,1.74,2.0,4.0,0.0,13.0,5.0,4.0,0.0,0.0,0.0,342.0,683.0
28.0,1.79,1.0,2.0,0.0,14.0,14.0,2.0,0.0,0.0,0.0,1.202,1.202
29.0,1.45,6.0,6.0,0.0,1.0,24.0,3.0,0.0,0.0,0.0,375.0,2.251
33.0,1.7,9.0,14.0,0.0,6.0,12.0,3.0,0.0,0.0,0.0,269.0,2.418
,,,,,,,,,,,,
,,,,,,,,,,,,
2.0,1.5,0.0,0.0,0.0,2.0,0.0,0.0,0.0,0.0,0.0,0.0,27.0
,,,,,,,,,,,,
,,,,,,,,,,,,
,,,,,,,,,,,,
16.0,1.75,11.0,0.0,0.0,10.0,2.0,0.0,0.0,0.0,2.0,62.0,685.0
,,,,,,,,,,,,
33.0,1.67,23.0,0.0,0.0,10.0,15.0,7.0,0.0,0.0,3.0,88.0,2.035
29.0,1.48,9.0,3.0,0.0,16.0,7.0,1.0,1.0,0.0,2.0,131.0,1.182
22.0,1.45,1.0,2.0,0.0,2.0,4.0,3.0,0.0,1.0,0.0,1.712,1.712
,,,,,,,,,,,,
,,,,,,,,,,,,
29.0,1.48,0.0,1.0,0.0,5.0,2.0,5.0,0.0,0.0,0.0,0.0,2.288
2.0,0.5,0.0,0.0,0.0,0.0,2.0,1.0,0.0,0.0,0.0,0.0,112.0
35.0,1.4,1.0,8.0,0.0,0.0,1.0,6.0,0.0,0.0,0.0,3.17,3.17
34.0,1.35,1.0,3.0,0.0,1.0,6.0,11.0,0.0,1.0,0.0,2.846,2.846
29.0,1.28,1.0,3.0,0.0,9.0,8.0,4.0,0.0,0.0,0.0,1.963,1.963
24.0,1.46,0.0,2.0,0.0,5.0,11.0,6.0,0.0,0.0,0.0,0.0,1.743
20.0,1.85,2.0,0.0,0.0,3.0,7.0,3.0,0.0,0.0,1.0,683.0,1.366
34.0,1.32,7.0,7.0,0.0,3.0,12.0,7.0,0.0,0.0,2.0,399.0,2.79
24.0,1.38,0.0,2.0,0.0,10.0,10.0,1.0,0.0,0.0,0.0,0.0,1.21
,,,,,,,,,,,,
8.0,1.88,0.0,3.0,0.0,3.0,1.0,1.0,0.0,0.0,0.0,0.0,494.0
,,,,,,,,,,,,
36.0,1.31,7.0,5.0,0.0,0.0,24.0,7.0,0.0,0.0,2.0,416.0,2.914
32.0,1.5,2.0,8.0,0.0,6.0,11.0,1.0,0.0,0.0,0.0,1.156,2.312
,,,,,,,,,,,,
,,,,,,,,,,,,
23.0,1.43,1.0,1.0,0.0,17.0,5.0,3.0,0.0,0.0,0.0,784.0,784.0
16.0,1.69,6.0,3.0,0.0,4.0,6.0,1.0,0.0,0.0,1.0,159.0,956.0
22.0,1.59,3.0,2.0,0.0,12.0,9.0,4.0,0.0,0.0,0.0,284.0,853.0
18.0,1.5,1.0,1.0,0.0,14.0,4.0,0.0,0.0,0.0,0.0,470.0,470.0
,,,,,,,,,,,,
22.0,1.5,4.0,2.0,0.0,15.0,6.0,2.0,0.0,0.0,0.0,181.0,725.0
,,,,,,,,,,,,
25.0,1.28,8.0,2.0,0.0,18.0,5.0,6.0,0.0,0.0,0.0,132.0,1.053
,,,,,,,,,,,,
34.0,1.47,2.0,4.0,0.0,0.0,0.0,6.0,0.0,0.0,0.0,1.53,3.06
29.0,1.55,0.0,0.0,0.0,4.0,6.0,9.0,0.0,0.0,0.0,0.0,2.158
23.0,1.57,1.0,1.0,0.0,7.0,10.0,1.0,0.0,0.0,0.0,1.487,1.487
,,,,,,,,,,,,
26.0,1.5,0.0,2.0,1.0,8.0,17.0,4.0,0.0,0.0,0.0,0.0,1.507
31.0,1.48,3.0,1.0,0.0,6.0,5.0,6.0,0.0,0.0,0.0,772.0,2.315
26.0,1.38,2.0,1.0,0.0,7.0,8.0,9.0,0.0,1.0,0.0,862.0,1.723
,,,,,,,,,,,,
12.0,1.42,0.0,2.0,0.0,1.0,8.0,5.0,0.0,0.0,0.0,0.0,862.0
29.0,1.34,0.0,1.0,0.0,8.0,7.0,3.0,0.0,0.0,0.0,0.0,1.907
,,,,,,,,,,,,
28.0,1.5,1.0,8.0,0.0,11.0,14.0,4.0,0.0,0.0,0.0,1.622,1.622
15.0,0.87,0.0,4.0,0.0,8.0,6.0,1.0,0.0,0.0,0.0,0.0,659.0
,,,,,,,,,,,,
17.0,2.06,13.0,1.0,0.0,1.0,11.0,2.0,0.0,0.0,0.0,102.0,1.328
27.0,1.52,4.0,4.0,0.0,9.0,14.0,4.0,0.0,1.0,0.0,388.0,1.552
18.0,1.44,2.0,2.0,0.0,5.0,9.0,0.0,1.0,0.0,0.0,538.0,1.075
,,,,,,,,,,,,
,,,,,,,,,,,,
21.0,1.33,5.0,0.0,0.0,14.0,5.0,2.0,0.0,0.0,0.0,163.0,815.0
,,,,,,,,,,,,
23.0,1.35,0.0,1.0,0.0,4.0,3.0,5.0,0.0,0.0,0.0,0.0,1.66
30.0,1.67,4.0,6.0,0.0,1.0,6.0,0.0,0.0,0.0,0.0,642.0,2.566
28.0,1.61,1.0,1.0,0.0,8.0,2.0,3.0,0.0,0.0,0.0,1.902,1.902
33.0,1.61,1.0,0.0,0.0,2.0,4.0,6.0,0.0,0.0,0.0,2.788,2.788
9.0,1.56,0.0,0.0,0.0,3.0,0.0,1.0,0.0,0.0,0.0,0.0,599.0
,,,,,,,,,,,,
22.0,1.41,0.0,2.0,0.0,4.0,9.0,5.0,0.0,0.0,0.0,0.0,1.517
,,,,,2.0,,,,,,,
24.0,2.46,9.0,4.0,0.0,3.0,2.0,3.0,0.0,0.0,0.0,208.0,1.875
,,,,,,,,,,,,
12.0,2.0,0.0,1.0,0.0,4.0,7.0,4.0,0.0,0.0,0.0,0.0,685.0
17.0,1.94,0.0,3.0,0.0,3.0,9.0,0.0,0.0,0.0,0.0,0.0,1.115
16.0,1.31,0.0,1.0,0.0,3.0,6.0,3.0,0.0,0.0,0.0,0.0,1.07
12.0,2.17,0.0,0.0,0.0,3.0,7.0,4.0,0.0,0.0,0.0,0.0,652.0
28.0,2.0,1.0,1.0,0.0,16.0,3.0,2.0,0.0,0.0,0.0,1.16,1.16
30.0,1.57,3.0,2.0,0.0,4.0,12.0,7.0,0.0,0.0,0.0,729.0,2.188
15.0,1.6,0.0,0.0,0.0,13.0,3.0,3.0,0.0,0.0,0.0,0.0,271.0
,,,,,,,,,,,,
7.0,1.43,1.0,1.0,0.0,4.0,3.0,0.0,0.0,0.0,0.0,288.0,288.0
,,,,,,,,,,,,
14.0,0.79,2.0,4.0,0.0,8.0,5.0,0.0,0.0,0.0,0.0,358.0,715.0
21.0,1.62,1.0,1.0,0.0,12.0,5.0,5.0,0.0,0.0,0.0,961.0,961.0
,,,,,,,,,,,,
32.0,1.56,18.0,1.0,0.0,7.0,16.0,1.0,0.0,0.0,0.0,118.0,2.118
,,,,,,,,,,,,
11.0,1.36,3.0,2.0,0.0,7.0,3.0,1.0,0.0,0.0,0.0,137.0,412.0
11.0,1.27,0.0,0.0,0.0,1.0,3.0,1.0,1.0,0.0,0.0,0.0,842.0
24.0,1.29,1.0,1.0,0.0,10.0,3.0,1.0,0.0,0.0,0.0,1.363,1.363
28.0,1.25,1.0,1.0,0.0,2.0,2.0,5.0,0.0,0.0,0.0,2.318,2.318
5.0,0.8,1.0,0.0,0.0,1.0,0.0,1.0,0.0,0.0,0.0,362.0,362.0
,,,,,,,,,,,,
,,,,,,,,,,,,
16.0,1.44,1.0,2.0,0.0,0.0,2.0,2.0,1.0,0.0,0.0,1.413,1.413
29.0,1.38,1.0,1.0,0.0,1.0,5.0,4.0,0.0,0.0,0.0,2.45,2.45
20.0,1.2,1.0,2.0,0.0,11.0,2.0,3.0,1.0,0.0,0.0,956.0,956.0
,,,,,,,,,,,,
26.0,1.12,1.0,0.0,0.0,6.0,13.0,4.0,1.0,0.0,0.0,1.648,1.648
32.0,1.06,3.0,1.0,0.0,1.0,2.0,4.0,1.0,0.0,0.0,909.0,2.726
16.0,0.63,2.0,0.0,0.0,1.0,12.0,2.0,0.0,0.0,0.0,542.0,1.084
,,,,,,,,,,,,
27.0,1.11,3.0,2.0,0.0,5.0,10.0,5.0,0.0,0.0,0.0,603.0,1.808
31.0,1.1,0.0,3.0,0.0,7.0,19.0,4.0,0.0,0.0,0.0,0.0,2.025
,,,,,,,,,,,,
10.0,1.1,0.0,1.0,0.0,6.0,3.0,3.0,0.0,0.0,0.0,0.0,416.0
,,,,,2.0,,,,,,,
,,,,,,,,,,,,
26.0,1.0,2.0,2.0,0.0,12.0,7.0,4.0,0.0,0.0,0.0,693.0,1.386
25.0,0.92,2.0,3.0,0.0,10.0,14.0,2.0,0.0,0.0,0.0,598.0,1.196
,,,,,,,,,,,,
12.0,1.0,0.0,0.0,0.0,9.0,2.0,0.0,0.0,0.0,0.0,0.0,361.0
,,,,,,,,,,,,
28.0,1.11,16.0,1.0,0.0,1.0,12.0,3.0,0.0,0.0,0.0,145.0,2.315
31.0,1.23,14.0,4.0,0.0,0.0,3.0,6.0,0.0,1.0,2.0,192.0,2.681
33.0,1.39,13.0,4.0,0.0,9.0,12.0,5.0,0.0,0.0,1.0,171.0,2.224
11.0,1.09,0.0,0.0,0.0,8.0,3.0,0.0,0.0,0.0,0.0,0.0,309.0
,,,,,,,,,,,,
33.0,1.76,3.0,2.0,1.0,0.0,4.0,5.0,0.0,0.0,0.0,971.0,2.912
31.0,1.55,1.0,0.0,0.0,3.0,6.0,6.0,0.0,0.0,0.0,2.471,2.471
,,,,,,,,,,,,
23.0,1.57,0.0,0.0,0.0,5.0,6.0,3.0,0.0,1.0,0.0,0.0,1.587
22.0,1.27,1.0,1.0,0.0,6.0,8.0,5.0,1.0,0.0,0.0,1.373,1.373
21.0,1.62,2.0,2.0,0.0,0.0,1.0,5.0,0.0,0.0,1.0,933.0,1.866
,,,,,,,,,,,,
,,,,,,,,,,,,
22.0,1.32,4.0,1.0,0.0,7.0,10.0,5.0,0.0,0.0,0.0,333.0,1.33
20.0,1.45,0.0,0.0,0.0,17.0,3.0,2.0,0.0,0.0,0.0,0.0,507.0
,,,,,,,,,,,,
33.0,1.73,3.0,13.0,0.0,1.0,3.0,1.0,0.0,0.0,0.0,968.0,2.904
,,,,,,,,,,,,
33.0,1.3,5.0,5.0,0.0,8.0,17.0,6.0,0.0,0.0,0.0,433.0,2.167
35.0,1.63,6.0,6.0,0.0,18.0,13.0,6.0,0.0,0.0,0.0,281.0,1.685
28.0,1.79,5.0,2.0,0.0,10.0,16.0,7.0,0.0,0.0,0.0,317.0,1.583
,,,,,,,,,,,,
22.0,1.32,0.0,2.0,0.0,10.0,9.0,5.0,0.0,0.0,0.0,0.0,977.0
10.0,1.4,1.0,2.0,0.0,7.0,1.0,1.0,0.0,0.0,0.0,315.0,315.0
31.0,1.65,10.0,3.0,0.0,22.0,5.0,1.0,0.0,1.0,0.0,117.0,1.168
,,,,,,,,,,,,
34.0,1.47,2.0,1.0,0.0,0.0,1.0,7.0,0.0,0.0,0.0,1.523,3.046
28.0,1.36,5.0,2.0,0.0,1.0,3.0,11.0,0.0,1.0,4.0,474.0,2.369
29.0,1.52,3.0,2.0,0.0,0.0,2.0,6.0,0.0,0.0,2.0,864.0,2.591
12.0,1.25,0.0,0.0,0.0,0.0,4.0,1.0,0.0,1.0,0.0,0.0,903.0
24.0,1.42,3.0,0.0,0.0,7.0,3.0,5.0,0.0,0.0,0.0,501.0,1.502
22.0,1.5,0.0,2.0,0.0,5.0,4.0,3.0,0.0,0.0,0.0,0.0,1.575
,,,,,,,,,,,,
22.0,1.55,1.0,0.0,0.0,8.0,6.0,1.0,1.0,0.0,0.0,1.271,1.271
,,,,,,,,,,,,
31.0,1.52,1.0,2.0,0.0,5.0,10.0,10.0,1.0,0.0,0.0,2.12,2.12
,,,,,,,,,,,,
17.0,1.47,1.0,0.0,0.0,8.0,2.0,4.0,0.0,1.0,0.0,956.0,956.0
34.0,1.47,2.0,5.0,0.0,1.0,7.0,7.0,0.0,0.0,0.0,1.487,2.974
24.0,1.5,3.0,2.0,0.0,5.0,17.0,3.0,0.0,0.0,0.0,482.0,1.445
27.0,1.22,2.0,1.0,0.0,16.0,9.0,3.0,0.0,0.0,0.0,503.0,1.005
28.0,1.39,2.0,2.0,0.0,9.0,17.0,2.0,0.0,0.0,0.0,783.0,1.566
,,,,,,,,,,,,
23.0,1.22,4.0,3.0,0.0,8.0,10.0,1.0,0.0,0.0,0.0,345.0,1.378
18.0,1.17,3.0,3.0,0.0,13.0,5.0,1.0,0.0,0.0,0.0,216.0,648.0
24.0,1.58,2.0,2.0,0.0,13.0,8.0,3.0,0.0,0.0,0.0,573.0,1.146
35.0,1.46,7.0,3.0,0.0,9.0,18.0,1.0,0.0,0.0,0.0,320.0,2.242
28.0,1.46,4.0,2.0,0.0,10.0,18.0,7.0,0.0,0.0,1.0,368.0,1.473
,,,,,,,,,,,,
30.0,1.6,3.0,2.0,0.0,21.0,8.0,1.0,0.0,0.0,0.0,341.0,1.022
36.0,1.33,1.0,1.0,0.0,0.0,1.0,9.0,0.0,0.0,0.0,3.246,3.246
21.0,1.48,0.0,0.0,0.0,17.0,2.0,7.0,0.0,0.0,0.0,0.0,478.0
35.0,1.29,4.0,2.0,2.0,0.0,1.0,12.0,0.0,0.0,0.0,789.0,3.156
19.0,0.68,2.0,0.0,0.0,4.0,3.0,4.0,0.0,0.0,0.0,665.0,1.329
,,,,,,,,,,,,
26.0,1.23,0.0,2.0,0.0,11.0,5.0,2.0,0.0,0.0,0.0,0.0,1.448
,,,,,2.0,,,,,,,
5.0,0.8,0.0,0.0,0.0,0.0,4.0,1.0,0.0,0.0,0.0,0.0,333.0
33.0,1.33,3.0,3.0,0.0,2.0,19.0,4.0,0.0,0.0,0.0,878.0,2.635
,,,,,,,,,,,,
,,,,,,,,,,,,
,,,,,,,,,,,,
5.0,0.8,0.0,1.0,0.0,0.0,0.0,2.0,0.0,0.0,0.0,0.0,450.0
34.0,1.26,1.0,0.0,0.0,24.0,4.0,5.0,0.0,0.0,0.0,1.334,1.334
17.0,1.76,1.0,3.0,0.0,16.0,1.0,3.0,0.0,0.0,1.0,296.0,296.0
31.0,1.26,2.0,2.0,0.0,3.0,9.0,4.0,0.0,1.0,1.0,1.208,2.415
33.0,1.15,3.0,8.0,0.0,17.0,16.0,2.0,0.0,0.0,0.0,516.0,1.549
,,,,,,,,,,,,
12.0,1.92,2.0,2.0,0.0,2.0,8.0,2.0,1.0,1.0,0.0,417.0,834.0
31.0,1.52,15.0,8.0,0.0,2.0,19.0,3.0,0.0,0.0,0.0,164.0,2.457
35.0,1.37,8.0,6.0,0.0,2.0,16.0,4.0,0.0,0.0,1.0,354.0,2.832
29.0,1.41,12.0,2.0,0.0,3.0,17.0,4.0,1.0,0.0,3.0,167.0,2.001
,,,,,,,,,,,,
31.0,1.55,3.0,3.0,1.0,0.0,6.0,14.0,1.0,0.0,0.0,854.0,2.562
12.0,0.92,0.0,0.0,0.0,7.0,4.0,1.0,0.0,0.0,0.0,0.0,447.0
31.0,1.61,1.0,0.0,0.0,1.0,4.0,6.0,0.0,0.0,0.0,2.604,2.604
,,,,,,,,,,,,
,,,,,,,,,,,,
17.0,1.65,2.0,1.0,0.0,7.0,6.0,4.0,0.0,0.0,0.0,406.0,812.0
1.0,3.0,0.0,0.0,0.0,0.0,1.0,0.0,0.0,0.0,0.0,0.0,22.0
,,,,,,,,,,,,
25.0,2.4,3.0,1.0,0.0,0.0,5.0,7.0,0.0,1.0,0.0,721.0,2.162
26.0,2.42,3.0,0.0,0.0,3.0,2.0,9.0,0.0,0.0,0.0,683.0,2.05
34.0,1.47,1.0,1.0,0.0,0.0,16.0,5.0,0.0,0.0,0.0,2.772,2.772
33.0,1.76,3.0,8.0,0.0,1.0,22.0,12.0,0.0,0.0,0.0,851.0,2.554
19.0,1.58,1.0,1.0,0.0,11.0,7.0,5.0,0.0,0.0,0.0,1.002,1.002
24.0,1.83,1.0,0.0,0.0,20.0,2.0,2.0,1.0,0.0,0.0,515.0,515.0
,,,,,,,,,,,,
23.0,1.61,6.0,5.0,0.0,1.0,8.0,4.0,0.0,0.0,1.0,304.0,1.826
25.0,1.52,3.0,1.0,0.0,11.0,11.0,1.0,0.0,0.0,0.0,378.0,1.133
,,,,,,,,,,,,
,,,,,,,,,,,,
,,,,,,,,,,,,
,,,,,,,,,,,,
14.0,2.86,10.0,4.0,0.0,3.0,4.0,3.0,0.0,0.0,3.0,101.0,1.007
34.0,1.53,20.0,6.0,0.0,0.0,2.0,2.0,1.0,0.0,2.0,153.0,3.059
9.0,1.22,0.0,0.0,0.0,7.0,2.0,1.0,0.0,0.0,0.0,0.0,283.0
22.0,1.59,1.0,1.0,0.0,16.0,4.0,2.0,0.0,0.0,1.0,693.0,693.0
10.0,1.9,6.0,4.0,0.0,0.0,5.0,0.0,0.0,0.0,1.0,125.0,751.0
35.0,1.74,0.0,2.0,0.0,0.0,2.0,11.0,0.0,0.0,0.0,0.0,3.079
,,,,,,,,,,,,
19.0,1.79,1.0,1.0,0.0,4.0,2.0,2.0,0.0,0.0,0.0,1.423,1.423
27.0,1.78,0.0,0.0,0.0,3.0,3.0,5.0,0.0,0.0,0.0,0.0,2.159
37.0,1.68,3.0,8.0,0.0,0.0,0.0,4.0,0.0,0.0,0.0,1.11,3.33
8.0,2.25,0.0,0.0,0.0,7.0,1.0,0.0,0.0,0.0,0.0,0.0,146.0
36.0,1.69,3.0,8.0,0.0,0.0,7.0,4.0,1.0,0.0,0.0,1.057,3.17
27.0,1.74,6.0,4.0,0.0,1.0,7.0,5.0,0.0,0.0,0.0,367.0,2.204
35.0,1.74,6.0,0.0,0.0,15.0,6.0,4.0,0.0,0.0,3.0,316.0,1.897
16.0,1.63,0.0,0.0,0.0,0.0,4.0,1.0,0.0,0.0,0.0,0.0,1.364
,,,,,1.0,,,,,,,
24.0,1.71,4.0,3.0,0.0,3.0,14.0,5.0,0.0,0.0,3.0,456.0,1.824
,,,,,,,,,,,,
4.0,1.75,0.0,0.0,0.0,4.0,0.0,0.0,0.0,0.0,0.0,0.0,89.0
33.0,1.64,9.0,6.0,0.0,1.0,25.0,5.0,0.0,0.0,0.0,285.0,2.568
,,,,,,,,,,,,
,,,,,,,,,,,,
21.0,1.19,1.0,3.0,0.0,19.0,1.0,2.0,0.0,0.0,0.0,493.0,493.0
32.0,1.72,5.0,3.0,0.0,4.0,19.0,5.0,1.0,0.0,0.0,458.0,2.291
27.0,1.59,0.0,3.0,0.0,19.0,8.0,2.0,0.0,0.0,0.0,0.0,844.0
36.0,1.69,19.0,9.0,0.0,2.0,16.0,5.0,0.0,0.0,0.0,157.0,2.982
32.0,1.53,7.0,2.0,0.0,15.0,13.0,1.0,0.0,0.0,0.0,204.0,1.431
27.0,1.04,6.0,2.0,1.0,7.0,8.0,1.0,0.0,0.0,0.0,299.0,1.796
34.0,1.68,1.0,0.0,0.0,1.0,4.0,7.0,0.0,0.0,0.0,2.971,2.971
33.0,1.55,3.0,0.0,0.0,0.0,6.0,6.0,0.0,0.0,0.0,954.0,2.863
19.0,1.63,2.0,1.0,0.0,5.0,3.0,4.0,0.0,0.0,0.0,668.0,1.336
11.0,1.27,0.0,0.0,0.0,8.0,1.0,1.0,0.0,0.0,0.0,0.0,325.0
36.0,1.53,1.0,2.0,0.0,12.0,7.0,0.0,0.0,0.0,0.0,2.331,2.331
,,,,,,,,,,,,
14.0,2.21,1.0,3.0,0.0,1.0,4.0,0.0,0.0,0.0,0.0,1.096,1.096
21.0,2.14,0.0,2.0,0.0,11.0,6.0,1.0,0.0,0.0,0.0,0.0,923.0
34.0,1.62,2.0,2.0,0.0,0.0,9.0,1.0,0.0,0.0,0.0,1.507,3.014
30.0,1.57,1.0,1.0,0.0,2.0,13.0,13.0,0.0,0.0,0.0,2.324,2.324
37.0,1.57,15.0,13.0,0.0,0.0,0.0,3.0,0.0,0.0,2.0,224.0,3.36
32.0,1.63,4.0,2.0,0.0,4.0,21.0,11.0,0.0,0.0,0.0,604.0,2.417
31.0,1.65,1.0,1.0,0.0,24.0,5.0,6.0,0.0,0.0,0.0,890.0,890.0
18.0,2.28,1.0,1.0,0.0,3.0,8.0,4.0,0.0,0.0,0.0,1.279,1.279
,,,,,2.0,,,,,,,
34.0,1.59,2.0,3.0,0.0,1.0,27.0,14.0,0.0,0.0,0.0,1.263,2.526
17.0,0.76,2.0,0.0,0.0,12.0,5.0,1.0,0.0,0.0,0.0,233.0,465.0
,,,,,,,,,,,,
29.0,1.45,2.0,6.0,0.0,17.0,10.0,2.0,0.0,0.0,0.0,662.0,1.324
30.0,2.27,15.0,1.0,0.0,10.0,11.0,4.0,0.0,0.0,2.0,121.0,1.814
,,,,,,,,,,,,
19.0,1.84,2.0,1.0,0.0,19.0,0.0,3.0,0.0,0.0,0.0,116.0,232.0
,,,,,,,,,,,,
28.0,1.07,0.0,1.0,0.0,3.0,2.0,6.0,1.0,0.0,0.0,0.0,2.322
32.0,1.31,1.0,3.0,0.0,2.0,4.0,1.0,0.0,0.0,0.0,2.676,2.676
,,,,,,,,,,,,
23.0,1.26,0.0,0.0,0.0,15.0,4.0,0.0,0.0,0.0,0.0,0.0,742.0
,,,,,,,,,,,,
26.0,1.12,1.0,1.0,0.0,9.0,5.0,7.0,0.0,0.0,0.0,1.52,1.52
18.0,1.5,0.0,1.0,0.0,2.0,6.0,1.0,0.0,0.0,0.0,0.0,1.358
,,,,,,,,,,,,
1.0,3.0,0.0,0.0,0.0,0.0,0.0,1.0,0.0,0.0,0.0,0.0,90.0
28.0,1.32,0.0,0.0,0.0,7.0,12.0,1.0,1.0,0.0,0.0,0.0,1.799
,,,,,,,,,,,,
16.0,1.31,1.0,1.0,0.0,7.0,4.0,1.0,0.0,1.0,0.0,826.0,826.0
30.0,1.27,7.0,4.0,0.0,1.0,9.0,4.0,0.0,0.0,5.0,362.0,2.537
,,,,,,,,,,,,
30.0,1.3,4.0,5.0,0.0,4.0,16.0,8.0,0.0,0.0,1.0,552.0,2.206
22.0,1.68,4.0,5.0,0.0,2.0,19.0,4.0,0.0,0.0,1.0,385.0,1.539
30.0,1.17,3.0,6.0,0.0,9.0,18.0,4.0,0.0,0.0,0.0,595.0,1.785
23.0,1.17,2.0,2.0,0.0,16.0,5.0,2.0,0.0,0.0,1.0,443.0,886.0
34.0,1.15,11.0,3.0,0.0,8.0,19.0,4.0,0.0,0.0,0.0,202.0,2.226
35.0,1.2,6.0,4.0,0.0,0.0,8.0,5.0,0.0,0.0,0.0,519.0,3.116
35.0,1.17,5.0,4.0,0.0,18.0,16.0,6.0,0.0,0.0,0.0,307.0,1.536
18.0,1.28,2.0,1.0,0.0,13.0,5.0,1.0,0.0,0.0,0.0,264.0,527.0
24.0,1.5,18.0,1.0,0.0,4.0,12.0,0.0,0.0,0.0,4.0,99.0,1.788
23.0,1.26,1.0,2.0,0.0,2.0,6.0,5.0,0.0,0.0,0.0,1.732,1.732
,,,,,,,,,,,,
25.0,1.08,1.0,0.0,0.0,9.0,5.0,4.0,0.0,0.0,0.0,1.453,1.453
,,,,,,,,,,,,
33.0,0.94,2.0,1.0,0.0,4.0,8.0,5.0,0.0,0.0,0.0,1.257,2.513
,,,,,,,,,,,,
29.0,0.83,1.0,2.0,0.0,9.0,9.0,4.0,0.0,0.0,0.0,1.851,1.851
,,,,,,,,,,,,
6.0,1.17,0.0,0.0,1.0,3.0,3.0,1.0,0.0,0.0,0.0,0.0,190.0
,,,,,,,,,,,,
,,,,,,,,,,,,
,,,,,,,,,,,,
25.0,1.2,0.0,0.0,0.0,6.0,12.0,6.0,0.0,0.0,0.0,0.0,1.68
29.0,1.21,1.0,3.0,0.0,9.0,12.0,3.0,0.0,0.0,0.0,1.811,1.811
22.0,1.27,6.0,3.0,0.0,3.0,4.0,5.0,0.0,0.0,1.0,282.0,1.694
31.0,0.81,1.0,1.0,0.0,10.0,7.0,10.0,0.0,0.0,0.0,1.975,1.975
4.0,0.25,0.0,0.0,0.0,2.0,1.0,1.0,0.0,0.0,0.0,0.0,146.0
,,,,,,,,,,,,
10.0,0.4,1.0,0.0,0.0,5.0,5.0,2.0,0.0,0.0,1.0,412.0,412.0
18.0,1.06,0.0,0.0,0.0,12.0,6.0,4.0,0.0,0.0,0.0,0.0,702.0
15.0,1.07,0.0,1.0,0.0,13.0,1.0,1.0,1.0,0.0,0.0,0.0,337.0
,,,,,,,,,,,,
35.0,1.0,13.0,6.0,0.0,3.0,11.0,3.0,0.0,0.0,2.0,224.0,2.907
24.0,1.58,3.0,1.0,0.0,11.0,12.0,1.0,0.0,0.0,0.0,342.0,1.027
26.0,1.04,5.0,3.0,0.0,13.0,12.0,2.0,0.0,0.0,1.0,249.0,1.245
28.0,1.21,2.0,4.0,0.0,18.0,9.0,1.0,0.0,0.0,0.0,520.0,1.039
21.0,0.86,1.0,3.0,1.0,2.0,3.0,8.0,0.0,0.0,0.0,1.705,1.705
,,,,,,,,,,,,
26.0,0.88,1.0,1.0,0.0,4.0,3.0,3.0,0.0,0.0,1.0,2.012,2.012
,,,,,,,,,,,,
29.0,0.86,1.0,1.0,0.0,4.0,9.0,6.0,0.0,0.0,0.0,2.148,2.148
14.0,0.71,0.0,0.0,0.0,9.0,2.0,1.0,0.0,0.0,0.0,0.0,609.0
24.0,0.96,0.0,2.0,0.0,5.0,4.0,3.0,0.0,0.0,0.0,0.0,1.752
13.0,0.54,0.0,1.0,0.0,3.0,5.0,2.0,0.0,0.0,0.0,0.0,771.0
29.0,0.86,0.0,0.0,0.0,12.0,6.0,7.0,0.0,0.0,0.0,0.0,1.699
32.0,0.91,0.0,2.0,0.0,3.0,18.0,8.0,0.0,1.0,0.0,0.0,2.441
,,,,,,,,,,,,
6.0,1.33,0.0,0.0,0.0,5.0,1.0,1.0,0.0,0.0,0.0,0.0,85.0
33.0,0.88,3.0,8.0,0.0,8.0,22.0,5.0,1.0,0.0,0.0,705.0,2.114
33.0,1.42,4.0,7.0,0.0,11.0,17.0,3.0,0.0,0.0,1.0,500.0,2.001
,,,,,,,,,,,,
,,,,,,,,,,,,
30.0,0.87,12.0,0.0,0.0,9.0,19.0,3.0,0.0,0.0,1.0,143.0,1.717
16.0,1.13,5.0,0.0,0.0,10.0,3.0,2.0,0.0,0.0,1.0,124.0,620.0
,,,,,,,,,,,,
26.0,1.0,3.0,0.0,0.0,20.0,6.0,2.0,0.0,0.0,0.0,221.0,662.0
,,,,,,,,,,,,
29.0,0.76,0.0,0.0,1.0,0.0,1.0,5.0,0.0,0.0,0.0,0.0,2.61
25.0,1.12,1.0,0.0,0.0,7.0,1.0,4.0,0.0,0.0,0.0,1.665,1.665
17.0,0.88,1.0,0.0,0.0,3.0,1.0,4.0,0.0,0.0,0.0,1.344,1.344
10.0,2.1,0.0,0.0,0.0,3.0,2.0,2.0,0.0,0.0,0.0,0.0,621.0
15.0,0.73,0.0,2.0,0.0,4.0,4.0,2.0,0.0,0.0,0.0,0.0,993.0
,,,,,,,,,,,,
6.0,1.0,0.0,0.0,0.0,0.0,2.0,3.0,0.0,0.0,0.0,0.0,464.0
,,,,,,,,,,,,
4.0,0.75,0.0,0.0,0.0,0.0,3.0,1.0,0.0,0.0,0.0,0.0,332.0
14.0,0.86,0.0,0.0,0.0,8.0,3.0,4.0,0.0,0.0,0.0,0.0,568.0
32.0,0.88,2.0,1.0,0.0,11.0,1.0,4.0,0.0,1.0,0.0,1.024,2.047
27.0,0.89,0.0,0.0,0.0,1.0,17.0,8.0,0.0,0.0,0.0,0.0,2.004
27.0,1.26,4.0,5.0,0.0,8.0,10.0,4.0,0.0,0.0,2.0,424.0,1.697
34.0,0.88,1.0,2.0,0.0,9.0,5.0,2.0,0.0,0.0,1.0,2.424,2.424
32.0,0.84,0.0,1.0,0.0,6.0,19.0,4.0,0.0,0.0,0.0,0.0,2.143
,,,,,,,,,,,,
30.0,0.93,2.0,0.0,0.0,3.0,15.0,6.0,0.0,0.0,0.0,1.166,2.332
21.0,1.14,7.0,3.0,0.0,7.0,6.0,3.0,1.0,0.0,1.0,167.0,1.172
23.0,0.96,2.0,0.0,0.0,9.0,11.0,5.0,0.0,0.0,0.0,652.0,1.303
35.0,0.89,5.0,1.0,0.0,22.0,10.0,3.0,0.0,0.0,0.0,280.0,1.402
33.0,0.85,3.0,0.0,0.0,2.0,17.0,5.0,0.0,0.0,2.0,848.0,2.545
,,,,,,,,,,,,
,,,,,,,,,,,,
,,,,,,,,,,,,
26.0,0.88,3.0,2.0,0.0,2.0,3.0,8.0,0.0,0.0,0.0,695.0,2.086
25.0,1.16,0.0,2.0,0.0,1.0,2.0,9.0,0.0,0.0,0.0,0.0,2.154
14.0,0.86,3.0,0.0,0.0,0.0,0.0,5.0,0.0,0.0,0.0,420.0,1.26
,,,,,,,,,,,,
30.0,0.97,0.0,1.0,0.0,2.0,2.0,8.0,0.0,0.0,0.0,0.0,2.578
5.0,1.2,1.0,1.0,0.0,1.0,2.0,1.0,0.0,0.0,0.0,333.0,333.0
12.0,1.08,0.0,0.0,0.0,5.0,2.0,2.0,0.0,0.0,0.0,0.0,712.0
33.0,1.0,4.0,1.0,0.0,0.0,12.0,8.0,0.0,0.0,0.0,677.0,2.706
,,,,,,,,,,,,
7.0,1.29,0.0,0.0,0.0,3.0,1.0,0.0,0.0,0.0,0.0,0.0,397.0
27.0,1.52,2.0,1.0,0.0,16.0,7.0,1.0,0.0,0.0,1.0,574.0,1.147
,,,,,,,,,,,,
31.0,0.94,4.0,6.0,0.0,14.0,9.0,8.0,0.0,0.0,3.0,374.0,1.495
14.0,1.5,1.0,0.0,0.0,6.0,8.0,3.0,0.0,0.0,0.0,658.0,658.0
21.0,1.05,3.0,1.0,0.0,12.0,8.0,2.0,0.0,0.0,0.0,308.0,923.0
7.0,1.14,0.0,2.0,0.0,6.0,1.0,0.0,0.0,0.0,0.0,0.0,165.0
29.0,1.1,9.0,1.0,0.0,1.0,17.0,7.0,0.0,0.0,0.0,252.0,2.267
25.0,1.08,2.0,1.0,0.0,8.0,13.0,2.0,0.0,0.0,0.0,713.0,1.426
33.0,1.0,2.0,3.0,0.0,13.0,9.0,3.0,0.0,0.0,0.0,984.0,1.968
12.0,1.17,1.0,0.0,0.0,7.0,3.0,1.0,0.0,0.0,0.0,541.0,541.0
21.0,0.9,0.0,3.0,0.0,11.0,6.0,1.0,0.0,0.0,0.0,0.0,1.051
24.0,1.0,0.0,2.0,0.0,12.0,10.0,4.0,0.0,0.0,0.0,0.0,1.062
23.0,1.13,3.0,1.0,0.0,16.0,6.0,6.0,0.0,0.0,0.0,269.0,807.0
52.0,2.13,1.0,6.0,0.0,5.0,28.0,8.0,1.0,0.0,0.0,3.836,3.836
36.0,2.17,1.0,1.0,0.0,7.0,7.0,6.0,0.0,0.0,0.0,2.559,2.559
44.0,2.14,3.0,3.0,0.0,15.0,9.0,5.0,0.0,0.0,0.0,926.0,2.779
,,,,,,,,,,,,
31.0,2.03,1.0,2.0,0.0,4.0,3.0,2.0,0.0,0.0,0.0,2.37,2.37
45.0,1.98,4.0,11.0,0.0,8.0,31.0,4.0,0.0,0.0,0.0,706.0,2.823
,,,,,,,,,,,,
,,,,,,,,,,,,
43.0,2.12,3.0,2.0,1.0,15.0,14.0,3.0,0.0,0.0,0.0,840.0,2.52
45.0,2.02,11.0,7.0,0.0,7.0,29.0,8.0,0.0,0.0,7.0,268.0,2.951
33.0,2.3,3.0,2.0,0.0,18.0,10.0,9.0,0.0,0.0,2.0,494.0,1.482
49.0,2.06,3.0,8.0,0.0,7.0,18.0,7.0,0.0,0.0,0.0,1.199,3.597
47.0,2.09,7.0,2.0,0.0,31.0,10.0,2.0,0.0,0.0,0.0,284.0,1.986
,,,,,,,,,,,,
48.0,2.13,1.0,5.0,0.0,6.0,23.0,8.0,0.0,0.0,0.0,3.482,3.482
,,,,,,,,,,,,
4.0,1.25,0.0,0.0,0.0,3.0,1.0,1.0,0.0,0.0,0.0,0.0,100.0
21.0,1.95,1.0,4.0,0.0,15.0,3.0,3.0,0.0,0.0,0.0,753.0,753.0
48.0,2.04,22.0,7.0,0.0,5.0,25.0,3.0,0.0,0.0,1.0,166.0,3.643
47.0,2.19,18.0,9.0,0.0,8.0,21.0,2.0,0.0,0.0,0.0,183.0,3.297
,,,,,,,,,,,,
27.0,2.15,7.0,2.0,0.0,18.0,9.0,4.0,0.0,0.0,0.0,127.0,891.0
8.0,2.25,0.0,0.0,0.0,0.0,1.0,1.0,0.0,0.0,0.0,0.0,636.0
39.0,1.59,1.0,0.0,0.0,4.0,2.0,3.0,0.0,1.0,0.0,3.161,3.161
,,,,,,,,,,,,
,,,,,,,,,,,,
32.0,2.16,2.0,2.0,0.0,6.0,2.0,6.0,0.0,0.0,0.0,1.159,2.317
,,,,,,,,,,,,
9.0,1.78,0.0,1.0,0.0,1.0,4.0,2.0,0.0,0.0,0.0,0.0,618.0
8.0,1.38,0.0,0.0,0.0,5.0,2.0,0.0,0.0,0.0,0.0,0.0,361.0
36.0,1.72,2.0,1.0,0.0,11.0,13.0,6.0,0.0,0.0,0.0,1.122,2.244
47.0,1.66,1.0,2.0,0.0,5.0,17.0,10.0,0.0,0.0,0.0,3.626,3.626
,,,,,,,,,,,,
26.0,1.77,0.0,0.0,0.0,20.0,3.0,2.0,0.0,0.0,0.0,0.0,832.0
,,,,,,,,,,,,
40.0,1.68,4.0,3.0,0.0,7.0,12.0,5.0,0.0,0.0,0.0,713.0,2.852
18.0,1.72,4.0,2.0,0.0,9.0,6.0,0.0,0.0,0.0,2.0,204.0,814.0
,,,,,,,,,,,,
32.0,1.56,4.0,5.0,0.0,21.0,9.0,1.0,0.0,0.0,0.0,270.0,1.078
36.0,1.64,5.0,5.0,0.0,18.0,11.0,5.0,1.0,0.0,0.0,394.0,1.968
34.0,1.65,5.0,4.0,0.0,6.0,22.0,2.0,0.0,0.0,0.0,431.0,2.156
41.0,1.68,6.0,5.0,0.0,17.0,12.0,5.0,0.0,0.0,0.0,381.0,2.287
,,,,,,,,,,,,
,,,,,,,,,,,,
,,,,,,,,,,,,
34.0,1.76,0.0,2.0,0.0,4.0,5.0,7.0,1.0,0.0,0.0,0.0,2.58
31.0,1.84,1.0,1.0,3.0,5.0,2.0,3.0,0.0,0.0,0.0,2.442,2.442
34.0,1.65,2.0,2.0,0.0,4.0,1.0,3.0,0.0,1.0,0.0,1.338,2.675
35.0,1.77,1.0,0.0,0.0,4.0,7.0,5.0,0.0,0.0,0.0,2.715,2.715
,,,,,,,,,,,,
45.0,1.53,4.0,2.0,0.0,7.0,21.0,12.0,1.0,0.0,0.0,795.0,3.178
26.0,1.81,0.0,0.0,0.0,4.0,10.0,6.0,0.0,0.0,0.0,0.0,1.868
34.0,1.62,0.0,0.0,0.0,12.0,4.0,4.0,0.0,0.0,0.0,0.0,2.205
17.0,1.94,0.0,0.0,0.0,10.0,2.0,4.0,0.0,0.0,0.0,0.0,692.0
0.0,,0.0,0.0,0.0,0.0,0.0,0.0,0.0,0.0,0.0,0.0,0.0
51.0,1.71,1.0,9.0,0.0,6.0,16.0,7.0,0.0,0.0,0.0,3.88,3.88
53.0,1.74,15.0,5.0,0.0,1.0,10.0,3.0,0.0,1.0,0.0,300.0,4.501
39.0,1.9,0.0,3.0,0.0,14.0,16.0,6.0,1.0,0.0,0.0,0.0,2.192
,,,,,,,,,,,,
27.0,1.0,0.0,0.0,0.0,4.0,8.0,4.0,1.0,0.0,0.0,0.0,1.913
,,,,,,,,,,,,
33.0,1.76,5.0,4.0,0.0,17.0,14.0,2.0,0.0,0.0,0.0,291.0,1.456
49.0,1.71,17.0,12.0,0.0,7.0,27.0,4.0,0.0,0.0,4.0,210.0,3.564
35.0,1.4,5.0,2.0,0.0,24.0,8.0,2.0,0.0,0.0,0.0,248.0,1.242
40.0,1.95,9.0,3.0,0.0,22.0,9.0,8.0,0.0,0.0,0.0,209.0,1.884
,,,,,,,,,,,,
16.0,1.25,4.0,0.0,0.0,9.0,7.0,1.0,0.0,0.0,0.0,162.0,648.0
8.0,1.5,0.0,0.0,0.0,3.0,5.0,3.0,0.0,0.0,0.0,0.0,371.0
42.0,1.86,0.0,1.0,0.0,3.0,8.0,12.0,0.0,0.0,0.0,0.0,3.369
22.0,2.23,0.0,2.0,0.0,8.0,6.0,2.0,0.0,0.0,0.0,0.0,1.368
27.0,1.3,0.0,0.0,0.0,9.0,5.0,3.0,0.0,0.0,0.0,0.0,1.688
34.0,1.76,1.0,4.0,1.0,0.0,14.0,9.0,0.0,0.0,0.0,2.71,2.71
46.0,1.72,2.0,2.0,1.0,4.0,12.0,8.0,0.0,0.0,0.0,1.755,3.509
,,,,,,,,,,,,
50.0,1.78,4.0,5.0,0.0,2.0,3.0,8.0,0.0,0.0,0.0,1.073,4.292
9.0,2.78,2.0,0.0,0.0,7.0,2.0,1.0,0.0,0.0,0.0,125.0,250.0
48.0,1.79,5.0,2.0,0.0,6.0,10.0,8.0,1.0,0.0,0.0,761.0,3.804
,,,,,,,,,,,,
46.0,1.8,6.0,6.0,0.0,12.0,23.0,2.0,0.0,0.0,0.0,457.0,2.744
37.0,1.78,6.0,2.0,0.0,27.0,8.0,2.0,0.0,0.0,0.0,201.0,1.203
44.0,1.82,1.0,10.0,0.0,9.0,18.0,4.0,0.0,0.0,0.0,3.045,3.045
43.0,1.72,5.0,8.0,0.0,5.0,21.0,3.0,0.0,0.0,0.0,615.0,3.074
,,,,,,,,,,,,
31.0,1.84,0.0,4.0,0.0,22.0,7.0,4.0,0.0,0.0,0.0,0.0,1.154
,,,,,,,,,,,,
49.0,1.76,13.0,13.0,0.0,14.0,28.0,1.0,0.0,0.0,1.0,224.0,2.908
31.0,0.87,4.0,1.0,0.0,13.0,14.0,5.0,0.0,0.0,0.0,405.0,1.62
39.0,1.9,20.0,7.0,0.0,5.0,25.0,4.0,0.0,0.0,1.0,141.0,2.826
48.0,1.88,28.0,8.0,0.0,7.0,35.0,2.0,0.0,0.0,4.0,109.0,3.064
,,,,,,,,,,,,
23.0,2.17,1.0,0.0,0.0,0.0,2.0,2.0,0.0,0.0,0.0,2.016,2.016
38.0,2.16,1.0,2.0,1.0,0.0,1.0,2.0,0.0,0.0,0.0,3.407,3.407
,,,,,,,,,,,,
17.0,2.06,1.0,1.0,0.0,3.0,2.0,2.0,0.0,0.0,0.0,1.254,1.254
32.0,2.28,0.0,3.0,0.0,7.0,9.0,4.0,0.0,0.0,0.0,0.0,2.299
29.0,2.24,1.0,1.0,0.0,10.0,10.0,1.0,0.0,0.0,0.0,1.687,1.687
,,,,,,,,,,,,
21.0,2.48,0.0,0.0,0.0,12.0,5.0,3.0,0.0,0.0,0.0,0.0,851.0
35.0,2.14,0.0,2.0,0.0,2.0,15.0,3.0,0.0,0.0,0.0,0.0,2.801
29.0,2.14,0.0,1.0,0.0,14.0,10.0,0.0,0.0,0.0,0.0,0.0,1.362
38.0,2.0,12.0,6.0,0.0,6.0,4.0,3.0,0.0,0.0,0.0,244.0,2.931
,,,,,,,,,,,,
19.0,1.95,1.0,0.0,0.0,17.0,2.0,2.0,0.0,0.0,0.0,360.0,360.0
1.0,,0.0,0.0,0.0,1.0,0.0,0.0,0.0,0.0,0.0,0.0,10.0
29.0,2.28,3.0,8.0,0.0,14.0,12.0,3.0,0.0,0.0,0.0,472.0,1.416
21.0,1.48,1.0,2.0,0.0,15.0,6.0,0.0,0.0,0.0,0.0,595.0,595.0
,,,,,,,,,,,,
20.0,1.9,2.0,0.0,0.0,17.0,3.0,2.0,0.0,0.0,0.0,172.0,343.0
28.0,1.89,6.0,2.0,0.0,15.0,11.0,1.0,0.0,0.0,0.0,207.0,1.24
37.0,2.14,13.0,11.0,0.0,3.0,28.0,3.0,0.0,0.0,3.0,217.0,2.82
32.0,2.16,2.0,2.0,0.0,29.0,3.0,1.0,0.0,0.0,0.0,279.0,557.0
50.0,1.74,1.0,2.0,0.0,0.0,0.0,2.0,0.0,0.0,0.0,4.5,4.5
45.0,1.76,3.0,2.0,0.0,1.0,4.0,8.0,0.0,0.0,0.0,1.288,3.864
23.0,2.0,0.0,0.0,0.0,16.0,1.0,1.0,0.0,1.0,0.0,0.0,812.0
19.0,1.63,1.0,0.0,1.0,2.0,8.0,3.0,0.0,1.0,0.0,1.351,1.351
50.0,1.7,4.0,6.0,0.0,2.0,4.0,2.0,0.0,0.0,0.0,1.065,4.259
,,,,,,,,,,,,
43.0,2.3,1.0,2.0,1.0,11.0,11.0,3.0,0.0,0.0,0.0,2.841,2.841
10.0,1.9,1.0,1.0,0.0,5.0,3.0,0.0,0.0,0.0,0.0,528.0,528.0
14.0,2.0,1.0,1.0,0.0,0.0,8.0,1.0,0.0,0.0,0.0,1.104,1.104
29.0,1.59,1.0,2.0,0.0,15.0,13.0,11.0,0.0,0.0,0.0,1.275,1.275
37.0,1.65,4.0,3.0,0.0,10.0,9.0,8.0,1.0,0.0,0.0,614.0,2.454
32.0,1.75,3.0,2.0,0.0,9.0,10.0,8.0,0.0,0.0,2.0,663.0,1.988
45.0,1.8,2.0,3.0,0.0,5.0,13.0,9.0,0.0,0.0,0.0,1.675,3.35
40.0,1.8,3.0,1.0,0.0,22.0,11.0,8.0,0.0,0.0,0.0,644.0,1.933
34.0,1.76,3.0,3.0,0.0,9.0,18.0,5.0,0.0,0.0,1.0,709.0,2.126
,,,,,,,,,,,,
40.0,1.7,3.0,6.0,0.0,25.0,12.0,2.0,0.0,0.0,0.0,485.0,1.455
,,,,,,,,,,,,
31.0,1.84,6.0,6.0,0.0,9.0,19.0,7.0,0.0,0.0,0.0,299.0,1.795
36.0,1.58,8.0,4.0,0.0,10.0,20.0,4.0,0.0,0.0,3.0,265.0,2.122
45.0,1.56,17.0,4.0,0.0,9.0,25.0,1.0,0.0,0.0,3.0,188.0,3.195
36.0,1.92,7.0,5.0,0.0,22.0,13.0,3.0,0.0,0.0,0.0,199.0,1.393
42.0,1.9,2.0,0.0,1.0,7.0,5.0,9.0,0.0,0.0,0.0,1.613,3.225
42.0,1.79,5.0,1.0,0.0,2.0,3.0,6.0,0.0,1.0,0.0,698.0,3.488
23.0,2.17,2.0,1.0,0.0,8.0,6.0,6.0,0.0,1.0,0.0,683.0,1.366
18.0,1.89,1.0,0.0,0.0,7.0,4.0,4.0,0.0,0.0,0.0,1.103,1.103
18.0,0.67,0.0,0.0,0.0,2.0,0.0,3.0,0.0,0.0,0.0,0.0,1.473
24.0,1.71,2.0,1.0,0.0,2.0,4.0,4.0,0.0,1.0,0.0,952.0,1.904
29.0,2.0,0.0,9.0,0.0,4.0,20.0,2.0,1.0,0.0,0.0,0.0,1.959
29.0,1.9,0.0,6.0,0.0,12.0,7.0,9.0,0.0,0.0,0.0,0.0,1.575
47.0,1.81,4.0,1.0,1.0,11.0,8.0,2.0,0.0,0.0,0.0,823.0,3.29
13.0,1.69,0.0,3.0,0.0,7.0,3.0,1.0,1.0,0.0,0.0,0.0,538.0
43.0,1.98,0.0,4.0,0.0,6.0,10.0,17.0,0.0,1.0,0.0,0.0,3.386
28.0,1.04,0.0,2.0,0.0,10.0,3.0,4.0,1.0,1.0,0.0,0.0,1.851
47.0,1.81,1.0,5.0,0.0,2.0,5.0,9.0,0.0,0.0,0.0,4.058,4.058
28.0,2.14,2.0,5.0,0.0,14.0,6.0,9.0,0.0,0.0,0.0,733.0,1.466
,,,,,,,,,,,,
,,,,,,,,,,,,
29.0,1.72,5.0,3.0,0.0,11.0,10.0,0.0,0.0,0.0,0.0,303.0,1.513
9.0,2.0,2.0,0.0,0.0,5.0,1.0,2.0,0.0,0.0,0.0,175.0,350.0
,,,,,,,,,,,,
,,,,,,,,,,,,
45.0,1.84,10.0,9.0,0.0,5.0,28.0,15.0,0.0,0.0,3.0,332.0,3.324
48.0,1.77,6.0,6.0,0.0,14.0,30.0,7.0,0.0,0.0,0.0,471.0,2.827
,,,,,,,,,,,,
37.0,1.78,2.0,1.0,0.0,22.0,12.0,3.0,1.0,0.0,0.0,682.0,1.363
43.0,1.91,14.0,5.0,0.0,25.0,14.0,2.0,0.0,0.0,2.0,146.0,2.044
39.0,2.0,14.0,8.0,0.0,5.0,15.0,8.0,0.0,1.0,2.0,214.0,2.99
48.0,1.9,14.0,4.0,0.0,13.0,29.0,3.0,0.0,0.0,1.0,205.0,2.865
47.0,1.68,0.0,2.0,0.0,2.0,3.0,4.0,0.0,0.0,0.0,0.0,4.019
43.0,1.67,1.0,1.0,0.0,4.0,6.0,10.0,0.0,1.0,0.0,3.446,3.446
23.0,1.87,0.0,0.0,1.0,10.0,5.0,2.0,0.0,0.0,0.0,0.0,1.284
11.0,1.27,0.0,1.0,0.0,6.0,3.0,1.0,0.0,0.0,0.0,0.0,436.0
24.0,1.63,0.0,7.0,0.0,6.0,8.0,5.0,0.0,0.0,0.0,0.0,1.615
,,,,,,,,,,,,
26.0,2.15,1.0,1.0,0.0,10.0,10.0,5.0,0.0,0.0,0.0,1.419,1.419
,,,,,,,,,,,,
32.0,1.5,0.0,3.0,0.0,12.0,15.0,2.0,0.0,0.0,0.0,0.0,1.735
3.0,2.0,0.0,0.0,0.0,3.0,0.0,0.0,0.0,0.0,0.0,0.0,25.0
23.0,1.96,1.0,1.0,0.0,7.0,4.0,3.0,0.0,0.0,1.0,1.42,1.42
29.0,1.76,4.0,3.0,0.0,12.0,8.0,4.0,1.0,1.0,0.0,397.0,1.589
15.0,1.47,0.0,0.0,0.0,7.0,6.0,2.0,0.0,0.0,0.0,0.0,714.0
,,,,,,,,,,,,
8.0,1.75,1.0,1.0,0.0,3.0,1.0,4.0,0.0,0.0,0.0,470.0,470.0
,,,,,,,,,,,,
37.0,1.86,6.0,5.0,0.0,11.0,22.0,2.0,0.0,0.0,0.0,370.0,2.221
,,,,,,,,,,,,
19.0,1.84,1.0,4.0,0.0,14.0,4.0,0.0,0.0,0.0,0.0,664.0,664.0
12.0,0.83,0.0,0.0,0.0,9.0,3.0,0.0,0.0,0.0,0.0,0.0,369.0
40.0,1.68,9.0,6.0,0.0,5.0,18.0,5.0,0.0,0.0,2.0,326.0,2.932
39.0,1.54,16.0,5.0,0.0,8.0,25.0,3.0,0.0,0.0,3.0,147.0,2.349
45.0,1.62,10.0,8.0,1.0,13.0,21.0,10.0,0.0,0.0,0.0,276.0,2.764
43.0,1.63,7.0,3.0,0.0,25.0,12.0,1.0,0.0,0.0,0.0,260.0,1.823
43.0,1.79,0.0,0.0,0.0,11.0,7.0,6.0,1.0,0.0,0.0,0.0,2.973
,,,,,,,,,,,,
28.0,1.82,0.0,1.0,1.0,5.0,9.0,6.0,1.0,0.0,0.0,0.0,2.1
12.0,1.75,0.0,0.0,0.0,5.0,5.0,3.0,0.0,0.0,0.0,0.0,545.0
,,,,,,,,,,,,
42.0,1.62,8.0,9.0,0.0,7.0,12.0,8.0,0.0,0.0,0.0,389.0,3.109
40.0,1.45,2.0,2.0,0.0,21.0,11.0,5.0,0.0,0.0,0.0,961.0,1.922
45.0,1.71,0.0,6.0,0.0,4.0,8.0,12.0,0.0,0.0,0.0,0.0,3.762
35.0,1.71,5.0,7.0,0.0,15.0,16.0,2.0,1.0,0.0,0.0,325.0,1.626
,,,,,,,,,,,,
33.0,1.64,3.0,0.0,0.0,6.0,18.0,2.0,0.0,0.0,0.0,683.0,2.049
,,,,,,,,,,,,
38.0,1.66,2.0,0.0,0.0,23.0,12.0,6.0,0.0,0.0,0.0,849.0,1.697
26.0,1.62,0.0,1.0,0.0,17.0,5.0,8.0,0.0,0.0,0.0,0.0,998.0
15.0,2.33,1.0,4.0,0.0,3.0,7.0,3.0,0.0,0.0,0.0,973.0,973.0
30.0,1.47,1.0,2.0,0.0,14.0,7.0,4.0,0.0,0.0,0.0,1.611,1.611
,,,,,,,,,,,,
36.0,1.81,3.0,3.0,0.0,30.0,7.0,9.0,0.0,1.0,0.0,342.0,1.026
31.0,1.55,2.0,3.0,0.0,12.0,18.0,1.0,0.0,0.0,0.0,803.0,1.606
32.0,1.56,8.0,3.0,0.0,11.0,19.0,2.0,0.0,0.0,3.0,217.0,1.737
,,,,,,,,,,,,
34.0,1.21,2.0,0.0,1.0,0.0,4.0,11.0,0.0,0.0,0.0,1.513,3.025
,,,,,2.0,,,,,,,
,,,,,,,,,,,,
28.0,1.11,1.0,1.0,0.0,1.0,1.0,3.0,0.0,1.0,0.0,2.341,2.341
28.0,1.21,1.0,3.0,0.0,8.0,5.0,5.0,0.0,0.0,0.0,1.933,1.933
27.0,1.63,1.0,1.0,1.0,6.0,6.0,2.0,0.0,0.0,0.0,1.87,1.87
35.0,1.31,1.0,2.0,0.0,1.0,13.0,9.0,0.0,1.0,0.0,2.887,2.887
22.0,1.45,0.0,0.0,0.0,12.0,10.0,3.0,0.0,0.0,0.0,0.0,730.0
20.0,0.95,1.0,1.0,0.0,10.0,6.0,4.0,0.0,0.0,0.0,998.0,998.0
20.0,1.75,1.0,1.0,0.0,4.0,8.0,1.0,1.0,0.0,0.0,1.389,1.389
30.0,1.17,3.0,1.0,0.0,14.0,11.0,5.0,0.0,0.0,0.0,479.0,1.437
,,,,,,,,,,,,
29.0,1.31,1.0,1.0,0.0,9.0,12.0,7.0,0.0,0.0,0.0,1.682,1.682
,,,,,,,,,,,,
,,,,,,,,,,,,
,,,,,,,,,,,,
,,,,,,,,,,,,
,,,,,,,,,,,,
29.0,1.0,5.0,4.0,0.0,7.0,11.0,0.0,0.0,0.0,2.0,406.0,2.032
18.0,1.0,1.0,0.0,0.0,17.0,0.0,2.0,0.0,0.0,0.0,500.0,500.0
31.0,1.16,0.0,2.0,0.0,20.0,11.0,2.0,0.0,0.0,0.0,0.0,1.108
,,,,,2.0,,,,,,,
37.0,1.19,10.0,4.0,0.0,7.0,10.0,2.0,0.0,0.0,0.0,268.0,2.683
27.0,1.19,2.0,1.0,0.0,10.0,11.0,2.0,0.0,0.0,0.0,692.0,1.384
,,,,,,,,,,,,
19.0,1.47,0.0,0.0,0.0,16.0,3.0,0.0,0.0,0.0,0.0,0.0,459.0
23.0,0.91,0.0,2.0,0.0,3.0,6.0,0.0,0.0,1.0,0.0,0.0,1.831
35.0,1.54,0.0,0.0,0.0,1.0,4.0,5.0,1.0,0.0,0.0,0.0,2.922
,,,,,,,,,,,,
18.0,1.94,3.0,1.0,0.0,6.0,5.0,5.0,0.0,0.0,0.0,352.0,1.056
33.0,2.03,0.0,5.0,0.0,12.0,12.0,3.0,0.0,0.0,0.0,0.0,1.959
,,,,,,,,,,,,
23.0,1.61,0.0,2.0,0.0,8.0,7.0,4.0,0.0,0.0,0.0,0.0,1.409
28.0,1.5,1.0,2.0,0.0,8.0,10.0,6.0,0.0,0.0,0.0,1.826,1.826
32.0,1.72,1.0,2.0,0.0,5.0,4.0,7.0,0.0,0.0,0.0,2.467,2.467
,,,,,,,,,,,,
25.0,1.52,1.0,1.0,0.0,14.0,4.0,4.0,0.0,0.0,0.0,1.116,1.116
,,,,,,,,,,,,
36.0,1.28,3.0,2.0,0.0,6.0,16.0,5.0,0.0,0.0,0.0,875.0,2.625
13.0,1.46,0.0,1.0,0.0,5.0,6.0,4.0,0.0,0.0,0.0,0.0,696.0
9.0,0.67,0.0,0.0,0.0,5.0,1.0,1.0,1.0,0.0,0.0,0.0,355.0
10.0,0.8,0.0,0.0,0.0,6.0,1.0,2.0,1.0,0.0,0.0,0.0,463.0
34.0,1.41,6.0,9.0,0.0,5.0,12.0,6.0,0.0,0.0,0.0,436.0,2.614
1.0,,0.0,0.0,0.0,1.0,0.0,0.0,0.0,1.0,0.0,0.0,9.0
,,,,,,,,,,,,
30.0,1.27,1.0,4.0,0.0,8.0,13.0,2.0,0.0,1.0,0.0,1.829,1.829
,,,,,,,,,,,,
35.0,1.71,6.0,1.0,0.0,22.0,9.0,2.0,0.0,0.0,0.0,245.0,1.469
37.0,1.32,6.0,5.0,0.0,5.0,23.0,4.0,0.0,0.0,0.0,439.0,2.635
33.0,1.58,7.0,3.0,0.0,21.0,9.0,3.0,0.0,0.0,0.0,187.0,1.307
33.0,1.09,8.0,5.0,0.0,9.0,19.0,1.0,0.0,0.0,0.0,262.0,2.097
25.0,1.44,8.0,2.0,0.0,10.0,9.0,2.0,0.0,0.0,0.0,185.0,1.482
16.0,1.06,1.0,1.0,0.0,16.0,0.0,1.0,0.0,0.0,0.0,158.0,158.0
25.0,1.2,3.0,0.0,0.0,2.0,0.0,7.0,0.0,0.0,0.0,711.0,2.133
37.0,1.05,3.0,0.0,0.0,2.0,2.0,10.0,0.0,0.0,0.0,1.044,3.131
14.0,1.07,0.0,0.0,0.0,5.0,0.0,2.0,0.0,0.0,0.0,0.0,931.0
21.0,1.19,0.0,0.0,0.0,1.0,5.0,4.0,0.0,0.0,0.0,0.0,1.628
13.0,0.85,0.0,1.0,0.0,2.0,5.0,0.0,0.0,1.0,0.0,0.0,856.0
37.0,1.16,0.0,7.0,0.0,1.0,6.0,5.0,0.0,0.0,0.0,0.0,3.143
9.0,0.78,1.0,1.0,0.0,3.0,4.0,1.0,0.0,0.0,0.0,510.0,510.0
,,,,,,,,,,,,
13.0,0.77,0.0,0.0,0.0,6.0,5.0,0.0,0.0,0.0,0.0,0.0,639.0
35.0,1.09,0.0,2.0,0.0,10.0,15.0,3.0,0.0,0.0,0.0,0.0,2.147
14.0,1.71,0.0,0.0,0.0,12.0,2.0,2.0,0.0,0.0,0.0,0.0,371.0
17.0,1.41,0.0,2.0,0.0,6.0,8.0,6.0,0.0,0.0,0.0,0.0,939.0
25.0,1.12,1.0,1.0,0.0,2.0,19.0,4.0,0.0,0.0,0.0,1.628,1.628
,,,,,,,,,,,,
,,,,,,,,,,,,
25.0,1.28,1.0,0.0,0.0,10.0,5.0,3.0,0.0,0.0,0.0,1.443,1.443
32.0,1.06,0.0,1.0,1.0,8.0,14.0,6.0,0.0,0.0,0.0,0.0,2.083
,,,,,,,,,,,,
,,,,,,,,,,,,
,,,,,,,,,,,,
17.0,1.24,2.0,1.0,0.0,9.0,6.0,1.0,0.0,0.0,0.0,422.0,844.0
37.0,1.05,11.0,1.0,0.0,3.0,14.0,4.0,0.0,0.0,0.0,267.0,2.94
26.0,1.04,1.0,2.0,0.0,9.0,14.0,3.0,0.0,0.0,0.0,1.421,1.421
25.0,1.0,1.0,1.0,0.0,18.0,6.0,1.0,0.0,0.0,0.0,827.0,827.0
,,,,,,,,,,,,
6.0,1.5,0.0,0.0,0.0,6.0,0.0,2.0,0.0,0.0,0.0,0.0,56.0
36.0,1.28,2.0,2.0,1.0,0.0,2.0,12.0,0.0,0.0,0.0,1.575,3.15
18.0,1.11,1.0,1.0,0.0,0.0,1.0,1.0,1.0,0.0,0.0,1.584,1.584
,,,,,,,,,,,,
24.0,1.21,1.0,0.0,0.0,5.0,3.0,5.0,0.0,0.0,0.0,1.753,1.753
16.0,1.5,1.0,0.0,2.0,4.0,6.0,4.0,0.0,0.0,0.0,968.0,968.0
,,,,,,,,,,,,
17.0,1.35,1.0,0.0,0.0,5.0,6.0,0.0,0.0,0.0,0.0,1.171,1.171
24.0,1.04,1.0,2.0,0.0,11.0,4.0,2.0,0.0,0.0,0.0,1.426,1.426
32.0,1.19,1.0,4.0,0.0,5.0,12.0,6.0,1.0,0.0,0.0,2.187,2.187
,,,,,,,,,,,,
,,,,,,,,,,,,
,,,,,,,,,,,,
27.0,1.22,1.0,2.0,0.0,9.0,14.0,5.0,0.0,0.0,0.0,1.491,1.491
30.0,1.27,0.0,0.0,0.0,18.0,8.0,6.0,0.0,0.0,0.0,0.0,1.32
,,,,,,,,,,,,
23.0,1.09,0.0,2.0,0.0,16.0,4.0,1.0,0.0,0.0,0.0,0.0,820.0
,,,,,,,,,,,,
,,,,,,,,,,,,
,,,,,,,,,,,,
11.0,1.55,2.0,2.0,0.0,5.0,5.0,1.0,0.0,0.0,0.0,240.0,480.0
24.0,1.29,3.0,1.0,0.0,14.0,6.0,3.0,0.0,0.0,0.0,364.0,1.093
7.0,0.57,0.0,1.0,0.0,3.0,3.0,0.0,0.0,0.0,0.0,0.0,305.0
30.0,1.23,2.0,1.0,0.0,25.0,4.0,3.0,0.0,0.0,0.0,392.0,784.0
13.0,1.15,0.0,0.0,0.0,7.0,6.0,0.0,0.0,0.0,0.0,0.0,427.0
6.0,0.83,0.0,0.0,0.0,1.0,0.0,1.0,0.0,0.0,0.0,0.0,495.0
17.0,0.88,1.0,0.0,0.0,3.0,7.0,3.0,0.0,1.0,0.0,1.205,1.205
29.0,0.9,0.0,1.0,0.0,6.0,6.0,4.0,0.0,0.0,0.0,0.0,2.053
24.0,1.04,2.0,0.0,1.0,4.0,6.0,5.0,0.0,0.0,0.0,834.0,1.668
4.0,0.25,0.0,0.0,0.0,1.0,2.0,0.0,0.0,0.0,0.0,0.0,217.0
19.0,0.89,1.0,0.0,0.0,2.0,2.0,4.0,1.0,0.0,0.0,1.467,1.467
17.0,0.88,0.0,1.0,0.0,7.0,1.0,1.0,0.0,0.0,0.0,0.0,1.008
35.0,0.89,2.0,6.0,0.0,1.0,8.0,1.0,0.0,0.0,1.0,1.451,2.901
34.0,0.85,4.0,0.0,0.0,3.0,1.0,8.0,0.0,0.0,0.0,720.0,2.879
24.0,0.88,1.0,0.0,0.0,14.0,5.0,3.0,0.0,0.0,0.0,1.153,1.153
34.0,1.0,0.0,2.0,0.0,9.0,11.0,4.0,1.0,0.0,0.0,0.0,2.055
14.0,1.36,0.0,0.0,0.0,6.0,8.0,3.0,0.0,0.0,0.0,0.0,737.0
20.0,1.0,1.0,0.0,0.0,2.0,10.0,1.0,0.0,0.0,0.0,1.379,1.379
37.0,0.86,4.0,0.0,0.0,1.0,11.0,7.0,0.0,0.0,0.0,753.0,3.012
24.0,0.79,3.0,3.0,0.0,10.0,12.0,7.0,0.0,0.0,3.0,428.0,1.284
22.0,0.77,0.0,1.0,0.0,21.0,1.0,3.0,0.0,0.0,0.0,0.0,455.0
37.0,1.38,10.0,5.0,0.0,15.0,17.0,2.0,0.0,0.0,0.0,208.0,2.08
9.0,1.11,0.0,0.0,0.0,7.0,2.0,0.0,0.0,0.0,0.0,0.0,207.0
,,,,,,,,,,,,
34.0,0.91,4.0,5.0,0.0,10.0,15.0,0.0,0.0,0.0,0.0,520.0,2.08
26.0,0.92,3.0,0.0,0.0,7.0,17.0,2.0,0.0,1.0,0.0,476.0,1.428
29.0,0.79,1.0,1.0,0.0,19.0,10.0,5.0,0.0,0.0,0.0,1.106,1.106
15.0,0.53,1.0,1.0,0.0,12.0,5.0,4.0,0.0,0.0,0.0,443.0,443.0
2.0,,0.0,0.0,0.0,1.0,1.0,0.0,0.0,0.0,0.0,0.0,66.0
37.0,0.89,6.0,3.0,0.0,7.0,23.0,2.0,0.0,0.0,2.0,419.0,2.516
,,,,,,,,,,,,
,,,,,,,,,,,,
,,,,,,,,,,,,
35.0,0.69,0.0,1.0,0.0,7.0,10.0,4.0,0.0,1.0,0.0,0.0,2.583
32.0,1.22,1.0,0.0,0.0,2.0,5.0,3.0,0.0,0.0,0.0,2.619,2.619
30.0,1.1,0.0,0.0,0.0,0.0,4.0,2.0,0.0,0.0,0.0,0.0,2.528
24.0,1.21,0.0,2.0,0.0,6.0,4.0,2.0,0.0,1.0,0.0,0.0,1.532
1.0,1.0,0.0,0.0,0.0,1.0,0.0,0.0,0.0,0.0,0.0,0.0,2.0
38.0,1.05,2.0,5.0,0.0,9.0,9.0,6.0,0.0,0.0,0.0,1.328,2.656
38.0,1.0,0.0,4.0,0.0,4.0,12.0,8.0,0.0,0.0,0.0,0.0,2.989
5.0,1.0,0.0,0.0,0.0,4.0,1.0,0.0,0.0,0.0,0.0,0.0,132.0
21.0,0.71,0.0,0.0,0.0,15.0,4.0,1.0,0.0,0.0,0.0,0.0,750.0
,,,,,,,,,,,,
30.0,0.83,1.0,1.0,0.0,3.0,14.0,8.0,0.0,1.0,0.0,2.252,2.252
21.0,0.86,5.0,1.0,0.0,4.0,11.0,1.0,0.0,1.0,0.0,293.0,1.466
24.0,1.0,1.0,1.0,0.0,6.0,8.0,3.0,1.0,0.0,0.0,1.631,1.631
5.0,,0.0,0.0,0.0,5.0,0.0,0.0,0.0,0.0,0.0,0.0,101.0
40.0,1.08,0.0,6.0,0.0,10.0,20.0,11.0,0.0,0.0,0.0,0.0,2.653
12.0,1.75,1.0,1.0,0.0,9.0,1.0,1.0,0.0,0.0,0.0,372.0,372.0
42.0,1.0,2.0,3.0,1.0,4.0,8.0,5.0,0.0,0.0,0.0,1.697,3.393
21.0,1.05,2.0,3.0,0.0,7.0,13.0,3.0,0.0,0.0,0.0,544.0,1.088
,,,,,,,,,,,,
24.0,1.25,0.0,0.0,0.0,13.0,11.0,1.0,0.0,0.0,0.0,0.0,947.0
36.0,0.97,10.0,2.0,0.0,8.0,19.0,2.0,0.0,0.0,1.0,249.0,2.486
36.0,1.53,2.0,6.0,0.0,20.0,6.0,4.0,0.0,0.0,0.0,890.0,1.78
,,,,,,,,,,,,
12.0,1.5,3.0,0.0,0.0,6.0,6.0,3.0,0.0,0.0,0.0,161.0,482.0
,,,,,,,,,,,,
13.0,0.62,0.0,0.0,0.0,1.0,3.0,2.0,1.0,0.0,0.0,0.0,1.042
22.0,1.09,1.0,1.0,0.0,9.0,6.0,1.0,0.0,0.0,0.0,1.359,1.359
23.0,0.96,0.0,0.0,0.0,3.0,1.0,7.0,0.0,1.0,0.0,0.0,1.94
,,,,,,,,,,,,
16.0,2.25,0.0,0.0,0.0,10.0,0.0,3.0,0.0,0.0,0.0,0.0,726.0
0.0,,0.0,0.0,0.0,0.0,0.0,0.0,0.0,0.0,0.0,0.0,0.0
2.0,1.5,0.0,0.0,0.0,1.0,1.0,0.0,0.0,0.0,0.0,0.0,56.0
30.0,1.1,0.0,0.0,0.0,6.0,17.0,6.0,0.0,0.0,0.0,0.0,1.959
,,,,,,,,,,,,
,,,,,,,,,,,,
8.0,1.13,0.0,0.0,0.0,5.0,3.0,1.0,0.0,0.0,0.0,0.0,257.0
31.0,0.94,1.0,0.0,1.0,15.0,7.0,5.0,0.0,0.0,0.0,1.64,1.64
,,,,,,,,,,,,
21.0,0.86,1.0,2.0,0.0,6.0,7.0,2.0,1.0,0.0,0.0,1.298,1.298
28.0,1.04,1.0,3.0,0.0,1.0,7.0,11.0,1.0,0.0,0.0,2.403,2.403
31.0,1.23,3.0,1.0,0.0,10.0,17.0,6.0,0.0,0.0,0.0,577.0,1.73
11.0,1.09,1.0,2.0,0.0,5.0,5.0,1.0,0.0,0.0,0.0,517.0,517.0
28.0,0.86,2.0,3.0,0.0,10.0,14.0,0.0,0.0,0.0,1.0,767.0,1.534
31.0,0.87,0.0,1.0,0.0,4.0,20.0,5.0,1.0,0.0,0.0,0.0,2.127
,,,,,,,,,,,,
12.0,1.0,1.0,0.0,0.0,2.0,4.0,2.0,0.0,1.0,0.0,866.0,866.0
26.0,0.77,7.0,2.0,0.0,6.0,18.0,2.0,0.0,0.0,1.0,221.0,1.55
,,,,,,,,,,,,
35.0,0.97,5.0,1.0,0.0,22.0,12.0,3.0,0.0,0.0,0.0,281.0,1.404
,,,,,,,,,,,,
,,,,,,,,,,,,
8.0,1.75,3.0,0.0,0.0,2.0,5.0,0.0,0.0,0.0,0.0,145.0,434.0
11.0,0.82,0.0,0.0,0.0,6.0,2.0,2.0,0.0,0.0,0.0,0.0,471.0
27.0,0.7,0.0,1.0,0.0,2.0,7.0,5.0,0.0,0.0,0.0,0.0,2.177
32.0,0.63,1.0,1.0,0.0,2.0,6.0,14.0,0.0,0.0,0.0,2.656,2.656
16.0,1.75,1.0,0.0,1.0,5.0,2.0,1.0,0.0,0.0,0.0,1.099,1.099
16.0,0.56,0.0,0.0,0.0,4.0,4.0,5.0,0.0,0.0,0.0,0.0,1.079
22.0,0.55,0.0,1.0,0.0,8.0,9.0,2.0,0.0,1.0,0.0,0.0,1.243
,,,,,,,,,,,,
,,,,,,,,,,,,
36.0,0.64,1.0,3.0,0.0,5.0,13.0,10.0,0.0,0.0,0.0,2.68,2.68
20.0,1.1,5.0,3.0,0.0,2.0,8.0,6.0,0.0,0.0,0.0,307.0,1.537
13.0,1.08,1.0,0.0,0.0,1.0,6.0,2.0,0.0,0.0,0.0,986.0,986.0
36.0,0.58,1.0,0.0,0.0,7.0,13.0,8.0,0.0,0.0,0.0,2.646,2.646
21.0,1.1,0.0,0.0,0.0,13.0,8.0,0.0,0.0,0.0,0.0,0.0,735.0
,,,,,,,,,,,,
8.0,0.75,0.0,0.0,0.0,8.0,0.0,1.0,0.0,0.0,0.0,0.0,173.0
,,,,,,,,,,,,
,,,,,,,,,,,,
21.0,0.38,1.0,1.0,0.0,9.0,5.0,1.0,0.0,0.0,0.0,1.108,1.108
,,,,,,,,,,,,
18.0,0.5,0.0,0.0,0.0,14.0,4.0,0.0,0.0,0.0,0.0,0.0,506.0
21.0,0.81,3.0,0.0,0.0,9.0,9.0,5.0,1.0,0.0,0.0,332.0,997.0
13.0,0.92,0.0,0.0,0.0,9.0,2.0,0.0,0.0,0.0,0.0,0.0,490.0
23.0,0.83,1.0,4.0,0.0,11.0,9.0,2.0,0.0,0.0,0.0,1.066,1.066
33.0,0.42,5.0,2.0,0.0,8.0,15.0,3.0,0.0,0.0,0.0,455.0,2.276
35.0,0.69,4.0,2.0,0.0,17.0,14.0,3.0,0.0,0.0,3.0,431.0,1.722
,,,,,,,,,,,,
14.0,0.79,0.0,0.0,0.0,10.0,3.0,1.0,0.0,0.0,0.0,0.0,449.0
36.0,1.08,1.0,4.0,0.0,0.0,1.0,4.0,0.0,0.0,0.0,3.233,3.233
30.0,1.0,1.0,0.0,0.0,0.0,7.0,4.0,1.0,0.0,0.0,2.486,2.486
22.0,1.05,1.0,1.0,0.0,8.0,8.0,4.0,0.0,0.0,0.0,1.157,1.157
19.0,1.16,1.0,0.0,0.0,7.0,3.0,4.0,0.0,0.0,0.0,1.224,1.224
40.0,1.05,0.0,8.0,0.0,8.0,10.0,3.0,0.0,0.0,0.0,0.0,2.897
39.0,1.08,2.0,0.0,0.0,2.0,5.0,5.0,0.0,0.0,0.0,1.611,3.221
14.0,0.93,1.0,0.0,0.0,5.0,8.0,1.0,0.0,0.0,0.0,686.0,686.0
33.0,1.09,0.0,3.0,0.0,6.0,19.0,1.0,1.0,0.0,0.0,0.0,2.197
34.0,1.0,3.0,2.0,0.0,19.0,10.0,4.0,0.0,0.0,2.0,503.0,1.51
37.0,1.11,1.0,2.0,0.0,10.0,14.0,3.0,1.0,0.0,0.0,2.456,2.456
31.0,0.97,2.0,1.0,0.0,14.0,13.0,7.0,0.0,0.0,0.0,740.0,1.48
,,,,,,,,,,,,
30.0,0.97,2.0,4.0,0.0,20.0,10.0,0.0,0.0,0.0,0.0,562.0,1.124
,,,,,,,,,,,,
28.0,1.32,4.0,8.0,0.0,7.0,15.0,3.0,0.0,0.0,0.0,453.0,1.81
22.0,0.91,0.0,3.0,0.0,12.0,9.0,1.0,0.0,0.0,0.0,0.0,1.011
,,,,,,,,,,,,
28.0,1.07,2.0,2.0,0.0,8.0,15.0,2.0,0.0,0.0,0.0,855.0,1.71
11.0,1.27,3.0,0.0,0.0,6.0,1.0,1.0,0.0,0.0,0.0,178.0,535.0
28.0,1.0,3.0,0.0,0.0,26.0,2.0,5.0,0.0,0.0,0.0,167.0,502.0
38.0,0.89,2.0,0.0,0.0,0.0,0.0,3.0,0.0,0.0,0.0,1.71,3.42
,,,,,,,,,,,,
22.0,0.95,0.0,0.0,0.0,3.0,3.0,0.0,0.0,0.0,0.0,0.0,1.658
14.0,0.93,1.0,0.0,1.0,2.0,1.0,2.0,0.0,0.0,0.0,1.165,1.165
33.0,1.52,2.0,0.0,0.0,1.0,2.0,7.0,0.0,0.0,0.0,1.452,2.904
,,,,,,,,,,,,
11.0,0.64,0.0,0.0,0.0,8.0,2.0,3.0,0.0,0.0,0.0,0.0,341.0
34.0,1.32,1.0,2.0,0.0,0.0,7.0,6.0,0.0,0.0,0.0,2.933,2.933
,,,,,,,,,,,,
28.0,0.71,0.0,2.0,0.0,12.0,3.0,4.0,1.0,0.0,0.0,0.0,1.706
,,,,,,,,,,,,
,,,,,,,,,,,,
20.0,1.05,0.0,4.0,0.0,7.0,9.0,0.0,0.0,0.0,0.0,0.0,1.126
37.0,0.84,0.0,1.0,0.0,8.0,13.0,3.0,0.0,0.0,0.0,0.0,2.583
,,,,,,,,,,,,
17.0,0.59,0.0,1.0,0.0,11.0,5.0,5.0,0.0,0.0,0.0,0.0,684.0
,,,,,2.0,,,,,,,
3.0,1.0,0.0,0.0,0.0,2.0,1.0,0.0,0.0,0.0,0.0,0.0,106.0
17.0,0.71,0.0,2.0,0.0,10.0,7.0,1.0,0.0,0.0,0.0,0.0,684.0
19.0,0.95,2.0,0.0,0.0,11.0,8.0,3.0,0.0,0.0,1.0,366.0,732.0
,,,,,,,,,,,,
28.0,0.79,1.0,0.0,0.0,21.0,7.0,3.0,0.0,1.0,0.0,822.0,822.0
,,,,,,,,,,,,
37.0,0.92,4.0,2.0,0.0,15.0,18.0,4.0,0.0,0.0,0.0,488.0,1.952
,,,,,,,,,,,,
,,,,,2.0,,,,,,,
37.0,0.89,12.0,4.0,0.0,0.0,14.0,6.0,0.0,0.0,2.0,256.0,3.072
4.0,0.25,0.0,0.0,0.0,4.0,0.0,0.0,0.0,0.0,0.0,0.0,50.0
1.0,3.0,1.0,0.0,0.0,0.0,0.0,0.0,0.0,0.0,0.0,90.0,90.0
36.0,0.72,2.0,0.0,0.0,0.0,1.0,5.0,0.0,0.0,0.0,1.609,3.218
19.0,0.95,0.0,0.0,0.0,4.0,3.0,2.0,0.0,0.0,0.0,0.0,1.392
17.0,0.59,1.0,0.0,0.0,1.0,1.0,1.0,0.0,0.0,0.0,1.404,1.404
26.0,1.08,1.0,2.0,0.0,2.0,3.0,5.0,0.0,0.0,0.0,2.125,2.125
9.0,1.0,0.0,0.0,0.0,3.0,6.0,2.0,0.0,0.0,0.0,0.0,389.0
16.0,0.81,1.0,0.0,0.0,4.0,4.0,4.0,0.0,0.0,0.0,1.132,1.132
,,,,,,,,,,,,
8.0,0.63,0.0,1.0,0.0,5.0,3.0,2.0,0.0,0.0,0.0,0.0,223.0
,,,,,,,,,,,,
,,,,,,,,,,,,
,,,,,,,,,,,,
,,,,,,,,,,,,
33.0,0.82,2.0,0.0,0.0,5.0,12.0,4.0,0.0,0.0,0.0,1.264,2.527
37.0,0.92,5.0,2.0,0.0,8.0,22.0,11.0,0.0,0.0,0.0,501.0,2.505
35.0,0.83,2.0,2.0,0.0,7.0,17.0,2.0,0.0,0.0,0.0,1.197,2.394
17.0,0.53,0.0,0.0,0.0,4.0,7.0,2.0,0.0,0.0,0.0,0.0,1.023
,,,,,,,,,,,,
9.0,0.89,0.0,0.0,0.0,8.0,1.0,0.0,0.0,0.0,0.0,0.0,145.0
9.0,0.67,0.0,0.0,0.0,8.0,1.0,2.0,0.0,0.0,0.0,0.0,159.0
36.0,0.78,3.0,3.0,0.0,7.0,25.0,3.0,0.0,0.0,0.0,773.0,2.319
32.0,0.84,1.0,2.0,0.0,22.0,9.0,6.0,0.0,0.0,0.0,1.122,1.122
8.0,,0.0,1.0,0.0,4.0,2.0,1.0,0.0,0.0,0.0,0.0,378.0
21.0,1.14,1.0,2.0,0.0,4.0,4.0,3.0,0.0,0.0,0.0,1.537,1.537
20.0,1.2,3.0,0.0,0.0,10.0,9.0,1.0,1.0,0.0,0.0,283.0,850.0
29.0,0.76,2.0,1.0,0.0,22.0,6.0,0.0,0.0,0.0,1.0,402.0,804.0
20.0,0.85,0.0,1.0,0.0,13.0,5.0,0.0,0.0,0.0,0.0,0.0,680.0
30.0,2.13,2.0,2.0,0.0,6.0,0.0,3.0,0.0,0.0,0.0,1.13,2.26
,,,,,,,,,,,,
3.0,1.0,0.0,0.0,0.0,3.0,0.0,0.0,0.0,0.0,0.0,0.0,62.0
,,,,,,,,,,,,
24.0,2.21,0.0,0.0,0.0,2.0,2.0,3.0,0.0,0.0,0.0,0.0,1.96
31.0,2.13,1.0,1.0,0.0,4.0,7.0,5.0,0.0,0.0,0.0,2.338,2.338
,,,,,,,,,,,,
37.0,2.22,0.0,7.0,1.0,4.0,2.0,3.0,0.0,0.0,0.0,0.0,3.053
14.0,2.29,0.0,0.0,0.0,7.0,6.0,5.0,0.0,0.0,0.0,0.0,474.0
35.0,2.23,4.0,4.0,0.0,2.0,9.0,4.0,0.0,0.0,0.0,697.0,2.786
,,,,,,,,,,,,
24.0,2.25,0.0,2.0,0.0,5.0,19.0,2.0,0.0,0.0,0.0,0.0,1.455
19.0,1.37,1.0,1.0,0.0,11.0,7.0,2.0,0.0,0.0,0.0,668.0,668.0
23.0,2.35,1.0,2.0,0.0,12.0,7.0,5.0,0.0,0.0,0.0,1.072,1.072
38.0,2.16,1.0,0.0,0.0,22.0,9.0,3.0,0.0,0.0,0.0,1.765,1.765
24.0,2.17,7.0,4.0,0.0,1.0,7.0,5.0,0.0,0.0,1.0,289.0,2.022
21.0,2.0,4.0,6.0,0.0,10.0,10.0,5.0,0.0,1.0,0.0,223.0,892.0
19.0,1.21,2.0,0.0,0.0,17.0,3.0,2.0,0.0,0.0,1.0,190.0,380.0
,,,,,,,,,,,,
29.0,2.38,6.0,14.0,0.0,4.0,16.0,4.0,0.0,0.0,1.0,378.0,2.266
35.0,2.03,10.0,5.0,0.0,23.0,9.0,1.0,0.0,0.0,0.0,148.0,1.484
,,,,,,,,,,,,
5.0,1.4,0.0,0.0,0.0,3.0,2.0,0.0,0.0,0.0,0.0,0.0,174.0
27.0,2.19,7.0,4.0,0.0,16.0,10.0,2.0,0.0,0.0,2.0,155.0,1.082
37.0,1.97,3.0,3.0,0.0,1.0,5.0,6.0,0.0,0.0,0.0,1.06,3.18
,,,,,,,,,,,,
26.0,2.0,2.0,0.0,0.0,11.0,8.0,8.0,0.0,0.0,1.0,655.0,1.309
36.0,2.0,2.0,2.0,0.0,1.0,5.0,8.0,0.0,0.0,0.0,1.561,3.122
,,,,,,,,,,,,
,,,,,,,,,,,,
33.0,1.61,3.0,1.0,0.0,14.0,7.0,3.0,0.0,0.0,0.0,612.0,1.835
,,,,,,,,,,,,
3.0,1.67,0.0,0.0,0.0,0.0,2.0,0.0,0.0,0.0,0.0,0.0,238.0
35.0,2.14,1.0,2.0,1.0,3.0,8.0,10.0,0.0,1.0,0.0,2.691,2.691
28.0,1.86,1.0,1.0,0.0,16.0,6.0,4.0,0.0,0.0,0.0,1.183,1.183
26.0,1.88,0.0,2.0,0.0,19.0,6.0,4.0,0.0,0.0,0.0,0.0,841.0
34.0,2.0,1.0,1.0,0.0,19.0,7.0,1.0,0.0,0.0,0.0,1.601,1.601
39.0,2.03,4.0,6.0,0.0,14.0,16.0,2.0,0.0,0.0,0.0,594.0,2.374
35.0,2.11,6.0,5.0,0.0,2.0,15.0,7.0,0.0,1.0,0.0,432.0,2.59
,,,,,,,,,,,,
11.0,1.27,2.0,1.0,0.0,6.0,4.0,1.0,0.0,0.0,0.0,254.0,508.0
23.0,1.3,2.0,1.0,0.0,14.0,6.0,0.0,0.0,0.0,1.0,418.0,835.0
,,,,,,,,,,,,
19.0,1.47,3.0,0.0,0.0,12.0,7.0,5.0,0.0,0.0,0.0,199.0,597.0
,,,,,,,,,,,,
29.0,1.83,3.0,2.0,0.0,5.0,3.0,6.0,0.0,1.0,0.0,726.0,2.179
36.0,1.78,2.0,1.0,0.0,1.0,0.0,8.0,0.0,0.0,0.0,1.577,3.153
,,,,,,,,,,,,
36.0,1.75,1.0,2.0,0.0,2.0,6.0,7.0,0.0,0.0,0.0,3.014,3.014
2.0,2.0,0.0,0.0,0.0,2.0,0.0,0.0,0.0,0.0,0.0,0.0,14.0
2.0,1.0,0.0,0.0,0.0,1.0,0.0,0.0,0.0,0.0,0.0,0.0,116.0
,,,,,,,,,,,,
,,,,,,,,,,,,
31.0,1.74,5.0,1.0,0.0,11.0,11.0,7.0,1.0,0.0,0.0,369.0,1.843
,,,,,,,,,,,,
35.0,1.74,7.0,9.0,0.0,2.0,3.0,6.0,0.0,0.0,3.0,422.0,2.955
,,,,,,,,,,,,
18.0,1.56,3.0,3.0,0.0,11.0,6.0,3.0,0.0,0.0,0.0,234.0,702.0
,,,,,,,,,,,,
,,,,,,,,,,,,
,,,,,,,,,,,,
7.0,0.86,0.0,0.0,0.0,1.0,3.0,0.0,0.0,0.0,0.0,0.0,471.0
33.0,1.82,2.0,3.0,0.0,6.0,16.0,7.0,0.0,0.0,0.0,1.089,2.178
37.0,1.68,18.0,2.0,0.0,3.0,17.0,8.0,0.0,0.0,1.0,160.0,2.883
25.0,1.72,1.0,3.0,0.0,19.0,6.0,0.0,0.0,0.0,0.0,680.0,680.0
32.0,1.69,2.0,2.0,0.0,17.0,14.0,7.0,0.0,0.0,0.0,697.0,1.394
28.0,1.36,5.0,0.0,0.0,16.0,10.0,2.0,0.0,1.0,1.0,248.0,1.24
21.0,1.81,5.0,1.0,0.0,11.0,10.0,4.0,0.0,0.0,0.0,188.0,942.0
24.0,1.83,1.0,1.0,0.0,18.0,6.0,1.0,0.0,0.0,0.0,656.0,656.0
32.0,1.5,2.0,0.0,0.0,4.0,3.0,3.0,0.0,0.0,0.0,1.252,2.503
31.0,1.1,1.0,0.0,0.0,6.0,4.0,7.0,0.0,0.0,0.0,2.299,2.299
,,,,,,,,,,,,
31.0,1.42,2.0,3.0,0.0,2.0,6.0,6.0,0.0,1.0,0.0,1.25,2.5
,,,,,,,,,,,,
33.0,1.45,1.0,2.0,0.0,9.0,6.0,8.0,0.0,0.0,0.0,2.238,2.238
27.0,1.37,2.0,0.0,0.0,8.0,16.0,7.0,0.0,0.0,0.0,837.0,1.674
5.0,1.2,0.0,0.0,0.0,4.0,0.0,1.0,0.0,0.0,0.0,0.0,121.0
35.0,1.4,2.0,1.0,0.0,6.0,10.0,6.0,0.0,0.0,0.0,1.289,2.577
19.0,1.63,0.0,2.0,0.0,0.0,8.0,6.0,0.0,0.0,0.0,0.0,1.548
38.0,1.29,1.0,8.0,0.0,10.0,17.0,2.0,0.0,0.0,0.0,2.475,2.475
36.0,1.36,3.0,4.0,0.0,10.0,11.0,5.0,0.0,0.0,0.0,785.0,2.356
27.0,1.52,0.0,1.0,0.0,24.0,2.0,2.0,0.0,1.0,0.0,0.0,626.0
28.0,1.32,2.0,4.0,0.0,11.0,17.0,5.0,0.0,0.0,0.0,647.0,1.293
30.0,1.27,1.0,7.0,0.0,11.0,15.0,3.0,0.0,0.0,0.0,1.589,1.589
22.0,1.23,1.0,0.0,0.0,11.0,9.0,2.0,0.0,0.0,0.0,1.027,1.027
27.0,1.26,5.0,2.0,0.0,11.0,12.0,2.0,0.0,0.0,0.0,270.0,1.349
35.0,1.06,15.0,3.0,0.0,1.0,18.0,1.0,0.0,0.0,5.0,194.0,2.913
36.0,1.22,9.0,3.0,0.0,12.0,15.0,8.0,0.0,0.0,3.0,250.0,2.25
25.0,1.32,2.0,1.0,0.0,14.0,11.0,4.0,0.0,0.0,0.0,463.0,925.0
26.0,1.04,0.0,0.0,1.0,5.0,5.0,3.0,0.0,0.0,0.0,0.0,1.812
,,,,,,,,,,,,
29.0,1.17,2.0,1.0,0.0,5.0,8.0,8.0,0.0,0.0,0.0,1.072,2.143
26.0,1.15,1.0,1.0,0.0,2.0,2.0,6.0,1.0,0.0,0.0,2.192,2.192
13.0,1.46,0.0,0.0,0.0,1.0,2.0,2.0,0.0,1.0,0.0,0.0,922.0
9.0,1.44,0.0,1.0,0.0,2.0,2.0,2.0,1.0,0.0,0.0,0.0,676.0
34.0,1.68,0.0,2.0,0.0,10.0,17.0,3.0,0.0,0.0,0.0,0.0,1.968
27.0,1.3,3.0,1.0,0.0,7.0,10.0,6.0,0.0,1.0,0.0,565.0,1.695
35.0,1.14,4.0,3.0,0.0,10.0,12.0,9.0,1.0,0.0,0.0,550.0,2.201
,,,,,,,,,,,,
32.0,1.22,2.0,1.0,0.0,7.0,12.0,6.0,0.0,0.0,0.0,1.076,2.151
27.0,1.07,1.0,1.0,0.0,5.0,8.0,5.0,0.0,0.0,0.0,1.97,1.97
,,,,,,,,,,,,
14.0,1.14,0.0,1.0,0.0,4.0,5.0,1.0,0.0,0.0,0.0,0.0,855.0
38.0,1.05,1.0,1.0,0.0,21.0,11.0,4.0,0.0,1.0,0.0,1.735,1.735
,,,,,,,,,,,,
28.0,1.21,0.0,1.0,0.0,15.0,11.0,6.0,0.0,0.0,0.0,0.0,1.206
,,,,,,,,,,,,
,,,,,,,,,,,,
33.0,1.21,3.0,6.0,0.0,9.0,19.0,8.0,0.0,0.0,1.0,646.0,1.937
,,,,,,,,,,,,
15.0,0.87,1.0,0.0,0.0,9.0,5.0,2.0,0.0,0.0,0.0,515.0,515.0
23.0,1.17,5.0,4.0,0.0,3.0,9.0,4.0,0.0,0.0,1.0,354.0,1.77
24.0,1.33,5.0,0.0,0.0,6.0,11.0,5.0,1.0,0.0,1.0,324.0,1.62
35.0,1.17,8.0,3.0,0.0,11.0,16.0,1.0,0.0,0.0,1.0,262.0,2.094
26.0,0.73,2.0,1.0,0.0,19.0,4.0,1.0,0.0,0.0,0.0,420.0,839.0
33.0,1.61,1.0,0.0,1.0,4.0,5.0,9.0,0.0,0.0,0.0,2.59,2.59
29.0,1.76,1.0,1.0,0.0,2.0,4.0,3.0,0.0,0.0,0.0,2.363,2.363
24.0,1.38,3.0,0.0,0.0,5.0,0.0,5.0,1.0,0.0,0.0,609.0,1.826
37.0,1.7,1.0,1.0,1.0,0.0,2.0,8.0,1.0,0.0,0.0,3.209,3.209
18.0,1.5,1.0,2.0,0.0,1.0,10.0,5.0,0.0,0.0,0.0,1.287,1.287
7.0,1.0,0.0,0.0,0.0,4.0,1.0,1.0,0.0,0.0,0.0,0.0,429.0
,,,,,,,,,,,,
26.0,1.27,3.0,3.0,0.0,5.0,3.0,5.0,0.0,0.0,0.0,635.0,1.905
34.0,1.65,3.0,4.0,0.0,12.0,15.0,9.0,0.0,0.0,0.0,658.0,1.973
32.0,1.72,2.0,0.0,0.0,10.0,8.0,4.0,2.0,0.0,0.0,995.0,1.99
33.0,1.73,1.0,4.0,0.0,5.0,14.0,6.0,0.0,0.0,0.0,2.422,2.422
33.0,1.48,7.0,2.0,0.0,5.0,7.0,7.0,0.0,0.0,0.0,352.0,2.467
19.0,1.47,3.0,1.0,0.0,14.0,3.0,2.0,0.0,0.0,0.0,209.0,628.0
22.0,1.55,0.0,1.0,0.0,11.0,8.0,4.0,0.0,0.0,0.0,0.0,932.0
,,,,,,,,,,,,
30.0,1.13,2.0,2.0,0.0,1.0,10.0,8.0,1.0,0.0,0.0,1.266,2.531
30.0,1.5,9.0,3.0,0.0,7.0,17.0,6.0,0.0,0.0,1.0,219.0,1.97
25.0,0.96,0.0,1.0,0.0,7.0,2.0,2.0,0.0,0.0,0.0,0.0,1.723
38.0,1.66,4.0,13.0,0.0,10.0,25.0,4.0,0.0,0.0,0.0,541.0,2.164
34.0,1.5,7.0,9.0,0.0,19.0,9.0,5.0,0.0,0.0,0.0,241.0,1.687
32.0,1.66,1.0,4.0,0.0,11.0,13.0,3.0,0.0,0.0,0.0,1.886,1.886
28.0,1.68,2.0,2.0,0.0,21.0,6.0,10.0,0.0,0.0,0.0,478.0,956.0
,,,,,,,,,,,,
28.0,1.32,6.0,1.0,0.0,10.0,15.0,2.0,0.0,0.0,0.0,225.0,1.35
25.0,1.2,0.0,2.0,0.0,2.0,3.0,5.0,0.0,0.0,0.0,0.0,2.009
34.0,1.06,3.0,2.0,0.0,0.0,0.0,4.0,0.0,0.0,0.0,1.02,3.06
26.0,1.31,0.0,0.0,0.0,4.0,3.0,4.0,1.0,1.0,0.0,0.0,1.979
22.0,1.14,0.0,1.0,0.0,4.0,4.0,5.0,0.0,0.0,0.0,0.0,1.626
1.0,,0.0,0.0,0.0,1.0,0.0,0.0,0.0,0.0,0.0,0.0,1.0
15.0,1.47,1.0,4.0,0.0,5.0,4.0,1.0,0.0,0.0,0.0,965.0,965.0
27.0,1.04,0.0,2.0,0.0,7.0,5.0,1.0,1.0,0.0,0.0,0.0,1.773
,,,,,,,,,,,,
30.0,1.13,0.0,0.0,0.0,11.0,11.0,9.0,0.0,0.0,0.0,0.0,1.741
,,,,,,,,,,,,
9.0,1.22,0.0,0.0,0.0,7.0,1.0,0.0,0.0,0.0,0.0,0.0,218.0
38.0,1.18,3.0,2.0,0.0,1.0,13.0,5.0,0.0,0.0,0.0,1.044,3.133
18.0,1.44,0.0,0.0,0.0,10.0,6.0,1.0,0.0,0.0,0.0,0.0,756.0
14.0,1.57,0.0,0.0,0.0,5.0,9.0,2.0,0.0,0.0,0.0,0.0,703.0
19.0,1.26,1.0,0.0,0.0,8.0,8.0,8.0,0.0,1.0,0.0,916.0,916.0
4.0,1.0,0.0,0.0,0.0,3.0,1.0,1.0,0.0,0.0,0.0,0.0,89.0
30.0,1.2,6.0,1.0,0.0,3.0,8.0,4.0,0.0,1.0,2.0,372.0,2.229
13.0,1.0,1.0,0.0,0.0,6.0,7.0,0.0,0.0,0.0,0.0,555.0,555.0
,,,,,,,,,,,,
32.0,1.0,4.0,1.0,0.0,10.0,17.0,4.0,0.0,0.0,0.0,499.0,1.995
,,,,,,,,,,,,
18.0,1.06,2.0,0.0,0.0,12.0,6.0,3.0,0.0,0.0,0.0,363.0,726.0
36.0,1.14,3.0,4.0,0.0,12.0,19.0,1.0,0.0,0.0,2.0,707.0,2.121
22.0,0.59,1.0,0.0,0.0,16.0,6.0,0.0,0.0,0.0,0.0,580.0,580.0
,,,,,,,,,,,,
,,,,,,,,,,,,
,,,,,,,,,,,,
36.0,1.11,1.0,0.0,0.0,0.0,2.0,9.0,0.0,0.0,0.0,3.179,3.179
,,,,,,,,,,,,
19.0,0.89,0.0,0.0,0.0,1.0,6.0,5.0,0.0,0.0,0.0,0.0,1.447
,,,,,,,,,,,,
1.0,1.0,0.0,0.0,0.0,0.0,1.0,0.0,0.0,0.0,0.0,0.0,16.0
18.0,1.39,0.0,0.0,0.0,6.0,2.0,2.0,0.0,0.0,0.0,0.0,1.14
12.0,1.17,2.0,0.0,0.0,1.0,2.0,0.0,0.0,0.0,0.0,462.0,924.0
9.0,2.0,0.0,1.0,0.0,6.0,0.0,2.0,0.0,0.0,0.0,0.0,401.0
,,,,,,,,,,,,
26.0,1.12,2.0,4.0,0.0,1.0,5.0,4.0,0.0,0.0,1.0,1.082,2.163
4.0,1.5,0.0,0.0,0.0,0.0,2.0,0.0,1.0,0.0,0.0,0.0,308.0
32.0,1.25,1.0,2.0,0.0,2.0,13.0,2.0,0.0,1.0,0.0,2.44,2.44
23.0,0.96,1.0,0.0,0.0,5.0,6.0,4.0,0.0,0.0,0.0,1.588,1.588
16.0,1.06,3.0,1.0,0.0,3.0,2.0,3.0,0.0,0.0,1.0,396.0,1.188
26.0,1.08,2.0,1.0,0.0,5.0,11.0,5.0,0.0,1.0,0.0,860.0,1.719
21.0,1.19,1.0,1.0,0.0,8.0,6.0,2.0,0.0,1.0,0.0,1.173,1.173
,,,,,,,,,,,,
,,,,,,,,,,,,
14.0,1.5,2.0,1.0,0.0,5.0,4.0,3.0,0.0,1.0,1.0,399.0,798.0
34.0,1.21,3.0,5.0,0.0,20.0,9.0,2.0,0.0,0.0,0.0,574.0,1.723
22.0,1.09,1.0,0.0,0.0,10.0,11.0,4.0,0.0,0.0,0.0,1.069,1.069
,,,,,,,,,,,,
22.0,0.91,2.0,1.0,0.0,8.0,12.0,1.0,0.0,0.0,0.0,577.0,1.154
9.0,1.33,1.0,1.0,0.0,5.0,5.0,1.0,0.0,0.0,0.0,366.0,366.0
,,,,,,,,,,,,
37.0,1.05,5.0,4.0,0.0,9.0,22.0,3.0,0.0,0.0,0.0,456.0,2.28
18.0,1.11,0.0,1.0,0.0,8.0,9.0,5.0,0.0,0.0,0.0,0.0,876.0
21.0,1.1,1.0,0.0,0.0,16.0,5.0,1.0,0.0,0.0,0.0,698.0,698.0
24.0,1.67,8.0,1.0,0.0,4.0,6.0,1.0,0.0,1.0,0.0,204.0,1.635
40.0,1.5,0.0,1.0,1.0,1.0,4.0,5.0,0.0,0.0,0.0,0.0,3.493
37.0,1.49,0.0,2.0,0.0,7.0,4.0,9.0,0.0,0.0,0.0,0.0,2.8
38.0,1.53,4.0,2.0,1.0,1.0,6.0,3.0,0.0,0.0,0.0,792.0,3.166
11.0,1.0,0.0,0.0,0.0,3.0,2.0,1.0,0.0,0.0,0.0,0.0,758.0
31.0,1.61,1.0,3.0,1.0,7.0,11.0,3.0,0.0,1.0,0.0,2.038,2.038
31.0,1.13,1.0,1.0,0.0,12.0,8.0,4.0,0.0,0.0,0.0,1.709,1.709
25.0,1.6,2.0,0.0,0.0,2.0,4.0,3.0,0.0,0.0,0.0,1.036,2.072
32.0,1.5,1.0,5.0,0.0,14.0,13.0,3.0,1.0,0.0,0.0,1.576,1.576
27.0,1.3,1.0,0.0,0.0,1.0,14.0,8.0,0.0,0.0,0.0,2.181,2.181
21.0,1.57,0.0,0.0,0.0,15.0,4.0,6.0,0.0,0.0,0.0,0.0,746.0
36.0,1.42,2.0,5.0,0.0,3.0,14.0,10.0,0.0,1.0,0.0,1.348,2.695
40.0,1.48,4.0,5.0,0.0,10.0,20.0,7.0,0.0,0.0,0.0,617.0,2.469
26.0,1.38,3.0,0.0,0.0,11.0,14.0,2.0,0.0,0.0,0.0,418.0,1.254
33.0,1.64,1.0,1.0,0.0,14.0,9.0,8.0,1.0,0.0,0.0,1.634,1.634
38.0,1.32,5.0,6.0,0.0,5.0,13.0,4.0,0.0,1.0,0.0,582.0,2.911
38.0,1.47,2.0,1.0,0.0,12.0,16.0,13.0,0.0,0.0,0.0,1.214,2.428
32.0,1.34,2.0,3.0,0.0,7.0,16.0,1.0,0.0,0.0,0.0,1.059,2.118
39.0,1.49,4.0,4.0,0.0,18.0,14.0,6.0,0.0,0.0,0.0,520.0,2.081
32.0,1.13,4.0,3.0,0.0,22.0,7.0,3.0,0.0,0.0,0.0,327.0,1.308
38.0,1.63,13.0,1.0,0.0,4.0,23.0,3.0,0.0,0.0,5.0,213.0,2.765
23.0,1.83,2.0,2.0,0.0,16.0,7.0,3.0,0.0,0.0,0.0,365.0,730.0
22.0,1.23,2.0,2.0,0.0,13.0,7.0,3.0,0.0,0.0,1.0,444.0,887.0
30.0,1.17,20.0,3.0,0.0,3.0,14.0,2.0,1.0,0.0,8.0,119.0,2.378
26.0,1.27,1.0,0.0,0.0,4.0,7.0,5.0,0.0,0.0,0.0,2.007,2.007
36.0,1.22,1.0,2.0,0.0,5.0,0.0,9.0,0.0,0.0,0.0,2.831,2.831
27.0,1.11,1.0,1.0,0.0,4.0,5.0,4.0,0.0,1.0,0.0,1.938,1.938
20.0,1.1,0.0,1.0,0.0,5.0,1.0,4.0,0.0,1.0,0.0,0.0,1.378
25.0,1.4,1.0,2.0,1.0,5.0,3.0,4.0,0.0,1.0,0.0,1.69,1.69
7.0,1.14,0.0,0.0,0.0,2.0,1.0,2.0,0.0,0.0,0.0,0.0,485.0
5.0,1.0,0.0,0.0,0.0,2.0,2.0,0.0,0.0,0.0,0.0,0.0,230.0
7.0,0.86,0.0,0.0,0.0,4.0,4.0,0.0,0.0,0.0,0.0,0.0,256.0
31.0,1.16,1.0,0.0,0.0,6.0,20.0,6.0,0.0,1.0,0.0,2.014,2.014
13.0,1.31,2.0,0.0,0.0,7.0,2.0,3.0,0.0,0.0,0.0,298.0,595.0
26.0,1.27,2.0,2.0,0.0,8.0,15.0,2.0,0.0,1.0,0.0,721.0,1.441
35.0,1.17,1.0,3.0,0.0,2.0,11.0,4.0,0.0,0.0,0.0,2.9,2.9
36.0,1.14,9.0,10.0,0.0,1.0,10.0,10.0,0.0,1.0,5.0,339.0,3.049
35.0,1.2,4.0,0.0,0.0,1.0,9.0,11.0,0.0,0.0,0.0,715.0,2.86
30.0,1.17,1.0,0.0,1.0,10.0,8.0,6.0,0.0,0.0,0.0,1.916,1.916
26.0,1.27,0.0,1.0,0.0,15.0,7.0,5.0,0.0,0.0,0.0,0.0,1.062
18.0,1.33,0.0,1.0,0.0,14.0,5.0,4.0,0.0,0.0,0.0,0.0,566.0
7.0,0.86,0.0,3.0,0.0,1.0,4.0,1.0,0.0,1.0,0.0,0.0,471.0
28.0,0.96,2.0,3.0,0.0,19.0,11.0,1.0,0.0,0.0,0.0,469.0,938.0
30.0,1.17,5.0,3.0,0.0,6.0,23.0,3.0,0.0,0.0,0.0,369.0,1.846
19.0,0.63,0.0,0.0,0.0,13.0,5.0,1.0,0.0,0.0,0.0,0.0,669.0
26.0,1.42,5.0,0.0,0.0,9.0,12.0,0.0,0.0,1.0,0.0,295.0,1.475
24.0,1.08,4.0,2.0,0.0,16.0,7.0,4.0,0.0,0.0,1.0,242.0,966.0
26.0,1.04,3.0,4.0,0.0,13.0,12.0,2.0,0.0,1.0,0.0,395.0,1.185
26.0,1.0,0.0,0.0,0.0,3.0,3.0,4.0,0.0,0.0,0.0,0.0,2.051
33.0,1.39,1.0,0.0,0.0,0.0,2.0,7.0,0.0,0.0,0.0,2.941,2.941
,,,,,,,,,,,,
,,,,,,,,,,,,
,,,,,,,,,,,,
9.0,1.22,0.0,0.0,0.0,8.0,0.0,1.0,0.0,0.0,0.0,0.0,243.0
15.0,0.93,1.0,0.0,0.0,7.0,7.0,3.0,0.0,0.0,0.0,677.0,677.0
,,,,,,,,,,,,
,,,,,,,,,,,,
27.0,1.22,2.0,0.0,0.0,13.0,6.0,2.0,0.0,1.0,0.0,708.0,1.416
35.0,1.2,1.0,2.0,0.0,1.0,11.0,14.0,0.0,0.0,0.0,2.906,2.906
11.0,2.27,0.0,0.0,0.0,11.0,0.0,2.0,0.0,0.0,0.0,0.0,150.0
30.0,1.27,0.0,3.0,0.0,10.0,12.0,3.0,0.0,0.0,0.0,0.0,1.793
38.0,1.24,4.0,6.0,0.0,0.0,13.0,4.0,0.0,0.0,0.0,787.0,3.146
30.0,1.37,1.0,1.0,0.0,10.0,15.0,8.0,0.0,0.0,0.0,1.726,1.726
11.0,0.64,1.0,0.0,0.0,8.0,3.0,2.0,0.0,0.0,0.0,301.0,301.0
27.0,1.22,1.0,4.0,0.0,8.0,16.0,3.0,0.0,0.0,1.0,1.539,1.539
19.0,1.21,1.0,1.0,0.0,14.0,5.0,3.0,0.0,0.0,0.0,511.0,511.0
32.0,1.56,7.0,1.0,0.0,15.0,16.0,3.0,0.0,0.0,1.0,220.0,1.541
35.0,1.14,7.0,1.0,0.0,8.0,23.0,1.0,0.0,0.0,0.0,319.0,2.232
29.0,1.21,3.0,2.0,0.0,19.0,9.0,3.0,0.0,0.0,0.0,388.0,1.163
22.0,1.41,5.0,1.0,0.0,15.0,7.0,6.0,0.0,0.0,1.0,156.0,779.0
23.0,1.39,1.0,2.0,0.0,3.0,2.0,2.0,0.0,2.0,0.0,1.797,1.797
19.0,1.16,0.0,1.0,0.0,4.0,6.0,3.0,0.0,0.0,0.0,0.0,1.263
37.0,1.22,3.0,1.0,0.0,0.0,2.0,11.0,0.0,0.0,0.0,1.098,3.295
21.0,1.14,1.0,0.0,1.0,6.0,3.0,3.0,0.0,0.0,0.0,1.38,1.38
,,,,,,,,,,,,
35.0,1.2,0.0,0.0,0.0,9.0,9.0,2.0,0.0,0.0,0.0,0.0,2.386
38.0,1.18,0.0,2.0,0.0,3.0,6.0,10.0,0.0,0.0,0.0,0.0,3.11
3.0,0.67,0.0,0.0,0.0,1.0,1.0,1.0,0.0,0.0,0.0,0.0,177.0
34.0,1.24,4.0,2.0,0.0,2.0,10.0,8.0,0.0,0.0,0.0,709.0,2.834
,,,,,,,,,,,,
35.0,1.17,1.0,0.0,0.0,12.0,18.0,5.0,0.0,0.0,0.0,1.986,1.986
,,,,,,,,,,,,
7.0,1.14,1.0,0.0,0.0,4.0,3.0,0.0,0.0,0.0,0.0,320.0,320.0
27.0,0.74,4.0,1.0,0.0,22.0,5.0,4.0,0.0,0.0,0.0,174.0,694.0
24.0,1.25,1.0,6.0,0.0,6.0,16.0,2.0,0.0,0.0,0.0,1.55,1.55
27.0,1.3,3.0,2.0,0.0,9.0,17.0,4.0,0.0,0.0,0.0,445.0,1.335
24.0,0.96,2.0,0.0,0.0,10.0,11.0,3.0,0.0,0.0,0.0,653.0,1.306
36.0,1.06,7.0,2.0,0.0,6.0,17.0,8.0,0.0,0.0,0.0,380.0,2.662
33.0,1.24,3.0,3.0,0.0,20.0,10.0,6.0,0.0,0.0,0.0,476.0,1.427
26.0,1.19,5.0,2.0,0.0,12.0,10.0,2.0,0.0,1.0,1.0,254.0,1.268
24.0,1.0,4.0,0.0,0.0,19.0,5.0,2.0,0.0,0.0,0.0,156.0,623.0
39.0,1.33,9.0,5.0,1.0,0.0,5.0,5.0,0.0,0.0,0.0,382.0,3.439
37.0,1.38,1.0,2.0,1.0,3.0,4.0,9.0,0.0,0.0,0.0,2.978,2.978
34.0,1.41,1.0,2.0,0.0,1.0,5.0,11.0,0.0,0.0,0.0,2.93,2.93
1.0,,0.0,0.0,0.0,1.0,0.0,0.0,0.0,0.0,0.0,0.0,24.0
29.0,1.48,2.0,5.0,0.0,7.0,11.0,3.0,0.0,1.0,0.0,976.0,1.951
31.0,1.52,1.0,2.0,0.0,11.0,6.0,3.0,0.0,0.0,0.0,1.906,1.906
25.0,1.48,1.0,3.0,0.0,6.0,8.0,2.0,0.0,0.0,0.0,1.62,1.62
36.0,1.19,4.0,2.0,0.0,8.0,6.0,2.0,2.0,1.0,0.0,651.0,2.604
34.0,1.44,3.0,8.0,0.0,3.0,29.0,7.0,0.0,0.0,0.0,759.0,2.277
37.0,1.41,0.0,3.0,0.0,4.0,13.0,6.0,0.0,0.0,0.0,0.0,2.745
1.0,,0.0,0.0,0.0,1.0,0.0,0.0,0.0,0.0,0.0,0.0,1.0
21.0,1.48,0.0,2.0,0.0,9.0,7.0,1.0,0.0,0.0,0.0,0.0,1.056
25.0,1.88,1.0,1.0,0.0,20.0,5.0,5.0,0.0,0.0,0.0,648.0,648.0
16.0,1.13,0.0,3.0,0.0,10.0,5.0,3.0,0.0,0.0,0.0,0.0,733.0
18.0,0.89,0.0,1.0,0.0,16.0,1.0,1.0,0.0,0.0,0.0,0.0,386.0
22.0,1.14,2.0,0.0,0.0,8.0,14.0,2.0,0.0,0.0,0.0,596.0,1.191
16.0,1.25,0.0,1.0,0.0,9.0,8.0,0.0,0.0,0.0,0.0,0.0,688.0
34.0,1.32,6.0,2.0,0.0,11.0,23.0,1.0,0.0,0.0,0.0,290.0,1.742
18.0,1.11,1.0,1.0,0.0,14.0,4.0,1.0,0.0,0.0,0.0,470.0,470.0
0.0,,0.0,0.0,0.0,0.0,0.0,0.0,0.0,0.0,0.0,0.0,0.0
38.0,1.42,17.0,2.0,0.0,0.0,13.0,7.0,0.0,0.0,2.0,195.0,3.312
16.0,1.31,1.0,1.0,0.0,11.0,5.0,1.0,0.0,0.0,0.0,487.0,487.0
36.0,1.33,2.0,0.0,0.0,23.0,7.0,6.0,0.0,0.0,0.0,783.0,1.566
36.0,1.36,2.0,0.0,0.0,1.0,10.0,8.0,0.0,0.0,0.0,1.442,2.884
27.0,1.52,1.0,0.0,0.0,4.0,5.0,3.0,0.0,1.0,0.0,1.994,1.994
15.0,1.8,0.0,1.0,0.0,3.0,1.0,2.0,0.0,0.0,0.0,0.0,1.104
19.0,1.21,0.0,0.0,0.0,10.0,1.0,4.0,0.0,0.0,0.0,0.0,1.026
28.0,1.43,2.0,4.0,0.0,3.0,13.0,4.0,0.0,0.0,0.0,1.04,2.08
32.0,1.53,0.0,0.0,0.0,18.0,6.0,4.0,0.0,0.0,0.0,0.0,1.594
36.0,1.58,1.0,4.0,0.0,0.0,16.0,8.0,0.0,0.0,0.0,2.98,2.98
,,,,,,,,,,,,
14.0,2.07,0.0,0.0,0.0,8.0,2.0,2.0,0.0,0.0,0.0,0.0,590.0
35.0,1.37,1.0,2.0,0.0,7.0,23.0,4.0,0.0,0.0,0.0,2.317,2.317
31.0,1.35,0.0,1.0,0.0,4.0,10.0,11.0,0.0,0.0,0.0,0.0,2.336
27.0,1.19,2.0,1.0,0.0,13.0,14.0,2.0,0.0,0.0,0.0,548.0,1.095
32.0,1.72,0.0,0.0,0.0,32.0,0.0,2.0,0.0,0.0,0.0,0.0,475.0
,,,,,,,,,,,,
0.0,,0.0,0.0,0.0,0.0,0.0,0.0,0.0,1.0,0.0,0.0,0.0
21.0,1.1,2.0,4.0,0.0,6.0,13.0,2.0,0.0,0.0,0.0,663.0,1.326
19.0,1.37,0.0,2.0,0.0,15.0,3.0,1.0,0.0,1.0,0.0,0.0,510.0
38.0,1.53,4.0,9.0,0.0,10.0,20.0,4.0,0.0,0.0,0.0,599.0,2.397
,,,,,,,,,,,,
39.0,1.49,6.0,2.0,0.0,11.0,14.0,6.0,0.0,1.0,1.0,437.0,2.622
27.0,1.59,5.0,2.0,0.0,11.0,13.0,1.0,0.0,0.0,0.0,285.0,1.423
27.0,1.22,2.0,0.0,0.0,1.0,5.0,3.0,0.0,1.0,0.0,1.129,2.257
37.0,1.03,0.0,0.0,1.0,1.0,4.0,5.0,0.0,0.0,0.0,0.0,3.184
17.0,1.29,0.0,0.0,1.0,2.0,2.0,4.0,0.0,0.0,0.0,0.0,1.307
5.0,2.4,0.0,0.0,0.0,5.0,0.0,0.0,0.0,0.0,0.0,0.0,78.0
0.0,,0.0,0.0,0.0,0.0,0.0,0.0,0.0,0.0,0.0,0.0,0.0
31.0,1.29,0.0,1.0,0.0,3.0,7.0,4.0,0.0,0.0,0.0,0.0,2.457
20.0,1.25,0.0,0.0,0.0,2.0,3.0,5.0,0.0,0.0,0.0,0.0,1.552
25.0,1.04,0.0,2.0,0.0,7.0,8.0,3.0,0.0,0.0,0.0,0.0,1.585
11.0,1.36,0.0,1.0,0.0,6.0,4.0,2.0,0.0,0.0,0.0,0.0,437.0
32.0,1.25,1.0,2.0,1.0,5.0,13.0,7.0,0.0,0.0,0.0,2.276,2.276
,,,,,,,,,,,,
38.0,1.08,4.0,1.0,0.0,4.0,11.0,5.0,0.0,0.0,0.0,733.0,2.933
33.0,1.21,0.0,1.0,0.0,7.0,9.0,9.0,0.0,1.0,0.0,0.0,2.354
36.0,1.22,8.0,3.0,0.0,5.0,23.0,4.0,0.0,0.0,0.0,315.0,2.52
16.0,1.19,0.0,2.0,0.0,8.0,7.0,4.0,0.0,0.0,0.0,0.0,676.0
7.0,0.57,0.0,0.0,0.0,7.0,0.0,0.0,0.0,0.0,0.0,0.0,128.0
33.0,1.06,5.0,6.0,0.0,6.0,16.0,11.0,0.0,0.0,0.0,468.0,2.339
,,,,,,,,,,,,
21.0,0.76,2.0,1.0,0.0,16.0,5.0,4.0,0.0,0.0,0.0,325.0,649.0
28.0,1.25,0.0,2.0,0.0,9.0,11.0,8.0,0.0,1.0,0.0,0.0,1.701
29.0,0.9,6.0,2.0,0.0,20.0,8.0,4.0,0.0,0.0,1.0,168.0,1.005
34.0,1.12,7.0,1.0,0.0,10.0,16.0,9.0,0.0,0.0,1.0,294.0,2.056
1.0,,0.0,0.0,0.0,1.0,0.0,0.0,0.0,0.0,0.0,0.0,6.0
12.0,0.75,1.0,0.0,0.0,7.0,4.0,1.0,0.0,0.0,0.0,529.0,529.0
38.0,1.11,0.0,0.0,0.0,0.0,1.0,4.0,0.0,1.0,0.0,0.0,3.394
16.0,1.5,2.0,1.0,0.0,2.0,6.0,3.0,1.0,0.0,0.0,589.0,1.177
15.0,1.0,0.0,0.0,0.0,4.0,5.0,3.0,0.0,0.0,0.0,0.0,971.0
,,,,,,,,,,,,
21.0,1.05,1.0,0.0,0.0,6.0,4.0,5.0,0.0,0.0,0.0,1.466,1.466
32.0,1.16,1.0,0.0,0.0,0.0,2.0,9.0,0.0,2.0,0.0,2.806,2.806
37.0,1.27,6.0,2.0,0.0,0.0,20.0,9.0,0.0,0.0,3.0,484.0,2.901
,,,,,,,,,,,,
13.0,0.62,0.0,1.0,0.0,7.0,5.0,1.0,0.0,0.0,0.0,0.0,501.0
14.0,1.5,0.0,0.0,0.0,9.0,5.0,0.0,0.0,0.0,0.0,0.0,488.0
35.0,1.23,2.0,3.0,0.0,10.0,13.0,3.0,0.0,0.0,0.0,1.068,2.136
23.0,1.13,0.0,1.0,0.0,13.0,6.0,5.0,0.0,0.0,0.0,0.0,1.071
3.0,2.33,0.0,0.0,0.0,2.0,1.0,0.0,0.0,0.0,0.0,0.0,83.0
36.0,1.22,1.0,5.0,0.0,5.0,19.0,3.0,0.0,0.0,0.0,2.466,2.466
32.0,1.28,3.0,0.0,0.0,18.0,5.0,3.0,0.0,0.0,0.0,515.0,1.546
36.0,1.25,3.0,9.0,0.0,3.0,12.0,10.0,0.0,0.0,0.0,968.0,2.904
35.0,1.29,4.0,5.0,0.0,15.0,14.0,4.0,0.0,0.0,0.0,475.0,1.901
16.0,0.81,1.0,0.0,0.0,14.0,2.0,2.0,0.0,0.0,0.0,480.0,480.0
23.0,0.78,0.0,0.0,0.0,16.0,5.0,2.0,0.0,0.0,0.0,0.0,727.0
25.0,1.12,4.0,2.0,0.0,9.0,11.0,4.0,0.0,0.0,0.0,389.0,1.557
,,,,,,,,,,,,
,,,,,,,,,,,,
37.0,1.22,6.0,1.0,0.0,12.0,19.0,0.0,0.0,0.0,0.0,360.0,2.161
31.0,1.35,2.0,1.0,0.0,4.0,1.0,6.0,0.0,0.0,0.0,1.268,2.536
29.0,1.31,1.0,0.0,0.0,7.0,8.0,5.0,0.0,0.0,0.0,1.95,1.95
29.0,1.28,4.0,0.0,1.0,2.0,0.0,2.0,0.0,0.0,0.0,616.0,2.463
11.0,1.09,0.0,0.0,0.0,0.0,1.0,2.0,0.0,0.0,0.0,0.0,994.0
24.0,1.46,0.0,1.0,0.0,1.0,4.0,5.0,0.0,0.0,0.0,0.0,1.991
17.0,1.06,0.0,1.0,0.0,2.0,2.0,4.0,0.0,0.0,0.0,0.0,1.37
28.0,1.21,3.0,2.0,0.0,0.0,1.0,2.0,0.0,0.0,0.0,833.0,2.5
1.0,,0.0,0.0,0.0,1.0,0.0,0.0,0.0,0.0,0.0,0.0,14.0
27.0,1.15,2.0,2.0,0.0,9.0,9.0,4.0,0.0,0.0,0.0,865.0,1.729
16.0,1.25,2.0,0.0,0.0,8.0,7.0,0.0,0.0,0.0,0.0,376.0,752.0
,,,,,,,,,,,,
21.0,1.33,4.0,3.0,0.0,8.0,13.0,4.0,0.0,0.0,0.0,290.0,1.159
15.0,1.6,0.0,2.0,0.0,7.0,6.0,1.0,0.0,0.0,0.0,0.0,699.0
20.0,1.45,1.0,3.0,0.0,10.0,10.0,1.0,0.0,0.0,0.0,796.0,796.0
21.0,0.86,1.0,1.0,0.0,2.0,4.0,3.0,0.0,0.0,0.0,1.727,1.727
22.0,1.05,2.0,2.0,0.0,14.0,8.0,3.0,0.0,0.0,0.0,367.0,734.0
38.0,1.18,4.0,3.0,0.0,1.0,19.0,6.0,0.0,0.0,0.0,780.0,3.118
18.0,0.72,1.0,1.0,0.0,8.0,5.0,2.0,0.0,0.0,0.0,872.0,872.0
37.0,1.14,5.0,3.0,0.0,8.0,21.0,4.0,1.0,0.0,3.0,470.0,2.351
28.0,1.14,1.0,1.0,0.0,9.0,14.0,0.0,1.0,0.0,0.0,1.689,1.689
29.0,1.14,4.0,1.0,0.0,14.0,11.0,5.0,0.0,0.0,0.0,349.0,1.397
35.0,1.83,8.0,2.0,0.0,20.0,12.0,6.0,0.0,0.0,2.0,200.0,1.598
36.0,1.14,7.0,3.0,0.0,14.0,16.0,12.0,0.0,0.0,0.0,301.0,2.104
38.0,1.13,5.0,9.0,0.0,5.0,13.0,3.0,0.0,0.0,1.0,580.0,2.902
22.0,1.64,1.0,2.0,0.0,8.0,7.0,0.0,0.0,1.0,0.0,1.253,1.253
30.0,1.23,3.0,1.0,0.0,1.0,5.0,6.0,1.0,0.0,0.0,798.0,2.393
22.0,1.23,0.0,0.0,0.0,3.0,2.0,6.0,0.0,1.0,0.0,0.0,1.848
22.0,1.18,2.0,0.0,0.0,10.0,6.0,8.0,0.0,0.0,0.0,595.0,1.19
14.0,1.14,0.0,0.0,0.0,6.0,0.0,3.0,0.0,0.0,0.0,0.0,913.0
18.0,1.17,0.0,0.0,0.0,7.0,6.0,2.0,0.0,0.0,0.0,0.0,917.0
7.0,1.14,0.0,0.0,0.0,2.0,0.0,1.0,0.0,0.0,0.0,0.0,507.0
30.0,1.17,3.0,2.0,0.0,9.0,7.0,1.0,0.0,0.0,0.0,662.0,1.986
20.0,0.95,3.0,2.0,0.0,2.0,11.0,5.0,0.0,0.0,0.0,485.0,1.454
29.0,1.31,1.0,3.0,0.0,0.0,6.0,15.0,0.0,0.0,0.0,2.513,2.513
12.0,0.92,0.0,1.0,0.0,2.0,5.0,2.0,0.0,0.0,0.0,0.0,817.0
31.0,1.32,0.0,3.0,0.0,23.0,8.0,3.0,0.0,0.0,0.0,0.0,933.0
26.0,1.38,0.0,1.0,0.0,4.0,10.0,5.0,0.0,0.0,0.0,0.0,1.949
7.0,1.0,0.0,0.0,0.0,1.0,4.0,2.0,0.0,0.0,0.0,0.0,489.0
9.0,0.89,0.0,1.0,0.0,6.0,0.0,0.0,0.0,0.0,0.0,0.0,388.0
27.0,1.3,2.0,3.0,0.0,15.0,11.0,4.0,0.0,0.0,0.0,564.0,1.127
23.0,1.35,2.0,2.0,0.0,16.0,6.0,0.0,0.0,0.0,0.0,412.0,824.0
37.0,1.16,3.0,5.0,0.0,12.0,21.0,4.0,0.0,0.0,0.0,681.0,2.044
37.0,1.14,7.0,3.0,0.0,20.0,17.0,2.0,0.0,0.0,0.0,223.0,1.561
40.0,1.18,10.0,2.0,0.0,10.0,24.0,3.0,0.0,0.0,2.0,243.0,2.431
37.0,1.22,2.0,8.0,0.0,6.0,25.0,4.0,0.0,0.0,0.0,1.217,2.433
28.0,0.96,1.0,1.0,0.0,6.0,6.0,6.0,0.0,1.0,0.0,1.966,1.966
23.0,1.09,0.0,1.0,1.0,0.0,5.0,5.0,0.0,0.0,0.0,0.0,1.935
,,,,,,,,,,,,
16.0,0.63,0.0,0.0,0.0,1.0,0.0,3.0,0.0,1.0,0.0,0.0,1.302
20.0,0.85,1.0,1.0,0.0,2.0,0.0,2.0,0.0,1.0,0.0,1.648,1.648
14.0,1.0,0.0,0.0,1.0,8.0,0.0,3.0,1.0,0.0,0.0,0.0,611.0
14.0,1.36,0.0,2.0,0.0,6.0,8.0,0.0,0.0,0.0,0.0,0.0,653.0
28.0,1.0,1.0,1.0,0.0,5.0,14.0,9.0,0.0,0.0,0.0,1.874,1.874
30.0,0.83,2.0,2.0,1.0,1.0,18.0,10.0,2.0,0.0,0.0,1.133,2.265
34.0,0.97,0.0,1.0,0.0,4.0,12.0,9.0,0.0,1.0,0.0,0.0,2.533
25.0,1.0,0.0,0.0,0.0,15.0,6.0,5.0,0.0,1.0,0.0,0.0,1.11
33.0,0.79,1.0,1.0,0.0,6.0,7.0,6.0,0.0,0.0,0.0,2.446,2.446
31.0,0.61,2.0,1.0,0.0,18.0,8.0,0.0,0.0,0.0,0.0,715.0,1.43
32.0,0.91,4.0,2.0,0.0,11.0,14.0,6.0,1.0,0.0,0.0,495.0,1.978
25.0,0.92,1.0,1.0,0.0,9.0,11.0,5.0,0.0,0.0,0.0,1.409,1.409
26.0,0.58,2.0,2.0,0.0,10.0,13.0,9.0,0.0,0.0,0.0,685.0,1.37
20.0,1.05,0.0,0.0,0.0,12.0,5.0,5.0,0.0,0.0,0.0,0.0,830.0
4.0,1.5,0.0,0.0,0.0,0.0,2.0,0.0,0.0,0.0,0.0,0.0,332.0
31.0,0.77,1.0,2.0,0.0,13.0,13.0,2.0,0.0,0.0,1.0,1.605,1.605
25.0,0.76,4.0,1.0,0.0,8.0,13.0,4.0,0.0,0.0,1.0,334.0,1.337
,,,,,,,,,,,,
8.0,1.0,0.0,0.0,0.0,5.0,3.0,1.0,0.0,0.0,0.0,0.0,256.0
25.0,0.88,3.0,1.0,0.0,17.0,8.0,2.0,0.0,0.0,0.0,245.0,735.0
4.0,,0.0,0.0,0.0,2.0,2.0,0.0,0.0,0.0,0.0,0.0,184.0
17.0,0.76,0.0,0.0,1.0,1.0,1.0,5.0,0.0,0.0,0.0,0.0,1.435
28.0,1.07,0.0,0.0,0.0,2.0,2.0,5.0,1.0,0.0,0.0,0.0,2.31
5.0,1.0,0.0,0.0,0.0,2.0,2.0,3.0,0.0,0.0,0.0,0.0,363.0
6.0,0.67,0.0,0.0,0.0,2.0,1.0,0.0,0.0,0.0,0.0,0.0,379.0
,,,,,,,,,,,,
7.0,1.14,0.0,0.0,0.0,3.0,4.0,1.0,0.0,0.0,0.0,0.0,256.0
4.0,0.75,0.0,0.0,0.0,2.0,2.0,1.0,0.0,0.0,0.0,0.0,161.0
36.0,0.92,1.0,5.0,0.0,5.0,9.0,5.0,0.0,0.0,0.0,2.771,2.771
6.0,1.0,0.0,0.0,0.0,4.0,2.0,1.0,0.0,0.0,0.0,0.0,175.0
36.0,0.97,2.0,0.0,1.0,1.0,0.0,6.0,0.0,0.0,0.0,1.585,3.169
,,,,,,,,,,,,
22.0,1.0,1.0,0.0,1.0,5.0,11.0,8.0,0.0,0.0,0.0,1.335,1.335
38.0,0.95,1.0,0.0,0.0,6.0,9.0,9.0,0.0,0.0,0.0,2.902,2.902
,,,,,,,,,,,,
24.0,1.5,0.0,2.0,0.0,6.0,7.0,2.0,0.0,0.0,0.0,0.0,1.572
25.0,0.84,0.0,1.0,0.0,19.0,5.0,3.0,0.0,0.0,0.0,0.0,811.0
23.0,1.17,2.0,2.0,0.0,2.0,17.0,5.0,0.0,0.0,0.0,758.0,1.515
24.0,1.17,1.0,0.0,0.0,10.0,10.0,8.0,0.0,0.0,0.0,1.198,1.198
11.0,0.18,1.0,0.0,0.0,10.0,1.0,0.0,0.0,0.0,1.0,194.0,194.0
24.0,0.71,1.0,1.0,0.0,14.0,11.0,3.0,0.0,0.0,0.0,910.0,910.0
27.0,0.89,3.0,1.0,0.0,11.0,15.0,5.0,0.0,0.0,0.0,459.0,1.376
,,,,,,,,,,,,
,,,,,,,,,,,,
36.0,1.06,4.0,3.0,0.0,15.0,19.0,7.0,0.0,0.0,0.0,448.0,1.791
50.0,2.36,0.0,2.0,1.0,7.0,5.0,2.0,0.0,0.0,0.0,0.0,3.952
40.0,2.25,3.0,0.0,0.0,3.0,4.0,7.0,0.0,0.0,0.0,1.115,3.345
32.0,2.63,1.0,0.0,0.0,6.0,3.0,7.0,0.0,0.0,0.0,2.423,2.423
5.0,3.0,0.0,0.0,0.0,5.0,0.0,1.0,0.0,0.0,0.0,0.0,76.0
44.0,2.27,6.0,6.0,0.0,7.0,7.0,8.0,0.0,0.0,0.0,568.0,3.407
23.0,2.78,0.0,0.0,1.0,9.0,8.0,2.0,0.0,0.0,0.0,0.0,1.174
46.0,2.43,7.0,14.0,0.0,2.0,6.0,6.0,0.0,0.0,0.0,556.0,3.895
9.0,2.56,1.0,0.0,0.0,2.0,5.0,0.0,0.0,0.0,0.0,543.0,543.0
50.0,2.38,5.0,9.0,0.0,8.0,18.0,4.0,0.0,0.0,0.0,721.0,3.606
50.0,2.36,7.0,2.0,0.0,12.0,3.0,1.0,0.0,0.0,3.0,533.0,3.73
46.0,2.3,3.0,2.0,0.0,14.0,13.0,3.0,0.0,0.0,0.0,977.0,2.93
52.0,2.33,5.0,10.0,0.0,14.0,19.0,4.0,0.0,0.0,0.0,661.0,3.307
27.0,2.48,4.0,3.0,0.0,16.0,6.0,3.0,0.0,0.0,0.0,261.0,1.044
43.0,2.4,11.0,9.0,0.0,7.0,22.0,2.0,0.0,0.0,1.0,274.0,3.015
56.0,2.38,19.0,17.0,0.0,13.0,32.0,4.0,0.0,0.0,0.0,186.0,3.529
47.0,2.38,33.0,13.0,0.0,12.0,21.0,1.0,1.0,0.0,1.0,94.0,3.11
52.0,2.42,13.0,13.0,0.0,21.0,24.0,1.0,0.0,0.0,0.0,222.0,2.882
45.0,2.42,6.0,6.0,0.0,19.0,19.0,1.0,0.0,0.0,0.0,400.0,2.397
39.0,2.49,18.0,6.0,0.0,23.0,9.0,2.0,0.0,0.0,4.0,89.0,1.605
35.0,1.77,3.0,3.0,0.0,4.0,1.0,4.0,1.0,0.0,0.0,900.0,2.699
40.0,1.75,5.0,1.0,0.0,1.0,4.0,3.0,0.0,0.0,0.0,695.0,3.474
24.0,1.63,3.0,0.0,0.0,6.0,1.0,3.0,0.0,0.0,0.0,568.0,1.705
28.0,1.82,0.0,0.0,0.0,7.0,7.0,6.0,0.0,1.0,0.0,0.0,1.797
38.0,1.58,0.0,6.0,0.0,10.0,14.0,3.0,0.0,0.0,0.0,0.0,2.619
16.0,1.44,0.0,1.0,0.0,10.0,6.0,2.0,0.0,0.0,0.0,0.0,526.0
41.0,1.68,2.0,5.0,0.0,6.0,15.0,8.0,1.0,0.0,0.0,1.56,3.12
25.0,1.84,2.0,1.0,0.0,15.0,7.0,1.0,0.0,1.0,0.0,451.0,901.0
34.0,1.85,7.0,4.0,0.0,2.0,8.0,8.0,0.0,0.0,3.0,407.0,2.852
31.0,1.65,1.0,1.0,0.0,15.0,10.0,5.0,0.0,1.0,0.0,1.4,1.4
36.0,1.69,3.0,1.0,0.0,12.0,10.0,4.0,1.0,0.0,0.0,742.0,2.227
40.0,1.7,2.0,7.0,0.0,5.0,23.0,10.0,1.0,0.0,0.0,1.392,2.783
0.0,,0.0,0.0,0.0,0.0,0.0,0.0,0.0,0.0,0.0,0.0,0.0
29.0,1.48,3.0,1.0,0.0,9.0,10.0,2.0,0.0,0.0,0.0,601.0,1.802
46.0,1.63,9.0,4.0,0.0,17.0,20.0,1.0,0.0,0.0,2.0,279.0,2.509
43.0,1.65,9.0,5.0,0.0,7.0,23.0,5.0,0.0,0.0,0.0,340.0,3.063
43.0,1.65,7.0,12.0,0.0,5.0,10.0,3.0,0.0,0.0,1.0,472.0,3.301
24.0,1.71,0.0,0.0,0.0,19.0,2.0,3.0,0.0,0.0,0.0,0.0,713.0
44.0,1.8,27.0,8.0,0.0,4.0,27.0,3.0,0.0,0.0,1.0,124.0,3.337
16.0,1.94,4.0,1.0,0.0,9.0,4.0,1.0,0.0,0.0,0.0,177.0,706.0
31.0,1.68,6.0,2.0,0.0,24.0,7.0,1.0,0.0,0.0,0.0,153.0,916.0
42.0,1.57,7.0,9.0,0.0,11.0,20.0,7.0,0.0,0.0,0.0,395.0,2.765
48.0,1.85,4.0,1.0,1.0,1.0,0.0,9.0,1.0,0.0,0.0,1.071,4.282
47.0,1.81,1.0,2.0,1.0,1.0,0.0,13.0,0.0,0.0,0.0,4.186,4.186
0.0,,0.0,0.0,0.0,0.0,0.0,0.0,0.0,0.0,0.0,0.0,0.0
31.0,1.68,0.0,0.0,0.0,6.0,8.0,4.0,1.0,1.0,0.0,0.0,2.173
45.0,1.71,2.0,1.0,0.0,15.0,17.0,3.0,0.0,0.0,0.0,1.341,2.682
37.0,1.62,4.0,3.0,0.0,15.0,17.0,6.0,0.0,1.0,0.0,464.0,1.855
24.0,1.83,1.0,2.0,0.0,10.0,11.0,4.0,0.0,0.0,0.0,1.296,1.296
13.0,1.77,1.0,1.0,0.0,4.0,5.0,3.0,0.0,0.0,0.0,869.0,869.0
37.0,1.73,2.0,1.0,0.0,13.0,19.0,6.0,0.0,0.0,0.0,1.05,2.1
10.0,1.9,1.0,0.0,0.0,7.0,1.0,0.0,0.0,0.0,0.0,324.0,324.0
45.0,1.71,0.0,4.0,0.0,0.0,1.0,14.0,0.0,0.0,0.0,0.0,4.073
36.0,1.81,0.0,2.0,0.0,17.0,10.0,3.0,0.0,0.0,0.0,0.0,1.863
24.0,1.88,1.0,0.0,0.0,8.0,10.0,3.0,0.0,0.0,0.0,1.323,1.323
14.0,1.79,0.0,0.0,0.0,12.0,3.0,3.0,0.0,0.0,0.0,0.0,327.0
20.0,1.55,2.0,1.0,0.0,5.0,11.0,2.0,1.0,0.0,0.0,535.0,1.069
38.0,1.76,8.0,4.0,0.0,8.0,21.0,6.0,0.0,0.0,0.0,326.0,2.61
37.0,1.68,2.0,4.0,0.0,12.0,20.0,2.0,0.0,0.0,0.0,985.0,1.969
46.0,1.78,5.0,6.0,0.0,29.0,16.0,1.0,0.0,0.0,0.0,384.0,1.919
21.0,1.76,8.0,2.0,0.0,4.0,9.0,3.0,0.0,0.0,0.0,199.0,1.591
49.0,1.78,25.0,12.0,0.0,6.0,14.0,6.0,0.0,0.0,9.0,158.0,3.938
38.0,1.89,6.0,4.0,0.0,20.0,15.0,6.0,0.0,0.0,0.0,301.0,1.805
48.0,1.98,11.0,2.0,0.0,27.0,17.0,2.0,0.0,0.0,2.0,202.0,2.225
29.0,1.93,0.0,0.0,1.0,0.0,2.0,7.0,1.0,0.0,0.0,0.0,2.456
6.0,2.5,0.0,0.0,0.0,2.0,4.0,1.0,0.0,0.0,0.0,0.0,186.0
23.0,2.09,0.0,0.0,0.0,5.0,7.0,4.0,2.0,0.0,0.0,0.0,1.522
,,,,,,,,,,,90.0,90.0
29.0,1.9,1.0,3.0,0.0,6.0,19.0,1.0,0.0,0.0,0.0,1.713,1.713
22.0,1.91,2.0,3.0,0.0,12.0,8.0,2.0,0.0,0.0,0.0,498.0,995.0
35.0,1.43,0.0,7.0,0.0,11.0,5.0,4.0,0.0,0.0,0.0,0.0,2.234
32.0,2.09,1.0,3.0,0.0,3.0,2.0,3.0,0.0,0.0,0.0,2.616,2.616
19.0,1.68,1.0,2.0,1.0,14.0,6.0,1.0,0.0,1.0,0.0,675.0,675.0
32.0,1.94,3.0,4.0,0.0,0.0,2.0,5.0,0.0,0.0,0.0,949.0,2.846
20.0,1.85,0.0,3.0,0.0,6.0,14.0,4.0,0.0,0.0,0.0,0.0,1.081
26.0,1.77,0.0,0.0,0.0,3.0,5.0,1.0,0.0,0.0,0.0,0.0,2.096
31.0,1.77,10.0,6.0,0.0,2.0,1.0,4.0,0.0,0.0,0.0,264.0,2.636
27.0,2.19,3.0,1.0,0.0,8.0,10.0,5.0,0.0,0.0,0.0,576.0,1.728
17.0,2.06,1.0,0.0,0.0,11.0,6.0,2.0,0.0,0.0,0.0,466.0,466.0
13.0,2.0,2.0,5.0,0.0,5.0,7.0,1.0,0.0,1.0,0.0,261.0,522.0
15.0,2.0,2.0,1.0,0.0,4.0,5.0,2.0,0.0,0.0,0.0,480.0,960.0
30.0,1.77,3.0,4.0,0.0,24.0,6.0,3.0,0.0,0.0,0.0,282.0,846.0
36.0,1.89,22.0,6.0,0.0,2.0,18.0,3.0,0.0,0.0,7.0,135.0,2.971
35.0,1.86,9.0,10.0,0.0,4.0,12.0,0.0,0.0,0.0,0.0,311.0,2.802
34.0,1.24,13.0,5.0,0.0,10.0,13.0,2.0,0.0,0.0,0.0,168.0,2.179
24.0,1.75,4.0,4.0,0.0,9.0,13.0,2.0,1.0,0.0,0.0,295.0,1.178
1.0,3.0,0.0,0.0,0.0,1.0,1.0,0.0,0.0,0.0,0.0,0.0,8.0
,,,,,,,,,,,,
28.0,1.71,1.0,1.0,0.0,5.0,3.0,9.0,0.0,0.0,0.0,2.198,2.198
4.0,1.75,0.0,0.0,0.0,1.0,0.0,0.0,0.0,0.0,0.0,0.0,277.0
27.0,1.74,2.0,1.0,0.0,9.0,8.0,1.0,0.0,0.0,0.0,813.0,1.626
,,,,,,,,,,,,
44.0,1.7,1.0,7.0,0.0,13.0,2.0,4.0,0.0,0.0,0.0,3.0,3.0
19.0,1.89,0.0,0.0,0.0,4.0,10.0,3.0,0.0,0.0,0.0,0.0,1.195
40.0,1.6,0.0,4.0,0.0,3.0,3.0,7.0,0.0,0.0,0.0,0.0,3.278
35.0,1.94,1.0,0.0,0.0,15.0,12.0,4.0,0.0,0.0,0.0,1.84,1.84
39.0,1.82,1.0,1.0,0.0,8.0,24.0,1.0,0.0,0.0,0.0,2.53,2.53
5.0,1.4,0.0,0.0,0.0,3.0,3.0,1.0,0.0,0.0,0.0,0.0,125.0
46.0,1.76,10.0,9.0,0.0,7.0,14.0,6.0,1.0,0.0,0.0,335.0,3.347
38.0,1.87,2.0,1.0,0.0,13.0,15.0,5.0,0.0,0.0,0.0,1.061,2.122
20.0,1.75,2.0,5.0,0.0,9.0,4.0,3.0,0.0,0.0,0.0,605.0,1.21
44.0,1.77,12.0,20.0,0.0,10.0,21.0,5.0,0.0,0.0,0.0,258.0,3.099
33.0,1.79,6.0,2.0,0.0,13.0,16.0,3.0,0.0,0.0,0.0,268.0,1.606
47.0,1.68,17.0,11.0,0.0,25.0,11.0,2.0,0.0,0.0,3.0,129.0,2.189
42.0,1.71,19.0,3.0,0.0,13.0,20.0,7.0,0.0,0.0,6.0,142.0,2.706
29.0,1.93,0.0,1.0,0.0,0.0,4.0,4.0,0.0,0.0,0.0,0.0,2.527
32.0,1.69,1.0,1.0,1.0,0.0,8.0,8.0,0.0,0.0,0.0,2.737,2.737
24.0,1.75,1.0,0.0,1.0,11.0,4.0,2.0,0.0,1.0,0.0,1.17,1.17
12.0,1.67,0.0,0.0,0.0,5.0,1.0,3.0,1.0,0.0,0.0,0.0,672.0
15.0,1.6,1.0,1.0,0.0,0.0,1.0,2.0,0.0,0.0,0.0,1.324,1.324
13.0,2.85,0.0,1.0,0.0,10.0,1.0,3.0,0.0,0.0,0.0,0.0,336.0
2.0,3.0,0.0,0.0,0.0,2.0,0.0,0.0,0.0,0.0,0.0,0.0,8.0
34.0,1.68,1.0,2.0,0.0,2.0,1.0,7.0,0.0,0.0,0.0,2.896,2.896
34.0,1.71,11.0,5.0,0.0,0.0,3.0,8.0,0.0,0.0,0.0,275.0,3.024
33.0,1.64,4.0,5.0,0.0,6.0,8.0,6.0,0.0,0.0,2.0,610.0,2.438
24.0,2.04,0.0,3.0,0.0,5.0,11.0,3.0,0.0,0.0,0.0,0.0,1.665
37.0,1.76,9.0,5.0,0.0,7.0,24.0,2.0,0.0,0.0,0.0,281.0,2.526
34.0,1.71,2.0,7.0,0.0,4.0,12.0,4.0,0.0,1.0,0.0,1.344,2.688
32.0,1.75,5.0,4.0,0.0,9.0,14.0,2.0,0.0,0.0,0.0,405.0,2.027
10.0,1.2,2.0,1.0,0.0,2.0,4.0,2.0,0.0,0.0,0.0,345.0,689.0
31.0,1.65,6.0,9.0,0.0,2.0,17.0,4.0,0.0,0.0,0.0,420.0,2.518
20.0,1.65,5.0,1.0,0.0,9.0,7.0,1.0,0.0,0.0,0.0,210.0,1.051
23.0,1.57,2.0,1.0,0.0,14.0,3.0,1.0,0.0,0.0,0.0,479.0,957.0
29.0,2.07,14.0,3.0,0.0,1.0,16.0,5.0,0.0,0.0,0.0,172.0,2.408
28.0,1.5,3.0,1.0,0.0,18.0,6.0,2.0,0.0,0.0,0.0,323.0,970.0
,,,,,2.0,,,,,,,
29.0,1.55,3.0,0.0,0.0,2.0,3.0,5.0,0.0,0.0,0.0,776.0,2.328
35.0,1.54,0.0,0.0,1.0,2.0,4.0,6.0,1.0,0.0,0.0,0.0,2.915
28.0,1.68,0.0,0.0,0.0,4.0,4.0,6.0,0.0,1.0,0.0,0.0,2.212
19.0,1.84,1.0,0.0,0.0,3.0,1.0,1.0,0.0,0.0,0.0,1.489,1.489
32.0,1.78,2.0,1.0,0.0,4.0,6.0,2.0,1.0,1.0,0.0,1.231,2.462
,,,,,,,,,,,,
,,,,,,,,,,,,
38.0,1.47,3.0,11.0,0.0,6.0,11.0,9.0,0.0,0.0,0.0,954.0,2.863
23.0,1.65,0.0,0.0,0.0,10.0,6.0,2.0,0.0,0.0,0.0,0.0,1.225
35.0,1.46,4.0,1.0,0.0,8.0,8.0,7.0,0.0,2.0,1.0,574.0,2.296
25.0,1.64,0.0,2.0,1.0,8.0,8.0,2.0,0.0,0.0,0.0,0.0,1.504
36.0,1.5,2.0,4.0,0.0,4.0,10.0,9.0,0.0,0.0,0.0,1.442,2.884
25.0,1.56,2.0,2.0,0.0,11.0,11.0,2.0,0.0,0.0,0.0,704.0,1.407
6.0,1.67,3.0,0.0,0.0,3.0,3.0,0.0,0.0,0.0,0.0,78.0,234.0
31.0,1.48,2.0,0.0,0.0,16.0,6.0,4.0,0.0,0.0,0.0,720.0,1.44
24.0,1.54,3.0,1.0,0.0,11.0,11.0,0.0,0.0,0.0,0.0,399.0,1.196
38.0,1.61,6.0,8.0,0.0,23.0,10.0,4.0,0.0,1.0,0.0,277.0,1.663
,,,,,,,,,,,,
37.0,1.41,5.0,3.0,0.0,18.0,12.0,2.0,0.0,0.0,1.0,363.0,1.813
42.0,1.55,13.0,10.0,0.0,7.0,17.0,3.0,0.0,0.0,0.0,237.0,3.075
5.0,1.4,1.0,0.0,0.0,5.0,0.0,0.0,0.0,0.0,0.0,53.0,53.0
22.0,1.27,2.0,3.0,0.0,12.0,8.0,0.0,0.0,0.0,0.0,408.0,816.0
36.0,1.64,11.0,5.0,0.0,11.0,20.0,2.0,0.0,0.0,4.0,212.0,2.33
5.0,1.6,0.0,0.0,0.0,5.0,0.0,0.0,0.0,0.0,0.0,0.0,48.0
26.0,1.62,1.0,1.0,0.0,3.0,5.0,4.0,0.0,0.0,0.0,2.016,2.016
39.0,1.59,1.0,0.0,0.0,4.0,8.0,7.0,0.0,0.0,0.0,3.076,3.076
11.0,1.0,0.0,0.0,0.0,1.0,5.0,4.0,0.0,0.0,0.0,0.0,807.0
12.0,1.08,0.0,0.0,0.0,4.0,3.0,1.0,0.0,1.0,0.0,0.0,779.0
21.0,1.1,0.0,0.0,1.0,3.0,4.0,6.0,0.0,1.0,0.0,0.0,1.531
29.0,1.31,2.0,2.0,0.0,1.0,3.0,4.0,0.0,0.0,0.0,1.24,2.479
35.0,1.26,3.0,2.0,0.0,2.0,7.0,3.0,0.0,0.0,0.0,976.0,2.927
17.0,1.18,2.0,0.0,0.0,10.0,4.0,2.0,0.0,0.0,0.0,341.0,681.0
34.0,1.26,4.0,5.0,0.0,5.0,12.0,9.0,0.0,0.0,0.0,634.0,2.535
,,,,,,,,,,,,
31.0,1.03,1.0,4.0,0.0,6.0,7.0,3.0,0.0,0.0,0.0,2.258,2.258
32.0,1.22,1.0,1.0,0.0,10.0,13.0,4.0,0.0,0.0,0.0,1.993,1.993
22.0,1.64,2.0,1.0,0.0,15.0,7.0,1.0,0.0,0.0,0.0,426.0,852.0
25.0,1.36,1.0,1.0,0.0,9.0,12.0,5.0,0.0,0.0,0.0,1.351,1.351
,,,,,,,,,,,,
22.0,1.77,1.0,0.0,0.0,0.0,15.0,5.0,0.0,0.0,0.0,1.695,1.695
3.0,2.0,0.0,0.0,0.0,1.0,2.0,0.0,0.0,0.0,0.0,0.0,119.0
41.0,1.37,8.0,3.0,0.0,21.0,17.0,1.0,0.0,0.0,1.0,234.0,1.868
31.0,1.13,6.0,9.0,0.0,3.0,13.0,6.0,0.0,0.0,0.0,411.0,2.466
27.0,1.11,3.0,1.0,0.0,7.0,10.0,4.0,0.0,0.0,0.0,592.0,1.776
19.0,1.16,3.0,0.0,0.0,17.0,1.0,1.0,0.0,0.0,0.0,131.0,393.0
34.0,1.21,18.0,4.0,0.0,2.0,17.0,2.0,0.0,0.0,5.0,149.0,2.681
38.0,2.29,12.0,4.0,0.0,13.0,20.0,1.0,0.0,0.0,0.0,179.0,2.146
13.0,1.62,3.0,1.0,0.0,6.0,2.0,0.0,0.0,0.0,1.0,269.0,807.0
31.0,1.68,0.0,1.0,0.0,0.0,4.0,13.0,1.0,1.0,0.0,0.0,2.659
23.0,1.22,0.0,0.0,0.0,7.0,3.0,0.0,0.0,0.0,0.0,0.0,1.454
27.0,1.52,0.0,0.0,0.0,1.0,6.0,5.0,0.0,0.0,0.0,0.0,2.293
24.0,1.42,0.0,0.0,0.0,4.0,3.0,4.0,0.0,0.0,0.0,0.0,1.729
22.0,1.77,0.0,2.0,0.0,1.0,3.0,3.0,0.0,1.0,0.0,0.0,1.911
13.0,1.62,1.0,0.0,0.0,6.0,6.0,1.0,0.0,0.0,0.0,620.0,620.0
30.0,1.37,1.0,4.0,0.0,7.0,7.0,5.0,1.0,1.0,0.0,2.056,2.056
16.0,1.69,1.0,3.0,0.0,3.0,8.0,4.0,0.0,0.0,0.0,1.129,1.129
23.0,1.74,2.0,0.0,0.0,17.0,3.0,7.0,0.0,0.0,0.0,443.0,886.0
11.0,2.18,0.0,1.0,0.0,4.0,5.0,2.0,0.0,0.0,0.0,0.0,591.0
20.0,1.45,8.0,2.0,0.0,8.0,6.0,3.0,0.0,0.0,4.0,141.0,1.128
37.0,1.49,1.0,2.0,0.0,7.0,19.0,2.0,0.0,0.0,0.0,2.504,2.504
26.0,1.5,8.0,1.0,0.0,7.0,6.0,4.0,0.0,0.0,3.0,215.0,1.722
29.0,1.45,2.0,3.0,0.0,13.0,12.0,1.0,1.0,0.0,0.0,716.0,1.431
25.0,1.36,1.0,1.0,0.0,13.0,11.0,3.0,0.0,0.0,0.0,1.137,1.137
36.0,1.44,3.0,7.0,0.0,2.0,15.0,6.0,0.0,0.0,0.0,965.0,2.894
16.0,1.69,4.0,1.0,0.0,11.0,4.0,2.0,0.0,0.0,0.0,173.0,692.0
24.0,1.04,7.0,1.0,0.0,6.0,9.0,3.0,0.0,1.0,0.0,233.0,1.634
7.0,1.86,0.0,0.0,0.0,7.0,0.0,0.0,0.0,0.0,0.0,0.0,81.0
26.0,1.5,4.0,0.0,0.0,13.0,13.0,4.0,0.0,0.0,0.0,260.0,1.04
34.0,1.41,1.0,2.0,0.0,10.0,15.0,2.0,0.0,1.0,0.0,1.98,1.98
16.0,1.63,2.0,1.0,0.0,10.0,5.0,5.0,0.0,0.0,0.0,340.0,680.0
32.0,1.5,19.0,2.0,0.0,5.0,17.0,0.0,0.0,0.0,2.0,117.0,2.226
16.0,1.63,0.0,1.0,0.0,3.0,2.0,2.0,0.0,0.0,0.0,0.0,1.162
39.0,1.41,2.0,1.0,1.0,0.0,1.0,8.0,0.0,0.0,0.0,1.749,3.497
27.0,1.85,1.0,0.0,0.0,3.0,1.0,6.0,0.0,1.0,0.0,2.157,2.157
21.0,1.24,1.0,1.0,1.0,2.0,2.0,7.0,0.0,0.0,0.0,1.725,1.725
2.0,1.5,0.0,0.0,0.0,1.0,1.0,1.0,0.0,0.0,0.0,0.0,97.0
13.0,1.46,0.0,1.0,0.0,3.0,6.0,2.0,0.0,0.0,0.0,0.0,968.0
32.0,1.63,0.0,0.0,0.0,5.0,5.0,4.0,1.0,1.0,0.0,0.0,2.327
19.0,1.58,2.0,3.0,0.0,3.0,10.0,2.0,0.0,0.0,0.0,641.0,1.281
18.0,1.72,0.0,0.0,0.0,6.0,2.0,2.0,0.0,0.0,0.0,0.0,1.086
40.0,1.5,3.0,2.0,0.0,2.0,0.0,6.0,0.0,0.0,3.0,1.165,3.496
28.0,1.29,3.0,2.0,0.0,6.0,6.0,8.0,0.0,0.0,0.0,673.0,2.02
32.0,1.44,1.0,1.0,1.0,11.0,11.0,1.0,0.0,0.0,0.0,1.893,1.893
23.0,1.26,1.0,0.0,0.0,18.0,5.0,2.0,0.0,0.0,0.0,582.0,582.0
4.0,1.0,0.0,0.0,0.0,4.0,0.0,0.0,0.0,0.0,0.0,0.0,28.0
47.0,1.47,6.0,5.0,0.0,5.0,24.0,7.0,0.0,0.0,0.0,586.0,3.515
46.0,1.5,2.0,1.0,1.0,7.0,18.0,6.0,0.0,0.0,0.0,1.659,3.317
32.0,1.38,3.0,3.0,0.0,16.0,14.0,2.0,0.0,0.0,1.0,498.0,1.493
44.0,1.5,3.0,2.0,0.0,24.0,19.0,1.0,0.0,0.0,0.0,646.0,1.938
40.0,1.45,12.0,2.0,0.0,18.0,20.0,4.0,0.0,0.0,0.0,161.0,1.927
21.0,1.38,2.0,1.0,0.0,14.0,5.0,1.0,0.0,0.0,0.0,329.0,658.0
42.0,1.6,4.0,8.0,0.0,18.0,15.0,5.0,0.0,0.0,0.0,552.0,2.207
34.0,1.41,6.0,5.0,0.0,16.0,15.0,1.0,0.0,0.0,3.0,274.0,1.643
42.0,1.4,2.0,4.0,0.0,24.0,20.0,5.0,0.0,0.0,0.0,873.0,1.746
43.0,1.51,14.0,6.0,0.0,4.0,18.0,8.0,0.0,0.0,0.0,240.0,3.366
26.0,0.88,1.0,0.0,0.0,2.0,7.0,3.0,0.0,1.0,0.0,2.033,2.033
32.0,1.16,2.0,1.0,0.0,2.0,2.0,5.0,0.0,2.0,0.0,1.276,2.551
6.0,2.17,0.0,0.0,0.0,2.0,2.0,0.0,0.0,0.0,0.0,0.0,305.0
10.0,1.7,1.0,1.0,0.0,4.0,5.0,1.0,0.0,0.0,0.0,476.0,476.0
35.0,1.06,2.0,4.0,0.0,3.0,7.0,6.0,0.0,0.0,0.0,1.416,2.831
31.0,1.23,1.0,3.0,0.0,18.0,5.0,3.0,0.0,0.0,0.0,1.428,1.428
30.0,1.33,0.0,1.0,0.0,4.0,11.0,5.0,0.0,0.0,0.0,0.0,2.182
19.0,1.16,0.0,1.0,0.0,6.0,2.0,2.0,0.0,0.0,0.0,0.0,1.219
9.0,1.78,1.0,0.0,0.0,8.0,1.0,1.0,0.0,0.0,0.0,211.0,211.0
38.0,1.21,1.0,1.0,0.0,3.0,3.0,8.0,0.0,0.0,0.0,3.159,3.159
29.0,1.14,0.0,0.0,0.0,9.0,15.0,3.0,0.0,1.0,0.0,0.0,1.608
39.0,1.18,1.0,0.0,0.0,1.0,16.0,8.0,0.0,0.0,0.0,3.234,3.234
12.0,1.5,1.0,1.0,0.0,4.0,8.0,4.0,0.0,0.0,0.0,638.0,638.0
20.0,1.4,2.0,1.0,0.0,9.0,10.0,2.0,0.0,0.0,1.0,467.0,933.0
4.0,1.75,0.0,0.0,0.0,4.0,1.0,0.0,0.0,0.0,0.0,0.0,75.0
9.0,1.44,0.0,0.0,0.0,5.0,4.0,0.0,0.0,0.0,0.0,0.0,318.0
38.0,1.29,12.0,3.0,0.0,2.0,16.0,5.0,0.0,0.0,0.0,257.0,3.082
2.0,3.0,0.0,0.0,0.0,2.0,0.0,0.0,0.0,0.0,0.0,0.0,14.0
37.0,1.22,4.0,5.0,0.0,2.0,15.0,1.0,0.0,0.0,0.0,759.0,3.034
31.0,1.16,4.0,1.0,0.0,10.0,19.0,7.0,0.0,0.0,0.0,460.0,1.841
29.0,1.17,1.0,1.0,0.0,10.0,17.0,2.0,0.0,0.0,0.0,1.554,1.554
21.0,1.33,1.0,0.0,0.0,1.0,3.0,7.0,0.0,0.0,0.0,1.738,1.738
22.0,1.32,1.0,1.0,0.0,1.0,2.0,3.0,0.0,0.0,0.0,1.909,1.909
32.0,1.06,0.0,0.0,1.0,0.0,2.0,5.0,0.0,1.0,0.0,0.0,2.802
27.0,1.15,0.0,3.0,1.0,3.0,4.0,8.0,0.0,0.0,0.0,0.0,2.11
29.0,0.97,1.0,1.0,0.0,4.0,3.0,3.0,0.0,1.0,0.0,2.211,2.211
32.0,1.09,1.0,1.0,0.0,8.0,6.0,5.0,0.0,0.0,0.0,2.228,2.228
10.0,1.4,0.0,0.0,1.0,5.0,4.0,0.0,0.0,0.0,0.0,0.0,407.0
23.0,1.26,2.0,1.0,0.0,11.0,8.0,3.0,0.0,2.0,0.0,582.0,1.164
31.0,1.19,2.0,1.0,0.0,6.0,13.0,3.0,0.0,0.0,0.0,1.111,2.221
32.0,1.0,0.0,4.0,0.0,2.0,17.0,6.0,0.0,0.0,0.0,0.0,2.543
7.0,1.86,1.0,1.0,0.0,3.0,3.0,1.0,0.0,0.0,0.0,314.0,314.0
30.0,1.03,4.0,3.0,0.0,0.0,12.0,8.0,0.0,0.0,0.0,616.0,2.463
19.0,1.37,2.0,1.0,0.0,13.0,5.0,1.0,0.0,0.0,1.0,276.0,552.0
24.0,1.42,3.0,1.0,0.0,10.0,5.0,1.0,0.0,0.0,0.0,453.0,1.358
10.0,0.6,0.0,2.0,0.0,6.0,4.0,1.0,0.0,0.0,0.0,0.0,307.0
33.0,1.06,8.0,10.0,0.0,1.0,19.0,2.0,0.0,0.0,4.0,337.0,2.694
28.0,1.25,6.0,0.0,0.0,18.0,8.0,0.0,0.0,0.0,0.0,154.0,923.0
27.0,1.19,1.0,3.0,0.0,11.0,16.0,3.0,0.0,0.0,0.0,1.39,1.39
36.0,1.08,11.0,2.0,0.0,1.0,21.0,3.0,0.0,0.0,1.0,270.0,2.968
32.0,1.06,6.0,1.0,0.0,21.0,10.0,3.0,0.0,0.0,0.0,218.0,1.31
31.0,1.16,2.0,2.0,0.0,20.0,8.0,4.0,0.0,0.0,0.0,617.0,1.234
13.0,1.08,1.0,3.0,0.0,6.0,6.0,1.0,0.0,0.0,0.0,603.0,603.0
34.0,1.35,4.0,2.0,1.0,2.0,4.0,7.0,0.0,0.0,0.0,713.0,2.85
34.0,1.35,1.0,1.0,0.0,3.0,2.0,2.0,0.0,1.0,0.0,2.705,2.705
8.0,0.63,0.0,1.0,1.0,1.0,1.0,0.0,0.0,0.0,0.0,0.0,654.0
24.0,1.46,0.0,0.0,0.0,7.0,6.0,2.0,0.0,0.0,0.0,0.0,1.497
12.0,1.17,0.0,0.0,0.0,3.0,8.0,2.0,0.0,0.0,0.0,0.0,698.0
33.0,1.15,0.0,7.0,1.0,8.0,7.0,1.0,0.0,0.0,0.0,0.0,2.353
24.0,1.63,1.0,1.0,0.0,13.0,7.0,3.0,0.0,0.0,0.0,1.019,1.019
28.0,1.39,0.0,3.0,0.0,4.0,8.0,1.0,0.0,0.0,0.0,0.0,2.105
34.0,1.26,1.0,3.0,0.0,2.0,11.0,11.0,0.0,0.0,0.0,2.823,2.823
30.0,1.23,5.0,1.0,0.0,3.0,9.0,4.0,0.0,0.0,2.0,488.0,2.44
10.0,1.7,0.0,1.0,0.0,7.0,2.0,0.0,0.0,1.0,0.0,0.0,227.0
22.0,1.27,0.0,0.0,0.0,18.0,3.0,2.0,0.0,0.0,0.0,0.0,461.0
22.0,1.68,0.0,1.0,0.0,8.0,8.0,1.0,0.0,0.0,0.0,0.0,1.211
35.0,1.26,2.0,3.0,0.0,3.0,11.0,7.0,0.0,0.0,0.0,1.417,2.834
33.0,1.33,5.0,4.0,0.0,5.0,14.0,2.0,0.0,0.0,0.0,486.0,2.429
27.0,1.26,7.0,4.0,0.0,4.0,13.0,4.0,0.0,0.0,1.0,286.0,2.0
33.0,1.3,4.0,2.0,0.0,19.0,10.0,3.0,0.0,0.0,0.0,361.0,1.443
17.0,1.12,6.0,2.0,0.0,10.0,2.0,1.0,0.0,1.0,0.0,112.0,674.0
34.0,1.24,5.0,1.0,0.0,14.0,10.0,5.0,0.0,1.0,0.0,357.0,1.784
30.0,1.3,6.0,4.0,0.0,9.0,16.0,2.0,0.0,0.0,0.0,285.0,1.712
24.0,0.88,3.0,2.0,1.0,1.0,2.0,6.0,0.0,0.0,0.0,678.0,2.035
21.0,1.33,1.0,0.0,0.0,0.0,3.0,1.0,0.0,1.0,0.0,1.748,1.748
32.0,1.25,0.0,1.0,0.0,2.0,10.0,7.0,0.0,0.0,0.0,0.0,2.585
30.0,1.3,6.0,0.0,1.0,0.0,3.0,7.0,0.0,0.0,3.0,441.0,2.643
29.0,1.34,0.0,1.0,0.0,3.0,7.0,2.0,0.0,0.0,0.0,0.0,2.284
19.0,1.95,0.0,0.0,0.0,11.0,4.0,0.0,0.0,0.0,0.0,0.0,833.0
30.0,1.27,1.0,2.0,0.0,4.0,19.0,2.0,1.0,0.0,0.0,2.139,2.139
27.0,1.0,0.0,1.0,0.0,16.0,6.0,3.0,0.0,1.0,0.0,0.0,1.091
15.0,1.33,1.0,0.0,0.0,2.0,6.0,2.0,0.0,0.0,0.0,951.0,951.0
29.0,1.14,1.0,3.0,1.0,1.0,12.0,7.0,0.0,0.0,0.0,2.37,2.37
18.0,0.94,0.0,0.0,0.0,10.0,6.0,1.0,0.0,0.0,0.0,0.0,735.0
,,,,,2.0,,,,,,,
26.0,1.62,0.0,1.0,0.0,13.0,6.0,6.0,0.0,0.0,0.0,0.0,1.229
23.0,1.3,0.0,0.0,0.0,7.0,6.0,1.0,0.0,0.0,0.0,0.0,1.474
26.0,1.23,10.0,2.0,0.0,0.0,16.0,5.0,0.0,0.0,0.0,211.0,2.108
35.0,1.2,5.0,9.0,0.0,10.0,16.0,5.0,0.0,0.0,1.0,467.0,2.333
21.0,1.52,7.0,3.0,0.0,4.0,11.0,2.0,0.0,0.0,0.0,199.0,1.395
35.0,1.2,10.0,11.0,0.0,3.0,19.0,2.0,0.0,0.0,0.0,280.0,2.797
4.0,1.5,2.0,0.0,0.0,3.0,1.0,0.0,0.0,0.0,0.0,44.0,87.0
6.0,1.67,0.0,0.0,0.0,2.0,2.0,3.0,0.0,0.0,0.0,0.0,261.0
30.0,1.3,2.0,1.0,0.0,18.0,12.0,1.0,0.0,0.0,0.0,498.0,996.0
32.0,1.19,4.0,1.0,0.0,22.0,7.0,1.0,0.0,1.0,0.0,259.0,1.035
27.0,0.96,2.0,0.0,0.0,22.0,5.0,0.0,0.0,0.0,0.0,312.0,623.0
16.0,1.25,3.0,0.0,0.0,0.0,6.0,4.0,0.0,1.0,0.0,417.0,1.251
28.0,1.11,0.0,0.0,1.0,2.0,1.0,4.0,0.0,1.0,0.0,0.0,2.32
31.0,1.0,2.0,1.0,0.0,0.0,2.0,5.0,0.0,0.0,0.0,1.385,2.77
13.0,1.0,0.0,0.0,0.0,1.0,9.0,0.0,1.0,0.0,0.0,0.0,790.0
18.0,1.0,0.0,2.0,0.0,8.0,3.0,3.0,0.0,0.0,0.0,0.0,1.063
21.0,1.1,1.0,0.0,0.0,8.0,3.0,3.0,0.0,0.0,0.0,1.198,1.198
32.0,1.06,0.0,1.0,0.0,3.0,7.0,5.0,0.0,0.0,0.0,0.0,2.554
0.0,,0.0,0.0,0.0,0.0,0.0,0.0,0.0,0.0,0.0,0.0,0.0
20.0,1.4,1.0,3.0,0.0,7.0,2.0,1.0,0.0,1.0,0.0,1.258,1.258
28.0,0.93,10.0,1.0,0.0,2.0,9.0,5.0,0.0,0.0,8.0,233.0,2.331
28.0,1.21,1.0,1.0,0.0,16.0,11.0,2.0,0.0,0.0,0.0,1.122,1.122
2.0,,0.0,0.0,0.0,2.0,0.0,0.0,0.0,0.0,0.0,0.0,27.0
31.0,1.0,2.0,1.0,0.0,6.0,21.0,4.0,0.0,0.0,0.0,1.056,2.111
13.0,0.69,1.0,0.0,0.0,6.0,4.0,2.0,0.0,0.0,0.0,645.0,645.0
20.0,1.5,0.0,1.0,0.0,13.0,5.0,0.0,0.0,0.0,0.0,0.0,708.0
5.0,2.0,3.0,0.0,0.0,0.0,1.0,1.0,0.0,0.0,2.0,144.0,433.0
29.0,1.07,5.0,4.0,0.0,8.0,9.0,0.0,0.0,0.0,0.0,381.0,1.904
27.0,1.15,4.0,6.0,0.0,4.0,13.0,5.0,0.0,0.0,0.0,502.0,2.006
13.0,0.23,0.0,0.0,0.0,10.0,3.0,0.0,0.0,0.0,0.0,0.0,236.0
27.0,1.44,5.0,1.0,0.0,15.0,10.0,4.0,0.0,0.0,1.0,240.0,1.199
28.0,1.0,4.0,1.0,0.0,12.0,10.0,2.0,0.0,0.0,0.0,385.0,1.541
2.0,,0.0,0.0,0.0,2.0,0.0,0.0,0.0,0.0,0.0,0.0,27.0
0.0,,0.0,0.0,0.0,0.0,0.0,0.0,0.0,0.0,0.0,0.0,0.0
29.0,1.34,0.0,0.0,0.0,8.0,2.0,4.0,1.0,0.0,0.0,0.0,2.106
27.0,0.89,1.0,3.0,1.0,1.0,0.0,1.0,0.0,0.0,0.0,2.395,2.395
26.0,0.73,1.0,0.0,1.0,3.0,1.0,3.0,0.0,1.0,0.0,2.107,2.107
18.0,0.89,0.0,0.0,0.0,5.0,2.0,3.0,0.0,0.0,0.0,0.0,1.211
2.0,0.5,0.0,0.0,0.0,1.0,1.0,0.0,0.0,0.0,0.0,0.0,46.0
,,,,,,,,,,,,
32.0,0.84,0.0,3.0,0.0,2.0,6.0,4.0,0.0,0.0,0.0,0.0,2.698
13.0,0.85,0.0,0.0,0.0,2.0,7.0,4.0,0.0,0.0,0.0,0.0,886.0
30.0,0.87,0.0,1.0,0.0,7.0,2.0,2.0,0.0,0.0,0.0,0.0,2.216
,,,,,,,,,,,,
10.0,0.9,0.0,0.0,0.0,4.0,3.0,2.0,0.0,0.0,0.0,0.0,486.0
26.0,0.77,1.0,0.0,0.0,5.0,9.0,6.0,0.0,0.0,0.0,1.837,1.837
22.0,1.09,0.0,1.0,0.0,9.0,12.0,2.0,0.0,0.0,0.0,0.0,1.041
27.0,0.85,0.0,1.0,0.0,12.0,14.0,3.0,0.0,0.0,0.0,0.0,1.239
24.0,0.96,2.0,4.0,0.0,11.0,6.0,0.0,0.0,0.0,0.0,625.0,1.249
,,,,,,,,,,,,
14.0,1.57,3.0,1.0,0.0,4.0,9.0,2.0,0.0,1.0,1.0,211.0,633.0
34.0,0.79,9.0,8.0,0.0,1.0,13.0,3.0,0.0,0.0,2.0,315.0,2.835
13.0,1.0,0.0,0.0,0.0,9.0,4.0,0.0,0.0,0.0,0.0,0.0,523.0
34.0,1.09,14.0,8.0,0.0,6.0,16.0,5.0,0.0,0.0,0.0,165.0,2.312
,,,,,,,,,,,,
,,,,,,,,,,,,
10.0,0.3,0.0,0.0,0.0,8.0,2.0,1.0,0.0,0.0,0.0,0.0,343.0
,,,,,,,,,,,,
23.0,0.57,0.0,0.0,0.0,1.0,5.0,1.0,0.0,0.0,0.0,0.0,1.893
11.0,0.55,0.0,0.0,0.0,3.0,1.0,4.0,1.0,0.0,0.0,0.0,755.0
27.0,0.56,2.0,0.0,0.0,3.0,6.0,10.0,0.0,0.0,0.0,1.072,2.144
0.0,,0.0,0.0,0.0,0.0,0.0,0.0,0.0,0.0,0.0,0.0,0.0
7.0,0.71,0.0,0.0,0.0,0.0,3.0,2.0,0.0,0.0,0.0,0.0,584.0
21.0,0.67,0.0,0.0,0.0,5.0,6.0,4.0,0.0,0.0,0.0,0.0,1.48
,,,,,,,,,,,,
,,,,,,,,,,,,
18.0,0.61,1.0,0.0,0.0,6.0,6.0,3.0,0.0,0.0,0.0,1.122,1.122
27.0,0.56,0.0,0.0,0.0,6.0,8.0,3.0,0.0,0.0,0.0,0.0,1.902
17.0,0.29,0.0,1.0,0.0,2.0,5.0,1.0,0.0,0.0,0.0,0.0,1.309
27.0,0.37,1.0,0.0,0.0,3.0,9.0,6.0,0.0,0.0,0.0,1.988,1.988
27.0,0.56,1.0,0.0,0.0,7.0,15.0,11.0,0.0,0.0,0.0,1.722,1.722
22.0,0.45,0.0,0.0,1.0,11.0,7.0,7.0,0.0,0.0,0.0,0.0,1.113
27.0,0.26,0.0,2.0,0.0,4.0,12.0,6.0,0.0,1.0,0.0,0.0,1.933
32.0,0.41,2.0,5.0,0.0,4.0,7.0,4.0,0.0,1.0,2.0,1.228,2.456
,,,,,,,,,,,,
31.0,0.48,1.0,1.0,0.0,21.0,9.0,4.0,0.0,0.0,0.0,1.138,1.138
26.0,0.46,3.0,0.0,0.0,9.0,9.0,2.0,1.0,1.0,0.0,505.0,1.516
14.0,0.86,2.0,1.0,0.0,10.0,3.0,2.0,0.0,0.0,0.0,238.0,476.0
24.0,1.04,3.0,1.0,0.0,2.0,16.0,2.0,0.0,0.0,0.0,621.0,1.864
22.0,0.77,5.0,0.0,0.0,12.0,5.0,0.0,1.0,0.0,2.0,189.0,944.0
18.0,1.28,1.0,0.0,0.0,2.0,1.0,2.0,0.0,0.0,0.0,1.424,1.424
4.0,0.75,0.0,1.0,0.0,1.0,0.0,0.0,0.0,0.0,0.0,0.0,315.0
38.0,1.18,0.0,1.0,0.0,1.0,1.0,3.0,0.0,0.0,0.0,0.0,3.301
15.0,1.47,1.0,1.0,0.0,0.0,2.0,7.0,0.0,0.0,0.0,1.33,1.33
23.0,1.04,0.0,0.0,0.0,3.0,2.0,2.0,0.0,0.0,0.0,0.0,1.871
21.0,0.9,0.0,0.0,0.0,11.0,7.0,2.0,0.0,0.0,0.0,0.0,960.0
35.0,1.11,1.0,2.0,0.0,3.0,10.0,2.0,0.0,0.0,0.0,2.774,2.774
30.0,1.03,0.0,1.0,0.0,5.0,12.0,3.0,0.0,0.0,0.0,0.0,2.084
33.0,1.15,0.0,4.0,0.0,16.0,9.0,2.0,0.0,2.0,0.0,0.0,1.613
3.0,1.33,0.0,0.0,0.0,1.0,2.0,1.0,0.0,0.0,0.0,0.0,119.0
29.0,1.21,2.0,0.0,0.0,2.0,20.0,8.0,0.0,0.0,0.0,1.025,2.05
12.0,0.83,0.0,0.0,0.0,7.0,5.0,2.0,0.0,0.0,0.0,0.0,447.0
22.0,0.91,1.0,0.0,0.0,5.0,10.0,2.0,0.0,0.0,0.0,1.327,1.327
24.0,1.33,0.0,2.0,0.0,2.0,4.0,1.0,0.0,0.0,0.0,0.0,1.9
33.0,1.15,1.0,2.0,0.0,13.0,12.0,6.0,0.0,0.0,0.0,1.86,1.86
19.0,1.53,0.0,0.0,0.0,13.0,5.0,4.0,0.0,0.0,0.0,0.0,718.0
36.0,1.17,6.0,1.0,0.0,2.0,7.0,4.0,0.0,0.0,3.0,514.0,3.083
35.0,1.2,3.0,7.0,0.0,12.0,21.0,1.0,0.0,0.0,0.0,673.0,2.018
31.0,1.35,2.0,4.0,0.0,5.0,25.0,3.0,0.0,0.0,0.0,976.0,1.951
28.0,1.14,2.0,1.0,0.0,17.0,7.0,3.0,0.0,0.0,0.0,564.0,1.127
31.0,1.35,13.0,0.0,0.0,10.0,11.0,2.0,0.0,0.0,0.0,144.0,1.866
22.0,1.14,6.0,2.0,0.0,14.0,6.0,1.0,0.0,0.0,2.0,124.0,741.0
,,,,,,,,,,,,
8.0,0.88,0.0,0.0,0.0,5.0,2.0,0.0,0.0,0.0,0.0,0.0,337.0
,,,,,,,,,,,,
31.0,2.0,1.0,1.0,0.0,0.0,0.0,5.0,0.0,1.0,0.0,2.74,2.74
22.0,2.05,1.0,0.0,0.0,10.0,0.0,2.0,0.0,0.0,0.0,1.218,1.218
9.0,2.11,0.0,0.0,0.0,2.0,0.0,0.0,0.0,0.0,0.0,0.0,647.0
24.0,2.17,5.0,1.0,0.0,1.0,0.0,6.0,0.0,0.0,0.0,414.0,2.071
22.0,2.18,3.0,0.0,0.0,6.0,2.0,6.0,0.0,0.0,0.0,487.0,1.462
33.0,2.12,1.0,7.0,0.0,2.0,2.0,4.0,0.0,0.0,0.0,2.828,2.828
13.0,2.15,0.0,1.0,0.0,4.0,5.0,4.0,0.0,0.0,0.0,0.0,719.0
22.0,2.09,0.0,0.0,0.0,10.0,6.0,2.0,0.0,0.0,0.0,0.0,1.158
28.0,2.29,0.0,1.0,0.0,4.0,10.0,6.0,0.0,0.0,0.0,0.0,2.094
33.0,2.06,1.0,7.0,0.0,0.0,6.0,6.0,0.0,0.0,0.0,2.914,2.914
22.0,1.68,1.0,2.0,0.0,10.0,10.0,1.0,0.0,0.0,0.0,991.0,991.0
34.0,2.06,2.0,6.0,0.0,6.0,9.0,1.0,0.0,0.0,0.0,1.258,2.516
25.0,1.96,4.0,0.0,0.0,8.0,14.0,3.0,0.0,0.0,0.0,361.0,1.444
32.0,2.03,4.0,6.0,0.0,7.0,9.0,3.0,0.0,0.0,0.0,566.0,2.265
9.0,2.0,0.0,1.0,0.0,6.0,4.0,0.0,0.0,0.0,0.0,0.0,223.0
31.0,2.13,3.0,1.0,0.0,12.0,18.0,0.0,0.0,0.0,0.0,537.0,1.611
10.0,2.1,0.0,1.0,0.0,5.0,5.0,1.0,0.0,0.0,0.0,0.0,319.0
,,,,,,,,,,,,
18.0,2.0,3.0,7.0,0.0,8.0,11.0,1.0,0.0,0.0,0.0,275.0,826.0
27.0,2.04,4.0,9.0,0.0,13.0,12.0,0.0,0.0,0.0,1.0,324.0,1.294
34.0,2.0,14.0,4.0,0.0,21.0,8.0,1.0,0.0,0.0,4.0,104.0,1.449
29.0,2.1,5.0,9.0,0.0,5.0,22.0,3.0,0.0,0.0,0.0,361.0,1.807
3.0,3.0,1.0,0.0,0.0,0.0,3.0,0.0,0.0,0.0,0.0,169.0,169.0
33.0,1.91,2.0,1.0,0.0,0.0,1.0,2.0,0.0,0.0,0.0,1.482,2.963
9.0,2.22,1.0,0.0,0.0,3.0,0.0,1.0,0.0,0.0,0.0,573.0,573.0
32.0,2.06,2.0,1.0,1.0,0.0,0.0,5.0,0.0,0.0,0.0,1.44,2.88
21.0,2.05,0.0,4.0,0.0,3.0,3.0,6.0,0.0,0.0,0.0,0.0,1.585
22.0,1.95,0.0,0.0,0.0,12.0,8.0,1.0,0.0,0.0,0.0,0.0,949.0
30.0,1.97,0.0,0.0,1.0,5.0,6.0,5.0,0.0,0.0,0.0,0.0,2.197
1.0,,0.0,0.0,0.0,1.0,0.0,0.0,0.0,0.0,0.0,0.0,10.0
28.0,1.96,3.0,6.0,0.0,1.0,4.0,11.0,0.0,0.0,0.0,810.0,2.431
32.0,1.94,3.0,1.0,0.0,5.0,11.0,7.0,0.0,0.0,0.0,801.0,2.403
31.0,2.0,2.0,0.0,0.0,17.0,10.0,3.0,0.0,0.0,0.0,600.0,1.2
29.0,1.97,2.0,5.0,0.0,4.0,16.0,3.0,1.0,1.0,0.0,1.051,2.102
31.0,1.9,5.0,7.0,0.0,5.0,13.0,4.0,0.0,0.0,2.0,478.0,2.392
31.0,2.03,4.0,6.0,0.0,8.0,19.0,5.0,0.0,0.0,0.0,480.0,1.92
31.0,2.06,3.0,1.0,0.0,22.0,8.0,4.0,1.0,0.0,0.0,352.0,1.057
27.0,1.59,5.0,3.0,0.0,8.0,16.0,7.0,0.0,1.0,0.0,276.0,1.38
0.0,,0.0,0.0,0.0,0.0,0.0,0.0,0.0,0.0,0.0,0.0,0.0
,,,,,1.0,,,,,,,
31.0,1.94,17.0,5.0,0.0,4.0,15.0,1.0,1.0,0.0,1.0,138.0,2.341
24.0,1.75,5.0,0.0,0.0,15.0,8.0,1.0,0.0,0.0,0.0,187.0,936.0
33.0,2.0,2.0,4.0,0.0,16.0,17.0,2.0,0.0,0.0,0.0,738.0,1.476
18.0,2.22,4.0,0.0,0.0,11.0,5.0,1.0,0.0,0.0,0.0,158.0,632.0
29.0,2.0,1.0,0.0,0.0,0.0,1.0,7.0,0.0,0.0,0.0,2.559,2.559
28.0,1.57,1.0,3.0,0.0,0.0,1.0,4.0,0.0,2.0,1.0,2.477,2.477
,,,,,,,,,,,,
,,,,,,,,,,,,
36.0,1.89,5.0,8.0,0.0,0.0,0.0,6.0,0.0,0.0,0.0,648.0,3.24
33.0,1.85,0.0,3.0,0.0,3.0,11.0,6.0,0.0,1.0,0.0,0.0,2.633
20.0,1.55,2.0,3.0,0.0,11.0,7.0,4.0,0.0,0.0,0.0,455.0,909.0
,,,,,,,,,,,,
25.0,1.88,1.0,0.0,0.0,11.0,4.0,4.0,0.0,0.0,0.0,1.409,1.409
34.0,2.09,2.0,4.0,0.0,1.0,17.0,5.0,0.0,0.0,0.0,1.364,2.727
18.0,1.39,0.0,0.0,0.0,8.0,4.0,2.0,0.0,0.0,0.0,0.0,980.0
36.0,1.83,15.0,4.0,0.0,3.0,22.0,1.0,0.0,0.0,1.0,191.0,2.867
32.0,1.94,7.0,4.0,0.0,8.0,23.0,0.0,0.0,0.0,0.0,276.0,1.933
37.0,1.92,4.0,4.0,0.0,23.0,12.0,3.0,0.0,0.0,0.0,347.0,1.386
38.0,1.89,12.0,7.0,0.0,0.0,6.0,5.0,0.0,0.0,6.0,282.0,3.388
32.0,1.91,5.0,1.0,0.0,13.0,13.0,2.0,0.0,0.0,0.0,351.0,1.753
24.0,2.08,5.0,2.0,0.0,19.0,5.0,0.0,0.0,0.0,0.0,104.0,521.0
19.0,2.05,5.0,1.0,0.0,6.0,10.0,2.0,0.0,0.0,0.0,229.0,1.147
29.0,1.69,3.0,1.0,0.0,14.0,12.0,4.0,0.0,0.0,0.0,431.0,1.293
39.0,1.44,0.0,2.0,0.0,0.0,1.0,6.0,0.0,0.0,0.0,0.0,3.51
21.0,1.48,0.0,2.0,0.0,5.0,4.0,2.0,0.0,1.0,0.0,0.0,1.425
29.0,1.45,0.0,0.0,0.0,0.0,1.0,4.0,0.0,0.0,0.0,0.0,2.605
,,,,,,,,,,,,
33.0,1.24,0.0,4.0,0.0,3.0,3.0,6.0,1.0,0.0,0.0,0.0,2.692
9.0,1.78,0.0,1.0,0.0,1.0,2.0,1.0,0.0,1.0,0.0,0.0,652.0
5.0,0.6,0.0,0.0,0.0,2.0,2.0,0.0,0.0,0.0,0.0,0.0,239.0
33.0,1.52,1.0,0.0,0.0,1.0,4.0,6.0,0.0,0.0,0.0,2.856,2.856
34.0,1.53,0.0,2.0,0.0,5.0,8.0,5.0,1.0,0.0,0.0,0.0,2.55
10.0,1.6,0.0,0.0,0.0,3.0,5.0,1.0,0.0,0.0,0.0,0.0,616.0
,,,,,,,,,,,,
18.0,1.28,0.0,0.0,0.0,11.0,6.0,0.0,0.0,0.0,0.0,0.0,621.0
37.0,1.43,3.0,6.0,0.0,4.0,12.0,1.0,0.0,0.0,0.0,984.0,2.951
31.0,1.26,3.0,2.0,0.0,7.0,14.0,3.0,0.0,0.0,0.0,720.0,2.159
37.0,1.43,9.0,6.0,0.0,3.0,23.0,2.0,0.0,0.0,0.0,316.0,2.84
38.0,1.47,8.0,3.0,0.0,3.0,22.0,4.0,0.0,0.0,0.0,374.0,2.989
17.0,1.35,6.0,1.0,0.0,9.0,5.0,1.0,0.0,0.0,2.0,138.0,829.0
20.0,1.5,1.0,0.0,0.0,15.0,5.0,0.0,0.0,0.0,0.0,593.0,593.0
28.0,1.21,0.0,0.0,0.0,22.0,5.0,7.0,0.0,0.0,0.0,0.0,777.0
28.0,1.29,1.0,1.0,0.0,20.0,7.0,1.0,0.0,0.0,0.0,814.0,814.0
22.0,1.32,3.0,0.0,0.0,12.0,10.0,2.0,0.0,0.0,0.0,276.0,827.0
20.0,1.5,7.0,1.0,0.0,9.0,11.0,1.0,0.0,0.0,2.0,136.0,951.0
25.0,1.68,1.0,0.0,0.0,7.0,15.0,3.0,0.0,0.0,0.0,1.426,1.426
10.0,1.4,0.0,0.0,0.0,2.0,3.0,2.0,0.0,0.0,0.0,0.0,695.0
40.0,1.75,4.0,1.0,0.0,4.0,1.0,5.0,0.0,1.0,0.0,819.0,3.274
37.0,1.73,5.0,0.0,0.0,2.0,5.0,5.0,0.0,0.0,0.0,623.0,3.115
11.0,2.09,0.0,0.0,0.0,5.0,3.0,2.0,0.0,0.0,0.0,0.0,563.0
33.0,1.67,0.0,3.0,0.0,3.0,6.0,7.0,0.0,0.0,0.0,0.0,2.628
16.0,1.56,0.0,0.0,0.0,6.0,0.0,1.0,0.0,0.0,0.0,0.0,1.027
40.0,1.78,0.0,2.0,0.0,2.0,4.0,6.0,0.0,0.0,0.0,0.0,3.435
5.0,1.4,0.0,0.0,0.0,1.0,3.0,0.0,1.0,0.0,0.0,0.0,336.0
15.0,1.73,0.0,2.0,1.0,7.0,2.0,2.0,0.0,0.0,0.0,0.0,791.0
6.0,2.0,0.0,0.0,0.0,5.0,0.0,1.0,0.0,0.0,0.0,0.0,156.0
32.0,2.0,1.0,2.0,0.0,7.0,3.0,11.0,0.0,0.0,0.0,2.325,2.325
39.0,1.79,7.0,5.0,0.0,2.0,15.0,0.0,0.0,1.0,0.0,454.0,3.18
18.0,1.44,4.0,3.0,0.0,5.0,7.0,2.0,0.0,0.0,0.0,288.0,1.153
37.0,1.84,8.0,5.0,0.0,6.0,18.0,3.0,0.0,0.0,0.0,334.0,2.675
34.0,1.76,2.0,1.0,0.0,22.0,4.0,4.0,0.0,1.0,0.0,662.0,1.323
35.0,1.69,4.0,2.0,0.0,9.0,20.0,4.0,0.0,0.0,0.0,525.0,2.098
,,,,,,,,,,,,
18.0,2.11,1.0,2.0,0.0,11.0,7.0,0.0,0.0,0.0,0.0,635.0,635.0
37.0,1.78,3.0,2.0,0.0,15.0,18.0,4.0,0.0,0.0,0.0,619.0,1.857
30.0,1.77,9.0,0.0,0.0,4.0,25.0,3.0,0.0,0.0,0.0,195.0,1.757
34.0,1.88,3.0,5.0,0.0,21.0,12.0,4.0,0.0,0.0,0.0,517.0,1.551
35.0,1.74,7.0,4.0,2.0,17.0,11.0,4.0,0.0,0.0,2.0,255.0,1.782
41.0,1.78,7.0,7.0,0.0,14.0,11.0,6.0,0.0,0.0,2.0,365.0,2.558
26.0,0.81,0.0,1.0,0.0,3.0,2.0,3.0,0.0,0.0,0.0,0.0,2.123
12.0,0.67,0.0,1.0,0.0,1.0,2.0,1.0,0.0,0.0,0.0,0.0,945.0
,,,,,,,,,,,,
26.0,0.85,2.0,1.0,0.0,2.0,1.0,1.0,0.0,1.0,0.0,1.065,2.13
28.0,1.32,0.0,3.0,0.0,10.0,11.0,5.0,0.0,0.0,0.0,0.0,1.648
25.0,0.96,0.0,0.0,0.0,5.0,9.0,3.0,0.0,0.0,0.0,0.0,1.714
23.0,1.04,0.0,0.0,0.0,4.0,6.0,6.0,0.0,0.0,0.0,0.0,1.707
15.0,0.2,0.0,0.0,0.0,5.0,5.0,0.0,0.0,0.0,0.0,0.0,921.0
19.0,0.95,0.0,0.0,0.0,7.0,5.0,5.0,0.0,1.0,0.0,0.0,1.088
16.0,1.06,0.0,0.0,0.0,2.0,1.0,6.0,0.0,0.0,0.0,0.0,1.266
35.0,0.77,4.0,2.0,0.0,7.0,16.0,7.0,0.0,0.0,0.0,607.0,2.428
32.0,0.81,0.0,1.0,0.0,1.0,9.0,10.0,0.0,0.0,0.0,0.0,2.533
19.0,0.58,1.0,1.0,0.0,3.0,0.0,7.0,0.0,0.0,0.0,1.527,1.527
29.0,0.76,1.0,1.0,0.0,12.0,8.0,4.0,0.0,0.0,0.0,1.528,1.528
33.0,0.79,6.0,6.0,0.0,7.0,13.0,2.0,0.0,1.0,0.0,370.0,2.217
16.0,1.31,3.0,1.0,0.0,7.0,8.0,0.0,0.0,0.0,1.0,262.0,786.0
15.0,0.8,1.0,0.0,0.0,11.0,3.0,1.0,0.0,0.0,0.0,473.0,473.0
15.0,1.6,0.0,4.0,0.0,5.0,3.0,0.0,0.0,0.0,0.0,0.0,895.0
21.0,0.62,4.0,1.0,0.0,10.0,8.0,1.0,0.0,0.0,0.0,260.0,1.041
16.0,0.38,1.0,0.0,0.0,6.0,7.0,0.0,0.0,0.0,0.0,846.0,846.0
33.0,0.82,4.0,3.0,0.0,14.0,10.0,2.0,0.0,0.0,0.0,474.0,1.894
14.0,1.5,1.0,2.0,0.0,5.0,9.0,1.0,0.0,0.0,0.0,689.0,689.0
33.0,0.85,11.0,3.0,0.0,3.0,5.0,4.0,0.0,0.0,1.0,249.0,2.74
19.0,0.95,2.0,0.0,0.0,15.0,2.0,1.0,0.0,1.0,0.0,232.0,463.0
28.0,0.93,2.0,1.0,0.0,12.0,14.0,2.0,0.0,1.0,0.0,671.0,1.341
31.0,1.74,1.0,1.0,0.0,3.0,2.0,3.0,0.0,1.0,0.0,2.479,2.479
33.0,1.7,1.0,1.0,0.0,11.0,2.0,0.0,0.0,0.0,0.0,2.069,2.069
23.0,1.74,1.0,0.0,0.0,0.0,2.0,3.0,0.0,1.0,0.0,2.012,2.012
24.0,1.63,0.0,2.0,0.0,4.0,6.0,3.0,0.0,0.0,0.0,0.0,1.688
22.0,1.91,0.0,1.0,0.0,4.0,4.0,1.0,0.0,0.0,0.0,0.0,1.614
34.0,1.79,0.0,8.0,0.0,0.0,5.0,4.0,0.0,1.0,0.0,0.0,2.944
24.0,1.5,1.0,2.0,0.0,7.0,5.0,2.0,0.0,0.0,0.0,1.656,1.656
37.0,1.7,2.0,7.0,0.0,3.0,14.0,7.0,0.0,0.0,0.0,1.453,2.905
40.0,1.68,1.0,0.0,0.0,1.0,18.0,5.0,0.0,0.0,1.0,3.295,3.295
20.0,1.75,1.0,1.0,0.0,12.0,6.0,1.0,0.0,0.0,0.0,739.0,739.0
41.0,1.71,5.0,11.0,0.0,2.0,20.0,1.0,0.0,0.0,1.0,648.0,3.242
27.0,1.93,3.0,1.0,0.0,14.0,7.0,2.0,0.0,0.0,0.0,434.0,1.302
32.0,1.44,9.0,3.0,0.0,14.0,18.0,1.0,0.0,0.0,1.0,180.0,1.622
25.0,1.64,5.0,1.0,0.0,11.0,13.0,0.0,0.0,0.0,0.0,226.0,1.13
31.0,1.58,6.0,0.0,0.0,24.0,7.0,4.0,0.0,0.0,0.0,144.0,865.0
29.0,1.66,5.0,2.0,0.0,19.0,6.0,3.0,0.0,0.0,2.0,204.0,1.02
23.0,1.91,4.0,3.0,0.0,16.0,2.0,2.0,0.0,0.0,0.0,220.0,880.0
33.0,1.67,13.0,2.0,0.0,7.0,19.0,3.0,0.0,0.0,1.0,176.0,2.286
35.0,1.74,8.0,6.0,0.0,14.0,18.0,0.0,0.0,0.0,0.0,231.0,1.845
16.0,0.94,0.0,0.0,0.0,0.0,2.0,5.0,0.0,0.0,0.0,0.0,1.436
22.0,0.95,0.0,0.0,0.0,1.0,2.0,5.0,0.0,0.0,0.0,0.0,1.878
25.0,1.04,0.0,2.0,0.0,2.0,0.0,4.0,0.0,0.0,0.0,0.0,2.097
23.0,1.43,0.0,1.0,0.0,1.0,4.0,2.0,0.0,1.0,0.0,0.0,1.759
8.0,1.25,0.0,0.0,0.0,3.0,1.0,2.0,0.0,0.0,0.0,0.0,483.0
6.0,1.17,0.0,0.0,0.0,3.0,1.0,3.0,0.0,0.0,0.0,0.0,277.0
32.0,1.09,1.0,7.0,0.0,6.0,19.0,6.0,0.0,0.0,0.0,2.241,2.241
7.0,1.14,0.0,0.0,0.0,4.0,1.0,0.0,0.0,0.0,0.0,0.0,338.0
4.0,,0.0,0.0,0.0,3.0,1.0,0.0,0.0,0.0,0.0,0.0,96.0
34.0,1.12,4.0,5.0,0.0,11.0,9.0,3.0,0.0,0.0,0.0,520.0,2.078
18.0,1.06,0.0,0.0,1.0,2.0,2.0,5.0,0.0,0.0,0.0,0.0,1.489
33.0,1.27,2.0,3.0,1.0,13.0,14.0,4.0,0.0,0.0,0.0,907.0,1.814
34.0,1.15,1.0,2.0,0.0,5.0,16.0,6.0,0.0,0.0,0.0,2.555,2.555
33.0,1.18,6.0,4.0,0.0,1.0,6.0,4.0,0.0,0.0,0.0,470.0,2.82
11.0,1.18,0.0,1.0,0.0,6.0,5.0,0.0,0.0,0.0,0.0,0.0,409.0
32.0,1.09,1.0,0.0,0.0,22.0,10.0,0.0,0.0,0.0,0.0,1.067,1.067
13.0,0.85,0.0,0.0,0.0,12.0,1.0,0.0,0.0,0.0,0.0,0.0,194.0
5.0,0.2,0.0,0.0,0.0,5.0,0.0,0.0,0.0,0.0,0.0,0.0,38.0
33.0,1.18,4.0,5.0,0.0,3.0,14.0,2.0,0.0,0.0,0.0,644.0,2.575
14.0,1.0,1.0,1.0,0.0,13.0,1.0,0.0,0.0,0.0,0.0,202.0,202.0
35.0,1.17,17.0,5.0,0.0,2.0,20.0,1.0,0.0,0.0,3.0,163.0,2.772
33.0,1.09,7.0,3.0,0.0,16.0,15.0,4.0,0.0,0.0,0.0,225.0,1.574
31.0,1.06,11.0,1.0,0.0,15.0,14.0,5.0,0.0,0.0,0.0,123.0,1.352
16.0,1.44,0.0,1.0,1.0,4.0,2.0,4.0,0.0,0.0,0.0,0.0,1.077
29.0,1.34,0.0,0.0,0.0,0.0,5.0,8.0,0.0,1.0,0.0,0.0,2.446
27.0,1.63,0.0,0.0,0.0,11.0,0.0,2.0,0.0,1.0,0.0,0.0,1.722
,,,,,,,,,,,,
32.0,1.47,1.0,3.0,0.0,3.0,5.0,7.0,0.0,0.0,0.0,2.577,2.577
8.0,1.25,0.0,0.0,0.0,3.0,3.0,1.0,0.0,1.0,0.0,0.0,377.0
16.0,1.38,0.0,0.0,0.0,2.0,5.0,3.0,0.0,0.0,0.0,0.0,1.127
31.0,1.42,0.0,1.0,0.0,9.0,8.0,3.0,0.0,0.0,0.0,0.0,1.986
31.0,1.61,0.0,0.0,0.0,9.0,4.0,3.0,0.0,0.0,0.0,0.0,2.073
35.0,1.49,3.0,4.0,0.0,2.0,7.0,6.0,0.0,0.0,3.0,979.0,2.936
,,,,,,,,,,,,
29.0,1.41,5.0,1.0,0.0,8.0,13.0,6.0,0.0,0.0,1.0,379.0,1.893
21.0,1.57,1.0,1.0,0.0,8.0,6.0,6.0,1.0,0.0,0.0,1.184,1.184
30.0,1.6,3.0,0.0,0.0,18.0,10.0,4.0,0.0,0.0,1.0,389.0,1.168
24.0,1.54,1.0,0.0,0.0,6.0,15.0,8.0,0.0,0.0,0.0,1.469,1.469
26.0,1.46,7.0,3.0,0.0,16.0,9.0,1.0,0.0,0.0,0.0,136.0,953.0
,,,,,,,,,,,,
31.0,1.45,2.0,1.0,0.0,12.0,17.0,3.0,0.0,0.0,0.0,748.0,1.495
34.0,1.44,11.0,5.0,0.0,6.0,17.0,0.0,0.0,0.0,1.0,217.0,2.382
31.0,1.68,3.0,5.0,0.0,14.0,14.0,3.0,0.0,0.0,0.0,513.0,1.54
27.0,0.85,1.0,0.0,0.0,4.0,3.0,4.0,0.0,0.0,0.0,2.057,2.057
,,,,,,,,,,,,
28.0,1.25,1.0,1.0,0.0,1.0,1.0,2.0,1.0,0.0,0.0,2.388,2.388
13.0,1.15,0.0,0.0,0.0,3.0,1.0,3.0,0.0,1.0,0.0,0.0,915.0
11.0,0.55,0.0,0.0,0.0,4.0,1.0,3.0,0.0,1.0,0.0,0.0,643.0
33.0,0.97,0.0,1.0,0.0,3.0,6.0,6.0,0.0,0.0,0.0,0.0,2.658
32.0,1.16,0.0,2.0,1.0,4.0,10.0,6.0,0.0,0.0,0.0,0.0,2.446
31.0,1.23,2.0,0.0,0.0,8.0,11.0,5.0,0.0,0.0,0.0,972.0,1.943
26.0,1.19,1.0,0.0,0.0,11.0,8.0,4.0,0.0,0.0,0.0,1.418,1.418
30.0,1.1,1.0,4.0,0.0,1.0,15.0,5.0,1.0,0.0,0.0,2.389,2.389
23.0,1.0,0.0,1.0,0.0,13.0,5.0,6.0,0.0,0.0,0.0,0.0,1.039
26.0,1.04,3.0,3.0,0.0,0.0,14.0,1.0,0.0,0.0,1.0,701.0,2.102
36.0,1.0,5.0,2.0,0.0,6.0,25.0,5.0,0.0,0.0,0.0,520.0,2.598
9.0,1.11,0.0,3.0,0.0,3.0,6.0,1.0,0.0,0.0,0.0,0.0,519.0
28.0,1.25,5.0,1.0,0.0,11.0,13.0,2.0,0.0,1.0,0.0,317.0,1.585
27.0,1.37,2.0,1.0,0.0,8.0,12.0,1.0,0.0,0.0,0.0,764.0,1.528
32.0,1.0,5.0,4.0,0.0,5.0,22.0,2.0,0.0,0.0,0.0,430.0,2.15
8.0,0.25,1.0,0.0,1.0,4.0,4.0,0.0,0.0,0.0,0.0,263.0,263.0
31.0,1.19,3.0,2.0,0.0,19.0,9.0,1.0,0.0,0.0,0.0,409.0,1.228
24.0,0.96,5.0,2.0,0.0,10.0,10.0,2.0,0.0,0.0,1.0,261.0,1.307
30.0,1.3,1.0,2.0,0.0,3.0,3.0,8.0,0.0,0.0,0.0,2.398,2.398
16.0,1.0,1.0,0.0,0.0,2.0,6.0,3.0,0.0,0.0,0.0,1.144,1.144
22.0,1.23,0.0,0.0,0.0,11.0,3.0,2.0,1.0,0.0,0.0,0.0,1.045
19.0,1.21,0.0,0.0,0.0,4.0,3.0,5.0,0.0,0.0,0.0,0.0,1.347
14.0,1.0,0.0,0.0,0.0,3.0,2.0,1.0,0.0,0.0,0.0,0.0,966.0
35.0,1.29,0.0,0.0,0.0,13.0,10.0,2.0,0.0,0.0,0.0,0.0,2.104
19.0,1.26,0.0,0.0,0.0,7.0,7.0,1.0,0.0,0.0,0.0,0.0,1.074
14.0,1.43,1.0,1.0,0.0,2.0,2.0,1.0,1.0,0.0,0.0,1.053,1.053
,,,,,,,,,,,,
28.0,1.25,0.0,0.0,0.0,8.0,8.0,5.0,0.0,0.0,0.0,0.0,1.754
,,,,,,,,,,,,
35.0,1.29,5.0,5.0,0.0,5.0,9.0,8.0,0.0,0.0,1.0,534.0,2.668
10.0,1.0,0.0,0.0,0.0,2.0,7.0,0.0,0.0,0.0,0.0,0.0,567.0
28.0,1.18,1.0,2.0,0.0,5.0,16.0,4.0,0.0,0.0,0.0,1.857,1.857
34.0,1.24,11.0,3.0,0.0,2.0,11.0,9.0,1.0,0.0,2.0,250.0,2.754
31.0,1.19,4.0,2.0,0.0,16.0,13.0,2.0,0.0,0.0,1.0,380.0,1.519
14.0,1.5,1.0,1.0,0.0,9.0,5.0,0.0,0.0,0.0,0.0,485.0,485.0
27.0,1.22,1.0,0.0,0.0,15.0,12.0,1.0,0.0,0.0,0.0,1.11,1.11
30.0,1.23,2.0,3.0,0.0,14.0,11.0,4.0,0.0,0.0,1.0,763.0,1.525
30.0,1.4,8.0,1.0,0.0,4.0,10.0,3.0,0.0,1.0,2.0,281.0,2.249
36.0,1.56,2.0,1.0,1.0,0.0,2.0,5.0,1.0,0.0,0.0,1.596,3.191
17.0,1.53,0.0,0.0,0.0,2.0,1.0,3.0,0.0,0.0,0.0,0.0,1.385
10.0,1.7,0.0,0.0,0.0,2.0,3.0,0.0,0.0,0.0,0.0,0.0,663.0
,,,,,,,,,,,,
14.0,0.79,1.0,0.0,0.0,4.0,5.0,3.0,0.0,0.0,0.0,797.0,797.0
32.0,1.72,0.0,0.0,0.0,0.0,0.0,5.0,0.0,0.0,0.0,0.0,2.88
27.0,1.44,1.0,0.0,0.0,8.0,15.0,3.0,0.0,0.0,0.0,1.625,1.625
36.0,1.53,1.0,3.0,1.0,13.0,3.0,4.0,0.0,0.0,0.0,2.187,2.187
6.0,1.5,0.0,0.0,0.0,2.0,2.0,1.0,0.0,0.0,0.0,0.0,364.0
36.0,1.47,3.0,6.0,0.0,1.0,15.0,3.0,0.0,0.0,0.0,1.008,3.023
32.0,1.56,2.0,3.0,0.0,5.0,7.0,3.0,0.0,0.0,0.0,1.215,2.429
15.0,1.33,0.0,0.0,0.0,5.0,8.0,1.0,0.0,0.0,0.0,0.0,758.0
24.0,1.38,4.0,2.0,0.0,2.0,5.0,8.0,0.0,0.0,0.0,485.0,1.941
36.0,1.47,4.0,0.0,0.0,18.0,5.0,7.0,0.0,0.0,0.0,455.0,1.821
31.0,1.61,2.0,3.0,0.0,11.0,15.0,5.0,0.0,0.0,0.0,864.0,1.727
23.0,1.65,6.0,2.0,0.0,8.0,8.0,4.0,0.0,0.0,4.0,234.0,1.406
20.0,1.75,0.0,0.0,0.0,16.0,2.0,2.0,0.0,1.0,0.0,0.0,424.0
37.0,1.59,11.0,4.0,0.0,6.0,26.0,4.0,0.0,0.0,0.0,233.0,2.568
33.0,1.55,7.0,3.0,0.0,8.0,20.0,5.0,0.0,0.0,1.0,294.0,2.055
,,,,,,,,,,,,
33.0,1.58,1.0,3.0,0.0,16.0,16.0,1.0,0.0,0.0,0.0,1.582,1.582
23.0,1.48,1.0,5.0,0.0,16.0,7.0,2.0,0.0,0.0,0.0,806.0,806.0
34.0,1.68,9.0,2.0,0.0,5.0,17.0,6.0,0.0,0.0,2.0,283.0,2.544
27.0,1.44,7.0,2.0,0.0,8.0,4.0,1.0,0.0,0.0,1.0,254.0,1.776
27.0,1.52,0.0,0.0,0.0,0.0,0.0,1.0,1.0,1.0,0.0,0.0,2.328
25.0,1.48,1.0,0.0,1.0,1.0,0.0,4.0,0.0,0.0,0.0,2.161,2.161
26.0,1.46,1.0,2.0,0.0,2.0,0.0,1.0,0.0,0.0,0.0,2.185,2.185
3.0,2.0,0.0,0.0,0.0,0.0,0.0,0.0,0.0,0.0,0.0,0.0,270.0
3.0,1.0,0.0,0.0,0.0,2.0,1.0,0.0,0.0,0.0,0.0,0.0,91.0
19.0,1.47,2.0,2.0,0.0,2.0,9.0,2.0,0.0,0.0,0.0,740.0,1.48
25.0,1.48,0.0,3.0,0.0,7.0,7.0,3.0,0.0,1.0,0.0,0.0,1.593
34.0,1.41,2.0,3.0,0.0,12.0,3.0,2.0,0.0,0.0,0.0,1.078,2.156
31.0,1.52,1.0,3.0,0.0,1.0,10.0,8.0,0.0,1.0,0.0,2.516,2.516
26.0,1.5,1.0,0.0,0.0,8.0,8.0,1.0,0.0,0.0,0.0,1.59,1.59
17.0,1.18,1.0,1.0,0.0,5.0,11.0,1.0,0.0,0.0,0.0,930.0,930.0
35.0,1.31,5.0,3.0,0.0,5.0,10.0,4.0,0.0,0.0,1.0,540.0,2.7
30.0,1.5,5.0,3.0,0.0,2.0,7.0,1.0,0.0,0.0,0.0,497.0,2.483
27.0,1.26,4.0,0.0,0.0,23.0,4.0,4.0,0.0,0.0,0.0,152.0,607.0
16.0,1.5,0.0,0.0,0.0,5.0,10.0,2.0,0.0,0.0,0.0,0.0,893.0
25.0,1.04,4.0,3.0,0.0,10.0,14.0,2.0,0.0,0.0,1.0,340.0,1.358
28.0,1.21,3.0,3.0,0.0,13.0,15.0,0.0,0.0,0.0,0.0,470.0,1.411
33.0,1.3,3.0,1.0,0.0,14.0,19.0,3.0,0.0,0.0,1.0,505.0,1.514
30.0,1.6,3.0,0.0,0.0,18.0,10.0,4.0,0.0,0.0,1.0,406.0,1.219
10.0,0.9,0.0,1.0,0.0,7.0,3.0,0.0,0.0,0.0,0.0,0.0,318.0
14.0,1.21,1.0,0.0,0.0,4.0,2.0,2.0,0.0,0.0,1.0,880.0,880.0
13.0,1.15,0.0,0.0,0.0,3.0,3.0,1.0,0.0,0.0,0.0,0.0,894.0
,,,,,,,,,,,,
32.0,1.19,1.0,0.0,0.0,15.0,5.0,5.0,0.0,0.0,0.0,1.522,1.522
,,,,,,,,,,,,
12.0,1.0,0.0,0.0,0.0,1.0,4.0,4.0,0.0,0.0,0.0,0.0,983.0
,,,,,,,,,,,,
35.0,1.17,2.0,4.0,0.0,0.0,9.0,6.0,0.0,0.0,0.0,1.54,3.08
23.0,1.13,1.0,0.0,0.0,3.0,7.0,2.0,0.0,0.0,0.0,1.693,1.693
30.0,1.17,1.0,3.0,0.0,4.0,6.0,2.0,0.0,0.0,0.0,2.386,2.386
24.0,0.96,2.0,1.0,0.0,9.0,12.0,3.0,0.0,0.0,0.0,618.0,1.236
32.0,1.03,0.0,1.0,0.0,15.0,12.0,2.0,0.0,0.0,0.0,0.0,1.505
33.0,1.06,2.0,3.0,0.0,9.0,18.0,1.0,0.0,0.0,0.0,1.058,2.116
30.0,1.03,1.0,1.0,0.0,16.0,8.0,5.0,0.0,1.0,0.0,1.456,1.456
2.0,3.0,0.0,0.0,0.0,2.0,0.0,0.0,0.0,0.0,0.0,0.0,35.0
1.0,3.0,0.0,0.0,0.0,1.0,0.0,0.0,0.0,0.0,0.0,0.0,27.0
36.0,1.14,3.0,5.0,0.0,4.0,16.0,3.0,0.0,0.0,0.0,929.0,2.788
36.0,1.14,7.0,4.0,0.0,11.0,14.0,2.0,0.0,0.0,0.0,324.0,2.271
28.0,0.93,5.0,2.0,0.0,14.0,12.0,1.0,0.0,0.0,0.0,257.0,1.287
31.0,1.19,6.0,2.0,0.0,12.0,14.0,3.0,0.0,0.0,2.0,296.0,1.773
16.0,0.88,0.0,0.0,0.0,12.0,4.0,0.0,0.0,0.0,0.0,0.0,465.0
27.0,1.37,0.0,0.0,0.0,5.0,2.0,8.0,0.0,0.0,0.0,0.0,2.01
25.0,1.4,2.0,0.0,0.0,6.0,3.0,4.0,0.0,0.0,0.0,859.0,1.717
17.0,1.47,0.0,1.0,0.0,1.0,4.0,4.0,0.0,0.0,0.0,0.0,1.359
15.0,1.6,1.0,0.0,0.0,7.0,4.0,3.0,0.0,0.0,0.0,673.0,673.0
33.0,1.27,0.0,0.0,0.0,0.0,4.0,4.0,0.0,0.0,0.0,0.0,2.9
28.0,1.32,0.0,4.0,0.0,1.0,15.0,8.0,0.0,0.0,0.0,0.0,2.348
27.0,1.26,3.0,3.0,0.0,2.0,11.0,6.0,1.0,0.0,0.0,749.0,2.248
,,,,,,,,,,,,
25.0,1.4,1.0,0.0,0.0,15.0,3.0,3.0,0.0,0.0,0.0,1.058,1.058
15.0,1.13,0.0,2.0,0.0,1.0,4.0,0.0,0.0,0.0,0.0,0.0,1.239
32.0,1.31,2.0,6.0,0.0,9.0,22.0,4.0,0.0,0.0,0.0,879.0,1.758
,,,,,,,,,,,,
27.0,1.15,4.0,0.0,0.0,2.0,21.0,1.0,0.0,0.0,0.0,507.0,2.027
36.0,1.28,10.0,5.0,0.0,1.0,12.0,1.0,0.0,0.0,1.0,313.0,3.13
20.0,1.45,6.0,5.0,0.0,6.0,10.0,2.0,0.0,0.0,0.0,207.0,1.24
9.0,0.67,0.0,0.0,0.0,9.0,0.0,0.0,0.0,0.0,0.0,0.0,82.0
34.0,1.26,10.0,4.0,0.0,2.0,10.0,4.0,0.0,1.0,5.0,278.0,2.783
15.0,1.13,7.0,1.0,0.0,6.0,2.0,3.0,0.0,0.0,0.0,126.0,880.0
,,,,,,,,,,,,
35.0,1.54,0.0,0.0,0.0,6.0,3.0,2.0,0.0,0.0,0.0,0.0,2.79
23.0,1.3,0.0,0.0,0.0,3.0,3.0,5.0,0.0,1.0,0.0,0.0,1.827
17.0,1.24,1.0,2.0,0.0,1.0,4.0,3.0,0.0,0.0,0.0,1.41,1.41
29.0,1.66,0.0,1.0,0.0,3.0,7.0,2.0,0.0,0.0,0.0,0.0,2.291
16.0,1.63,1.0,1.0,0.0,5.0,5.0,5.0,0.0,0.0,0.0,901.0,901.0
24.0,2.0,0.0,1.0,0.0,8.0,5.0,3.0,0.0,0.0,0.0,0.0,1.501
33.0,1.61,2.0,3.0,0.0,3.0,5.0,12.0,1.0,0.0,0.0,1.346,2.692
,,,,,,,,,,,,
36.0,1.56,7.0,6.0,0.0,2.0,23.0,7.0,0.0,0.0,0.0,396.0,2.773
8.0,2.38,0.0,0.0,0.0,7.0,1.0,2.0,0.0,0.0,0.0,0.0,107.0
28.0,1.39,3.0,2.0,0.0,20.0,8.0,6.0,0.0,0.0,0.0,320.0,961.0
17.0,1.41,1.0,0.0,0.0,11.0,4.0,0.0,0.0,1.0,1.0,605.0,605.0
21.0,0.9,9.0,0.0,0.0,7.0,4.0,0.0,0.0,0.0,0.0,140.0,1.264
33.0,1.61,2.0,1.0,0.0,14.0,15.0,3.0,0.0,0.0,0.0,857.0,1.713
28.0,1.5,4.0,3.0,0.0,7.0,14.0,3.0,0.0,1.0,0.0,446.0,1.785
3.0,2.33,3.0,0.0,0.0,2.0,0.0,1.0,0.0,0.0,0.0,43.0,128.0
36.0,1.5,5.0,5.0,0.0,6.0,24.0,3.0,0.0,0.0,0.0,481.0,2.406
37.0,1.62,3.0,4.0,0.0,12.0,23.0,3.0,0.0,1.0,2.0,649.0,1.948
27.0,1.56,6.0,0.0,0.0,16.0,11.0,6.0,0.0,0.0,0.0,192.0,1.153
18.0,1.39,1.0,0.0,0.0,11.0,7.0,2.0,0.0,0.0,0.0,653.0,653.0
17.0,1.65,4.0,0.0,0.0,12.0,5.0,4.0,0.0,0.0,0.0,114.0,456.0
28.0,1.46,0.0,0.0,0.0,5.0,1.0,6.0,0.0,0.0,0.0,0.0,2.137
31.0,1.16,4.0,0.0,0.0,0.0,5.0,4.0,1.0,0.0,0.0,676.0,2.702
,,,,,,,,,,,,
25.0,1.36,0.0,3.0,0.0,0.0,1.0,2.0,1.0,1.0,0.0,0.0,2.221
23.0,1.22,0.0,1.0,0.0,0.0,8.0,4.0,0.0,1.0,0.0,0.0,1.769
6.0,1.33,0.0,0.0,0.0,2.0,1.0,3.0,0.0,0.0,0.0,0.0,413.0
29.0,1.17,1.0,3.0,0.0,11.0,2.0,1.0,0.0,0.0,0.0,1.808,1.808
21.0,1.1,0.0,0.0,0.0,3.0,5.0,4.0,0.0,0.0,0.0,0.0,1.633
7.0,1.29,0.0,0.0,0.0,1.0,2.0,0.0,0.0,0.0,0.0,0.0,522.0
26.0,1.19,2.0,0.0,0.0,4.0,4.0,6.0,0.0,1.0,0.0,973.0,1.946
28.0,1.07,0.0,0.0,0.0,17.0,5.0,3.0,0.0,1.0,0.0,0.0,1.08
35.0,1.2,4.0,2.0,0.0,4.0,15.0,4.0,0.0,0.0,0.0,688.0,2.75
20.0,1.1,0.0,1.0,0.0,12.0,5.0,5.0,0.0,0.0,0.0,0.0,908.0
7.0,1.29,0.0,1.0,0.0,4.0,3.0,0.0,0.0,0.0,0.0,0.0,259.0
25.0,1.44,2.0,4.0,0.0,3.0,14.0,6.0,0.0,0.0,0.0,882.0,1.764
29.0,1.31,5.0,0.0,0.0,15.0,5.0,5.0,0.0,0.0,0.0,273.0,1.363
27.0,1.26,4.0,2.0,0.0,6.0,15.0,2.0,0.0,0.0,0.0,429.0,1.717
22.0,1.41,3.0,0.0,0.0,10.0,9.0,3.0,0.0,0.0,0.0,358.0,1.075
26.0,1.31,6.0,1.0,0.0,9.0,16.0,0.0,0.0,0.0,0.0,230.0,1.377
24.0,1.04,1.0,1.0,0.0,11.0,7.0,5.0,0.0,1.0,1.0,1.321,1.321
10.0,1.4,1.0,0.0,0.0,4.0,5.0,0.0,0.0,0.0,0.0,487.0,487.0
29.0,0.86,0.0,3.0,0.0,3.0,12.0,5.0,0.0,0.0,0.0,0.0,2.244
27.0,1.15,3.0,1.0,0.0,1.0,1.0,5.0,1.0,2.0,0.0,767.0,2.302
21.0,1.14,0.0,0.0,0.0,6.0,3.0,4.0,0.0,0.0,0.0,0.0,1.402
35.0,1.0,0.0,1.0,0.0,2.0,3.0,4.0,1.0,0.0,0.0,0.0,2.911
10.0,0.8,1.0,0.0,0.0,3.0,3.0,3.0,0.0,0.0,0.0,632.0,632.0
33.0,1.06,3.0,4.0,0.0,2.0,1.0,1.0,0.0,0.0,2.0,951.0,2.854
20.0,1.0,0.0,0.0,0.0,10.0,3.0,3.0,0.0,0.0,0.0,0.0,1.0
26.0,1.19,1.0,3.0,0.0,8.0,11.0,4.0,0.0,0.0,0.0,1.523,1.523
31.0,1.13,2.0,1.0,0.0,9.0,14.0,0.0,0.0,0.0,0.0,944.0,1.887
17.0,1.18,0.0,0.0,0.0,5.0,5.0,5.0,0.0,0.0,0.0,0.0,1.066
33.0,0.88,3.0,1.0,0.0,2.0,10.0,2.0,0.0,0.0,0.0,911.0,2.733
17.0,1.0,0.0,1.0,0.0,5.0,10.0,1.0,0.0,0.0,0.0,0.0,1.006
17.0,0.88,1.0,0.0,0.0,14.0,2.0,1.0,0.0,0.0,0.0,412.0,412.0
28.0,1.07,0.0,1.0,0.0,4.0,11.0,4.0,0.0,1.0,0.0,0.0,1.947
14.0,1.21,3.0,1.0,0.0,4.0,10.0,1.0,0.0,0.0,0.0,283.0,849.0
35.0,1.0,2.0,5.0,0.0,15.0,15.0,2.0,0.0,0.0,0.0,905.0,1.809
11.0,0.91,0.0,0.0,0.0,10.0,0.0,0.0,0.0,0.0,0.0,0.0,280.0
32.0,0.94,6.0,1.0,0.0,13.0,11.0,4.0,0.0,0.0,1.0,317.0,1.902
26.0,0.96,7.0,1.0,0.0,7.0,10.0,2.0,0.0,1.0,1.0,234.0,1.636
17.0,1.35,2.0,1.0,0.0,7.0,10.0,1.0,0.0,0.0,0.0,383.0,766.0
28.0,1.07,0.0,0.0,0.0,19.0,9.0,1.0,0.0,0.0,0.0,0.0,961.0
6.0,0.67,1.0,0.0,0.0,5.0,1.0,0.0,0.0,0.0,0.0,127.0,127.0
17.0,2.12,1.0,1.0,0.0,2.0,3.0,4.0,0.0,0.0,0.0,1.311,1.311
51.0,1.94,0.0,2.0,0.0,9.0,8.0,10.0,0.0,0.0,0.0,0.0,3.964
49.0,2.06,3.0,1.0,0.0,4.0,4.0,7.0,0.0,1.0,0.0,1.367,4.101
14.0,2.0,0.0,0.0,1.0,7.0,6.0,2.0,0.0,0.0,0.0,0.0,599.0
3.0,3.0,0.0,1.0,0.0,2.0,1.0,0.0,0.0,0.0,0.0,0.0,102.0
31.0,2.03,0.0,2.0,0.0,3.0,14.0,2.0,0.0,1.0,0.0,0.0,2.245
46.0,1.89,0.0,4.0,0.0,19.0,6.0,0.0,0.0,0.0,0.0,0.0,2.78
11.0,2.18,1.0,1.0,0.0,1.0,3.0,2.0,0.0,0.0,0.0,878.0,878.0
49.0,2.02,2.0,7.0,0.0,14.0,16.0,9.0,0.0,1.0,0.0,1.58,3.16
50.0,2.06,2.0,1.0,0.0,2.0,10.0,10.0,0.0,0.0,0.0,2.093,4.185
57.0,2.12,9.0,8.0,0.0,3.0,11.0,5.0,0.0,0.0,0.0,539.0,4.852
34.0,2.06,2.0,2.0,0.0,13.0,10.0,7.0,1.0,0.0,0.0,1.01,2.02
39.0,2.28,0.0,2.0,0.0,18.0,17.0,5.0,0.0,0.0,0.0,0.0,1.87
55.0,2.04,4.0,9.0,0.0,29.0,16.0,11.0,0.0,0.0,0.0,689.0,2.757
51.0,2.06,14.0,14.0,0.0,3.0,16.0,10.0,0.0,2.0,1.0,304.0,4.259
50.0,2.06,20.0,16.0,0.0,7.0,19.0,15.0,0.0,1.0,3.0,203.0,4.05
50.0,2.18,13.0,10.0,0.0,12.0,28.0,0.0,0.0,0.0,0.0,253.0,3.29
41.0,2.29,5.0,9.0,0.0,24.0,15.0,1.0,0.0,0.0,0.0,337.0,1.683
50.0,2.04,6.0,7.0,0.0,28.0,15.0,1.0,0.0,0.0,0.0,351.0,2.103
54.0,2.09,40.0,4.0,0.0,4.0,19.0,4.0,0.0,1.0,7.0,111.0,4.458
37.0,2.14,7.0,1.0,0.0,29.0,7.0,4.0,0.0,0.0,0.0,121.0,847.0
55.0,2.25,1.0,4.0,0.0,8.0,16.0,5.0,0.0,1.0,0.0,4.123,4.123
24.0,2.42,2.0,2.0,1.0,8.0,6.0,4.0,0.0,0.0,0.0,748.0,1.496
,,,,,,,,,,,,
,,,,,,,,,,,,
,,,,,,,,,,,,
41.0,2.41,1.0,6.0,0.0,22.0,10.0,4.0,0.0,0.0,0.0,1.784,1.784
,,,,,,,,,,,,
21.0,2.24,0.0,0.0,0.0,15.0,5.0,2.0,0.0,0.0,0.0,0.0,710.0
36.0,2.36,1.0,6.0,0.0,7.0,11.0,3.0,1.0,0.0,0.0,2.447,2.447
3.0,3.0,0.0,0.0,0.0,0.0,2.0,2.0,0.0,0.0,0.0,0.0,244.0
,,,,,,,,,,,,
41.0,2.15,3.0,3.0,0.0,22.0,16.0,6.0,0.0,0.0,0.0,533.0,1.598
45.0,2.36,2.0,2.0,0.0,22.0,10.0,7.0,0.0,0.0,0.0,1.24,2.479
38.0,2.26,11.0,7.0,0.0,16.0,21.0,1.0,0.0,0.0,1.0,173.0,1.908
45.0,2.31,8.0,9.0,0.0,27.0,13.0,6.0,0.0,1.0,0.0,244.0,1.949
14.0,2.21,4.0,3.0,0.0,9.0,5.0,0.0,0.0,0.0,0.0,105.0,421.0
56.0,2.27,34.0,25.0,0.0,4.0,15.0,7.0,0.0,0.0,2.0,135.0,4.597
11.0,2.45,0.0,0.0,0.0,8.0,3.0,1.0,0.0,0.0,0.0,0.0,298.0
54.0,2.39,18.0,25.0,0.0,4.0,25.0,3.0,0.0,0.0,0.0,248.0,4.463
45.0,2.27,19.0,7.0,0.0,26.0,14.0,2.0,0.0,1.0,0.0,101.0,1.921
51.0,2.24,40.0,3.0,0.0,5.0,28.0,3.0,0.0,0.0,7.0,96.0,3.841
28.0,2.14,2.0,1.0,0.0,26.0,2.0,3.0,0.0,0.0,0.0,189.0,378.0
37.0,1.97,1.0,0.0,0.0,6.0,3.0,11.0,0.0,0.0,0.0,2.752,2.752
38.0,1.79,1.0,1.0,1.0,7.0,1.0,9.0,0.0,0.0,0.0,3.014,3.014
33.0,2.24,2.0,2.0,0.0,2.0,5.0,11.0,0.0,0.0,0.0,1.393,2.786
20.0,2.05,0.0,1.0,0.0,6.0,1.0,2.0,0.0,0.0,0.0,0.0,1.299
19.0,1.84,1.0,0.0,0.0,6.0,7.0,4.0,0.0,0.0,0.0,1.108,1.108
29.0,1.69,0.0,0.0,0.0,14.0,6.0,6.0,0.0,0.0,0.0,0.0,1.495
37.0,2.03,0.0,5.0,0.0,6.0,15.0,11.0,0.0,0.0,0.0,0.0,2.619
43.0,1.84,1.0,3.0,0.0,21.0,8.0,2.0,0.0,0.0,0.0,2.322,2.322
40.0,1.95,1.0,4.0,0.0,3.0,12.0,6.0,0.0,2.0,0.0,3.011,3.011
46.0,2.0,4.0,5.0,0.0,19.0,21.0,3.0,0.0,0.0,0.0,607.0,2.426
49.0,1.92,3.0,9.0,0.0,12.0,24.0,9.0,0.0,0.0,0.0,1.071,3.214
43.0,2.16,1.0,2.0,1.0,17.0,12.0,5.0,0.0,0.0,0.0,2.588,2.588
45.0,1.96,5.0,8.0,0.0,7.0,7.0,1.0,0.0,1.0,0.0,686.0,3.429
8.0,2.25,0.0,0.0,0.0,8.0,1.0,0.0,0.0,0.0,0.0,0.0,128.0
44.0,1.93,4.0,8.0,0.0,17.0,23.0,3.0,0.0,0.0,0.0,544.0,2.176
26.0,2.35,1.0,1.0,0.0,18.0,7.0,0.0,0.0,0.0,0.0,846.0,846.0
46.0,1.98,5.0,8.0,0.0,8.0,32.0,6.0,0.0,0.0,0.0,565.0,2.825
44.0,1.98,8.0,5.0,0.0,36.0,5.0,5.0,0.0,1.0,0.0,167.0,1.339
53.0,1.96,29.0,6.0,0.0,10.0,27.0,6.0,0.0,0.0,5.0,125.0,3.615
49.0,1.98,21.0,2.0,0.0,29.0,17.0,5.0,0.0,0.0,2.0,101.0,2.117
52.0,1.94,16.0,9.0,0.0,11.0,29.0,2.0,0.0,0.0,1.0,218.0,3.488
36.0,1.58,0.0,0.0,0.0,2.0,7.0,7.0,0.0,0.0,0.0,0.0,2.928
41.0,1.29,0.0,0.0,0.0,1.0,7.0,9.0,0.0,1.0,0.0,0.0,3.4
21.0,1.33,1.0,1.0,0.0,6.0,4.0,4.0,0.0,0.0,0.0,1.35,1.35
35.0,1.4,0.0,1.0,0.0,11.0,6.0,4.0,0.0,1.0,0.0,0.0,2.267
17.0,1.0,0.0,1.0,0.0,8.0,0.0,2.0,0.0,0.0,0.0,0.0,1.245
38.0,1.42,0.0,0.0,0.0,13.0,12.0,5.0,0.0,0.0,0.0,0.0,2.42
34.0,1.38,0.0,0.0,0.0,10.0,9.0,7.0,1.0,0.0,0.0,0.0,2.075
48.0,1.46,1.0,1.0,0.0,12.0,12.0,12.0,0.0,1.0,0.0,3.262,3.262
13.0,1.0,0.0,1.0,0.0,4.0,8.0,2.0,0.0,0.0,0.0,0.0,759.0
8.0,1.63,0.0,0.0,0.0,3.0,4.0,4.0,0.0,0.0,0.0,0.0,418.0
47.0,1.38,2.0,2.0,0.0,3.0,5.0,11.0,0.0,0.0,0.0,1.968,3.935
39.0,1.36,3.0,2.0,0.0,11.0,15.0,5.0,0.0,0.0,0.0,801.0,2.404
30.0,1.47,0.0,0.0,0.0,16.0,10.0,4.0,0.0,0.0,0.0,0.0,1.352
33.0,1.91,2.0,2.0,0.0,19.0,12.0,5.0,0.0,0.0,0.0,692.0,1.383
43.0,1.56,8.0,5.0,0.0,10.0,20.0,6.0,0.0,0.0,1.0,342.0,2.736
4.0,1.5,1.0,1.0,0.0,3.0,1.0,0.0,0.0,0.0,0.0,78.0,78.0
37.0,1.46,2.0,4.0,0.0,15.0,10.0,4.0,0.0,0.0,0.0,1.058,2.116
,,,,,,,,,,,,
,,,,,,,,,,,,
51.0,1.47,7.0,4.0,0.0,12.0,28.0,6.0,0.0,0.0,0.0,486.0,3.401
48.0,1.54,5.0,7.0,0.0,14.0,15.0,4.0,0.0,0.0,0.0,646.0,3.23
52.0,1.5,18.0,8.0,0.0,10.0,29.0,8.0,0.0,1.0,7.0,190.0,3.428
49.0,1.57,14.0,1.0,0.0,26.0,16.0,3.0,0.0,0.0,0.0,169.0,2.37
45.0,1.91,4.0,0.0,0.0,5.0,2.0,5.0,0.0,1.0,0.0,905.0,3.621
35.0,1.66,4.0,1.0,0.0,4.0,6.0,2.0,1.0,0.0,0.0,698.0,2.793
29.0,1.72,2.0,0.0,0.0,2.0,2.0,6.0,1.0,0.0,0.0,1.203,2.406
14.0,1.64,0.0,2.0,0.0,4.0,2.0,6.0,0.0,0.0,0.0,0.0,932.0
,,,,,,,,,,,,
43.0,1.84,1.0,3.0,0.0,9.0,2.0,7.0,0.0,0.0,0.0,3.152,3.152
30.0,1.7,0.0,2.0,0.0,7.0,12.0,7.0,0.0,0.0,0.0,0.0,1.984
20.0,1.8,0.0,0.0,0.0,9.0,3.0,1.0,0.0,0.0,0.0,0.0,1.045
40.0,1.9,1.0,6.0,0.0,14.0,8.0,2.0,0.0,0.0,0.0,2.478,2.478
34.0,1.82,0.0,0.0,0.0,23.0,7.0,2.0,0.0,0.0,0.0,0.0,1.203
44.0,1.75,2.0,1.0,0.0,16.0,22.0,8.0,0.0,0.0,0.0,1.187,2.373
,,,,,,,,,,,,
35.0,2.14,17.0,3.0,0.0,11.0,18.0,4.0,0.0,0.0,4.0,120.0,2.034
46.0,1.83,2.0,4.0,0.0,27.0,19.0,2.0,0.0,0.0,0.0,899.0,1.798
26.0,1.27,3.0,2.0,0.0,6.0,7.0,2.0,0.0,0.0,0.0,624.0,1.872
44.0,1.86,11.0,7.0,0.0,10.0,18.0,2.0,0.0,0.0,0.0,277.0,3.05
,,,,,,,,,,,,
28.0,1.64,1.0,0.0,0.0,17.0,11.0,3.0,0.0,0.0,0.0,976.0,976.0
,,,,,,,,,,,,
51.0,1.86,8.0,5.0,0.0,20.0,23.0,2.0,0.0,0.0,0.0,347.0,2.779
43.0,1.67,12.0,4.0,0.0,11.0,17.0,4.0,0.0,0.0,1.0,243.0,2.912
34.0,1.85,2.0,0.0,0.0,4.0,4.0,3.0,0.0,0.0,0.0,1.361,2.721
20.0,1.95,0.0,0.0,0.0,7.0,4.0,1.0,0.0,1.0,0.0,0.0,1.191
12.0,1.67,0.0,0.0,0.0,4.0,4.0,2.0,0.0,1.0,0.0,0.0,618.0
16.0,1.63,0.0,0.0,1.0,2.0,2.0,5.0,0.0,0.0,0.0,0.0,1.202
22.0,1.91,0.0,0.0,0.0,11.0,6.0,2.0,0.0,0.0,0.0,0.0,1.227
36.0,1.86,1.0,7.0,0.0,2.0,10.0,11.0,0.0,0.0,0.0,3.0,3.0
11.0,1.82,0.0,2.0,0.0,8.0,2.0,0.0,0.0,0.0,0.0,0.0,365.0
19.0,2.11,1.0,0.0,0.0,2.0,2.0,4.0,0.0,0.0,0.0,1.517,1.517
27.0,1.81,0.0,1.0,0.0,1.0,6.0,6.0,0.0,0.0,0.0,0.0,2.139
37.0,1.81,4.0,2.0,0.0,7.0,11.0,7.0,0.0,0.0,0.0,652.0,2.608
37.0,1.84,3.0,3.0,0.0,9.0,17.0,8.0,0.0,0.0,1.0,800.0,2.4
21.0,1.43,1.0,1.0,0.0,14.0,6.0,0.0,0.0,0.0,0.0,609.0,609.0
32.0,1.91,6.0,10.0,0.0,3.0,13.0,9.0,0.0,0.0,0.0,429.0,2.571
34.0,1.79,3.0,10.0,0.0,9.0,24.0,11.0,0.0,0.0,0.0,653.0,1.958
12.0,2.0,1.0,0.0,0.0,5.0,7.0,1.0,0.0,0.0,0.0,613.0,613.0
19.0,2.21,1.0,1.0,0.0,15.0,4.0,2.0,0.0,0.0,0.0,500.0,500.0
27.0,2.07,3.0,6.0,0.0,12.0,10.0,2.0,0.0,0.0,0.0,487.0,1.462
40.0,1.8,19.0,3.0,0.0,11.0,14.0,4.0,0.0,0.0,2.0,139.0,2.634
32.0,1.91,22.0,4.0,0.0,9.0,14.0,4.0,0.0,0.0,0.0,94.0,2.062
17.0,1.59,3.0,2.0,0.0,10.0,7.0,0.0,0.0,0.0,3.0,251.0,753.0
40.0,1.35,1.0,0.0,0.0,0.0,3.0,6.0,0.0,0.0,0.0,3.525,3.525
19.0,1.21,0.0,0.0,0.0,7.0,5.0,1.0,0.0,0.0,0.0,0.0,1.24
37.0,1.35,2.0,1.0,2.0,3.0,1.0,7.0,0.0,0.0,0.0,1.547,3.094
13.0,1.92,2.0,0.0,0.0,6.0,4.0,0.0,0.0,0.0,0.0,313.0,625.0
23.0,1.48,0.0,1.0,0.0,1.0,10.0,7.0,0.0,0.0,0.0,0.0,1.8
23.0,1.48,0.0,0.0,0.0,10.0,5.0,3.0,0.0,0.0,0.0,0.0,1.197
9.0,0.89,0.0,0.0,0.0,5.0,3.0,2.0,0.0,0.0,0.0,0.0,338.0
11.0,0.64,0.0,0.0,0.0,2.0,5.0,1.0,0.0,0.0,0.0,0.0,771.0
34.0,1.32,0.0,1.0,0.0,7.0,6.0,6.0,0.0,0.0,0.0,0.0,2.456
38.0,1.39,3.0,2.0,0.0,15.0,6.0,7.0,0.0,1.0,2.0,721.0,2.164
31.0,1.48,1.0,2.0,0.0,7.0,19.0,6.0,0.0,0.0,0.0,2.078,2.078
17.0,1.59,0.0,0.0,0.0,8.0,5.0,3.0,0.0,0.0,0.0,0.0,769.0
37.0,1.35,3.0,3.0,0.0,6.0,17.0,6.0,0.0,0.0,0.0,867.0,2.601
37.0,1.51,0.0,3.0,0.0,13.0,21.0,2.0,0.0,0.0,0.0,0.0,2.032
24.0,2.0,4.0,2.0,0.0,15.0,9.0,1.0,0.0,0.0,0.0,244.0,976.0
34.0,1.68,3.0,1.0,0.0,8.0,20.0,8.0,1.0,0.0,0.0,718.0,2.155
38.0,1.26,5.0,3.0,0.0,5.0,19.0,6.0,0.0,0.0,2.0,568.0,2.84
22.0,1.27,1.0,5.0,0.0,16.0,5.0,3.0,0.0,0.0,0.0,709.0,709.0
40.0,1.28,9.0,6.0,0.0,5.0,26.0,4.0,0.0,0.0,0.0,312.0,2.809
28.0,1.71,0.0,0.0,0.0,23.0,4.0,2.0,0.0,0.0,0.0,0.0,682.0
,,,,,,,,,,,,
29.0,1.69,6.0,1.0,0.0,14.0,11.0,7.0,0.0,0.0,0.0,240.0,1.442
21.0,1.14,1.0,2.0,0.0,16.0,5.0,3.0,0.0,0.0,0.0,748.0,748.0
35.0,0.89,2.0,1.0,3.0,1.0,0.0,10.0,0.0,0.0,0.0,1.535,3.069
35.0,1.2,2.0,1.0,0.0,4.0,4.0,5.0,0.0,0.0,0.0,1.422,2.843
39.0,0.97,0.0,3.0,0.0,3.0,6.0,2.0,0.0,0.0,0.0,0.0,3.163
18.0,1.28,1.0,1.0,0.0,4.0,1.0,3.0,0.0,0.0,0.0,1.298,1.298
,,,,,,,,,,,,
38.0,1.13,3.0,3.0,0.0,3.0,6.0,4.0,1.0,0.0,0.0,1.024,3.073
24.0,0.79,0.0,0.0,0.0,6.0,7.0,4.0,0.0,0.0,0.0,0.0,1.637
14.0,0.71,0.0,0.0,0.0,5.0,5.0,2.0,0.0,0.0,0.0,0.0,869.0
30.0,1.0,0.0,0.0,0.0,8.0,12.0,7.0,0.0,0.0,0.0,0.0,1.788
33.0,1.12,4.0,3.0,1.0,3.0,12.0,11.0,0.0,1.0,0.0,634.0,2.535
35.0,1.0,3.0,2.0,0.0,13.0,18.0,7.0,0.0,0.0,0.0,658.0,1.974
24.0,0.75,1.0,0.0,0.0,20.0,3.0,3.0,0.0,0.0,0.0,685.0,685.0
39.0,0.97,1.0,1.0,0.0,10.0,18.0,4.0,0.0,0.0,0.0,2.403,2.403
11.0,0.73,1.0,0.0,0.0,9.0,1.0,1.0,0.0,0.0,0.0,349.0,349.0
,,,,,,,,,,,,
37.0,1.0,5.0,2.0,0.0,14.0,15.0,4.0,0.0,0.0,0.0,410.0,2.052
11.0,1.45,2.0,1.0,0.0,4.0,2.0,2.0,0.0,0.0,0.0,319.0,637.0
,,,,,,,,,,,,
32.0,0.78,1.0,2.0,0.0,26.0,6.0,6.0,0.0,0.0,0.0,863.0,863.0
26.0,0.96,4.0,0.0,0.0,7.0,18.0,3.0,0.0,0.0,1.0,385.0,1.541
25.0,1.36,4.0,2.0,0.0,8.0,14.0,0.0,0.0,0.0,0.0,344.0,1.377
40.0,1.0,11.0,2.0,0.0,32.0,6.0,7.0,0.0,0.0,3.0,124.0,1.369
33.0,1.03,1.0,1.0,0.0,1.0,1.0,8.0,0.0,1.0,0.0,2.777,2.777
32.0,1.16,3.0,2.0,0.0,7.0,5.0,6.0,0.0,0.0,0.0,757.0,2.271
14.0,1.36,0.0,0.0,0.0,6.0,3.0,5.0,1.0,0.0,0.0,0.0,687.0
,,,,,,,,,,,,
30.0,1.37,1.0,1.0,0.0,2.0,2.0,7.0,0.0,0.0,0.0,2.519,2.519
33.0,1.12,1.0,1.0,0.0,7.0,11.0,7.0,0.0,0.0,0.0,2.236,2.236
35.0,1.09,0.0,0.0,0.0,1.0,12.0,10.0,0.0,0.0,0.0,0.0,2.902
34.0,1.12,5.0,5.0,0.0,14.0,13.0,4.0,1.0,0.0,0.0,373.0,1.863
36.0,1.22,1.0,2.0,0.0,11.0,10.0,5.0,0.0,1.0,0.0,2.201,2.201
30.0,1.2,1.0,1.0,0.0,4.0,6.0,6.0,0.0,0.0,1.0,2.406,2.406
23.0,1.13,0.0,2.0,0.0,6.0,8.0,4.0,0.0,0.0,0.0,0.0,1.564
31.0,1.16,1.0,1.0,0.0,7.0,15.0,5.0,0.0,0.0,0.0,2.111,2.111
26.0,1.04,1.0,6.0,0.0,7.0,10.0,8.0,0.0,1.0,0.0,1.69,1.69
36.0,1.11,2.0,3.0,0.0,11.0,6.0,2.0,0.0,0.0,0.0,1.112,2.224
18.0,1.11,2.0,3.0,0.0,12.0,6.0,0.0,0.0,0.0,0.0,264.0,527.0
21.0,1.0,3.0,1.0,0.0,9.0,12.0,3.0,0.0,0.0,0.0,349.0,1.047
24.0,1.08,2.0,1.0,0.0,15.0,8.0,0.0,0.0,0.0,0.0,477.0,954.0
38.0,1.08,11.0,2.0,0.0,1.0,12.0,3.0,0.0,1.0,1.0,286.0,3.148
16.0,1.44,0.0,1.0,0.0,12.0,3.0,4.0,0.0,0.0,0.0,0.0,579.0
28.0,1.11,1.0,1.0,0.0,13.0,14.0,1.0,0.0,0.0,0.0,1.237,1.237
32.0,0.94,5.0,2.0,0.0,5.0,18.0,10.0,0.0,1.0,0.0,452.0,2.261
20.0,0.45,3.0,3.0,0.0,5.0,7.0,2.0,0.0,0.0,0.0,424.0,1.272
35.0,1.37,9.0,3.0,0.0,16.0,14.0,3.0,0.0,1.0,0.0,218.0,1.961
50.0,1.74,2.0,2.0,0.0,9.0,1.0,7.0,0.0,1.0,0.0,1.913,3.825
42.0,1.74,2.0,0.0,1.0,3.0,6.0,6.0,0.0,0.0,0.0,1.672,3.344
35.0,1.8,3.0,1.0,0.0,4.0,5.0,3.0,0.0,0.0,0.0,950.0,2.851
39.0,1.38,2.0,2.0,0.0,9.0,4.0,11.0,0.0,1.0,0.0,1.422,2.844
31.0,2.1,0.0,2.0,0.0,4.0,8.0,1.0,0.0,0.0,0.0,0.0,2.307
43.0,1.67,2.0,6.0,0.0,20.0,12.0,11.0,0.0,0.0,0.0,1.072,2.143
13.0,2.08,0.0,2.0,0.0,5.0,2.0,1.0,0.0,0.0,0.0,0.0,813.0
29.0,1.55,0.0,4.0,0.0,5.0,8.0,2.0,0.0,0.0,0.0,0.0,2.131
33.0,1.73,0.0,3.0,0.0,5.0,14.0,4.0,0.0,0.0,0.0,0.0,2.381
45.0,1.76,4.0,1.0,0.0,8.0,11.0,5.0,0.0,0.0,0.0,826.0,3.302
17.0,1.47,2.0,2.0,0.0,5.0,7.0,4.0,0.0,0.0,0.0,521.0,1.041
14.0,1.64,0.0,0.0,0.0,8.0,5.0,1.0,0.0,0.0,0.0,0.0,467.0
33.0,1.58,9.0,3.0,0.0,12.0,12.0,4.0,0.0,1.0,2.0,222.0,1.995
51.0,1.78,2.0,1.0,0.0,17.0,20.0,5.0,0.0,0.0,0.0,1.504,3.008
37.0,1.43,0.0,4.0,1.0,12.0,20.0,5.0,0.0,0.0,0.0,0.0,2.227
36.0,1.61,2.0,1.0,0.0,7.0,20.0,4.0,0.0,0.0,0.0,1.25,2.5
31.0,1.81,12.0,9.0,0.0,7.0,12.0,7.0,0.0,0.0,5.0,181.0,2.17
47.0,1.7,8.0,5.0,0.0,16.0,24.0,4.0,0.0,0.0,0.0,356.0,2.848
42.0,1.83,5.0,4.0,0.0,11.0,26.0,3.0,1.0,0.0,0.0,493.0,2.464
38.0,1.68,9.0,5.0,0.0,13.0,11.0,4.0,0.0,1.0,1.0,262.0,2.361
14.0,2.14,5.0,1.0,0.0,1.0,10.0,0.0,0.0,0.0,0.0,218.0,1.09
32.0,1.78,4.0,2.0,0.0,17.0,9.0,9.0,0.0,1.0,0.0,361.0,1.443
40.0,1.7,10.0,4.0,0.0,21.0,15.0,6.0,0.0,0.0,0.0,175.0,1.754
32.0,0.97,0.0,1.0,0.0,4.0,3.0,6.0,0.0,0.0,0.0,0.0,2.534
30.0,1.13,0.0,0.0,1.0,2.0,1.0,5.0,0.0,1.0,0.0,0.0,2.472
21.0,0.67,1.0,0.0,0.0,4.0,3.0,1.0,0.0,0.0,0.0,1.504,1.504
30.0,0.93,0.0,0.0,2.0,0.0,12.0,11.0,0.0,0.0,0.0,0.0,2.469
22.0,0.86,3.0,0.0,0.0,3.0,10.0,3.0,0.0,0.0,0.0,496.0,1.488
8.0,0.25,0.0,0.0,0.0,4.0,2.0,2.0,0.0,0.0,0.0,0.0,394.0
30.0,0.97,0.0,2.0,0.0,7.0,11.0,5.0,0.0,0.0,0.0,0.0,2.013
24.0,0.96,0.0,0.0,0.0,14.0,6.0,4.0,0.0,0.0,0.0,0.0,1.092
33.0,0.88,1.0,0.0,0.0,13.0,16.0,8.0,0.0,0.0,0.0,1.87,1.87
19.0,1.0,0.0,0.0,0.0,10.0,6.0,3.0,0.0,0.0,0.0,0.0,741.0
26.0,1.0,0.0,3.0,0.0,10.0,16.0,6.0,0.0,0.0,0.0,0.0,1.22
36.0,0.81,6.0,1.0,0.0,4.0,16.0,5.0,0.0,0.0,0.0,462.0,2.773
22.0,1.05,0.0,3.0,0.0,1.0,12.0,2.0,0.0,0.0,0.0,0.0,1.832
30.0,0.77,3.0,4.0,0.0,21.0,6.0,2.0,0.0,0.0,0.0,365.0,1.096
20.0,1.1,0.0,0.0,0.0,17.0,3.0,2.0,0.0,1.0,0.0,0.0,565.0
19.0,0.68,2.0,1.0,0.0,13.0,5.0,4.0,0.0,0.0,0.0,310.0,619.0
25.0,1.16,10.0,3.0,0.0,2.0,14.0,7.0,0.0,0.0,2.0,195.0,1.954
34.0,0.76,5.0,6.0,0.0,13.0,12.0,3.0,0.0,0.0,0.0,384.0,1.919
32.0,1.0,9.0,4.0,0.0,6.0,20.0,6.0,0.0,0.0,1.0,236.0,2.12
14.0,0.93,1.0,1.0,0.0,12.0,2.0,2.0,0.0,0.0,0.0,273.0,273.0
32.0,1.0,4.0,0.0,0.0,28.0,3.0,9.0,0.0,0.0,0.0,173.0,693.0
39.0,1.44,2.0,0.0,0.0,1.0,1.0,6.0,0.0,0.0,0.0,1.719,3.438
23.0,1.48,2.0,0.0,0.0,5.0,0.0,3.0,0.0,0.0,0.0,850.0,1.7
36.0,1.47,1.0,2.0,0.0,0.0,3.0,12.0,0.0,1.0,0.0,3.111,3.111
4.0,2.25,0.0,0.0,0.0,1.0,1.0,0.0,0.0,0.0,0.0,0.0,244.0
38.0,1.63,2.0,0.0,0.0,15.0,8.0,3.0,0.0,0.0,0.0,1.16,2.32
28.0,1.68,0.0,0.0,0.0,8.0,13.0,4.0,0.0,0.0,0.0,0.0,1.627
39.0,1.54,0.0,4.0,0.0,2.0,12.0,10.0,0.0,0.0,0.0,0.0,3.275
27.0,1.41,0.0,0.0,0.0,18.0,8.0,1.0,0.0,0.0,0.0,0.0,903.0
38.0,1.53,3.0,0.0,0.0,1.0,8.0,10.0,0.0,0.0,0.0,1.073,3.218
,,,,,,,,,,,,
35.0,1.4,0.0,0.0,0.0,6.0,23.0,11.0,0.0,0.0,0.0,0.0,2.339
31.0,1.65,1.0,1.0,0.0,16.0,12.0,5.0,0.0,0.0,0.0,1.444,1.444
40.0,1.5,6.0,4.0,0.0,3.0,20.0,8.0,0.0,0.0,1.0,527.0,3.164
27.0,1.44,1.0,6.0,0.0,6.0,19.0,4.0,0.0,0.0,0.0,1.801,1.801
28.0,1.39,1.0,0.0,1.0,20.0,4.0,1.0,0.0,0.0,0.0,948.0,948.0
15.0,0.73,1.0,0.0,0.0,13.0,2.0,0.0,0.0,0.0,0.0,202.0,202.0
39.0,1.38,5.0,6.0,0.0,7.0,27.0,2.0,0.0,0.0,0.0,517.0,2.586
18.0,1.56,0.0,1.0,0.0,14.0,5.0,4.0,0.0,0.0,0.0,0.0,386.0
41.0,1.46,24.0,4.0,0.0,5.0,21.0,5.0,0.0,0.0,9.0,132.0,3.159
35.0,1.37,6.0,1.0,0.0,28.0,5.0,0.0,0.0,0.0,0.0,150.0,900.0
39.0,1.56,3.0,3.0,1.0,11.0,8.0,7.0,0.0,0.0,0.0,898.0,2.693
30.0,1.4,1.0,0.0,0.0,2.0,3.0,6.0,0.0,0.0,0.0,2.481,2.481
20.0,1.75,1.0,0.0,1.0,6.0,4.0,1.0,0.0,0.0,0.0,1.225,1.225
39.0,1.56,0.0,1.0,1.0,4.0,4.0,10.0,0.0,0.0,0.0,0.0,3.104
32.0,1.44,4.0,0.0,0.0,2.0,2.0,9.0,1.0,1.0,4.0,692.0,2.769
11.0,1.91,0.0,3.0,0.0,3.0,7.0,1.0,0.0,0.0,0.0,0.0,604.0
35.0,1.51,4.0,6.0,0.0,3.0,11.0,7.0,0.0,0.0,0.0,705.0,2.82
26.0,1.58,0.0,4.0,0.0,6.0,7.0,0.0,0.0,0.0,0.0,0.0,1.768
11.0,0.91,0.0,0.0,0.0,4.0,7.0,1.0,0.0,0.0,0.0,0.0,549.0
18.0,1.44,0.0,1.0,0.0,7.0,4.0,3.0,0.0,0.0,0.0,0.0,1.014
13.0,1.77,0.0,0.0,1.0,7.0,3.0,2.0,0.0,0.0,0.0,0.0,613.0
36.0,1.58,2.0,1.0,0.0,5.0,15.0,4.0,0.0,0.0,0.0,1.287,2.574
26.0,1.19,1.0,0.0,0.0,9.0,13.0,5.0,0.0,0.0,1.0,1.454,1.454
34.0,1.26,1.0,2.0,0.0,12.0,7.0,6.0,1.0,0.0,0.0,2.181,2.181
28.0,1.32,4.0,3.0,0.0,10.0,9.0,6.0,0.0,0.0,0.0,421.0,1.682
34.0,1.29,5.0,4.0,0.0,17.0,17.0,3.0,0.0,0.0,0.0,293.0,1.464
28.0,1.32,8.0,5.0,0.0,12.0,11.0,1.0,0.0,1.0,0.0,194.0,1.554
11.0,1.73,0.0,0.0,0.0,5.0,4.0,2.0,0.0,0.0,0.0,0.0,542.0
36.0,1.53,8.0,3.0,0.0,14.0,7.0,4.0,0.0,0.0,0.0,274.0,2.19
27.0,1.89,1.0,1.0,0.0,17.0,8.0,2.0,0.0,0.0,0.0,965.0,965.0
30.0,1.6,6.0,6.0,0.0,12.0,14.0,3.0,0.0,0.0,0.0,273.0,1.638
38.0,1.45,10.0,3.0,0.0,14.0,23.0,4.0,0.0,0.0,0.0,199.0,1.99
30.0,1.5,9.0,4.0,0.0,11.0,10.0,3.0,1.0,0.0,5.0,191.0,1.717
36.0,1.08,3.0,0.0,1.0,1.0,5.0,10.0,0.0,0.0,0.0,1.022,3.066
20.0,1.5,1.0,0.0,0.0,15.0,3.0,0.0,0.0,0.0,0.0,612.0,612.0
32.0,1.0,4.0,2.0,0.0,1.0,1.0,4.0,0.0,1.0,0.0,695.0,2.78
,,,,,,,,,,,,
0.0,,0.0,0.0,0.0,0.0,0.0,0.0,0.0,0.0,0.0,0.0,0.0
,,,,,,,,,,,,
18.0,1.11,0.0,1.0,0.0,5.0,5.0,2.0,0.0,0.0,0.0,0.0,1.107
36.0,1.14,0.0,2.0,0.0,1.0,6.0,11.0,0.0,0.0,0.0,0.0,3.103
29.0,0.93,1.0,4.0,0.0,15.0,9.0,2.0,0.0,0.0,0.0,1.324,1.324
20.0,1.45,0.0,2.0,0.0,1.0,11.0,2.0,0.0,0.0,0.0,0.0,1.606
38.0,1.11,0.0,1.0,0.0,9.0,4.0,1.0,0.0,0.0,0.0,0.0,2.714
,,,,,,,,,,,,
10.0,1.0,0.0,0.0,0.0,3.0,5.0,0.0,0.0,0.0,0.0,0.0,569.0
17.0,0.88,0.0,1.0,0.0,11.0,5.0,3.0,0.0,0.0,0.0,0.0,588.0
18.0,1.0,0.0,2.0,0.0,7.0,7.0,2.0,0.0,0.0,0.0,0.0,985.0
31.0,1.35,1.0,0.0,0.0,5.0,11.0,7.0,0.0,0.0,0.0,2.207,2.207
29.0,1.17,1.0,1.0,0.0,6.0,13.0,8.0,0.0,0.0,0.0,2.017,2.017
34.0,0.97,11.0,3.0,0.0,0.0,15.0,7.0,0.0,0.0,4.0,264.0,2.899
21.0,1.05,2.0,0.0,0.0,19.0,3.0,3.0,0.0,0.0,0.0,251.0,501.0
37.0,1.03,3.0,4.0,0.0,12.0,22.0,5.0,0.0,0.0,0.0,711.0,2.133
28.0,1.11,0.0,1.0,0.0,13.0,14.0,3.0,0.0,0.0,0.0,0.0,1.17
48.0,1.63,8.0,2.0,0.0,20.0,22.0,4.0,0.0,0.0,0.0,317.0,2.539
25.0,1.0,1.0,1.0,0.0,19.0,6.0,3.0,0.0,0.0,0.0,705.0,705.0
28.0,0.86,4.0,0.0,0.0,16.0,8.0,4.0,0.0,0.0,0.0,317.0,1.266
33.0,1.24,3.0,0.0,1.0,0.0,2.0,4.0,0.0,0.0,0.0,982.0,2.945
27.0,1.11,0.0,0.0,0.0,10.0,1.0,7.0,0.0,0.0,0.0,0.0,1.669
36.0,1.22,2.0,0.0,0.0,0.0,2.0,7.0,0.0,1.0,0.0,1.577,3.153
20.0,1.45,1.0,1.0,0.0,2.0,5.0,3.0,0.0,0.0,0.0,1.566,1.566
36.0,1.28,1.0,2.0,0.0,5.0,4.0,5.0,0.0,0.0,0.0,2.832,2.832
14.0,1.21,0.0,0.0,0.0,7.0,3.0,1.0,0.0,1.0,0.0,0.0,629.0
31.0,1.23,0.0,2.0,0.0,2.0,9.0,7.0,0.0,0.0,0.0,0.0,2.465
16.0,1.0,0.0,0.0,0.0,8.0,5.0,1.0,0.0,0.0,0.0,0.0,740.0
33.0,1.39,1.0,0.0,0.0,11.0,8.0,3.0,0.0,1.0,0.0,2.09,2.09
39.0,1.21,2.0,6.0,0.0,5.0,26.0,4.0,0.0,0.0,0.0,1.395,2.789
23.0,1.26,0.0,0.0,0.0,7.0,11.0,6.0,0.0,0.0,0.0,0.0,1.385
33.0,1.36,0.0,0.0,0.0,21.0,10.0,3.0,0.0,0.0,0.0,0.0,1.36
25.0,1.36,1.0,0.0,0.0,9.0,15.0,3.0,0.0,0.0,0.0,1.396,1.396
38.0,1.24,4.0,7.0,0.0,11.0,26.0,6.0,0.0,0.0,0.0,566.0,2.262
11.0,1.09,0.0,0.0,0.0,9.0,1.0,2.0,0.0,0.0,0.0,0.0,252.0
23.0,1.04,2.0,1.0,0.0,9.0,14.0,0.0,0.0,0.0,0.0,572.0,1.144
19.0,1.47,2.0,0.0,0.0,17.0,2.0,1.0,0.0,0.0,0.0,181.0,361.0
30.0,1.03,7.0,2.0,1.0,6.0,11.0,1.0,0.0,2.0,2.0,302.0,2.116
33.0,1.12,7.0,2.0,0.0,11.0,20.0,4.0,0.0,0.0,1.0,263.0,1.841
26.0,1.27,2.0,0.0,0.0,22.0,3.0,4.0,0.0,0.0,1.0,257.0,513.0
35.0,0.51,9.0,3.0,0.0,8.0,12.0,1.0,0.0,0.0,0.0,266.0,2.394
36.0,1.22,1.0,0.0,0.0,1.0,8.0,8.0,0.0,0.0,0.0,3.073,3.073
34.0,1.41,0.0,0.0,0.0,2.0,9.0,10.0,0.0,1.0,0.0,0.0,2.662
20.0,1.2,0.0,0.0,0.0,8.0,4.0,6.0,1.0,0.0,0.0,0.0,1.196
26.0,1.58,1.0,0.0,0.0,1.0,2.0,3.0,1.0,0.0,0.0,2.254,2.254
27.0,1.33,0.0,2.0,0.0,14.0,9.0,0.0,0.0,0.0,0.0,0.0,1.132
34.0,1.32,0.0,3.0,0.0,1.0,1.0,9.0,1.0,1.0,0.0,0.0,2.94
41.0,1.24,0.0,1.0,0.0,6.0,10.0,4.0,0.0,0.0,0.0,0.0,3.195
20.0,1.0,1.0,2.0,0.0,12.0,5.0,4.0,0.0,0.0,0.0,730.0,730.0
36.0,1.25,10.0,0.0,0.0,4.0,8.0,11.0,0.0,0.0,3.0,281.0,2.805
27.0,1.48,5.0,3.0,0.0,10.0,12.0,2.0,0.0,0.0,0.0,294.0,1.471
36.0,1.22,1.0,4.0,0.0,2.0,5.0,6.0,0.0,0.0,1.0,3.141,3.141
22.0,1.45,0.0,0.0,0.0,16.0,5.0,5.0,0.0,0.0,0.0,0.0,542.0
37.0,1.46,4.0,6.0,0.0,5.0,20.0,6.0,1.0,1.0,0.0,690.0,2.76
31.0,1.52,4.0,3.0,0.0,11.0,18.0,10.0,0.0,0.0,0.0,463.0,1.853
32.0,1.22,2.0,0.0,0.0,18.0,12.0,5.0,0.0,0.0,0.0,641.0,1.282
24.0,1.33,0.0,1.0,0.0,8.0,16.0,4.0,0.0,0.0,0.0,0.0,1.277
30.0,1.0,3.0,0.0,0.0,14.0,12.0,2.0,0.0,0.0,0.0,527.0,1.58
21.0,0.81,1.0,0.0,0.0,15.0,6.0,2.0,0.0,0.0,0.0,729.0,729.0
26.0,1.38,5.0,1.0,0.0,20.0,2.0,0.0,0.0,0.0,1.0,222.0,1.112
25.0,1.28,3.0,1.0,0.0,9.0,13.0,7.0,0.0,0.0,0.0,440.0,1.319
26.0,1.35,3.0,1.0,0.0,15.0,12.0,7.0,0.0,1.0,0.0,353.0,1.06
29.0,1.03,0.0,1.0,0.0,0.0,5.0,13.0,0.0,0.0,0.0,0.0,2.467
27.0,1.15,0.0,1.0,0.0,5.0,2.0,8.0,0.0,0.0,0.0,0.0,2.058
27.0,0.89,0.0,0.0,0.0,6.0,2.0,6.0,0.0,0.0,0.0,0.0,1.953
12.0,1.25,0.0,0.0,0.0,3.0,1.0,1.0,0.0,0.0,0.0,0.0,845.0
,,,,,,,,,,,,
9.0,1.0,0.0,0.0,0.0,2.0,1.0,0.0,0.0,1.0,0.0,0.0,635.0
33.0,1.12,1.0,0.0,1.0,3.0,9.0,6.0,0.0,1.0,0.0,2.67,2.67
34.0,1.0,2.0,1.0,0.0,1.0,4.0,11.0,0.0,0.0,0.0,1.459,2.917
5.0,1.2,0.0,0.0,0.0,3.0,0.0,0.0,0.0,0.0,0.0,0.0,234.0
36.0,1.17,0.0,1.0,0.0,4.0,13.0,10.0,0.0,1.0,0.0,0.0,2.751
19.0,1.42,1.0,1.0,0.0,14.0,4.0,3.0,0.0,0.0,0.0,480.0,480.0
35.0,1.14,0.0,1.0,0.0,14.0,11.0,4.0,0.0,0.0,0.0,0.0,2.02
33.0,1.12,3.0,1.0,0.0,6.0,22.0,6.0,0.0,0.0,1.0,696.0,2.089
24.0,1.17,0.0,2.0,0.0,7.0,13.0,2.0,0.0,0.0,0.0,0.0,1.516
27.0,1.11,5.0,2.0,0.0,10.0,10.0,4.0,0.0,0.0,3.0,325.0,1.624
26.0,1.15,2.0,2.0,0.0,10.0,15.0,3.0,0.0,0.0,0.0,665.0,1.329
23.0,1.13,1.0,0.0,0.0,13.0,9.0,7.0,0.0,0.0,0.0,950.0,950.0
37.0,1.11,4.0,6.0,0.0,2.0,9.0,3.0,0.0,0.0,0.0,771.0,3.085
30.0,1.1,4.0,0.0,0.0,20.0,8.0,1.0,0.0,0.0,0.0,270.0,1.081
18.0,0.61,1.0,1.0,0.0,14.0,4.0,2.0,0.0,0.0,1.0,445.0,445.0
35.0,1.14,15.0,0.0,0.0,7.0,16.0,3.0,1.0,0.0,4.0,170.0,2.557
29.0,1.24,4.0,2.0,0.0,16.0,10.0,2.0,0.0,0.0,0.0,314.0,1.256
25.0,1.52,2.0,1.0,0.0,0.0,2.0,6.0,0.0,1.0,0.0,1.055,2.11
37.0,1.3,2.0,3.0,0.0,0.0,1.0,9.0,0.0,0.0,0.0,1.663,3.326
4.0,3.0,0.0,0.0,0.0,1.0,2.0,1.0,0.0,0.0,0.0,0.0,236.0
17.0,1.47,0.0,0.0,1.0,3.0,3.0,1.0,0.0,0.0,0.0,0.0,1.266
35.0,1.4,0.0,1.0,0.0,8.0,4.0,3.0,0.0,0.0,0.0,0.0,2.513
19.0,1.37,1.0,2.0,0.0,7.0,7.0,5.0,1.0,0.0,0.0,1.078,1.078
35.0,1.43,2.0,3.0,0.0,2.0,3.0,5.0,0.0,0.0,0.0,1.498,2.995
28.0,1.82,0.0,0.0,0.0,13.0,3.0,3.0,0.0,0.0,0.0,0.0,1.464
24.0,1.42,0.0,2.0,0.0,14.0,9.0,4.0,0.0,0.0,0.0,0.0,1.011
36.0,1.42,0.0,0.0,0.0,16.0,9.0,6.0,0.0,0.0,0.0,0.0,2.009
33.0,1.58,3.0,1.0,0.0,11.0,19.0,8.0,0.0,1.0,0.0,573.0,1.72
28.0,1.36,4.0,0.0,0.0,13.0,10.0,2.0,0.0,0.0,0.0,353.0,1.41
34.0,1.44,4.0,2.0,0.0,9.0,15.0,11.0,0.0,1.0,0.0,542.0,2.169
28.0,1.32,3.0,0.0,0.0,9.0,18.0,6.0,0.0,0.0,0.0,452.0,1.356
1.0,3.0,0.0,1.0,0.0,1.0,0.0,0.0,0.0,0.0,0.0,0.0,27.0
22.0,1.32,4.0,1.0,0.0,12.0,9.0,2.0,0.0,0.0,1.0,198.0,793.0
36.0,1.31,4.0,5.0,0.0,8.0,15.0,4.0,0.0,0.0,0.0,639.0,2.557
38.0,1.47,8.0,3.0,0.0,7.0,24.0,4.0,0.0,1.0,0.0,322.0,2.575
38.0,1.53,2.0,1.0,0.0,18.0,18.0,5.0,0.0,0.0,0.0,894.0,1.787
37.0,1.49,4.0,5.0,0.0,13.0,14.0,7.0,0.0,0.0,0.0,535.0,2.138
25.0,1.52,3.0,2.0,0.0,10.0,15.0,2.0,0.0,0.0,0.0,412.0,1.236
3.0,1.0,2.0,0.0,0.0,2.0,0.0,0.0,0.0,0.0,1.0,55.0,110.0
19.0,1.53,1.0,0.0,0.0,17.0,2.0,2.0,0.0,0.0,0.0,506.0,506.0
27.0,0.67,0.0,0.0,0.0,6.0,9.0,6.0,0.0,0.0,0.0,0.0,1.871
26.0,0.69,2.0,0.0,0.0,0.0,7.0,6.0,0.0,0.0,0.0,1.044,2.087
,,,,,,,,,,,,
21.0,0.81,0.0,1.0,1.0,3.0,2.0,5.0,0.0,0.0,0.0,0.0,1.686
10.0,0.9,0.0,0.0,0.0,3.0,2.0,0.0,0.0,0.0,0.0,0.0,699.0
28.0,1.11,2.0,2.0,0.0,6.0,4.0,7.0,0.0,0.0,0.0,963.0,1.926
4.0,,0.0,0.0,0.0,1.0,2.0,0.0,0.0,0.0,0.0,0.0,264.0
26.0,0.42,0.0,1.0,1.0,3.0,12.0,2.0,0.0,0.0,0.0,0.0,1.903
32.0,0.69,0.0,0.0,0.0,3.0,2.0,2.0,0.0,0.0,0.0,0.0,2.651
27.0,0.78,0.0,0.0,0.0,6.0,14.0,3.0,0.0,0.0,0.0,0.0,1.682
32.0,0.44,0.0,1.0,0.0,11.0,11.0,7.0,1.0,2.0,0.0,0.0,1.859
28.0,0.64,0.0,0.0,0.0,7.0,12.0,5.0,1.0,0.0,0.0,0.0,1.873
31.0,0.48,2.0,0.0,0.0,5.0,4.0,5.0,0.0,0.0,0.0,1.198,2.396
25.0,0.36,4.0,3.0,0.0,6.0,17.0,6.0,0.0,0.0,1.0,362.0,1.446
19.0,0.37,2.0,1.0,0.0,10.0,8.0,1.0,0.0,0.0,0.0,393.0,785.0
33.0,0.48,5.0,6.0,0.0,7.0,11.0,2.0,0.0,0.0,0.0,469.0,2.346
19.0,0.37,0.0,1.0,0.0,11.0,8.0,0.0,0.0,0.0,0.0,0.0,692.0
2.0,,0.0,0.0,0.0,2.0,0.0,0.0,0.0,0.0,0.0,0.0,7.0
15.0,0.87,0.0,2.0,0.0,8.0,5.0,3.0,0.0,0.0,0.0,0.0,596.0
27.0,0.52,2.0,0.0,0.0,6.0,13.0,7.0,0.0,0.0,0.0,901.0,1.802
35.0,0.54,2.0,2.0,0.0,23.0,9.0,4.0,0.0,0.0,0.0,773.0,1.546
30.0,0.5,6.0,1.0,0.0,15.0,7.0,7.0,0.0,1.0,0.0,250.0,1.5
28.0,0.46,5.0,1.0,0.0,12.0,10.0,5.0,0.0,0.0,4.0,302.0,1.511
24.0,0.5,3.0,2.0,0.0,9.0,13.0,5.0,0.0,0.0,0.0,436.0,1.307
39.0,1.1,2.0,0.0,1.0,4.0,5.0,3.0,0.0,1.0,0.0,1.584,3.167
24.0,1.29,1.0,1.0,1.0,4.0,4.0,4.0,0.0,1.0,0.0,1.811,1.811
29.0,1.07,1.0,0.0,0.0,2.0,4.0,4.0,0.0,0.0,0.0,2.382,2.382
34.0,1.29,2.0,1.0,0.0,7.0,6.0,7.0,0.0,0.0,0.0,1.256,2.512
13.0,1.23,1.0,0.0,0.0,6.0,3.0,1.0,0.0,0.0,0.0,640.0,640.0
16.0,1.19,0.0,1.0,0.0,12.0,1.0,1.0,0.0,0.0,0.0,0.0,392.0
36.0,0.92,1.0,2.0,0.0,5.0,2.0,9.0,0.0,0.0,0.0,2.859,2.859
,,,,,,,,,,,,
36.0,1.06,1.0,0.0,0.0,7.0,12.0,8.0,0.0,0.0,0.0,2.539,2.539
33.0,1.0,1.0,1.0,0.0,5.0,12.0,14.0,0.0,0.0,0.0,2.467,2.467
17.0,1.29,0.0,1.0,0.0,13.0,2.0,0.0,0.0,0.0,0.0,0.0,459.0
36.0,1.22,3.0,0.0,0.0,3.0,20.0,4.0,0.0,1.0,0.0,871.0,2.612
32.0,1.06,1.0,5.0,0.0,18.0,7.0,7.0,0.0,1.0,0.0,1.541,1.541
17.0,1.47,0.0,1.0,0.0,11.0,2.0,0.0,0.0,0.0,0.0,0.0,655.0
38.0,1.11,7.0,5.0,0.0,9.0,19.0,2.0,0.0,0.0,1.0,364.0,2.548
30.0,0.97,2.0,2.0,0.0,19.0,8.0,8.0,0.0,0.0,0.0,609.0,1.218
32.0,1.22,9.0,5.0,0.0,8.0,18.0,7.0,0.0,0.0,4.0,220.0,1.977
28.0,1.21,7.0,0.0,0.0,15.0,10.0,1.0,0.0,1.0,0.0,162.0,1.132
,,,,,,,,,,,,
31.0,1.23,4.0,1.0,0.0,15.0,13.0,2.0,0.0,0.0,0.0,361.0,1.442
41.0,1.66,2.0,0.0,2.0,2.0,4.0,8.0,0.0,0.0,0.0,1.731,3.461
25.0,1.72,0.0,0.0,0.0,0.0,2.0,7.0,0.0,0.0,0.0,0.0,2.197
27.0,1.78,0.0,1.0,0.0,9.0,4.0,3.0,1.0,1.0,0.0,0.0,1.544
,,,,,,,,,,,,
,,,,,,,,,,,,
38.0,1.68,2.0,5.0,0.0,9.0,7.0,5.0,0.0,0.0,0.0,1.293,2.585
38.0,1.68,1.0,5.0,0.0,6.0,9.0,6.0,0.0,0.0,0.0,2.927,2.927
33.0,1.94,2.0,1.0,0.0,17.0,7.0,3.0,0.0,0.0,0.0,853.0,1.706
37.0,1.7,1.0,3.0,0.0,4.0,7.0,18.0,0.0,0.0,0.0,3.005,3.005
18.0,1.94,0.0,0.0,0.0,8.0,6.0,1.0,1.0,0.0,0.0,0.0,923.0
23.0,1.09,1.0,4.0,0.0,10.0,10.0,4.0,0.0,0.0,0.0,1.2,1.2
,,,,,,,,,,,,
41.0,1.71,4.0,4.0,0.0,25.0,16.0,3.0,0.0,0.0,0.0,392.0,1.567
,,,,,,,,,,,,
,,,,,,,,,,,,
42.0,1.69,7.0,3.0,0.0,12.0,23.0,2.0,0.0,1.0,0.0,371.0,2.599
41.0,1.68,8.0,5.0,0.0,12.0,22.0,5.0,0.0,0.0,0.0,304.0,2.432
14.0,0.93,1.0,1.0,0.0,10.0,4.0,2.0,0.0,0.0,0.0,477.0,477.0
41.0,1.63,31.0,8.0,0.0,0.0,9.0,8.0,0.0,0.0,9.0,118.0,3.659
37.0,1.65,11.0,5.0,0.0,7.0,27.0,2.0,0.0,0.0,0.0,212.0,2.328
18.0,1.56,1.0,1.0,0.0,15.0,3.0,3.0,0.0,0.0,0.0,353.0,353.0
,,,,,,,,,,,,
25.0,1.8,1.0,1.0,0.0,0.0,5.0,5.0,0.0,1.0,0.0,2.167,2.167
28.0,1.68,0.0,0.0,1.0,5.0,3.0,1.0,1.0,1.0,0.0,0.0,1.994
37.0,1.76,3.0,0.0,1.0,9.0,2.0,4.0,0.0,0.0,0.0,905.0,2.716
14.0,0.93,0.0,0.0,0.0,3.0,4.0,3.0,0.0,1.0,0.0,0.0,905.0
3.0,2.0,0.0,0.0,0.0,3.0,0.0,0.0,0.0,0.0,0.0,0.0,16.0
30.0,1.53,3.0,0.0,0.0,4.0,8.0,8.0,0.0,0.0,0.0,767.0,2.302
24.0,1.75,0.0,1.0,1.0,7.0,4.0,2.0,1.0,0.0,0.0,0.0,1.54
31.0,1.68,2.0,2.0,0.0,5.0,21.0,5.0,0.0,0.0,0.0,1.042,2.083
32.0,1.41,0.0,0.0,0.0,16.0,7.0,12.0,0.0,0.0,0.0,0.0,1.713
39.0,1.69,0.0,2.0,0.0,6.0,10.0,5.0,0.0,0.0,0.0,0.0,2.841
,,,,,,,,,,,,
32.0,1.34,1.0,1.0,0.0,23.0,7.0,4.0,0.0,0.0,0.0,1.12,1.12
9.0,2.56,0.0,0.0,0.0,8.0,1.0,0.0,0.0,0.0,0.0,0.0,243.0
8.0,0.75,1.0,1.0,0.0,5.0,3.0,0.0,0.0,0.0,0.0,298.0,298.0
40.0,1.68,4.0,10.0,0.0,2.0,13.0,9.0,1.0,0.0,0.0,833.0,3.333
20.0,1.8,1.0,0.0,0.0,15.0,4.0,0.0,0.0,0.0,0.0,634.0,634.0
40.0,1.68,16.0,15.0,0.0,2.0,15.0,6.0,0.0,0.0,4.0,204.0,3.259
33.0,1.27,2.0,1.0,0.0,15.0,16.0,3.0,0.0,0.0,0.0,810.0,1.619
37.0,1.92,7.0,3.0,0.0,6.0,31.0,6.0,0.0,0.0,0.0,275.0,1.926
9.0,2.78,2.0,1.0,0.0,7.0,0.0,0.0,0.0,0.0,0.0,121.0,242.0
38.0,1.58,11.0,0.0,0.0,12.0,22.0,6.0,0.0,0.0,0.0,206.0,2.268
,,,,,,,,,,,,
40.0,1.85,1.0,1.0,0.0,6.0,5.0,3.0,0.0,0.0,0.0,3.133,3.133
25.0,1.84,0.0,1.0,0.0,8.0,13.0,3.0,1.0,0.0,0.0,0.0,1.329
21.0,2.05,1.0,0.0,0.0,13.0,1.0,1.0,0.0,0.0,0.0,913.0,913.0
22.0,1.73,1.0,0.0,0.0,15.0,4.0,2.0,0.0,0.0,0.0,814.0,814.0
33.0,2.0,1.0,2.0,0.0,5.0,8.0,4.0,0.0,0.0,0.0,2.483,2.483
,,,,,,,,,,,,
39.0,1.79,3.0,3.0,0.0,0.0,5.0,11.0,0.0,0.0,0.0,1.135,3.404
29.0,0.83,1.0,3.0,0.0,10.0,11.0,2.0,0.0,0.0,0.0,1.652,1.652
38.0,1.87,2.0,5.0,0.0,5.0,4.0,4.0,0.0,0.0,0.0,1.511,3.022
31.0,1.71,0.0,2.0,0.0,8.0,22.0,5.0,0.0,0.0,0.0,0.0,1.706
37.0,1.73,1.0,0.0,0.0,2.0,12.0,9.0,0.0,0.0,0.0,2.998,2.998
24.0,1.79,2.0,2.0,0.0,12.0,12.0,3.0,0.0,0.0,0.0,533.0,1.065
34.0,1.76,4.0,4.0,0.0,10.0,12.0,4.0,0.0,0.0,1.0,561.0,2.245
34.0,1.74,7.0,10.0,0.0,3.0,16.0,9.0,2.0,0.0,2.0,367.0,2.566
12.0,1.83,3.0,0.0,0.0,9.0,1.0,2.0,0.0,1.0,0.0,136.0,407.0
20.0,2.05,2.0,3.0,0.0,1.0,13.0,2.0,0.0,0.0,0.0,725.0,1.449
27.0,1.78,2.0,3.0,0.0,9.0,16.0,3.0,1.0,0.0,0.0,706.0,1.412
13.0,1.77,1.0,1.0,0.0,10.0,2.0,0.0,0.0,0.0,0.0,425.0,425.0
28.0,1.75,4.0,0.0,0.0,13.0,11.0,1.0,0.0,1.0,0.0,319.0,1.277
30.0,1.77,4.0,8.0,0.0,10.0,16.0,5.0,0.0,0.0,0.0,435.0,1.74
21.0,1.29,2.0,2.0,0.0,5.0,13.0,8.0,0.0,0.0,0.0,649.0,1.297
38.0,1.76,9.0,2.0,0.0,10.0,16.0,8.0,0.0,0.0,0.0,276.0,2.481
32.0,1.91,8.0,0.0,0.0,19.0,11.0,3.0,0.0,0.0,1.0,160.0,1.281
26.0,1.58,3.0,0.0,0.0,15.0,7.0,3.0,0.0,0.0,1.0,366.0,1.099
31.0,1.52,3.0,1.0,0.0,2.0,1.0,8.0,0.0,0.0,0.0,883.0,2.649
14.0,1.29,1.0,0.0,0.0,2.0,4.0,3.0,0.0,0.0,0.0,1.083,1.083
31.0,1.65,1.0,1.0,0.0,3.0,4.0,16.0,0.0,0.0,0.0,2.472,2.472
17.0,1.76,2.0,1.0,1.0,4.0,3.0,1.0,0.0,1.0,0.0,578.0,1.155
17.0,1.59,1.0,1.0,0.0,1.0,6.0,3.0,0.0,0.0,0.0,1.386,1.386
26.0,1.62,2.0,0.0,0.0,5.0,5.0,7.0,0.0,0.0,0.0,1.005,2.009
35.0,1.66,2.0,4.0,0.0,12.0,5.0,7.0,0.0,1.0,0.0,1.106,2.212
32.0,1.41,1.0,1.0,0.0,10.0,7.0,1.0,1.0,0.0,0.0,2.007,2.007
32.0,1.47,3.0,2.0,0.0,5.0,11.0,9.0,0.0,1.0,0.0,780.0,2.34
38.0,1.61,2.0,1.0,0.0,13.0,14.0,10.0,0.0,1.0,0.0,1.136,2.271
38.0,1.61,0.0,6.0,0.0,8.0,11.0,6.0,0.0,0.0,0.0,0.0,2.643
37.0,1.57,3.0,3.0,0.0,20.0,16.0,4.0,0.0,0.0,0.0,516.0,1.549
25.0,1.36,1.0,4.0,0.0,10.0,14.0,3.0,0.0,0.0,0.0,1.401,1.401
19.0,1.63,0.0,1.0,0.0,11.0,8.0,4.0,0.0,1.0,0.0,0.0,770.0
25.0,1.76,3.0,7.0,0.0,13.0,9.0,4.0,1.0,0.0,0.0,398.0,1.194
27.0,1.52,2.0,1.0,0.0,7.0,19.0,3.0,0.0,0.0,0.0,799.0,1.597
37.0,1.49,6.0,3.0,0.0,6.0,25.0,5.0,0.0,0.0,0.0,434.0,2.604
29.0,1.41,1.0,1.0,0.0,14.0,12.0,1.0,0.0,1.0,0.0,1.544,1.544
31.0,1.65,10.0,5.0,0.0,5.0,13.0,3.0,0.0,0.0,3.0,242.0,2.416
14.0,2.14,2.0,2.0,0.0,10.0,3.0,0.0,0.0,0.0,0.0,194.0,388.0
18.0,1.11,0.0,0.0,0.0,11.0,6.0,0.0,0.0,0.0,0.0,0.0,546.0
29.0,1.72,1.0,1.0,0.0,2.0,3.0,5.0,0.0,0.0,0.0,2.388,2.388
40.0,1.73,2.0,3.0,0.0,1.0,1.0,9.0,0.0,0.0,0.0,1.771,3.542
28.0,1.79,2.0,1.0,0.0,3.0,7.0,6.0,0.0,1.0,0.0,1.068,2.136
23.0,1.65,0.0,1.0,0.0,4.0,4.0,4.0,0.0,0.0,0.0,0.0,1.702
25.0,1.96,2.0,1.0,0.0,6.0,3.0,4.0,0.0,0.0,0.0,871.0,1.741
17.0,1.71,1.0,2.0,0.0,8.0,4.0,3.0,0.0,0.0,0.0,897.0,897.0
10.0,1.6,0.0,0.0,0.0,4.0,3.0,2.0,0.0,0.0,0.0,0.0,572.0
38.0,1.63,4.0,3.0,0.0,3.0,9.0,9.0,0.0,0.0,1.0,792.0,3.167
,,,,,,,,,,,,
26.0,1.69,2.0,1.0,0.0,9.0,14.0,5.0,0.0,0.0,0.0,702.0,1.404
34.0,1.74,1.0,1.0,0.0,10.0,12.0,9.0,0.0,0.0,0.0,2.259,2.259
30.0,1.73,3.0,5.0,0.0,7.0,21.0,1.0,0.0,0.0,2.0,601.0,1.802
20.0,1.85,1.0,1.0,0.0,17.0,2.0,4.0,0.0,0.0,0.0,614.0,614.0
38.0,1.63,4.0,2.0,0.0,14.0,20.0,4.0,0.0,0.0,0.0,535.0,2.141
,,,,,,,,,,,,
23.0,1.65,1.0,1.0,0.0,19.0,4.0,3.0,0.0,0.0,0.0,579.0,579.0
20.0,1.85,1.0,1.0,0.0,10.0,10.0,2.0,0.0,0.0,0.0,956.0,956.0
40.0,1.65,14.0,4.0,0.0,6.0,19.0,3.0,0.0,0.0,0.0,211.0,2.948
16.0,1.75,1.0,0.0,0.0,6.0,10.0,3.0,0.0,0.0,0.0,676.0,676.0
27.0,1.48,3.0,1.0,0.0,25.0,2.0,1.0,0.0,0.0,0.0,187.0,562.0
34.0,1.18,0.0,0.0,0.0,4.0,2.0,10.0,0.0,0.0,0.0,0.0,2.78
13.0,1.69,0.0,0.0,0.0,2.0,2.0,5.0,0.0,0.0,0.0,0.0,983.0
30.0,1.33,0.0,1.0,0.0,1.0,1.0,6.0,0.0,1.0,0.0,0.0,2.615
19.0,0.89,1.0,0.0,1.0,4.0,6.0,3.0,0.0,1.0,0.0,1.333,1.333
23.0,1.26,3.0,2.0,0.0,5.0,0.0,6.0,0.0,0.0,0.0,560.0,1.681
34.0,1.18,2.0,7.0,0.0,7.0,10.0,8.0,1.0,0.0,0.0,1.19,2.379
,,,,,,,,,,,,
33.0,1.12,0.0,3.0,0.0,5.0,7.0,8.0,1.0,0.0,0.0,0.0,2.511
26.0,1.27,2.0,2.0,0.0,11.0,7.0,5.0,0.0,0.0,0.0,730.0,1.459
37.0,1.41,1.0,2.0,0.0,4.0,7.0,11.0,0.0,0.0,0.0,2.964,2.964
37.0,1.19,4.0,3.0,0.0,11.0,7.0,3.0,0.0,0.0,0.0,616.0,2.465
22.0,1.27,0.0,2.0,0.0,2.0,12.0,7.0,0.0,0.0,0.0,0.0,1.704
22.0,1.55,2.0,3.0,0.0,7.0,7.0,6.0,0.0,0.0,0.0,676.0,1.351
36.0,1.19,0.0,6.0,0.0,17.0,9.0,7.0,0.0,0.0,0.0,0.0,1.937
39.0,1.13,4.0,2.0,0.0,14.0,16.0,2.0,0.0,0.0,0.0,625.0,2.499
31.0,1.03,5.0,2.0,0.0,13.0,13.0,8.0,0.0,0.0,0.0,308.0,1.542
35.0,1.17,2.0,3.0,0.0,14.0,17.0,4.0,0.0,0.0,0.0,898.0,1.796
29.0,1.14,4.0,4.0,0.0,10.0,14.0,6.0,0.0,1.0,0.0,409.0,1.636
23.0,1.3,10.0,2.0,0.0,3.0,17.0,4.0,0.0,0.0,2.0,147.0,1.474
,,,,,,,,,,,,
28.0,0.93,6.0,1.0,0.0,14.0,11.0,1.0,0.0,1.0,1.0,208.0,1.248
32.0,1.25,5.0,1.0,0.0,20.0,9.0,4.0,0.0,0.0,0.0,264.0,1.32
33.0,1.27,2.0,0.0,1.0,3.0,4.0,7.0,0.0,1.0,0.0,1.315,2.629
26.0,1.35,0.0,1.0,0.0,2.0,10.0,5.0,0.0,0.0,0.0,0.0,1.981
29.0,1.31,1.0,0.0,0.0,5.0,2.0,3.0,0.0,0.0,0.0,2.212,2.212
9.0,1.22,0.0,0.0,0.0,0.0,5.0,2.0,0.0,0.0,0.0,0.0,577.0
3.0,2.0,0.0,0.0,0.0,0.0,0.0,0.0,0.0,0.0,0.0,0.0,270.0
34.0,1.26,0.0,5.0,0.0,16.0,8.0,7.0,0.0,0.0,0.0,0.0,1.896
24.0,1.29,1.0,2.0,0.0,8.0,10.0,8.0,0.0,0.0,0.0,1.361,1.361
38.0,1.29,2.0,3.0,0.0,6.0,10.0,10.0,0.0,0.0,0.0,1.442,2.884
21.0,1.52,0.0,1.0,1.0,10.0,9.0,2.0,0.0,0.0,0.0,0.0,960.0
39.0,1.26,4.0,1.0,0.0,1.0,11.0,6.0,0.0,0.0,0.0,802.0,3.207
17.0,1.06,2.0,0.0,0.0,12.0,5.0,2.0,0.0,0.0,0.0,279.0,558.0
,,,,,,,,,,,,
40.0,1.28,0.0,1.0,0.0,23.0,9.0,2.0,0.0,0.0,0.0,0.0,1.969
,,,,,,,,,,,,
38.0,1.24,4.0,2.0,0.0,12.0,17.0,7.0,0.0,0.0,0.0,577.0,2.308
39.0,1.28,8.0,9.0,0.0,2.0,10.0,6.0,0.0,0.0,1.0,404.0,3.228
24.0,1.33,3.0,1.0,0.0,8.0,11.0,3.0,0.0,0.0,0.0,452.0,1.355
28.0,1.36,0.0,1.0,0.0,16.0,11.0,4.0,0.0,0.0,0.0,0.0,1.148
26.0,1.35,2.0,1.0,0.0,10.0,15.0,2.0,0.0,0.0,0.0,644.0,1.288
35.0,1.37,12.0,1.0,0.0,7.0,22.0,3.0,0.0,0.0,7.0,193.0,2.32
5.0,0.8,1.0,0.0,0.0,3.0,1.0,0.0,0.0,0.0,0.0,181.0,181.0
26.0,1.23,2.0,0.0,0.0,17.0,8.0,6.0,0.0,0.0,1.0,436.0,871.0
39.0,1.21,5.0,2.0,0.0,31.0,8.0,4.0,0.0,0.0,1.0,212.0,1.061
31.0,1.71,1.0,0.0,0.0,5.0,2.0,10.0,1.0,0.0,1.0,2.393,2.393
39.0,1.87,0.0,0.0,0.0,0.0,0.0,8.0,0.0,0.0,0.0,0.0,3.51
20.0,1.7,0.0,0.0,0.0,5.0,0.0,5.0,0.0,0.0,0.0,0.0,1.459
16.0,2.06,0.0,1.0,1.0,2.0,2.0,5.0,1.0,0.0,0.0,0.0,1.263
33.0,1.88,1.0,2.0,0.0,2.0,2.0,4.0,0.0,0.0,0.0,2.826,2.826
11.0,1.64,0.0,0.0,0.0,1.0,7.0,2.0,0.0,1.0,0.0,0.0,732.0
16.0,1.06,1.0,0.0,1.0,3.0,8.0,3.0,0.0,0.0,0.0,959.0,959.0
17.0,2.24,0.0,0.0,0.0,8.0,8.0,0.0,0.0,0.0,0.0,0.0,690.0
33.0,1.85,6.0,4.0,0.0,4.0,11.0,6.0,0.0,0.0,1.0,428.0,2.569
38.0,1.82,0.0,3.0,0.0,2.0,7.0,10.0,0.0,0.0,0.0,0.0,3.152
22.0,2.09,2.0,1.0,0.0,14.0,7.0,2.0,0.0,0.0,0.0,386.0,771.0
24.0,1.92,1.0,0.0,0.0,15.0,8.0,3.0,0.0,0.0,1.0,891.0,891.0
35.0,1.71,3.0,2.0,0.0,5.0,23.0,0.0,0.0,0.0,1.0,829.0,2.487
39.0,1.72,0.0,3.0,0.0,30.0,8.0,3.0,0.0,0.0,0.0,0.0,1.177
,,,,,,,,,,,,
41.0,1.78,6.0,11.0,0.0,4.0,18.0,4.0,0.0,0.0,0.0,541.0,3.244
35.0,1.8,6.0,1.0,0.0,33.0,2.0,0.0,0.0,0.0,0.0,82.0,489.0
41.0,1.78,11.0,3.0,0.0,7.0,33.0,4.0,0.0,0.0,0.0,234.0,2.57
,,,,,,,,,,,,
39.0,1.26,3.0,1.0,0.0,2.0,1.0,8.0,0.0,0.0,0.0,1.117,3.35
25.0,1.48,0.0,0.0,1.0,3.0,0.0,2.0,0.0,0.0,0.0,0.0,2.081
24.0,1.38,0.0,0.0,0.0,3.0,5.0,11.0,0.0,1.0,0.0,0.0,1.761
,,,,,,,,,,,,
12.0,1.83,1.0,0.0,0.0,1.0,1.0,3.0,0.0,0.0,0.0,946.0,946.0
27.0,1.19,1.0,2.0,0.0,8.0,6.0,2.0,1.0,0.0,0.0,1.712,1.712
,,,,,,,,,,,,
31.0,1.23,1.0,0.0,0.0,3.0,9.0,7.0,0.0,0.0,0.0,2.46,2.46
24.0,1.67,0.0,0.0,0.0,10.0,9.0,6.0,1.0,0.0,0.0,0.0,1.275
32.0,1.31,6.0,1.0,0.0,14.0,12.0,4.0,0.0,0.0,4.0,271.0,1.628
23.0,1.65,1.0,1.0,0.0,13.0,4.0,2.0,0.0,0.0,0.0,973.0,973.0
28.0,1.29,3.0,1.0,1.0,3.0,15.0,10.0,0.0,0.0,2.0,702.0,2.105
20.0,1.1,1.0,2.0,0.0,13.0,7.0,0.0,0.0,0.0,0.0,702.0,702.0
37.0,1.38,11.0,6.0,0.0,8.0,20.0,7.0,1.0,0.0,0.0,233.0,2.563
33.0,1.09,1.0,4.0,0.0,11.0,17.0,6.0,1.0,0.0,0.0,1.798,1.798
22.0,1.27,1.0,0.0,0.0,11.0,12.0,1.0,0.0,0.0,0.0,899.0,899.0
39.0,1.33,10.0,1.0,0.0,14.0,17.0,2.0,0.0,0.0,1.0,235.0,2.351
30.0,1.27,1.0,1.0,0.0,14.0,13.0,5.0,0.0,0.0,0.0,1.475,1.475
39.0,1.38,5.0,0.0,0.0,14.0,21.0,9.0,0.0,0.0,0.0,425.0,2.127
22.0,1.0,3.0,2.0,0.0,10.0,7.0,4.0,0.0,0.0,0.0,347.0,1.041
10.0,1.8,1.0,0.0,0.0,8.0,2.0,0.0,0.0,0.0,0.0,259.0,259.0
41.0,1.39,1.0,1.0,0.0,1.0,3.0,8.0,0.0,0.0,0.0,3.572,3.572
28.0,1.64,1.0,0.0,0.0,1.0,3.0,6.0,0.0,1.0,0.0,2.386,2.386
7.0,1.43,0.0,0.0,0.0,0.0,2.0,0.0,0.0,0.0,0.0,0.0,554.0
2.0,,0.0,0.0,0.0,2.0,0.0,0.0,0.0,0.0,0.0,0.0,61.0
38.0,1.5,1.0,1.0,0.0,1.0,11.0,9.0,0.0,0.0,0.0,3.14,3.14
27.0,1.19,0.0,1.0,0.0,11.0,8.0,4.0,0.0,0.0,0.0,0.0,1.348
36.0,1.39,1.0,1.0,0.0,6.0,9.0,6.0,0.0,0.0,0.0,2.695,2.695
6.0,1.67,0.0,0.0,0.0,2.0,3.0,2.0,0.0,0.0,0.0,0.0,299.0
12.0,0.75,0.0,0.0,0.0,8.0,4.0,1.0,0.0,0.0,0.0,0.0,314.0
37.0,1.32,0.0,0.0,0.0,2.0,14.0,11.0,0.0,0.0,0.0,0.0,2.96
7.0,1.57,0.0,0.0,0.0,1.0,3.0,0.0,0.0,0.0,0.0,0.0,515.0
34.0,1.21,0.0,1.0,0.0,13.0,15.0,7.0,0.0,0.0,0.0,0.0,1.987
29.0,1.07,3.0,1.0,0.0,19.0,8.0,2.0,0.0,0.0,1.0,337.0,1.01
31.0,1.29,3.0,3.0,0.0,16.0,12.0,5.0,0.0,0.0,0.0,500.0,1.501
36.0,1.47,1.0,1.0,0.0,16.0,20.0,5.0,0.0,0.0,0.0,1.527,1.527
31.0,1.29,4.0,1.0,0.0,20.0,10.0,3.0,1.0,0.0,0.0,281.0,1.122
21.0,0.86,1.0,1.0,0.0,14.0,6.0,3.0,1.0,0.0,1.0,759.0,759.0
,,,,,,,,,,,,
37.0,1.46,8.0,10.0,0.0,5.0,16.0,10.0,0.0,0.0,2.0,363.0,2.903
41.0,1.32,8.0,1.0,0.0,17.0,17.0,8.0,0.0,0.0,0.0,284.0,2.273
2.0,,0.0,0.0,0.0,2.0,0.0,0.0,0.0,0.0,0.0,0.0,3.0
40.0,1.33,2.0,0.0,0.0,0.0,0.0,4.0,0.0,0.0,0.0,1.8,3.6
16.0,1.5,0.0,0.0,1.0,0.0,0.0,5.0,0.0,0.0,0.0,0.0,1.44
27.0,1.41,0.0,0.0,1.0,5.0,2.0,4.0,0.0,0.0,0.0,0.0,1.951
15.0,1.8,0.0,0.0,1.0,11.0,0.0,1.0,0.0,0.0,0.0,0.0,460.0
17.0,1.71,0.0,0.0,0.0,8.0,7.0,1.0,0.0,0.0,0.0,0.0,719.0
32.0,1.34,0.0,1.0,0.0,8.0,12.0,5.0,0.0,0.0,0.0,0.0,2.167
,,,,,,,,,,,,
26.0,1.31,0.0,2.0,0.0,10.0,6.0,4.0,0.0,0.0,0.0,0.0,1.412
30.0,1.3,4.0,2.0,0.0,1.0,5.0,4.0,0.0,1.0,0.0,613.0,2.451
25.0,1.44,0.0,0.0,0.0,11.0,12.0,5.0,0.0,0.0,0.0,0.0,1.168
6.0,1.0,0.0,0.0,0.0,4.0,2.0,1.0,0.0,0.0,0.0,0.0,206.0
39.0,1.31,4.0,1.0,0.0,6.0,9.0,3.0,0.0,1.0,0.0,760.0,3.04
28.0,1.36,0.0,5.0,0.0,5.0,14.0,5.0,0.0,0.0,0.0,0.0,1.963
41.0,1.29,5.0,4.0,0.0,4.0,19.0,4.0,0.0,0.0,0.0,642.0,3.212
19.0,1.53,2.0,0.0,0.0,12.0,7.0,0.0,0.0,1.0,0.0,305.0,610.0
15.0,1.07,0.0,0.0,0.0,13.0,2.0,1.0,0.0,0.0,0.0,0.0,280.0
37.0,1.38,15.0,5.0,0.0,2.0,24.0,2.0,0.0,0.0,4.0,199.0,2.992
35.0,1.4,6.0,5.0,0.0,3.0,22.0,0.0,1.0,0.0,0.0,459.0,2.754
16.0,1.31,0.0,0.0,0.0,13.0,3.0,0.0,0.0,0.0,0.0,0.0,321.0
35.0,1.51,2.0,4.0,0.0,11.0,13.0,5.0,0.0,0.0,0.0,1.007,2.013
21.0,0.81,1.0,0.0,0.0,15.0,6.0,2.0,0.0,0.0,0.0,650.0,650.0
41.0,1.44,21.0,2.0,0.0,3.0,16.0,1.0,0.0,0.0,2.0,157.0,3.299
37.0,1.3,7.0,5.0,0.0,18.0,18.0,3.0,0.0,1.0,0.0,254.0,1.777
24.0,1.13,2.0,2.0,0.0,19.0,4.0,0.0,0.0,0.0,0.0,333.0,665.0
14.0,1.57,0.0,0.0,0.0,1.0,8.0,2.0,0.0,0.0,0.0,0.0,954.0
,,,,,,,,,,,,
20.0,1.2,1.0,0.0,0.0,5.0,4.0,5.0,2.0,0.0,0.0,1.276,1.276
11.0,1.55,0.0,0.0,0.0,4.0,2.0,6.0,0.0,0.0,0.0,0.0,689.0
26.0,1.42,0.0,0.0,0.0,0.0,1.0,8.0,1.0,0.0,0.0,0.0,2.326
33.0,1.3,0.0,3.0,0.0,7.0,17.0,1.0,0.0,0.0,0.0,0.0,2.298
,,,,,,,,,,,,
26.0,1.31,0.0,1.0,0.0,6.0,1.0,1.0,0.0,1.0,0.0,0.0,1.939
37.0,1.22,2.0,0.0,0.0,10.0,11.0,8.0,0.0,0.0,0.0,1.237,2.473
36.0,1.47,0.0,0.0,0.0,10.0,3.0,3.0,1.0,0.0,0.0,0.0,2.607
31.0,1.42,1.0,4.0,0.0,5.0,15.0,9.0,0.0,0.0,0.0,2.118,2.118
11.0,1.73,0.0,2.0,0.0,5.0,6.0,2.0,0.0,0.0,0.0,0.0,475.0
16.0,1.38,0.0,1.0,0.0,10.0,6.0,2.0,0.0,0.0,0.0,0.0,534.0
16.0,1.31,0.0,1.0,0.0,11.0,3.0,3.0,0.0,0.0,0.0,0.0,580.0
15.0,1.07,0.0,0.0,0.0,10.0,5.0,2.0,0.0,0.0,0.0,0.0,502.0
33.0,1.3,1.0,1.0,0.0,13.0,11.0,2.0,0.0,0.0,0.0,1.913,1.913
40.0,1.3,5.0,5.0,0.0,11.0,24.0,6.0,0.0,0.0,0.0,512.0,2.562
32.0,1.56,5.0,6.0,1.0,0.0,12.0,11.0,0.0,0.0,2.0,542.0,2.71
32.0,1.44,3.0,2.0,0.0,17.0,14.0,4.0,0.0,0.0,0.0,431.0,1.293
40.0,1.3,5.0,2.0,0.0,17.0,18.0,4.0,0.0,0.0,0.0,397.0,1.987
33.0,1.7,1.0,0.0,0.0,3.0,11.0,2.0,0.0,0.0,0.0,2.444,2.444
38.0,1.68,2.0,1.0,1.0,1.0,1.0,10.0,1.0,1.0,0.0,1.651,3.301
26.0,1.42,1.0,0.0,0.0,5.0,4.0,6.0,0.0,0.0,0.0,1.762,1.762
24.0,1.67,1.0,2.0,0.0,11.0,6.0,4.0,0.0,1.0,0.0,1.164,1.164
42.0,1.6,1.0,8.0,0.0,3.0,8.0,3.0,0.0,1.0,1.0,3.372,3.372
31.0,1.55,2.0,1.0,0.0,18.0,9.0,5.0,0.0,0.0,0.0,657.0,1.313
22.0,0.86,0.0,0.0,0.0,10.0,8.0,3.0,0.0,0.0,0.0,0.0,1.117
31.0,1.55,3.0,1.0,0.0,2.0,2.0,8.0,0.0,1.0,0.0,854.0,2.562
40.0,1.68,0.0,1.0,0.0,26.0,8.0,5.0,0.0,0.0,0.0,0.0,1.808
34.0,1.62,6.0,1.0,0.0,2.0,10.0,13.0,0.0,2.0,5.0,450.0,2.701
39.0,1.62,4.0,4.0,0.0,8.0,15.0,3.0,0.0,0.0,0.0,673.0,2.693
23.0,1.7,1.0,0.0,0.0,15.0,7.0,5.0,0.0,0.0,0.0,896.0,896.0
19.0,1.16,1.0,1.0,0.0,4.0,11.0,4.0,0.0,0.0,0.0,1.227,1.227
26.0,1.54,2.0,1.0,0.0,16.0,7.0,1.0,1.0,0.0,0.0,591.0,1.182
36.0,1.53,7.0,1.0,0.0,17.0,17.0,6.0,0.0,0.0,0.0,247.0,1.726
37.0,1.7,12.0,4.0,0.0,3.0,24.0,4.0,0.0,0.0,0.0,223.0,2.681
37.0,1.59,1.0,4.0,0.0,8.0,21.0,9.0,0.0,0.0,0.0,2.405,2.405
28.0,1.54,3.0,1.0,0.0,19.0,8.0,2.0,0.0,0.0,1.0,312.0,936.0
37.0,1.57,7.0,0.0,0.0,11.0,20.0,2.0,0.0,0.0,0.0,313.0,2.194
10.0,1.3,0.0,0.0,0.0,9.0,1.0,1.0,0.0,0.0,0.0,0.0,164.0
8.0,1.5,0.0,0.0,0.0,2.0,5.0,2.0,0.0,0.0,0.0,0.0,431.0
39.0,1.28,0.0,3.0,0.0,5.0,11.0,10.0,0.0,0.0,0.0,0.0,3.112
18.0,1.67,1.0,0.0,0.0,3.0,13.0,4.0,0.0,0.0,0.0,1.011,1.011
38.0,1.32,2.0,0.0,0.0,2.0,7.0,10.0,1.0,0.0,0.0,1.584,3.167
33.0,1.27,1.0,2.0,0.0,3.0,10.0,5.0,0.0,0.0,0.0,2.677,2.677
20.0,1.05,1.0,1.0,0.0,10.0,6.0,5.0,0.0,0.0,0.0,956.0,956.0
20.0,1.1,0.0,0.0,0.0,9.0,6.0,3.0,0.0,0.0,0.0,0.0,1.093
12.0,1.33,0.0,0.0,0.0,8.0,4.0,1.0,0.0,0.0,0.0,0.0,433.0
18.0,1.28,0.0,0.0,0.0,7.0,7.0,2.0,0.0,1.0,0.0,0.0,862.0
11.0,1.36,0.0,1.0,0.0,4.0,4.0,1.0,1.0,0.0,0.0,0.0,511.0
13.0,0.46,1.0,0.0,0.0,9.0,4.0,1.0,0.0,0.0,0.0,487.0,487.0
40.0,1.18,11.0,2.0,0.0,15.0,14.0,3.0,0.0,0.0,2.0,216.0,2.375
,,,,,,,,,,,,
35.0,1.43,10.0,4.0,0.0,3.0,10.0,6.0,0.0,0.0,0.0,275.0,2.749
,,,,,,,,,,,,
23.0,1.0,4.0,10.0,0.0,6.0,12.0,2.0,0.0,0.0,0.0,383.0,1.533
25.0,1.44,3.0,0.0,0.0,8.0,11.0,1.0,0.0,0.0,0.0,474.0,1.421
31.0,1.48,5.0,10.0,0.0,6.0,11.0,7.0,0.0,0.0,0.0,436.0,2.178
24.0,1.46,4.0,1.0,0.0,2.0,6.0,1.0,0.0,0.0,0.0,475.0,1.899
12.0,1.17,2.0,0.0,0.0,8.0,4.0,2.0,0.0,0.0,0.0,178.0,355.0
8.0,1.0,0.0,0.0,0.0,6.0,0.0,1.0,0.0,0.0,0.0,0.0,278.0
33.0,1.27,3.0,2.0,0.0,17.0,10.0,1.0,0.0,0.0,0.0,574.0,1.722
15.0,0.73,3.0,0.0,0.0,4.0,5.0,1.0,0.0,0.0,0.0,323.0,968.0
30.0,0.63,4.0,0.0,1.0,1.0,1.0,2.0,0.0,1.0,0.0,648.0,2.591
9.0,1.44,1.0,1.0,0.0,0.0,0.0,1.0,0.0,1.0,0.0,738.0,738.0
12.0,0.42,0.0,0.0,0.0,2.0,3.0,1.0,0.0,0.0,0.0,0.0,852.0
,,,,,,,,,,,,
17.0,0.59,0.0,1.0,0.0,6.0,11.0,3.0,0.0,0.0,0.0,0.0,855.0
8.0,1.0,0.0,0.0,0.0,3.0,1.0,0.0,0.0,0.0,0.0,0.0,496.0
,,,,,,,,,,,,
37.0,0.95,1.0,0.0,0.0,12.0,8.0,11.0,0.0,0.0,0.0,2.351,2.351
27.0,1.07,0.0,1.0,0.0,3.0,18.0,7.0,0.0,0.0,0.0,0.0,1.921
42.0,0.93,5.0,3.0,0.0,4.0,17.0,4.0,0.0,0.0,0.0,653.0,3.265
28.0,1.18,2.0,2.0,0.0,10.0,10.0,4.0,0.0,0.0,0.0,790.0,1.579
37.0,1.0,3.0,1.0,0.0,2.0,9.0,11.0,0.0,1.0,1.0,1.005,3.015
17.0,1.53,0.0,0.0,0.0,11.0,3.0,3.0,0.0,1.0,0.0,0.0,676.0
15.0,1.6,0.0,0.0,0.0,1.0,7.0,6.0,0.0,0.0,0.0,0.0,1.139
30.0,0.87,4.0,0.0,0.0,16.0,12.0,4.0,0.0,0.0,0.0,327.0,1.306
,,,,,,,,,,,,
36.0,0.97,2.0,4.0,0.0,4.0,27.0,3.0,0.0,1.0,0.0,1.214,2.427
26.0,1.27,0.0,0.0,0.0,20.0,5.0,1.0,0.0,0.0,0.0,0.0,759.0
36.0,0.92,2.0,8.0,0.0,5.0,12.0,1.0,0.0,1.0,0.0,1.374,2.748
21.0,0.52,0.0,0.0,0.0,17.0,3.0,3.0,0.0,0.0,0.0,0.0,706.0
26.0,1.58,7.0,3.0,0.0,15.0,9.0,5.0,0.0,0.0,0.0,170.0,1.193
27.0,0.7,1.0,0.0,0.0,14.0,13.0,3.0,0.0,0.0,0.0,1.07,1.07
34.0,1.09,7.0,0.0,0.0,13.0,15.0,8.0,0.0,1.0,0.0,271.0,1.895
40.0,1.78,4.0,0.0,0.0,6.0,8.0,5.0,0.0,0.0,0.0,754.0,3.015
26.0,1.85,0.0,0.0,0.0,8.0,7.0,6.0,1.0,0.0,0.0,0.0,1.576
36.0,1.69,0.0,5.0,0.0,2.0,6.0,12.0,0.0,0.0,0.0,0.0,2.99
27.0,1.74,0.0,0.0,0.0,7.0,9.0,6.0,0.0,0.0,0.0,0.0,1.788
11.0,1.82,0.0,1.0,1.0,5.0,4.0,2.0,0.0,0.0,0.0,0.0,586.0
31.0,1.68,0.0,0.0,0.0,5.0,13.0,6.0,0.0,0.0,0.0,0.0,2.153
33.0,1.85,0.0,1.0,0.0,15.0,4.0,8.0,0.0,1.0,0.0,0.0,1.727
39.0,1.72,2.0,4.0,0.0,2.0,9.0,8.0,0.0,0.0,0.0,1.625,3.249
40.0,1.78,4.0,2.0,0.0,0.0,6.0,2.0,0.0,0.0,0.0,888.0,3.551
,,,,,,,,,,,,
40.0,1.78,5.0,4.0,0.0,1.0,23.0,3.0,0.0,0.0,0.0,651.0,3.257
6.0,1.17,0.0,1.0,0.0,6.0,0.0,0.0,0.0,0.0,0.0,0.0,29.0
37.0,1.59,5.0,3.0,0.0,20.0,14.0,4.0,0.0,0.0,0.0,351.0,1.753
23.0,1.83,2.0,3.0,0.0,6.0,10.0,2.0,0.0,0.0,1.0,735.0,1.469
12.0,1.5,0.0,0.0,0.0,12.0,0.0,1.0,0.0,0.0,0.0,0.0,138.0
24.0,1.67,0.0,1.0,0.0,19.0,3.0,0.0,0.0,0.0,0.0,0.0,628.0
12.0,1.67,0.0,0.0,0.0,10.0,1.0,1.0,0.0,2.0,0.0,0.0,293.0
38.0,1.71,20.0,3.0,0.0,0.0,6.0,5.0,0.0,0.0,3.0,166.0,3.328
38.0,1.76,11.0,3.0,0.0,16.0,20.0,3.0,0.0,0.0,2.0,174.0,1.913
,,,,,,,,,,,,
28.0,1.46,1.0,0.0,0.0,3.0,8.0,9.0,0.0,1.0,0.0,2.163,2.163
19.0,1.0,2.0,1.0,0.0,2.0,5.0,3.0,0.0,0.0,0.0,744.0,1.488
32.0,1.16,1.0,0.0,0.0,0.0,2.0,7.0,0.0,0.0,0.0,2.856,2.856
,,,,,,,,,,,,
38.0,1.05,2.0,5.0,0.0,1.0,4.0,8.0,0.0,0.0,1.0,1.655,3.309
17.0,1.12,0.0,0.0,0.0,5.0,5.0,1.0,1.0,0.0,0.0,0.0,1.027
41.0,1.2,4.0,4.0,0.0,5.0,10.0,6.0,0.0,0.0,0.0,809.0,3.235
35.0,1.29,0.0,3.0,0.0,1.0,10.0,8.0,0.0,0.0,0.0,0.0,2.824
19.0,1.21,0.0,1.0,0.0,8.0,7.0,3.0,0.0,0.0,0.0,0.0,906.0
14.0,1.07,1.0,0.0,0.0,2.0,3.0,2.0,0.0,0.0,0.0,1.072,1.072
31.0,1.29,0.0,2.0,0.0,11.0,11.0,7.0,1.0,0.0,0.0,0.0,1.753
27.0,1.04,0.0,4.0,0.0,16.0,10.0,2.0,0.0,0.0,0.0,0.0,1.025
26.0,1.04,1.0,1.0,0.0,13.0,9.0,4.0,0.0,0.0,0.0,1.261,1.261
7.0,2.0,0.0,0.0,0.0,2.0,4.0,2.0,0.0,0.0,0.0,0.0,440.0
13.0,1.0,0.0,0.0,0.0,7.0,4.0,2.0,0.0,0.0,0.0,0.0,584.0
,,,,,,,,,,,,
14.0,1.36,3.0,0.0,0.0,0.0,13.0,2.0,0.0,0.0,1.0,342.0,1.026
21.0,1.24,1.0,1.0,0.0,9.0,11.0,4.0,0.0,0.0,0.0,931.0,931.0
12.0,0.58,1.0,0.0,0.0,10.0,2.0,0.0,0.0,0.0,0.0,297.0,297.0
30.0,1.17,4.0,0.0,0.0,13.0,15.0,1.0,0.0,0.0,1.0,377.0,1.506
,,,,,,,,,,,,
22.0,0.95,2.0,0.0,0.0,11.0,10.0,0.0,0.0,0.0,1.0,471.0,942.0
,,,,,,,,,,,,
24.0,1.63,3.0,1.0,0.0,10.0,11.0,3.0,0.0,0.0,0.0,419.0,1.257
31.0,1.39,0.0,1.0,1.0,2.0,3.0,3.0,1.0,0.0,0.0,0.0,2.551
29.0,1.34,0.0,0.0,1.0,6.0,3.0,1.0,0.0,0.0,0.0,0.0,2.131
11.0,1.64,0.0,0.0,2.0,0.0,5.0,1.0,0.0,0.0,0.0,0.0,923.0
29.0,1.31,1.0,1.0,0.0,15.0,4.0,4.0,0.0,0.0,0.0,1.574,1.574
13.0,1.31,0.0,1.0,0.0,2.0,10.0,1.0,0.0,1.0,0.0,0.0,596.0
26.0,1.38,0.0,0.0,0.0,10.0,10.0,3.0,0.0,0.0,0.0,0.0,1.403
31.0,1.26,4.0,1.0,0.0,6.0,13.0,7.0,0.0,0.0,0.0,544.0,2.175
39.0,1.36,1.0,5.0,0.0,4.0,10.0,8.0,0.0,1.0,0.0,3.049,3.049
37.0,1.38,1.0,2.0,0.0,4.0,13.0,5.0,0.0,0.0,0.0,2.957,2.957
30.0,1.2,0.0,0.0,0.0,11.0,11.0,2.0,0.0,1.0,0.0,0.0,1.676
19.0,1.42,1.0,0.0,0.0,12.0,4.0,4.0,0.0,1.0,0.0,676.0,676.0
25.0,1.56,0.0,0.0,0.0,13.0,7.0,4.0,0.0,0.0,0.0,0.0,1.187
39.0,1.28,9.0,6.0,0.0,11.0,18.0,3.0,0.0,0.0,2.0,284.0,2.559
34.0,1.21,4.0,6.0,0.0,10.0,20.0,4.0,0.0,0.0,0.0,465.0,1.86
38.0,1.32,2.0,3.0,0.0,14.0,14.0,2.0,0.0,0.0,0.0,1.148,2.296
38.0,1.53,5.0,3.0,0.0,21.0,14.0,3.0,0.0,0.0,0.0,342.0,1.708
21.0,1.33,8.0,2.0,0.0,11.0,7.0,3.0,0.0,0.0,5.0,119.0,953.0
,,,,,,,,,,,,
23.0,1.13,0.0,0.0,0.0,21.0,2.0,1.0,0.0,0.0,0.0,0.0,402.0
,,,,,,,,,,,,
,,,,,,,,,,,,
,,,,,,,,,,,,
,,,,,,,,,,,,
,,,,,,,,,,,,
,,,,,,,,,,,,
,,,,,,,,,,,,
,,,,,,,,,,,,
,,,,,,,,,,,,
,,,,,,,,,,,,
,,,,,,,,,,,,
,,,,,,,,,,,,
,,,,,,,,,,,,
,,,,,,,,,,,,
,,,,,,,,,,,,
,,,,,,,,,,,,
,,,,,,,,,,,,
,,,,,,,,,,,,
,,,,,,,,,,,,
,,,,,,,,,,,,
,,,,,,,,,,,,
,,,,,,,,,,,,
,,,,,,,,,,,,
,,,,,,,,,,,,
,,,,,,,,,,,,
,,,,,,,,,,,,
27.0,1.3,0.0,0.0,0.0,4.0,5.0,9.0,0.0,0.0,0.0,0.0,2.062
,,,,,,,,,,,,
30.0,1.33,0.0,1.0,0.0,8.0,0.0,8.0,0.0,1.0,0.0,0.0,2.095
,,,,,,,,,,,,
,,,,,,,,,,,,
,,,,,,,,,,,,
,,,,,,,,,,,,
,,,,,,,,,,,,
,,,,,,,,,,,,
,,,,,,,,,,,,
,,,,,,,,,,,,
,,,,,,,,,,,,
,,,,,,,,,,,,
,,,,,,,,,,,,
,,,,,,,,,,,,
,,,,,,,,,,,,
39.0,1.28,10.0,1.0,0.0,7.0,28.0,8.0,1.0,0.0,0.0,268.0,2.679
,,,,,,,,,,,,
,,,,,,,,,,,,
,,,,,,,,,,,,
,,,,,,,,,,,,
,,,,,,,,,,,,
,,,,,,,,,,,,
,,,,,,,,,,,,
,,,,,,,,,,,,
,,,,,,,,,,,,
,,,,,,,,,,,,
,,,,,,,,,,,,
,,,,,,,,,,,,
,,,,,,,,,,,,
,,,,,,,,,,,,
,,,,,,,,,,,,
,,,,,,,,,,,,
,,,,,,,,,,,,
,,,,,,,,,,,,
,,,,,,,,,,,,
27.0,0.59,5.0,0.0,0.0,11.0,15.0,1.0,0.0,0.0,1.0,286.0,1.431
,,,,,,,,,,,,
38.0,0.92,1.0,0.0,0.0,2.0,5.0,10.0,1.0,0.0,0.0,3.117,3.117
,,,,,,,,,,,,
,,,,,,,,,,,,
33.0,0.79,0.0,1.0,1.0,1.0,1.0,10.0,0.0,0.0,0.0,0.0,2.855
,,,,,,,,,,,,
10.0,0.4,0.0,0.0,0.0,5.0,3.0,1.0,0.0,0.0,0.0,0.0,474.0
,,,,,,,,,,,,
,,,,,,,,,,,,
41.0,0.88,0.0,0.0,0.0,11.0,16.0,4.0,0.0,0.0,0.0,0.0,2.756
18.0,0.72,1.0,0.0,0.0,6.0,12.0,0.0,0.0,0.0,0.0,844.0,844.0
,,,,,,,,,,,,
24.0,1.08,2.0,2.0,0.0,9.0,12.0,3.0,0.0,0.0,0.0,607.0,1.214
,,,,,,,,,,,,
,,,,,,,,,,,,
,,,,,,,,,,,,
,,,,,,,,,,,,
,,,,,,,,,,,,
,,,,,,,,,,,,
,,,,,,,,,,,,
,,,,,,,,,,,,
,,,,,,,,,,,,
