player_id,name,player_club,age,position,market_value,nationality,player_height,player_agent,strong_foot,contract_value_time
238223,Ederson,Man City,31.0,Goalkeeper,25000.0,Brazil,1.88,Gestifute,left,2026.0
85941,Stefan Ortega,Man City,32.0,Goalkeeper,9000.0,Germany,1.85,None,right,2026.0
14555,Scott Carson,Man City,39.0,Goalkeeper,200.0,England,1.88,Wasserman,right,2025.0
258004,Rúben Dias,Man City,28.0,Centre-Back,70000.0,Portugal,1.87,Gestifute,right,2027.0
763079,Abdukodir Khusanov,Man City,21.0,Centre-Back,35000.0,Uzbekistan,1.86,Football Group LLC,right,2029.0
177476,Nathan Aké,Man City,30.0,Centre-Back,32000.0,Netherlands,1.8,Wasserman,left,2027.0
284730,Manuel Akanji,Man City,29.0,Centre-Back,32000.0,Switzerland,1.88,Wasserman,right,2027.0
186590,John Stones,Man City,30.0,Centre-Back,30000.0,England,1.88,Wasserman,right,2026.0
1005575,Vitor Reis,Man City,19.0,Centre-Back,30000.0,Brazil,1.86,P&P Sport ...,right,2029.0
475959,Josko Gvardiol,Man City,23.0,Left-Back,75000.0,Croatia,1.85,Marjan Sisic,left,2028.0
701057,Rico Lewis,Man City,20.0,Right-Back,40000.0,England,1.7,None,right,2028.0
357565,Rodri,Man City,28.0,Defensive Midfield,130000.0,Spain,1.91,None,right,2027.0
466805,Nico González,Man City,23.0,Central Midfield,40000.0,Spain,1.88,Gestifute,right,2029.0
601883,Matheus Nunes,Man City,26.0,Central Midfield,35000.0,Portugal,1.83,Gestifute,right,2028.0
51471,Mateo Kovacic,Man City,31.0,Central Midfield,25000.0,Croatia,1.77,VPA SPORTS ...,right,2027.0
53622,İlkay Gündoğan,Man City,34.0,Central Midfield,7000.0,Germany,1.8,ROOF,right,2026.0
241641,Bernardo Silva,Man City,30.0,Attacking Midfield,45000.0,Portugal,1.73,Gestifute,left,2026.0
88755,Kevin De Bruyne,Man City,33.0,Attacking Midfield,27000.0,Belgium,1.81,Roc Nation Sports,right,2025.0
994536,Claudio Echeverri,Man City,19.0,Attacking Midfield,18000.0,Argentina,1.7,None,right,2028.0
583199,James McAtee,Man City,22.0,Attacking Midfield,18000.0,England,1.8,YMU Management Ltd.,left,2026.0
743413,Nico O'Reilly,Man City,20.0,Attacking Midfield,7000.0,England,1.93,SEG,left,2028.0
486049,Jérémy Doku,Man City,22.0,Left Winger,55000.0,Belgium,1.73,Elevate,right,2028.0
203460,Jack Grealish,Man City,29.0,Left Winger,35000.0,England,1.8,CAA Stellar,right,2027.0
406635,Phil Foden,Man City,24.0,Right Winger,130000.0,England,1.71,None,left,2027.0
743591,Savinho,Man City,21.0,Right Winger,55000.0,Brazil,1.76,Promanager,left,2029.0
661207,Oscar Bobb,Man City,21.0,Right Winger,25000.0,Norway,1.75,CAA Stellar,left,2029.0
418560,Erling Haaland,Man City,24.0,Centre-Forward,200000.0,Norway,1.95,Rafaela Pimenta,left,2034.0
445939,Omar Marmoush,Man City,26.0,Centre-Forward,75000.0,Egypt,1.83,CAA Stellar,right,2029.0
262749,David Raya,Arsenal,29.0,Goalkeeper,40000.0,Spain,1.83,None,right,2028.0
111819,Neto,Arsenal,35.0,Goalkeeper,2000.0,Brazil,1.9,Bertolucci Sports,right,2025.0
495666,William Saliba,Arsenal,24.0,Centre-Back,80000.0,France,1.92,ND SPORTS MANAGEMENT,right,2027.0
435338,Gabriel Magalhães,Arsenal,27.0,Centre-Back,75000.0,Brazil,1.9,Bertolucci Sports,left,2027.0
425918,Jakub Kiwior,Arsenal,25.0,Centre-Back,22000.0,Poland,1.89,FairSport,left,2028.0
502821,Riccardo Calafiori,Arsenal,23.0,Left-Back,40000.0,Italy,1.88,None,left,2029.0
890721,Myles Lewis-Skelly,Arsenal,18.0,Left-Back,28000.0,England,1.78,None,left,None
203853,Oleksandr Zinchenko,Arsenal,28.0,Left-Back,22000.0,Ukraine,1.75,None,left,2026.0
300716,Kieran Tierney,Arsenal,27.0,Left-Back,10000.0,Scotland,1.8,CAA Stellar,left,2025.0
335721,Ben White,Arsenal,27.0,Right-Back,50000.0,England,1.86,None,right,2028.0
420243,Jurrien Timber,Arsenal,23.0,Right-Back,50000.0,Netherlands,1.79,Forza Sports Group,right,2028.0
331560,Takehiro Tomiyasu,Arsenal,26.0,Right-Back,25000.0,Japan,1.88,UDN SPORTS,right,2026.0
230784,Thomas Partey,Arsenal,31.0,Defensive Midfield,15000.0,Ghana,1.85,None,right,2025.0
102017,Jorginho,Arsenal,33.0,Defensive Midfield,8000.0,Italy,1.78,None,right,2025.0
357662,Declan Rice,Arsenal,26.0,Central Midfield,110000.0,England,1.88,None,right,2028.0
338424,Mikel Merino,Arsenal,28.0,Central Midfield,35000.0,Spain,1.89,None,left,2028.0
316264,Martin Ødegaard,Arsenal,26.0,Attacking Midfield,100000.0,Norway,1.78,Nordic Sky,left,2028.0
655488,Gabriel Martinelli,Arsenal,23.0,Left Winger,55000.0,Brazil,1.78,Roc Nation Sports,right,2027.0
144028,Leandro Trossard,Arsenal,30.0,Left Winger,30000.0,Belgium,1.72,None,right,2026.0
433177,Bukayo Saka,Arsenal,23.0,Right Winger,150000.0,England,1.78,None,left,2027.0
890719,Ethan Nwaneri,Arsenal,18.0,Right Winger,55000.0,England,1.76,Unique Sports Group,left,2030.0
134425,Raheem Sterling,Arsenal,30.0,Right Winger,15000.0,England,1.7,None,right,2025.0
309400,Kai Havertz,Arsenal,25.0,Centre-Forward,70000.0,Germany,1.93,ROOF,left,2028.0
363205,Gabriel Jesus,Arsenal,28.0,Centre-Forward,40000.0,Brazil,1.75,Energy Sports,right,2027.0
105470,Alisson,Liverpool,32.0,Goalkeeper,25000.0,Brazil,1.93,None,right,2027.0
340918,Caoimhín Kelleher,Liverpool,26.0,Goalkeeper,22000.0,Ireland,1.88,ROOF,right,2026.0
486604,Vitezslav Jaros,Liverpool,23.0,Goalkeeper,5000.0,Czech Republic,1.9,SPORT INVEST,right,2026.0
706815,Harvey Davies,Liverpool,21.0,Goalkeeper,500.0,England,1.9,Unique Sports Group,left,2025.0
357119,Ibrahima Konaté,Liverpool,25.0,Centre-Back,60000.0,France,1.94,CAA Stellar,right,2026.0
139208,Virgil van Dijk,Liverpool,33.0,Centre-Back,28000.0,Netherlands,1.95,ROOF,right,2027.0
256178,Joe Gomez,Liverpool,27.0,Centre-Back,25000.0,England,1.88,Wasserman,right,2027.0
632349,Jarell Quansah,Liverpool,22.0,Centre-Back,22000.0,England,1.9,None,right,2029.0
338070,Konstantinos Tsimikas,Liverpool,29.0,Left-Back,20000.0,Greece,1.79,Prosport ...,left,2027.0
234803,Andrew Robertson,Liverpool,31.0,Left-Back,20000.0,Scotland,1.78,None,left,2026.0
314353,Trent Alexander-Arnold,Liverpool,26.0,Right-Back,75000.0,England,1.75,None,right,2025.0
624258,Conor Bradley,Liverpool,21.0,Right-Back,25000.0,Northern Ireland,1.81,None,right,2029.0
478573,Ryan Gravenberch,Liverpool,23.0,Defensive Midfield,70000.0,Netherlands,1.9,Team Raiola,right,2028.0
146310,Wataru Endo,Liverpool,32.0,Defensive Midfield,10000.0,Japan,1.78,None,right,2027.0
618494,Tyler Morton,Liverpool,22.0,Defensive Midfield,8000.0,England,1.85,SEG,right,None
534033,Alexis Mac Allister,Liverpool,26.0,Central Midfield,90000.0,Argentina,1.76,None,right,2028.0
433188,Curtis Jones,Liverpool,24.0,Central Midfield,50000.0,England,1.85,Wasserman,right,2027.0
451276,Dominik Szoboszlai,Liverpool,24.0,Attacking Midfield,80000.0,Hungary,1.87,None,right,2028.0
565822,Harvey Elliott,Liverpool,22.0,Attacking Midfield,35000.0,England,1.7,ROOF,left,2027.0
480692,Luis Díaz,Liverpool,28.0,Left Winger,85000.0,Colombia,1.8,AS1,right,2027.0
434675,Cody Gakpo,Liverpool,26.0,Left Winger,70000.0,Netherlands,1.93,SEG,right,2028.0
148455,Mohamed Salah,Liverpool,32.0,Right Winger,55000.0,Egypt,1.75,None,left,2027.0
341092,Federico Chiesa,Liverpool,27.0,Right Winger,18000.0,Italy,1.75,LIAN Sports Group,right,2028.0
546543,Darwin Núñez,Liverpool,25.0,Centre-Forward,50000.0,Uruguay,1.87,None,right,2028.0
340950,Diogo Jota,Liverpool,28.0,Centre-Forward,45000.0,Portugal,1.78,Gestifute,right,2027.0
403151,Robert Sánchez,Chelsea,27.0,Goalkeeper,20000.0,Spain,1.97,CAA Stellar,right,2030.0
116648,Marcus Bettinelli,Chelsea,32.0,Goalkeeper,800.0,England,1.93,Refuel Performance ...,right,2026.0
490606,Lucas Bergström,Chelsea,22.0,Goalkeeper,700.0,Finland,2.05,CAA Stellar,right,2025.0
614258,Levi Colwill,Chelsea,22.0,Centre-Back,55000.0,England,1.87,None,left,2029.0
475411,Wesley Fofana,Chelsea,24.0,Centre-Back,27000.0,France,1.85,None,right,2029.0
463603,Benoît Badiashile,Chelsea,24.0,Centre-Back,25000.0,France,1.94,None,left,2030.0
258878,Tosin Adarabioyo,Chelsea,27.0,Centre-Back,20000.0,England,1.97,None,right,2028.0
346314,Trevoh Chalobah,Chelsea,25.0,Centre-Back,17000.0,England,1.92,None,right,2028.0
1145504,Aarón Anselmino,Chelsea,20.0,Centre-Back,8000.0,Argentina,1.86,None,right,2031.0
284857,Marc Cucurella,Chelsea,26.0,Left-Back,30000.0,Spain,1.73,Dupla Piqué & ...,left,2028.0
620322,Malo Gusto,Chelsea,22.0,Right-Back,35000.0,France,1.78,Wasserman,right,2030.0
472423,Reece James,Chelsea,25.0,Right-Back,30000.0,England,1.8,Unique Sports Group,right,2028.0
1004708,Josh Acheampong,Chelsea,19.0,Right-Back,5000.0,England,1.85,None,right,2029.0
687626,Moisés Caicedo,Chelsea,23.0,Defensive Midfield,80000.0,Ecuador,1.78,AS1,right,2031.0
628451,Roméo Lavia,Chelsea,21.0,Defensive Midfield,40000.0,Belgium,1.81,None,right,2030.0
648195,Enzo Fernández,Chelsea,24.0,Central Midfield,75000.0,Argentina,1.78,None,right,2032.0
475188,Kiernan Dewsbury-Hall,Chelsea,26.0,Central Midfield,22000.0,England,1.76,Wasserman,left,2029.0
1010854,Mathis Amougou,Chelsea,19.0,Central Midfield,10000.0,France,1.77,Classico,right,2033.0
568177,Cole Palmer,Chelsea,23.0,Attacking Midfield,130000.0,England,1.85,None,left,2033.0
926135,Omari Kellyman,Chelsea,19.0,Attacking Midfield,1500.0,England,1.91,None,left,2030.0
537860,Mykhaylo Mudryk,Chelsea,24.0,Left Winger,30000.0,Ukraine,1.75,ProStar,right,2031.0
401173,Jadon Sancho,Chelsea,25.0,Left Winger,30000.0,England,1.8,None,right,2025.0
936874,Tyrique George,Chelsea,19.0,Left Winger,3500.0,England,1.81,None,right,2027.0
487465,Pedro Neto,Chelsea,25.0,Right Winger,50000.0,Portugal,1.74,Gestifute,left,2031.0
503987,Noni Madueke,Chelsea,23.0,Right Winger,40000.0,England,1.82,None,left,2030.0
776890,Nicolas Jackson,Chelsea,23.0,Centre-Forward,55000.0,Senegal,1.87,Epic Jackson,right,2033.0
344381,Christopher Nkunku,Chelsea,27.0,Centre-Forward,45000.0,France,1.77,None,right,2029.0
787232,David Datro Fofana,Chelsea,22.0,Centre-Forward,8500.0,Cote d'Ivoire,1.82,Unique Sports Group,right,2029.0
938158,Marc Guiu,Chelsea,19.0,Centre-Forward,8000.0,Spain,1.87,None,right,2029.0
286047,Guglielmo Vicario,Tottenham,28.0,Goalkeeper,35000.0,Italy,1.94,GG11,right,2028.0
725912,Antonín Kinský,Tottenham,22.0,Goalkeeper,15000.0,Czech Republic,1.9,SPORT INVEST,right,2031.0
52570,Fraser Forster,Tottenham,37.0,Goalkeeper,1200.0,England,2.01,CAA Stellar,right,2025.0
428016,Brandon Austin,Tottenham,26.0,Goalkeeper,600.0,England,1.88,Unique Sports Group,right,2029.0
282823,Alfie Whiteman,Tottenham,26.0,Goalkeeper,500.0,England,1.88,None,right,2025.0
355915,Cristian Romero,Tottenham,27.0,Centre-Back,55000.0,Argentina,1.85,None,right,2027.0
557459,Micky van de Ven,Tottenham,24.0,Centre-Back,55000.0,Netherlands,1.93,Team Raiola,left,2029.0
263236,Kevin Danso,Tottenham,26.0,Centre-Back,25000.0,Austria,1.9,HD,right,2025.0
568559,Radu Drăgușin,Tottenham,23.0,Centre-Back,25000.0,Romania,1.91,GG11,right,2030.0
192765,Ben Davies,Tottenham,32.0,Centre-Back,8000.0,Wales,1.81,CAA Stellar,left,2025.0
556385,Destiny Udogie,Tottenham,22.0,Left-Back,45000.0,Italy,1.88,None,left,2030.0
483348,Djed Spence,Tottenham,24.0,Left-Back,15000.0,England,1.84,None,right,2028.0
282429,Sergio Reguilón,Tottenham,28.0,Left-Back,8000.0,Spain,1.78,None,left,2025.0
553875,Pedro Porro,Tottenham,25.0,Right-Back,45000.0,Spain,1.73,None,right,2028.0
922693,Archie Gray,Tottenham,19.0,Right-Back,35000.0,England,1.87,None,right,2030.0
354362,Rodrigo Bentancur,Tottenham,27.0,Defensive Midfield,30000.0,Uruguay,1.87,None,right,2026.0
410425,Yves Bissouma,Tottenham,28.0,Defensive Midfield,28000.0,Mali,1.82,None,right,2026.0
568693,Pape Matar Sarr,Tottenham,22.0,Central Midfield,40000.0,Senegal,1.84,None,right,2030.0
866246,Lucas Bergvall,Tottenham,19.0,Central Midfield,25000.0,Sweden,1.87,Nordic Sky,right,2031.0
431755,Dejan Kulusevski,Tottenham,25.0,Attacking Midfield,60000.0,Sweden,1.86,None,left,2028.0
294057,James Maddison,Tottenham,28.0,Attacking Midfield,50000.0,England,1.75,None,right,2028.0
91845,Heung-min Son,Tottenham,32.0,Left Winger,30000.0,"Korea, South",1.84,None,both,2026.0
1011147,Mikey Moore,Tottenham,17.0,Left Winger,15000.0,England,1.8,None,right,2027.0
170527,Timo Werner,Tottenham,29.0,Left Winger,10000.0,Germany,1.8,Sports360 GmbH,right,2025.0
470607,Brennan Johnson,Tottenham,23.0,Right Winger,50000.0,Wales,1.86,Unique Sports Group,right,2028.0
743498,Wilson Odobert,Tottenham,20.0,Right Winger,18000.0,France,1.82,None,right,2029.0
258889,Dominic Solanke,Tottenham,27.0,Centre-Forward,45000.0,England,1.86,None,right,2030.0
801734,Mathys Tel,Tottenham,20.0,Centre-Forward,40000.0,France,1.83,None,right,2025.0
378710,Richarlison,Tottenham,28.0,Centre-Forward,25000.0,Brazil,1.84,None,right,2027.0
670883,Dane Scarlett,Tottenham,21.0,Centre-Forward,1800.0,England,1.8,None,right,2027.0
234509,André Onana,Man Utd,29.0,Goalkeeper,32000.0,Cameroon,1.9,LIAN Sports Group,right,2028.0
336077,Altay Bayındır,Man Utd,27.0,Goalkeeper,10000.0,Türkiye,1.98,None,right,2027.0
34130,Tom Heaton,Man Utd,39.0,Goalkeeper,250.0,England,1.88,None,right,2025.0
923831,Leny Yoro,Man Utd,19.0,Centre-Back,55000.0,France,1.9,Gestifute,right,2029.0
480762,Lisandro Martínez,Man Utd,27.0,Centre-Back,45000.0,Argentina,1.75,Score Futbol,left,2027.0
326031,Matthijs de Ligt,Man Utd,25.0,Centre-Back,40000.0,Netherlands,1.89,Rafaela Pimenta,right,2029.0
177907,Harry Maguire,Man Utd,32.0,Centre-Back,15000.0,England,1.94,None,right,2026.0
184573,Victor Lindelöf,Man Utd,30.0,Centre-Back,10000.0,Sweden,1.87,HCM Sports ...,right,2025.0
1078163,Ayden Heaven,Man Utd,18.0,Centre-Back,1500.0,England,1.89,None,left,2029.0
42412,Jonny Evans,Man Utd,37.0,Centre-Back,1500.0,Northern Ireland,1.88,None,both,2025.0
926952,Patrick Dorgu,Man Utd,20.0,Left-Back,25000.0,Denmark,1.85,None,left,2030.0
183288,Luke Shaw,Man Utd,29.0,Left-Back,16000.0,England,1.78,CAA Stellar,left,2027.0
357147,Diogo Dalot,Man Utd,26.0,Right-Back,35000.0,Portugal,1.83,Proeleven S.A.,right,2028.0
340456,Noussair Mazraoui,Man Utd,27.0,Right-Back,32000.0,Morocco,1.83,Rafaela Pimenta,right,2028.0
476701,Manuel Ugarte,Man Utd,24.0,Defensive Midfield,50000.0,Uruguay,1.82,Gestifute,right,2029.0
16306,Casemiro,Man Utd,33.0,Defensive Midfield,12000.0,Brazil,1.85,None,right,2026.0
654253,Toby Collyer,Man Utd,21.0,Defensive Midfield,5000.0,England,1.8,None,right,2027.0
820374,Kobbie Mainoo,Man Utd,20.0,Central Midfield,55000.0,England,1.8,CAA Stellar,right,2027.0
69633,Christian Eriksen,Man Utd,33.0,Central Midfield,6000.0,Denmark,1.82,None,right,2025.0
240306,Bruno Fernandes,Man Utd,30.0,Attacking Midfield,55000.0,Portugal,1.79,AS1,right,2027.0
811779,Alejandro Garnacho,Man Utd,20.0,Attacking Midfield,45000.0,Argentina,1.8,None,right,2028.0
346483,Mason Mount,Man Utd,26.0,Attacking Midfield,28000.0,England,1.81,None,right,2028.0
536835,Amad Diallo,Man Utd,22.0,Right Winger,40000.0,Cote d'Ivoire,1.73,None,left,2030.0
610442,Rasmus Højlund,Man Utd,22.0,Centre-Forward,45000.0,Denmark,1.91,SEG,left,2028.0
435648,Joshua Zirkzee,Man Utd,24.0,Centre-Forward,35000.0,Netherlands,1.93,None,right,2029.0
1042886,Chido Obi,Man Utd U18,17.0,Centre-Forward,5000.0,Denmark,1.88,None,right,None
192080,Nick Pope,Newcastle,33.0,Goalkeeper,10000.0,England,1.98,CAA Stellar,right,2026.0
124419,Odysseas Vlachodimos,Newcastle,31.0,Goalkeeper,7000.0,Greece,1.91,None,right,None
74960,Martin Dúbravka,Newcastle,36.0,Goalkeeper,1000.0,Slovakia,1.91,Current international:,right,2026.0
142389,Mark Gillespie,Newcastle,33.0,Goalkeeper,300.0,England,1.91,SMI Sports ...,right,2025.0
29712,John Ruddy,Newcastle,38.0,Goalkeeper,200.0,England,1.92,Wasserman,right,2025.0
361093,Sven Botman,Newcastle,25.0,Centre-Back,45000.0,Netherlands,1.93,Muy Manero,left,2027.0
135343,Fabian Schär,Newcastle,33.0,Centre-Back,9000.0,Switzerland,1.86,Sports360 GmbH,right,2026.0
134270,Dan Burn,Newcastle,33.0,Centre-Back,7000.0,England,2.01,None,left,2026.0
183318,Jamaal Lascelles,Newcastle,31.0,Centre-Back,6000.0,England,1.88,Unique Sports Group,right,2025.0
670858,Lewis Hall,Newcastle,20.0,Left-Back,30000.0,England,1.79,Wasserman,left,None
250478,Matt Targett,Newcastle,29.0,Left-Back,8000.0,England,1.83,None,left,2026.0
346018,Jamal Lewis,Newcastle,27.0,Left-Back,3000.0,Northern Ireland,1.78,None,left,2025.0
503981,Tino Livramento,Newcastle,22.0,Right-Back,35000.0,England,1.82,Wasserman,right,2028.0
95810,Kieran Trippier,Newcastle,34.0,Right-Back,5000.0,England,1.73,None,right,2026.0
184528,Emil Krafth,Newcastle,30.0,Right-Back,2500.0,Sweden,1.84,None,right,2026.0
520624,Bruno Guimarães,Newcastle,27.0,Defensive Midfield,80000.0,Brazil,1.82,Bertolucci Sports,right,2028.0
397033,Sandro Tonali,Newcastle,25.0,Central Midfield,45000.0,Italy,1.81,GR Sports,right,2028.0
333241,Joelinton,Newcastle,28.0,Central Midfield,40000.0,Brazil,1.86,ROGON,right,2028.0
340329,Joe Willock,Newcastle,25.0,Central Midfield,28000.0,England,1.86,None,right,2027.0
346707,Sean Longstaff,Newcastle,27.0,Central Midfield,22000.0,England,1.87,None,right,2026.0
922769,Lewis Miley,Newcastle,19.0,Central Midfield,22000.0,England,1.89,Unique Sports Group,right,2029.0
503733,Anthony Gordon,Newcastle,24.0,Left Winger,65000.0,England,1.83,Unique Sports Group,right,None
398065,Harvey Barnes,Newcastle,27.0,Left Winger,30000.0,England,1.82,Wasserman,right,2028.0
199527,Jacob Murphy,Newcastle,30.0,Right Winger,16000.0,England,1.79,Wasserman,right,2027.0
349066,Alexander Isak,Newcastle,25.0,Centre-Forward,100000.0,Sweden,1.92,Universal Twenty Two,right,2028.0
123682,Callum Wilson,Newcastle,33.0,Centre-Forward,11000.0,England,1.8,Unique Sports Group,right,2025.0
609556,William Osula,Newcastle,21.0,Centre-Forward,7000.0,Denmark,1.91,CAA Stellar,right,2029.0
111873,Emiliano Martínez,Aston Villa,32.0,Goalkeeper,25000.0,Argentina,1.95,Universal Twenty Two,right,2029.0
75458,Robin Olsen,Aston Villa,35.0,Goalkeeper,1500.0,Sweden,1.96,HCM Sports ...,right,2025.0
399776,Pau Torres,Aston Villa,28.0,Centre-Back,40000.0,Spain,1.92,InterStarDeporte,left,2028.0
413403,Ezri Konsa,Aston Villa,27.0,Centre-Back,35000.0,England,1.83,CAA Stellar,right,2028.0
253677,Tyrone Mings,Aston Villa,32.0,Centre-Back,6000.0,England,1.96,Wasserman,left,2026.0
233124,Kortney Hause,Aston Villa,29.0,Centre-Back,2000.0,England,1.91,None,left,2025.0
485585,Ian Maatsen,Aston Villa,23.0,Left-Back,28000.0,Netherlands,1.78,Epic Maatsen,left,2030.0
126664,Lucas Digne,Aston Villa,31.0,Left-Back,12000.0,France,1.78,None,left,2026.0
425334,Matty Cash,Aston Villa,27.0,Right-Back,28000.0,Poland,1.85,Two Touch Agency,right,2027.0
386047,Axel Disasi,Aston Villa,27.0,Right-Back,25000.0,France,1.91,None,right,2025.0
1063329,Andrés García,Aston Villa,22.0,Right-Back,7000.0,Spain,1.85,InterStarDeporte,right,None
485706,Amadou Onana,Aston Villa,23.0,Defensive Midfield,55000.0,Belgium,1.95,BTFM,right,2029.0
394327,Boubacar Kamara,Aston Villa,25.0,Defensive Midfield,38000.0,France,1.84,None,right,2027.0
645686,Lamare Bogarde,Aston Villa,21.0,Defensive Midfield,5000.0,Netherlands,1.85,Wasserman,right,None
249565,Youri Tielemans,Aston Villa,28.0,Central Midfield,35000.0,Belgium,1.77,None,right,2027.0
193116,John McGinn,Aston Villa,30.0,Central Midfield,18000.0,Scotland,1.78,None,left,2027.0
131978,Ross Barkley,Aston Villa,31.0,Central Midfield,8000.0,England,1.89,Wasserman,right,2026.0
503749,Jacob Ramsey,Aston Villa,23.0,Left Midfield,32000.0,England,1.8,Unique Sports Group,right,2027.0
503743,Morgan Rogers,Aston Villa,22.0,Attacking Midfield,50000.0,England,1.87,Footwork,right,2030.0
296622,Marco Asensio,Aston Villa,29.0,Attacking Midfield,20000.0,Spain,1.82,Gestifute,left,2025.0
258923,Marcus Rashford,Aston Villa,27.0,Left Winger,50000.0,England,1.85,None,right,2025.0
387626,Leon Bailey,Aston Villa,27.0,Right Winger,32000.0,Jamaica,1.78,None,left,2027.0
326029,Donyell Malen,Aston Villa,26.0,Right Winger,25000.0,Netherlands,1.76,Wasserman,right,None
324358,Ollie Watkins,Aston Villa,29.0,Centre-Forward,50000.0,England,1.8,Two Touch Agency,right,2028.0
565093,Bart Verbruggen,Brighton,22.0,Goalkeeper,25000.0,Netherlands,1.94,None,right,2028.0
646353,Carl Rushworth,Brighton,23.0,Goalkeeper,3000.0,England,1.91,None,"
                            Jul 1, 2023                        ",2027.0
73564,Jason Steele,Brighton,34.0,Goalkeeper,2000.0,England,1.88,None,right,2026.0
406556,Tom McGill,Brighton,25.0,Goalkeeper,600.0,Canada,1.85,None,right,2027.0
576314,Jan Paul van Hecke,Brighton,24.0,Centre-Back,32000.0,Netherlands,1.89,None,right,2027.0
380350,Igor,Brighton,27.0,Centre-Back,22000.0,Brazil,1.88,None,left,2027.0
212847,Adam Webster,Brighton,30.0,Centre-Back,12000.0,England,1.9,None,right,2026.0
148153,Lewis Dunk,Brighton,33.0,Centre-Back,8000.0,England,1.92,CAA Stellar,right,2026.0
581330,Eiran Cashin,Brighton,23.0,Centre-Back,8000.0,Ireland,1.84,None,left,2030.0
369316,Ferdi Kadıoğlu,Brighton,25.0,Left-Back,30000.0,Türkiye,1.74,Wasserman,right,2028.0
349599,Pervis Estupiñán,Brighton,27.0,Left-Back,30000.0,Ecuador,1.75,Gestifute,left,2027.0
504148,Tariq Lamptey,Brighton,24.0,Right-Back,12000.0,Ghana,1.63,AC Talent,right,2025.0
111195,Joël Veltman,Brighton,33.0,Right-Back,7000.0,Netherlands,1.84,None,right,2026.0
973085,Carlos Baleba,Brighton,21.0,Defensive Midfield,35000.0,Cameroon,1.79,None,left,2028.0
415381,Mats Wieffer,Brighton,25.0,Defensive Midfield,27000.0,Netherlands,1.88,None,right,2029.0
867688,Jack Hinshelwood,Brighton,20.0,Central Midfield,24000.0,England,1.82,CAA Stellar,right,2028.0
406634,Matt O'Riley,Brighton,24.0,Central Midfield,22000.0,Denmark,1.89,None,left,2029.0
667287,Yasin Ayari,Brighton,21.0,Central Midfield,17000.0,Sweden,1.72,Universal Twenty Two,right,2027.0
996897,Diego Gómez,Brighton,22.0,Central Midfield,13000.0,Paraguay,1.85,None,right,None
3333,James Milner,Brighton,39.0,Central Midfield,1000.0,England,1.75,None,right,2025.0
504849,Kaoru Mitoma,Brighton,28.0,Left Winger,45000.0,Japan,1.78,None,right,2027.0
658536,Simon Adingra,Brighton,23.0,Left Winger,30000.0,Cote d'Ivoire,1.75,Fidus Sports,right,2026.0
1012534,Yankuba Minteh,Brighton,20.0,Right Winger,30000.0,The Gambia,1.8,None,left,2029.0
700106,Brajan Gruda,Brighton,20.0,Right Winger,25000.0,Germany,1.78,Robert Schneider,left,2028.0
209212,Solly March,Brighton,30.0,Right Winger,8000.0,England,1.8,None,left,2026.0
626724,João Pedro,Brighton,23.0,Centre-Forward,50000.0,Brazil,1.88,Promanager,right,2028.0
538977,Georginio Rutter,Brighton,23.0,Centre-Forward,32000.0,France,1.82,ROGON,left,2028.0
67063,Danny Welbeck,Brighton,34.0,Centre-Forward,5000.0,England,1.85,None,right,2026.0
120629,Alphonse Areola,West Ham,32.0,Goalkeeper,10000.0,France,1.95,Rafaela Pimenta,right,2027.0
61697,Wes Foderingham,West Ham,34.0,Goalkeeper,900.0,England,1.85,CAA Stellar,left,2026.0
29692,Lukasz Fabianski,West Ham,40.0,Goalkeeper,700.0,Poland,1.9,ROOF,right,2025.0
525247,Maximilian Kilman,West Ham,27.0,Centre-Back,30000.0,England,1.94,Wasserman,left,2031.0
605184,Jean-Clair Todibo,West Ham,25.0,Centre-Back,28000.0,France,1.9,None,right,2025.0
415912,Konstantinos Mavropanos,West Ham,27.0,Centre-Back,17000.0,Greece,1.94,Konstantinos Farras,right,2028.0
845321,Kaelan Casey,West Ham U21,20.0,Centre-Back,1000.0,England,1.85,None,"
                            Jul 1, 2023                        ",2027.0
181778,Emerson,West Ham,30.0,Left-Back,12000.0,Italy,1.76,Bertolucci Sports,left,2026.0
922563,Oliver Scarles,West Ham,19.0,Left-Back,4000.0,England,1.8,CAA Stellar,left,2028.0
92571,Aaron Cresswell,West Ham,35.0,Left-Back,700.0,England,1.7,Unique Sports Group,left,2025.0
477758,Aaron Wan-Bissaka,West Ham,27.0,Right-Back,22000.0,DR Congo,1.83,Unique Sports Group,right,2031.0
157672,Vladimír Coufal,West Ham,32.0,Right-Back,7000.0,Czech Republic,1.74,None,right,2025.0
401356,Edson Álvarez,West Ham,27.0,Defensive Midfield,30000.0,Mexico,1.9,Muy Manero,right,2028.0
283628,Tomas Soucek,West Ham,30.0,Defensive Midfield,22000.0,Czech Republic,1.92,Int. Sport ...,right,2027.0
342385,Guido Rodríguez,West Ham,31.0,Defensive Midfield,12000.0,Argentina,1.85,None,right,2027.0
372246,Carlos Soler,West Ham,28.0,Central Midfield,20000.0,Spain,1.8,AS1,right,2025.0
181579,James Ward-Prowse,West Ham,30.0,Central Midfield,10000.0,England,1.77,CAA Stellar,right,2027.0
430310,Andrew Irving,West Ham,25.0,Central Midfield,5000.0,Scotland,1.9,DC International ...,left,2026.0
444523,Lucas Paquetá,West Ham,27.0,Attacking Midfield,35000.0,Brazil,1.8,Roc Nation Sports,left,2027.0
474701,Crysencio Summerville,West Ham,23.0,Left Winger,22000.0,Netherlands,1.74,Wasserman,right,2029.0
543499,Mohammed Kudus,West Ham,24.0,Right Winger,50000.0,Ghana,1.77,ROOF,left,2028.0
314875,Jarrod Bowen,West Ham,28.0,Right Winger,45000.0,England,1.76,None,left,2030.0
991800,Luis Guilherme,West Ham,19.0,Right Winger,18000.0,Brazil,1.75,None,left,2029.0
648046,Evan Ferguson,West Ham,20.0,Centre-Forward,32000.0,Ireland,1.88,YMU Management Ltd.,right,2025.0
75489,Niclas Füllkrug,West Ham,32.0,Centre-Forward,12000.0,Germany,1.89,ROOF,right,2028.0
134294,Danny Ings,West Ham,32.0,Centre-Forward,7000.0,England,1.77,None,right,2025.0
104124,Michail Antonio,West Ham,35.0,Centre-Forward,1000.0,Jamaica,1.8,Unique Sports Group,right,2025.0
127202,Matz Sels,Forest,33.0,Goalkeeper,7000.0,Belgium,1.88,None,right,2027.0
641458,Carlos Miguel,Forest,26.0,Goalkeeper,4000.0,Brazil,2.04,None,left,2028.0
45494,Wayne Hennessey,Forest,38.0,Goalkeeper,175.0,Wales,1.98,CAA Stellar,right,2025.0
1005649,Murillo,Forest,22.0,Centre-Back,55000.0,Brazil,1.8,None,left,2029.0
413507,Nikola Milenković,Forest,27.0,Centre-Back,28000.0,Serbia,1.95,LIAN Sports Group,right,2029.0
673492,Morato,Forest,23.0,Centre-Back,15000.0,Brazil,1.92,Bertolucci Sports,left,2029.0
142310,Willy Boly,Forest,34.0,Centre-Back,2000.0,Cote d'Ivoire,1.95,Sport Cover,right,2025.0
193098,Álex Moreno,Forest,31.0,Left-Back,11000.0,Spain,1.79,None,left,2025.0
198516,Harry Toffolo,Forest,29.0,Left-Back,4000.0,England,1.83,Wasserman,left,2025.0
503680,Neco Williams,Forest,24.0,Right-Back,20000.0,Wales,1.83,Unique Sports Group,right,2026.0
236490,Ola Aina,Forest,28.0,Right-Back,20000.0,Nigeria,1.84,None,right,2026.0
375885,Ibrahim Sangaré,Forest,27.0,Defensive Midfield,28000.0,Cote d'Ivoire,1.91,None,right,2028.0
567576,Elliot Anderson,Forest,22.0,Central Midfield,30000.0,England,1.79,CAA Stellar,right,2029.0
497291,Nicolás Domínguez,Forest,26.0,Central Midfield,17000.0,Argentina,1.79,None,right,2028.0
425902,Ryan Yates,Forest,27.0,Central Midfield,13000.0,England,1.9,None,right,2028.0
897481,Eric da Silva Moreira,Forest,19.0,Right Midfield,1000.0,Germany,1.85,Gestifute,right,2028.0
429014,Morgan Gibbs-White,Forest,25.0,Attacking Midfield,50000.0,England,1.71,CAA Stellar,right,2027.0
392768,Callum Hudson-Odoi,Forest,24.0,Left Winger,24000.0,England,1.78,None,right,2026.0
745191,Ramón Sosa,Forest,25.0,Left Winger,13000.0,Paraguay,1.79,None,right,2029.0
583189,Anthony Elanga,Forest,23.0,Right Winger,35000.0,Sweden,1.78,CAA Stellar,right,2028.0
663244,Jota Silva,Forest,25.0,Right Winger,14000.0,Portugal,1.79,Sferico Sports ...,right,2028.0
295313,Taiwo Awoniyi,Forest,27.0,Centre-Forward,18000.0,Nigeria,1.83,None,right,2027.0
108725,Chris Wood,Forest,33.0,Centre-Forward,10000.0,New Zealand,1.91,None,right,2027.0
258919,Dean Henderson,Crystal Palace,28.0,Goalkeeper,15000.0,England,1.88,CAA Stellar,right,2028.0
425306,Matt Turner,Crystal Palace,30.0,Goalkeeper,4000.0,United States,1.91,Wasserman,right,2025.0
196722,Remi Matthews,Crystal Palace,31.0,Goalkeeper,500.0,England,1.92,Two Touch Agency,right,2025.0
392757,Marc Guéhi,Crystal Palace,24.0,Centre-Back,45000.0,England,1.82,Unique Sports Group,right,2026.0
434224,Maxence Lacroix,Crystal Palace,25.0,Centre-Back,22000.0,France,1.9,Unique Sports Group,right,2029.0
689637,Chadi Riad,Crystal Palace,21.0,Centre-Back,15000.0,Morocco,1.87,Roc Nation Sports,left,2029.0
578539,Chris Richards,Crystal Palace,25.0,Centre-Back,12000.0,United States,1.88,Roc Nation Sports,right,2027.0
730893,Tyrick Mitchell,Crystal Palace,25.0,Left-Back,25000.0,England,1.81,ROOF,left,2025.0
316125,Ben Chilwell,Crystal Palace,28.0,Left-Back,18000.0,England,1.8,CAA Stellar,left,2025.0
493003,Daniel Muñoz,Crystal Palace,28.0,Right-Back,25000.0,Colombia,1.81,None,right,2028.0
85177,Nathaniel Clyne,Crystal Palace,34.0,Right-Back,1500.0,England,1.75,ROOF,right,2025.0
92572,Joel Ward,Crystal Palace,35.0,Right-Back,600.0,England,1.86,None,right,2025.0
744149,Adam Wharton,Crystal Palace,21.0,Defensive Midfield,35000.0,England,1.82,OmniSports,left,2029.0
543387,Cheick Doucouré,Crystal Palace,25.0,Defensive Midfield,30000.0,Mali,1.8,None,right,2029.0
262980,Jefferson Lerma,Crystal Palace,30.0,Defensive Midfield,12000.0,Colombia,1.79,None,right,2026.0
207014,Will Hughes,Crystal Palace,30.0,Central Midfield,9000.0,England,1.85,Two Touch Agency,left,2027.0
747009,Justin Devenny,Crystal Palace,21.0,Central Midfield,3000.0,Northern Ireland,1.84,None,"
                            Jul 1, 2024                        ",2027.0
479999,Eberechi Eze,Crystal Palace,26.0,Attacking Midfield,55000.0,England,1.78,None,right,2027.0
410225,Ismaïla Sarr,Crystal Palace,27.0,Attacking Midfield,22000.0,Senegal,1.85,Teranga Sports,right,2029.0
356141,Daichi Kamada,Crystal Palace,28.0,Attacking Midfield,15000.0,Japan,1.8,None,right,2026.0
743597,Matheus França,Crystal Palace,21.0,Attacking Midfield,10000.0,Brazil,1.84,LIFEPRO,right,2028.0
967319,Romain Esse,Crystal Palace,20.0,Right Winger,12000.0,England,1.78,Unique Sports Group,left,2030.0
512354,Malcolm Ebiowei,Crystal Palace,21.0,Right Winger,1200.0,England,1.85,None,left,2027.0
420002,Jean-Philippe Mateta,Crystal Palace,27.0,Centre-Forward,30000.0,France,1.92,None,right,2026.0
340324,Eddie Nketiah,Crystal Palace,25.0,Centre-Forward,22000.0,England,1.75,None,right,2029.0
192279,Kepa Arrizabalaga,Bournemouth,30.0,Goalkeeper,11000.0,Spain,1.88,AC Talent,right,2025.0
582078,Will Dennis,Bournemouth,24.0,Goalkeeper,350.0,England,1.88,None,"
                            Jul 1, 2021                        ",2028.0
890290,Dean Huijsen,Bournemouth,20.0,Centre-Back,42000.0,Spain,1.97,None,both,2030.0
659089,Ilya Zabarnyi,Bournemouth,22.0,Centre-Back,40000.0,Ukraine,1.89,Wasserman,right,2029.0
469781,Marcos Senesi,Bournemouth,28.0,Centre-Back,24000.0,Argentina,1.85,ROOF,left,2026.0
611793,James Hill,Bournemouth,23.0,Centre-Back,2000.0,England,1.84,SMI Sports ...,right,2026.0
994604,Matai Akinmboni,Bournemouth,18.0,Centre-Back,1000.0,United States,1.88,CAA Stellar,left,None
730861,Milos Kerkez,Bournemouth,21.0,Left-Back,35000.0,Hungary,1.8,LIAN Sports Group,left,2028.0
1009658,Julio Soler,Bournemouth,20.0,Left-Back,8000.0,Argentina,1.75,None,left,None
513970,Julián Araujo,Bournemouth,23.0,Right-Back,10000.0,Mexico,1.76,CAA Stellar,right,2029.0
61841,Adam Smith,Bournemouth,34.0,Right-Back,1000.0,England,1.74,CAA Stellar,right,2026.0
332705,Tyler Adams,Bournemouth,26.0,Defensive Midfield,18000.0,United States,1.75,YMU Management Ltd.,right,2028.0
188077,Ryan Christie,Bournemouth,30.0,Defensive Midfield,12000.0,Scotland,1.78,None,left,2027.0
855256,Alex Scott,Bournemouth,21.0,Central Midfield,20000.0,England,1.78,None,right,2028.0
249089,Lewis Cook,Bournemouth,28.0,Central Midfield,15000.0,England,1.75,CAA Stellar,right,2028.0
330659,Justin Kluivert,Bournemouth,26.0,Attacking Midfield,35000.0,Netherlands,1.72,Team Raiola,both,2028.0
583255,Antoine Semenyo,Bournemouth,25.0,Left Winger,35000.0,Ghana,1.85,None,right,2029.0
823231,Dango Ouattara,Bournemouth,23.0,Left Winger,25000.0,Burkina Faso,1.77,PSM,left,2028.0
399434,Marcus Tavernier,Bournemouth,26.0,Left Winger,20000.0,England,1.78,None,left,2028.0
512385,Luis Sinisterra,Bournemouth,25.0,Left Winger,17000.0,Colombia,1.72,Wasserman,right,None
277033,David Brooks,Bournemouth,27.0,Right Winger,12000.0,Wales,1.73,Unique Sports Group,left,2026.0
711337,Evanilson,Bournemouth,25.0,Centre-Forward,35000.0,Brazil,1.83,None,both,None
251106,Enes Ünal,Bournemouth,28.0,Centre-Forward,13000.0,Türkiye,1.87,FutureBall,right,2028.0
746740,Daniel Jebbison,Bournemouth,21.0,Centre-Forward,4000.0,Canada,1.9,None,right,2028.0
125714,Mark Flekken,Brentford,31.0,Goalkeeper,10000.0,Netherlands,1.95,SEG,both,2027.0
488935,Hákon Rafn Valdimarsson,Brentford,23.0,Goalkeeper,2500.0,Iceland,1.95,CAA Stellar,right,2028.0
469050,Nathan Collins,Brentford,24.0,Centre-Back,28000.0,Ireland,1.93,None,right,2029.0
541231,Sepp van den Berg,Brentford,23.0,Centre-Back,20000.0,Netherlands,1.92,Key United,right,2029.0
328658,Kristoffer Ajer,Brentford,27.0,Centre-Back,18000.0,Norway,1.98,Wasserman,right,2028.0
442248,Ethan Pinnock,Brentford,31.0,Centre-Back,8000.0,Jamaica,1.94,Two Touch Agency,left,2027.0
74810,Ben Mee,Brentford,35.0,Centre-Back,900.0,England,1.8,None,left,2025.0
709767,Ji-soo Kim,Brentford,20.0,Centre-Back,600.0,"Korea, South",1.92,Proeleven S.A.,both,2027.0
644401,Keane Lewis-Potter,Brentford,24.0,Left-Back,23000.0,England,1.7,None,right,2031.0
339556,Rico Henry,Brentford,27.0,Left-Back,17000.0,England,1.7,None,left,2026.0
591949,Aaron Hickey,Brentford,22.0,Right-Back,18000.0,Scotland,1.85,None,both,2028.0
823486,Michael Kayode,Brentford,20.0,Right-Back,18000.0,Italy,1.79,None,right,2025.0
270171,Vitaly Janelt,Brentford,27.0,Defensive Midfield,22000.0,Germany,1.84,Wasserman,left,2026.0
148367,Christian Nørgaard,Brentford,31.0,Defensive Midfield,12000.0,Denmark,1.87,None,right,2027.0
1141628,Yunus Emre Konak,Brentford,19.0,Defensive Midfield,4500.0,Türkiye,1.81,FutureBall,right,2029.0
319859,Mathias Jensen,Brentford,29.0,Central Midfield,16000.0,Denmark,1.8,CAA Stellar,right,2026.0
717411,Yegor Yarmolyuk,Brentford,21.0,Central Midfield,12000.0,Ukraine,1.8,ProStar,right,2028.0
470596,Paris Maghoma,Brentford,24.0,Central Midfield,600.0,England,1.84,Unique Sports Group,right,2027.0
540941,Mikkel Damsgaard,Brentford,24.0,Attacking Midfield,25000.0,Denmark,1.8,BTAM,right,2030.0
559263,Fábio Carvalho,Brentford,22.0,Attacking Midfield,15000.0,Portugal,1.7,None,right,2029.0
473050,Kevin Schade,Brentford,23.0,Left Winger,27000.0,Germany,1.85,None,right,2028.0
1086375,Gustavo Nunes,Brentford,19.0,Left Winger,10000.0,Brazil,1.73,Talents Sports,right,2030.0
413039,Bryan Mbeumo,Brentford,25.0,Right Winger,50000.0,Cameroon,1.71,None,left,2026.0
388165,Yoane Wissa,Brentford,28.0,Centre-Forward,30000.0,DR Congo,1.76,None,right,2026.0
739443,Igor Thiago,Brentford,23.0,Centre-Forward,22000.0,Brazil,1.91,None,right,2029.0
249994,José Sá,Wolves,32.0,Goalkeeper,8000.0,Portugal,1.92,Gestifute,right,2027.0
110864,Sam Johnstone,Wolves,32.0,Goalkeeper,8000.0,England,1.93,Unique Sports Group,right,2028.0
136401,Daniel Bentley,Wolves,31.0,Goalkeeper,2000.0,England,1.93,Unique Sports Group,"
                            Jan 25, 2023                        ",2027.0
215810,Tom King,Wolves,30.0,Goalkeeper,200.0,Wales,1.94,None,right,2027.0
606718,Toti,Wolves,26.0,Centre-Back,25000.0,Portugal,1.87,None,left,2029.0
683895,Emmanuel Agbadou,Wolves,27.0,Centre-Back,17000.0,Cote d'Ivoire,1.92,Aneke/PMG,right,2029.0
862297,Nasser Djiga,Wolves,22.0,Centre-Back,10000.0,Burkina Faso,1.92,None,right,2030.0
438001,Santiago Bueno,Wolves,26.0,Centre-Back,8000.0,Uruguay,1.9,GBG Global Business ...,right,2028.0
716276,Yerson Mosquera,Wolves,24.0,Centre-Back,8000.0,Colombia,1.88,None,right,2030.0
955253,Bastien Meupiyou,Wolves,19.0,Centre-Back,2500.0,France,1.91,Gestifute,left,2029.0
121477,Craig Dawson,Wolves,35.0,Centre-Back,2000.0,England,1.88,Unique Sports Group,right,2025.0
578391,Rayan Aït-Nouri,Wolves,23.0,Left-Back,35000.0,Algeria,1.8,CAA Stellar,left,2026.0
231572,Nélson Semedo,Wolves,31.0,Right-Back,10000.0,Portugal,1.77,Gestifute,right,2025.0
1193867,Pedro Lima,Wolves,18.0,Right-Back,5000.0,Brazil,1.74,None,right,2029.0
171679,Matt Doherty,Wolves,33.0,Right-Back,2500.0,Ireland,1.85,Gestifute,right,2026.0
800176,André,Wolves,23.0,Defensive Midfield,25000.0,Brazil,1.76,Carlos Leite,right,2029.0
649020,Boubacar Traoré,Wolves,23.0,Defensive Midfield,6000.0,Mali,1.83,None,right,2027.0
735570,João Gomes,Wolves,24.0,Central Midfield,40000.0,Brazil,1.76,Carlos Leite,right,2030.0
450050,Jean-Ricner Bellegarde,Wolves,26.0,Central Midfield,18000.0,France,1.72,None,right,2028.0
414908,Marshall Munetsi,Wolves,28.0,Central Midfield,15000.0,Zimbabwe,1.88,Wasserman,right,2028.0
433183,Tommy Doyle,Wolves,23.0,Central Midfield,10000.0,England,1.72,Unique Sports Group,right,2028.0
667121,Rodrigo Gomes,Wolves,21.0,Right Midfield,15000.0,Portugal,1.75,None,right,2029.0
225122,Gonçalo Guedes,Wolves,28.0,Left Winger,13000.0,Portugal,1.79,Gestifute,right,2027.0
742451,Carlos Forbs,Wolves,21.0,Left Winger,8000.0,Portugal,1.69,None,left,2025.0
1060740,Enso González,Wolves,20.0,Left Winger,4000.0,Paraguay,1.69,None,left,2029.0
74230,Pablo Sarabia,Wolves,33.0,Right Winger,7000.0,Spain,1.74,None,left,2025.0
517894,Matheus Cunha,Wolves,25.0,Centre-Forward,55000.0,Brazil,1.83,Bertolucci Sports,right,2029.0
429983,Jørgen Strand Larsen,Wolves,25.0,Centre-Forward,27000.0,Norway,1.93,None,right,2025.0
292246,Hee-chan Hwang,Wolves,29.0,Centre-Forward,17000.0,"Korea, South",1.77,P&P Sport ...,right,2028.0
369567,Sasa Kalajdzic,Wolves,27.0,Centre-Forward,5000.0,Austria,2.0,None,right,2027.0
863741,Nathan Fraser,Wolves,20.0,Centre-Forward,600.0,Ireland,1.88,None,right,2028.0
130164,Jordan Pickford,Everton,31.0,Goalkeeper,20000.0,England,1.85,CAA Stellar,left,2027.0
329813,João Virgínia,Everton,25.0,Goalkeeper,800.0,Portugal,1.92,Gestifute,left,2025.0
33873,Asmir Begovic,Everton,37.0,Goalkeeper,300.0,Bosnia-Herzegovina,1.99,Refuel Performance ...,right,2025.0
661053,Jarrad Branthwaite,Everton,22.0,Centre-Back,50000.0,England,1.95,None,left,2027.0
173504,James Tarkowski,Everton,32.0,Centre-Back,10000.0,England,1.85,None,right,2026.0
118534,Michael Keane,Everton,32.0,Centre-Back,6000.0,England,1.88,None,right,2025.0
404842,Vitaliy Mykolenko,Everton,25.0,Left-Back,28000.0,Ukraine,1.8,ProStar,left,2026.0
424015,Nathan Patterson,Everton,23.0,Right-Back,15000.0,Scotland,1.89,None,right,2027.0
711544,Jake O'Brien,Everton,24.0,Right-Back,15000.0,Ireland,1.97,Unique Sports Group,right,2028.0
68390,Séamus Coleman,Everton,36.0,Right-Back,500.0,Ireland,1.77,None,right,2025.0
289592,Orel Mangala,Everton,27.0,Defensive Midfield,20000.0,Belgium,1.78,M-Soccermanagement,right,2025.0
505219,James Garner,Everton,24.0,Defensive Midfield,20000.0,England,1.82,None,right,2026.0
126665,Idrissa Gueye,Everton,35.0,Defensive Midfield,2000.0,Senegal,1.74,Roc Nation Sports,right,2025.0
748319,Carlos Alcaraz,Everton,22.0,Central Midfield,14000.0,Argentina,1.76,Rol Sports ...,right,2025.0
696589,Tim Iroegbunam,Everton,21.0,Central Midfield,10000.0,England,1.83,None,right,2027.0
127187,Abdoulaye Doucouré,Everton,32.0,Central Midfield,8000.0,Mali,1.83,None,right,2025.0
584769,Dwight McNeil,Everton,25.0,Left Winger,25000.0,England,1.83,Unique Sports Group,left,2027.0
513245,Jesper Lindstrøm,Everton,25.0,Right Winger,20000.0,Denmark,1.82,None,right,2025.0
417346,Jack Harrison,Everton,28.0,Right Winger,16000.0,England,1.75,None,left,2025.0
306024,Dominic Calvert-Lewin,Everton,28.0,Centre-Forward,20000.0,England,1.89,Wasserman,right,2025.0
595809,Beto,Everton,27.0,Centre-Forward,20000.0,Guinea-Bissau,1.94,None,right,2027.0
571743,Armando Broja,Everton,23.0,Centre-Forward,13000.0,Albania,1.91,None,right,2025.0
670688,Chermiti,Everton,20.0,Centre-Forward,9000.0,Portugal,1.92,CAA Stellar,right,2027.0
72476,Bernd Leno,Fulham,33.0,Goalkeeper,11000.0,Germany,1.9,None,right,2027.0
381469,Steven Benda,Fulham,26.0,Goalkeeper,1000.0,Germany,1.92,None,right,2026.0
260827,Joachim Andersen,Fulham,28.0,Centre-Back,32000.0,Denmark,1.92,SEG,right,2029.0
461883,Calvin Bassey,Fulham,25.0,Centre-Back,25000.0,Nigeria,1.85,Unique Sports Group,left,2027.0
272622,Issa Diop,Fulham,28.0,Centre-Back,16000.0,France,1.94,None,right,2027.0
494880,Jorge Cuenca,Fulham,25.0,Centre-Back,6000.0,Spain,1.9,InterStarDeporte,left,2028.0
349701,Antonee Robinson,Fulham,27.0,Left-Back,35000.0,United States,1.83,Wasserman,left,2028.0
392775,Ryan Sessegnon,Fulham,25.0,Left-Back,9000.0,England,1.78,Unique Sports Group,left,2026.0
206746,Kenny Tete,Fulham,29.0,Right-Back,15000.0,Netherlands,1.8,HCM Sports ...,right,2025.0
262226,Timothy Castagne,Fulham,29.0,Right-Back,15000.0,Belgium,1.85,None,right,2027.0
333014,Sander Berge,Fulham,27.0,Defensive Midfield,25000.0,Norway,1.95,Keypass AS,right,2029.0
245056,Saša Lukić,Fulham,28.0,Central Midfield,10000.0,Serbia,1.82,None,right,2027.0
226973,Harrison Reed,Fulham,30.0,Central Midfield,7000.0,England,1.81,Unique Sports Group,right,2027.0
123275,Tom Cairney,Fulham,34.0,Central Midfield,2000.0,Scotland,1.85,Unique Sports Group,left,2025.0
1011131,Josh King,Fulham,18.0,Central Midfield,1000.0,England,1.73,None,"
                            Jul 1, 2024                        ",None
392765,Emile Smith Rowe,Fulham,24.0,Attacking Midfield,32000.0,England,1.82,None,right,2029.0
242631,Alex Iwobi,Fulham,29.0,Attacking Midfield,25000.0,Nigeria,1.83,None,right,2028.0
203394,Andreas Pereira,Fulham,29.0,Attacking Midfield,20000.0,Brazil,1.78,Bertolucci Sports,right,2026.0
52769,Willian,Fulham,36.0,Left Winger,1000.0,Brazil,1.75,None,right,2025.0
992686,Martial Godo,Fulham,22.0,Left Winger,600.0,England,1.69,None,"
                            Jan 1, 2025                        ",2028.0
340325,Reiss Nelson,Fulham,25.0,Right Winger,18000.0,England,1.75,None,right,2025.0
279455,Harry Wilson,Fulham,28.0,Right Winger,17000.0,Wales,1.73,Unique Sports Group,left,2026.0
204103,Adama Traoré,Fulham,29.0,Right Winger,10000.0,Spain,1.78,AS1,right,2026.0
735571,Rodrigo Muniz,Fulham,24.0,Centre-Forward,20000.0,Brazil,1.86,None,right,2026.0
206040,Raúl Jiménez,Fulham,34.0,Centre-Forward,5000.0,Mexico,1.87,None,right,2026.0
525287,Carlos Vinícius,Fulham,30.0,Centre-Forward,4000.0,Brazil,1.9,None,left,2025.0
371021,Arijanet Muric,Ipswich,26.0,Goalkeeper,6000.0,Kosovo,1.98,WINS,right,2028.0
208379,Christian Walton,Ipswich,29.0,Goalkeeper,1500.0,England,1.95,Refuel Performance ...,left,2026.0
245625,Alex Palmer,Ipswich,28.0,Goalkeeper,1200.0,England,1.91,None,right,2028.0
693095,Jacob Greaves,Ipswich,24.0,Centre-Back,20000.0,England,1.93,CAA Stellar,left,2029.0
401320,Dara O'Shea,Ipswich,26.0,Centre-Back,14000.0,Ireland,1.89,Unique Sports Group,right,2029.0
343475,Ben Godfrey,Ipswich,27.0,Centre-Back,8000.0,England,1.84,None,right,2025.0
255788,Cameron Burgess,Ipswich,29.0,Centre-Back,2500.0,Australia,1.94,None,left,2025.0
527425,Luke Woolfenden,Ipswich,26.0,Centre-Back,2000.0,England,1.93,Refuel Performance ...,right,2027.0
596446,Leif Davis,Ipswich,25.0,Left-Back,25000.0,England,1.82,Two Touch Agency,left,2028.0
146509,Conor Townsend,Ipswich,32.0,Left-Back,1200.0,England,1.83,None,left,2026.0
468002,Ben Johnson,Ipswich,25.0,Right-Back,9000.0,England,1.84,None,right,2028.0
342046,Axel Tuanzebe,Ipswich,27.0,Right-Back,5000.0,DR Congo,1.85,Unique Sports Group,right,2025.0
351749,Kalvin Phillips,Ipswich,29.0,Defensive Midfield,15000.0,England,1.79,CAA Stellar,right,2025.0
468066,Jens Cajuste,Ipswich,25.0,Defensive Midfield,12000.0,Sweden,1.88,None,right,2025.0
458178,Jack Taylor,Ipswich,26.0,Central Midfield,3000.0,Ireland,1.85,Unique Sports Group,right,2026.0
123551,Sam Morsy,Ipswich,33.0,Central Midfield,900.0,Egypt,1.75,None,right,2026.0
181687,Massimo Luongo,Ipswich,32.0,Central Midfield,500.0,Australia,1.76,None,right,2025.0
660867,Julio Enciso,Ipswich,21.0,Attacking Midfield,22000.0,Paraguay,1.73,None,right,2025.0
741238,Omari Hutchinson,Ipswich,21.0,Attacking Midfield,22000.0,England,1.74,None,left,2029.0
292139,Sammie Szmodics,Ipswich,29.0,Attacking Midfield,12000.0,Ireland,1.68,None,right,2028.0
665390,Jaden Philogene,Ipswich,23.0,Left Winger,18000.0,England,1.81,None,right,2029.0
559794,Jack Clarke,Ipswich,24.0,Left Winger,15000.0,England,1.81,SMI Sports ...,right,2029.0
344009,Nathan Broadhead,Ipswich,27.0,Left Winger,5000.0,Wales,1.78,None,right,2026.0
392591,Chiedozie Ogbene,Ipswich,28.0,Right Winger,8000.0,Ireland,1.81,None,right,2028.0
255731,Wes Burns,Ipswich,30.0,Right Winger,2500.0,Wales,1.73,CAA Stellar,right,2026.0
349503,Conor Chaplin,Ipswich,28.0,Second Striker,8000.0,England,1.68,CAA Stellar,left,2026.0
610849,Liam Delap,Ipswich,22.0,Centre-Forward,35000.0,England,1.86,CAA Stellar,right,2029.0
420808,George Hirst,Ipswich,26.0,Centre-Forward,5000.0,Scotland,1.91,Footwork,right,2027.0
427568,Aaron Ramsdale,Southampton,27.0,Goalkeeper,16000.0,England,1.9,None,right,2028.0
585550,Gavin Bazunu,Southampton,23.0,Goalkeeper,11000.0,Ireland,1.88,None,right,2027.0
336367,Joe Lumley,Southampton,30.0,Goalkeeper,600.0,England,1.9,Unique Sports Group,right,2025.0
95976,Alex McCarthy,Southampton,35.0,Goalkeeper,500.0,England,1.93,None,right,2026.0
503977,Taylor Harwood-Bellis,Southampton,23.0,Centre-Back,25000.0,England,1.88,Unique Sports Group,right,2028.0
467563,Armel Bella-Kotchap,Southampton,23.0,Centre-Back,12000.0,Germany,1.9,None,right,2026.0
243028,Jan Bednarek,Southampton,29.0,Centre-Back,11000.0,Poland,1.89,Fabryka Futbolu,right,2027.0
503990,Nathan Wood,Southampton,22.0,Centre-Back,3800.0,England,1.88,None,right,2028.0
163744,Jack Stephens,Southampton,31.0,Centre-Back,2000.0,England,1.85,CAA Stellar,right,2025.0
986298,Joachim Kayi Sanda,Southampton,18.0,Centre-Back,1500.0,France,1.86,None,right,2029.0
262300,Ryan Manning,Southampton,28.0,Left-Back,3500.0,Ireland,1.73,Wasserman,left,2027.0
729264,Welington,Southampton,24.0,Left-Back,3500.0,Brazil,1.7,None,left,None
195633,Charlie Taylor,Southampton,31.0,Left-Back,2800.0,England,1.83,None,left,2026.0
341051,Kyle Walker-Peters,Southampton,28.0,Right-Back,18000.0,England,1.73,None,right,2025.0
405385,Yukinari Sugawara,Southampton,24.0,Right-Back,12000.0,Japan,1.79,Sports360 GmbH,right,2028.0
324223,James Bree,Southampton,27.0,Right-Back,2500.0,England,1.78,Wasserman,right,2026.0
711999,Lesley Ugochukwu,Southampton,21.0,Defensive Midfield,20000.0,France,1.9,Wasserman,right,2025.0
506189,Flynn Downes,Southampton,26.0,Defensive Midfield,15000.0,England,1.78,Wasserman,right,2028.0
880245,Mateus Fernandes,Southampton,20.0,Central Midfield,15000.0,Portugal,1.78,Gestifute,right,2029.0
468198,Joe Aribo,Southampton,28.0,Central Midfield,6000.0,Nigeria,1.83,None,left,2026.0
503866,Albert Grønbæk,Southampton,23.0,Attacking Midfield,12000.0,Denmark,1.81,Nine Group,right,2025.0
43530,Adam Lallana,Southampton,37.0,Attacking Midfield,900.0,England,1.72,CAA Stellar,both,2025.0
746695,Kamaldeen Sulemana,Southampton,23.0,Left Winger,13000.0,Ghana,1.75,None,right,2027.0
146795,Ryan Fraser,Southampton,31.0,Left Winger,3000.0,Scotland,1.63,Wasserman,right,2026.0
866655,Tyler Dibling,Southampton,19.0,Right Winger,25000.0,England,1.78,ROOF,left,2027.0
533662,Cameron Archer,Southampton,23.0,Centre-Forward,14000.0,England,1.75,Unique Sports Group,right,2028.0
272855,Paul Onuachu,Southampton,30.0,Centre-Forward,8000.0,Nigeria,2.01,None,right,2026.0
447995,Ross Stewart,Southampton,28.0,Centre-Forward,4500.0,Scotland,1.88,None,right,2026.0
400536,Mads Hermansen,Leicester,24.0,Goalkeeper,15000.0,Denmark,1.87,None,right,2028.0
260841,Daniel Iversen,Leicester,27.0,Goalkeeper,3000.0,Denmark,1.93,None,right,2025.0
203026,Danny Ward,Leicester,31.0,Goalkeeper,1500.0,Wales,1.91,CAA Stellar,right,2025.0
486144,Jakub Stolarczyk,Leicester,24.0,Goalkeeper,400.0,Poland,1.94,Two Touch Agency,right,2026.0
292808,Wout Faes,Leicester,27.0,Centre-Back,20000.0,Belgium,1.87,None,right,2027.0
461833,Caleb Okoli,Leicester,23.0,Centre-Back,12000.0,Italy,1.91,None,right,2029.0
298091,Harry Souttar,Leicester,26.0,Centre-Back,8000.0,Australia,1.98,None,right,2028.0
128901,Conor Coady,Leicester,32.0,Centre-Back,3000.0,England,1.85,None,right,2026.0
99331,Jannik Vestergaard,Leicester,32.0,Centre-Back,3000.0,Denmark,1.99,Unique Sports Group,both,2027.0
564529,Victor Kristiansen,Leicester,22.0,Left-Back,16000.0,Denmark,1.81,BTAM,left,2028.0
505194,Luke Thomas,Leicester,23.0,Left-Back,6000.0,England,1.81,Wasserman,left,2026.0
413220,James Justin,Leicester,27.0,Right-Back,15000.0,England,1.83,CAA Stellar,both,2026.0
215876,Ricardo Pereira,Leicester,31.0,Right-Back,5000.0,Portugal,1.75,Gestifute,right,2026.0
592975,Woyo Coulibaly,Leicester,25.0,Right-Back,2000.0,France,1.82,None,both,2029.0
274839,Wilfred Ndidi,Leicester,28.0,Defensive Midfield,18000.0,Nigeria,1.83,HCM Sports ...,right,2027.0
344605,Boubakary Soumaré,Leicester,26.0,Defensive Midfield,14000.0,France,1.88,None,right,2026.0
406638,Oliver Skipp,Leicester,24.0,Defensive Midfield,12000.0,England,1.75,ARETÉ,right,2029.0
249126,Harry Winks,Leicester,29.0,Defensive Midfield,10000.0,England,1.78,CAA Stellar,right,2026.0
936842,Michael Golding,Leicester,18.0,Central Midfield,2000.0,England,1.8,Unique Sports Group,right,2028.0
654982,Bilal El Khannouss,Leicester,21.0,Attacking Midfield,30000.0,Morocco,1.8,None,right,2028.0
983989,Facundo Buonanotte,Leicester,20.0,Attacking Midfield,22000.0,Argentina,1.74,CAA Stellar,left,2025.0
340328,Stephy Mavididi,Leicester,26.0,Left Winger,11000.0,England,1.82,None,right,2028.0
864121,Issahaku Fatawu,Leicester,21.0,Right Winger,13000.0,Ghana,1.77,PINTEX SPORTS AGENCY,left,2029.0
186186,Bobby De Cordova-Reid,Leicester,32.0,Right Winger,4000.0,Jamaica,1.7,None,right,2027.0
108354,Jordan Ayew,Leicester,33.0,Right Winger,3500.0,Ghana,1.82,Wasserman,right,2026.0
621193,Kasey McAteer,Leicester,23.0,Right Winger,900.0,Ireland,1.77,Two Touch Agency,right,2028.0
365172,Patson Daka,Leicester,26.0,Centre-Forward,12000.0,Zambia,1.83,Wasserman,right,2026.0
344152,Odsonne Edouard,Leicester,27.0,Centre-Forward,10000.0,France,1.87,None,right,2025.0
197838,Jamie Vardy,Leicester,38.0,Centre-Forward,1000.0,England,1.79,Wasserman,right,2025.0
566799,James Trafford,Burnley,22.0,Goalkeeper,20000.0,England,1.92,CAA Stellar,right,2027.0
696849,Etienne Green,Burnley,24.0,Goalkeeper,700.0,England,1.91,None,right,2027.0
95795,Vaclav Hladky,Burnley,34.0,Goalkeeper,350.0,Czech Republic,1.92,None,right,2026.0
842341,Maxime Estève,Burnley,22.0,Centre-Back,18000.0,France,1.93,None,left,2029.0
581669,CJ Egan-Riley,Burnley,22.0,Centre-Back,14000.0,England,1.85,None,right,2025.0
403898,Jordan Beyer,Burnley,25.0,Centre-Back,8000.0,Germany,1.87,Robert Schneider,right,2027.0
415970,Joe Worrall,Burnley,28.0,Centre-Back,5500.0,England,1.9,None,right,2028.0
612517,Bashir Humphreys,Burnley,22.0,Left-Back,6500.0,England,1.86,Unique Sports Group,left,2025.0
927768,Lucas Pires,Burnley,24.0,Left-Back,4000.0,Brazil,1.82,Roc Nation Sports,left,2028.0
214666,Connor Roberts,Burnley,29.0,Right-Back,4500.0,Wales,1.75,OmniSports,right,2027.0
541628,Oliver Sonne,Burnley,24.0,Right-Back,3000.0,Peru,1.84,Nine Group,right,2029.0
412937,Shurandy Sambo,Burnley,23.0,Right-Back,2000.0,Netherlands,1.74,None,right,2028.0
293569,Josh Brownhill,Burnley,29.0,Central Midfield,13000.0,England,1.79,None,right,2025.0
242606,Josh Cullen,Burnley,29.0,Central Midfield,6500.0,Ireland,1.75,CAA Stellar,right,2027.0
314241,Josh Laurent,Burnley,30.0,Central Midfield,1800.0,England,1.88,None,right,2026.0
71292,Jonjo Shelvey,Burnley,33.0,Central Midfield,1300.0,England,1.84,CAA Stellar,right,2025.0
646658,Aaron Ramsey,Burnley,22.0,Attacking Midfield,10000.0,England,1.81,Unique Sports Group,right,2028.0
607224,Hannibal,Burnley,22.0,Attacking Midfield,9000.0,Tunisia,1.83,ROGON,"
                    Midfield - Attacking Midfield                ",2028.0
411537,Zian Flemming,Burnley,26.0,Attacking Midfield,4000.0,Netherlands,1.85,Wasserman,right,2025.0
381963,Mike Trésor,Burnley,25.0,Left Winger,8000.0,Belgium,1.72,None,right,2028.0
568005,Jeremy Sarmiento,Burnley,22.0,Left Winger,7000.0,Ecuador,1.78,None,right,2025.0
684210,Jaidon Anthony,Burnley,25.0,Left Winger,5500.0,England,1.83,None,right,2025.0
706889,Jaydon Banel,Burnley,20.0,Left Winger,1000.0,Netherlands,1.73,More Than Goals,right,2029.0
314367,Marcus Edwards,Burnley,26.0,Right Winger,15000.0,England,1.68,Wasserman,left,2025.0
745461,Luca Koleosho,Burnley,20.0,Right Winger,12000.0,Italy,1.75,CAA Stellar,right,2029.0
322702,Benson Manuel,Burnley,28.0,Right Winger,4500.0,Angola,1.66,Youonegoal,left,2027.0
129078,Nathan Redmond,Burnley,31.0,Right Winger,2500.0,England,1.73,ARETÉ,right,2025.0
724041,Enock Agyei,Burnley,20.0,Right Winger,800.0,Belgium,1.72,CAA Stellar,"
                            Jul 1, 2024                        ",2027.0
467623,Lyle Foster,Burnley,24.0,Centre-Forward,7000.0,South Africa,1.85,CAA Stellar,right,2028.0
63200,Ashley Barnes,Burnley,35.0,Centre-Forward,350.0,England,1.85,None,right,2025.0
542586,Illan Meslier,Leeds,25.0,Goalkeeper,16000.0,France,1.97,None,left,2026.0
99397,Karl Darlow,Leeds,34.0,Goalkeeper,250.0,Wales,1.9,Unique Sports Group,right,2026.0
194386,Alex Cairns,Leeds,32.0,Goalkeeper,150.0,England,1.83,Refuel Performance ...,right,2026.0
392771,Ethan Ampadu,Leeds,24.0,Centre-Back,16000.0,Wales,1.82,None,right,2027.0
410708,Pascal Struijk,Leeds,25.0,Centre-Back,16000.0,Netherlands,1.9,Forza Sports Group,left,2027.0
297212,Joe Rodon,Leeds,27.0,Centre-Back,10000.0,Wales,1.93,CAA Stellar,right,2028.0
263361,Maximilian Wöber,Leeds,27.0,Centre-Back,8000.0,Austria,1.88,Forza Sports Group,left,2027.0
374139,Junior Firpo,Leeds,28.0,Left-Back,6500.0,Dominican Republic,1.84,YOU FIRST,left,2025.0
236953,Sam Byram,Leeds,31.0,Left-Back,1000.0,England,1.83,None,right,2025.0
465717,Jayden Bogle,Leeds,24.0,Right-Back,5500.0,England,1.78,CAA Stellar,right,2028.0
449597,Isaac Schmidt,Leeds,25.0,Right-Back,2200.0,Switzerland,1.72,SBE Management AG,right,2028.0
489359,Ao Tanaka,Leeds,26.0,Defensive Midfield,8000.0,Japan,1.8,None,right,2028.0
381753,Ilia Gruev,Leeds,25.0,Defensive Midfield,5000.0,Bulgaria,1.85,feel soccer GmbH,left,2027.0
93704,Josuha Guilavogui,Leeds,34.0,Defensive Midfield,400.0,France,1.88,None,right,2025.0
183293,Joe Rothwell,Leeds,30.0,Central Midfield,2000.0,England,1.85,None,right,2025.0
393323,Brenden Aaronson,Leeds,24.0,Attacking Midfield,14000.0,United States,1.77,Wasserman,right,2027.0
396638,Manor Solomon,Leeds,25.0,Left Winger,12000.0,Israel,1.7,None,right,2025.0
518644,Largie Ramazani,Leeds,24.0,Left Winger,7500.0,Belgium,1.68,None,right,2028.0
319301,Daniel James,Leeds,27.0,Right Winger,18000.0,Wales,1.71,CAA Stellar,right,2026.0
627626,Wilfried Gnonto,Leeds,21.0,Right Winger,18000.0,Italy,1.7,CAA Stellar,right,2028.0
369962,Joël Piroe,Leeds,25.0,Centre-Forward,16000.0,Netherlands,1.85,None,left,2027.0
183334,Patrick Bamford,Leeds,31.0,Centre-Forward,3500.0,England,1.85,CAA Stellar,left,2026.0
834742,Mateo Joseph,Leeds,21.0,Centre-Forward,3500.0,Spain,1.85,Wasserman,right,2028.0
475946,Anthony Patterson,Sunderland,25.0,Goalkeeper,12000.0,England,1.89,None,right,2028.0
696892,Blondy Nna Noukeu,Sunderland,23.0,Goalkeeper,150.0,Cameroon,1.95,None,right,2026.0
123536,Simon Moore,Sunderland,35.0,Goalkeeper,150.0,England,1.91,Wasserman,right,2026.0
480987,Chris Mepham,Sunderland,27.0,Centre-Back,6000.0,Wales,1.9,Unique Sports Group,right,2026.0
503686,Daniel Ballard,Sunderland,25.0,Centre-Back,4000.0,Northern Ireland,1.87,General Sports ...,right,2028.0
617755,Jenson Seelt,Sunderland,21.0,Centre-Back,2000.0,Netherlands,1.92,Key United,right,2028.0
502065,Aji Alese,Sunderland,24.0,Centre-Back,1000.0,England,1.92,Unique Sports Group,left,2027.0
568006,Dennis Cirkin,Sunderland,23.0,Left-Back,6000.0,England,1.82,Wasserman,left,2026.0
661208,Leo Fuhr Hjelde,Sunderland,21.0,Left-Back,1500.0,Norway,1.9,CAA Stellar,left,2028.0
515544,Trai Hume,Sunderland,23.0,Right-Back,10000.0,Northern Ireland,1.8,None,right,2027.0
559801,Niall Huggins,Sunderland,24.0,Right-Back,800.0,Wales,1.73,SMI Sports ...,right,2026.0
688707,Salis Abdul Samed,Sunderland,25.0,Defensive Midfield,5500.0,Ghana,1.79,Supernova Management,right,2025.0
796297,Jobe Bellingham,Sunderland,19.0,Central Midfield,22000.0,England,1.91,None,right,2028.0
633992,Enzo Le Fée,Sunderland,25.0,Central Midfield,18000.0,France,1.73,None,right,2025.0
570336,Dan Neil,Sunderland,23.0,Central Midfield,6500.0,England,1.85,Wasserman,left,2026.0
277697,Alan Browne,Sunderland,30.0,Central Midfield,2800.0,Ireland,1.79,None,right,2027.0
942738,Milan Aleksic,Sunderland,19.0,Central Midfield,700.0,Serbia,1.79,WINS,right,2028.0
947411,Chris Rigg,Sunderland,17.0,Attacking Midfield,16000.0,England,1.77,None,left,2027.0
933018,Tom Watson,Sunderland,19.0,Left Winger,500.0,England,1.9,Unique Sports Group,right,2026.0
225452,Patrick Roberts,Sunderland,28.0,Right Winger,3500.0,England,1.67,None,left,2026.0
392763,Ian Poveda,Sunderland,25.0,Right Winger,900.0,Colombia,1.67,None,left,2027.0
494237,Wilson Isidor,Sunderland,24.0,Centre-Forward,9000.0,France,1.86,None,right,2028.0
967346,Eliezer Mayenda,Sunderland,20.0,Centre-Forward,4000.0,Spain,1.8,SBE Management AG,left,2028.0
939290,Jayden Danns,Sunderland,19.0,Centre-Forward,800.0,England,1.83,None,right,2025.0
533078,Michael Cooper,Sheff Utd,25.0,Goalkeeper,7000.0,England,1.86,Unique Sports Group,right,None
121254,Adam Davies,Sheff Utd,32.0,Goalkeeper,400.0,Wales,1.85,Refuel Performance ...,right,2026.0
253341,Rob Holding,Sheff Utd,29.0,Centre-Back,4000.0,England,1.89,CAA Stellar,right,2025.0
128909,Jack Robinson,Sheff Utd,31.0,Centre-Back,800.0,England,1.8,Unique Sports Group,left,2025.0
533980,Harrison Burrows,Sheff Utd,23.0,Left-Back,10000.0,England,1.8,None,left,2028.0
543164,Rhys Norrington-Davies,Sheff Utd,26.0,Left-Back,2500.0,Wales,1.81,None,left,2027.0
618901,Sam McCallum,Sheff Utd,24.0,Left-Back,1200.0,England,1.77,Wasserman,left,2028.0
790992,Alfie Gilchrist,Sheff Utd,21.0,Right-Back,8000.0,England,1.83,None,right,2025.0
528892,Harry Clarke,Sheff Utd,24.0,Right-Back,5000.0,England,1.8,CAA Stellar,right,2025.0
534700,Jamie Shackleton,Sheff Utd,25.0,Right-Back,1500.0,England,1.68,None,right,2027.0
638649,Femi Seriki,Sheff Utd,23.0,Right-Back,300.0,England,1.83,None,right,2027.0
663581,Vini Souza,Sheff Utd,25.0,Defensive Midfield,14000.0,Brazil,1.87,Bertolucci Sports,right,2027.0
341501,Hamza Choudhury,Sheff Utd,27.0,Defensive Midfield,4500.0,Bangladesh,1.78,Wasserman,right,2025.0
322985,Gustavo Hamer,Sheff Utd,27.0,Central Midfield,15000.0,Netherlands,1.69,CAA Stellar,right,2027.0
314210,Tom Davies,Sheff Utd,26.0,Central Midfield,4500.0,England,1.8,None,right,2026.0
746739,Andre Brooks,Sheff Utd,21.0,Central Midfield,2500.0,England,1.8,None,left,2027.0
874066,Oliver Arblaster,Sheff Utd,21.0,Central Midfield,1200.0,England,1.8,YMU Management Ltd.,right,2028.0
745851,Sydie Peck,Sheff Utd,20.0,Central Midfield,200.0,England,1.73,None,"
                            Jul 1, 2024                        ",2028.0
371262,Callum O'Hare,Sheff Utd,27.0,Attacking Midfield,2800.0,England,1.73,Wasserman,right,2028.0
832216,Jefferson Cáceres,Sheff Utd,22.0,Left Winger,1000.0,Peru,1.7,CAA Stellar,right,2027.0
1239794,Christian Nwachukwu,Sheff Utd,19.0,Left Winger,800.0,Nigeria,1.69,None,"
                            Feb 3, 2025                        ",2027.0
586834,Jesurun Rak-Sakyi,Sheff Utd,22.0,Right Winger,3000.0,England,1.78,Seven Sports ...,left,2025.0
669366,Tom Cannon,Sheff Utd,22.0,Centre-Forward,10000.0,Ireland,1.8,None,right,2029.0
426192,Ben Brereton Díaz,Sheff Utd,26.0,Centre-Forward,8000.0,Chile,1.85,Wasserman,right,2025.0
382554,Tyrese Campbell,Sheff Utd,25.0,Centre-Forward,4000.0,England,1.85,None,left,2027.0
406560,Rhian Brewster,Sheff Utd,25.0,Centre-Forward,3000.0,England,1.8,ROOF,right,2025.0
275590,Kieffer Moore,Sheff Utd,32.0,Centre-Forward,1200.0,Wales,1.96,Unique Sports Group,right,2027.0
1031293,Ryan Oné,Sheff Utd,18.0,Centre-Forward,200.0,Scotland,1.88,None,left,2029.0
201574,Angus Gunn,Norwich,29.0,Goalkeeper,2500.0,Scotland,1.96,None,right,2025.0
151334,George Long,Norwich,31.0,Goalkeeper,400.0,England,1.93,Wasserman,"
                            Aug 17, 2023                        ",2027.0
662744,Vicente Reyes,Norwich,21.0,Goalkeeper,350.0,Chile,1.96,None,right,2027.0
504042,Daniel Barden,Norwich,24.0,Goalkeeper,150.0,Wales,1.95,None,"
                            Jul 1, 2020                        ",2026.0
817688,Callum Doyle,Norwich,21.0,Centre-Back,15000.0,England,1.9,None,left,2025.0
698415,José Córdoba,Norwich,23.0,Centre-Back,4800.0,Panama,1.85,None,left,2028.0
119269,Shane Duffy,Norwich,33.0,Centre-Back,800.0,Ireland,1.93,None,right,2026.0
670846,Ben Chrisene,Norwich,21.0,Left-Back,1500.0,England,1.83,ARETÉ,left,2028.0
249356,Jack Stacey,Norwich,29.0,Right-Back,2800.0,England,1.8,Unique Sports Group,right,2026.0
855298,Kellen Fisher,Norwich,21.0,Right-Back,800.0,England,1.82,None,right,2028.0
390664,Jacob Lungi Sørensen,Norwich,27.0,Defensive Midfield,1000.0,Denmark,1.84,Elite Consulting,right,2025.0
983702,Jacob Wright,Norwich,19.0,Defensive Midfield,800.0,England,1.78,Roc Nation Sports,right,2025.0
715558,Marcelino Núñez,Norwich,25.0,Central Midfield,5000.0,Chile,1.73,Vibra Futbol,right,2026.0
650944,Amankwah Forson,Norwich,22.0,Central Midfield,4500.0,Ghana,1.73,HAGMAYR ...,left,2028.0
546712,Anis Slimane,Norwich,24.0,Central Midfield,2500.0,Tunisia,1.88,None,both,2028.0
724785,Liam Gibbs,Norwich,22.0,Central Midfield,2200.0,England,1.78,None,right,2028.0
126600,Kenny McLean,Norwich,33.0,Central Midfield,800.0,Scotland,1.8,None,left,2026.0
948932,Gabe Forsyth,Norwich,18.0,Central Midfield,100.0,Scotland,1.84,Unique Sports Group,left,2028.0
800925,Oscar Schwartau,Norwich,19.0,Attacking Midfield,2200.0,Denmark,1.86,BTAM,right,2028.0
634461,Borja Sainz,Norwich,24.0,Left Winger,12000.0,Spain,1.74,Wasserman,right,2026.0
627248,Lewis Dobbin,Norwich,22.0,Left Winger,2500.0,England,1.75,None,right,2025.0
109751,Onel Hernández,Norwich,32.0,Left Winger,700.0,Cuba,1.72,LIEBERAM.GROUP,right,2025.0
726714,Matej Jurasek,Norwich,21.0,Right Winger,7000.0,Czech Republic,1.81,None,left,2030.0
570864,Tony Springett,Norwich,22.0,Right Winger,500.0,Ireland,1.74,None,left,2026.0
393325,Josh Sargent,Norwich,25.0,Centre-Forward,15000.0,United States,1.85,Wasserman,right,2028.0
580635,Ante Crnac,Norwich,21.0,Centre-Forward,8000.0,Croatia,1.9,Love Players,left,2028.0
77757,Thomas Kaminski,Luton,32.0,Goalkeeper,2500.0,Belgium,1.9,TEAM KAMINSKI,"
                            Aug 3, 2023                        ",None
91340,James Shea,Luton,33.0,Goalkeeper,175.0,England,1.85,None,"
                            Jul 3, 2017                        ",2025.0
561454,Mark McGuinness,Luton,24.0,Centre-Back,9000.0,Ireland,1.94,Unique Sports Group,right,None
548470,Teden Mengi,Luton,23.0,Centre-Back,8000.0,England,1.86,CAA Stellar,right,None
407021,Mads Andersen,Luton,27.0,Centre-Back,3000.0,Denmark,1.94,BTAM,right,None
264220,Reece Burke,Luton,28.0,Centre-Back,1800.0,England,1.89,CAA Stellar,right,None
207742,Tom Lockyer,Luton,30.0,Centre-Back,1500.0,Wales,1.85,Wasserman,right,None
1113528,Christ Makosso,Luton,21.0,Centre-Back,800.0,Congo,1.92,None,right,2029.0
61011,Kal Naismith,Luton,33.0,Centre-Back,600.0,Scotland,1.86,SMI Sports ...,right,2025.0
278166,Amari'i Bell,Luton,31.0,Left-Back,2200.0,Jamaica,1.8,Wasserman,left,None
1088818,Joe Johnson,Luton,19.0,Left-Back,300.0,England,1.8,Unique Sports Group,left,None
878160,Reuell Walters,Luton,20.0,Right-Back,4000.0,England,1.86,None,right,None
387191,Daiki Hashioka,Luton,26.0,Right-Back,2000.0,Japan,1.84,CAA Stellar,right,None
324882,Marvelous Nakamba,Luton,31.0,Defensive Midfield,4000.0,Zimbabwe,1.77,CAA Stellar,left,2026.0
1126888,Lamine Fanne,Luton,21.0,Defensive Midfield,4000.0,Spain,1.85,None,right,2029.0
533916,Shandon Baptiste,Luton,27.0,Central Midfield,2500.0,Grenada,1.8,None,right,None
184129,Jordan Clark,Luton,31.0,Central Midfield,800.0,England,1.83,None,right,None
314998,Liam Walsh,Luton,27.0,Central Midfield,500.0,England,1.68,Wasserman,right,2026.0
608175,Alfie Doughty,Luton,25.0,Left Midfield,8000.0,England,1.83,Refuel Performance ...,left,None
647384,Thelo Aasgaard,Luton,23.0,Attacking Midfield,2000.0,Norway,1.88,CAA Stellar,right,None
344830,Tahith Chong,Luton,25.0,Right Winger,6000.0,Netherlands,1.85,None,left,None
696631,Isaiah Jones,Luton,25.0,Right Winger,5000.0,Guyana,1.76,Seven Sports ...,right,None
506470,Josh Bowler,Luton,26.0,Right Winger,1200.0,England,1.84,None,left,2025.0
59866,Victor Moses,Luton,34.0,Right Winger,800.0,Nigeria,1.77,ROOF,right,2025.0
246963,Carlton Morris,Luton,29.0,Centre-Forward,8000.0,England,1.85,CAA Stellar,right,None
319900,Elijah Adebayo,Luton,27.0,Centre-Forward,8000.0,England,1.93,CAA Stellar,"
                            Feb 1, 2021                        ",None
469958,Jacob Brown,Luton,27.0,Centre-Forward,3500.0,Scotland,1.78,None,right,2027.0
781270,Lasse Nordås,Luton,23.0,Centre-Forward,2500.0,Norway,1.94,Tempo Sports Group,left,None
916542,Millenic Alli,Luton,25.0,Centre-Forward,1000.0,Ireland,1.76,None,right,None
527329,Oliver Dovin,Coventry,22.0,Goalkeeper,2500.0,Sweden,1.88,CAA Stellar,right,2028.0
258914,Brad Collins,Coventry,28.0,Goalkeeper,1200.0,England,1.84,None,right,2026.0
121352,Ben Wilson,Coventry,32.0,Goalkeeper,700.0,England,1.86,Wasserman,right,2027.0
547040,Cian Tyler,Coventry,23.0,Goalkeeper,50.0,Wales,1.88,None,"
                            Jul 1, 2023                        ",2025.0
534701,Liam Kitching,Coventry,25.0,Centre-Back,3800.0,England,1.86,None,left,2027.0
412823,Joel Latibeaudiere,Coventry,25.0,Centre-Back,3000.0,Jamaica,1.8,Wasserman,right,2027.0
788283,Bobby Thomas,Coventry,24.0,Centre-Back,2500.0,England,1.86,None,right,2027.0
471004,Luis Binks,Coventry,23.0,Centre-Back,2200.0,England,1.9,Darren Dein,left,2028.0
258915,Jay Dasilva,Coventry,27.0,Left-Back,2200.0,Wales,1.7,Darren Dein,left,2027.0
121250,Jake Bidwell,Coventry,32.0,Left-Back,1200.0,England,1.83,Wasserman,left,2027.0
587335,Milan van Ewijk,Coventry,24.0,Right-Back,9000.0,Netherlands,1.75,None,right,2027.0
314384,Ben Sheaf,Coventry,27.0,Defensive Midfield,7000.0,England,1.85,None,right,2026.0
265471,Matt Grimes,Coventry,29.0,Defensive Midfield,6000.0,England,1.78,CAA Stellar,left,2028.0
662476,Jack Rudoni,Coventry,23.0,Central Midfield,8000.0,England,1.85,Unique Sports Group,left,2028.0
618903,Josh Eccles,Coventry,25.0,Central Midfield,7000.0,England,1.81,Quantum Sport,right,2028.0
403692,Victor Torp,Coventry,25.0,Central Midfield,2000.0,Denmark,1.78,BTAM,right,2028.0
257727,Jamie Allen,Coventry,30.0,Central Midfield,800.0,England,1.8,Unique Sports Group,right,2025.0
920790,Ryan Howley,Coventry,21.0,Central Midfield,125.0,Wales,1.87,None,right,2025.0
617408,Tatsuhiro Sakamoto,Coventry,28.0,Right Midfield,2500.0,Japan,1.7,UDN SPORTS,left,2026.0
630076,Jack Burroughs,Coventry,24.0,Right Midfield,375.0,Scotland,1.88,None,right,2025.0
156886,Jamie Paterson,Coventry,33.0,Attacking Midfield,400.0,England,1.75,Unique Sports Group,right,2025.0
466637,Ephron Mason-Clark,Coventry,25.0,Left Winger,4500.0,England,1.78,None,right,2028.0
704398,Raphael Borges Rodrigues,Coventry,21.0,Left Winger,400.0,Australia,1.73,None,right,2028.0
315291,Haji Wright,Coventry,27.0,Centre-Forward,8500.0,United States,1.93,Quadrans,right,2027.0
511550,Ellis Simms,Coventry,24.0,Centre-Forward,6500.0,England,1.91,P&P Sport ...,right,2027.0
451747,Brandon Thomas-Asante,Coventry,26.0,Centre-Forward,3000.0,Ghana,1.82,None,right,2028.0
802997,Norman Bassette,Coventry,20.0,Centre-Forward,2000.0,Belgium,1.86,CAA Stellar,left,2028.0
565979,Josh Griffiths,West Brom,23.0,Goalkeeper,1000.0,England,1.97,Unique Sports Group,right,2027.0
319851,Joe Wildsmith,West Brom,29.0,Goalkeeper,500.0,England,1.89,None,right,2026.0
348623,Mason Holgate,West Brom,28.0,Centre-Back,4500.0,Jamaica,1.87,None,right,2025.0
251912,Semi Ajayi,West Brom,31.0,Centre-Back,1200.0,Nigeria,1.93,Wasserman,right,2025.0
464469,Torbjørn Heggem,West Brom,26.0,Centre-Back,1000.0,Norway,1.92,Nordic Sky,left,2027.0
67421,Kyle Bartley,West Brom,34.0,Centre-Back,300.0,England,1.94,CAA Stellar,right,2026.0
386755,Gianluca Frabotta,West Brom,25.0,Left-Back,1200.0,Italy,1.87,None,left,2027.0
351755,Darnell Furlong,West Brom,29.0,Right-Back,3000.0,England,1.83,None,right,2027.0
402007,Ousmane Diakité,West Brom,24.0,Defensive Midfield,700.0,Mali,1.89,MANagement,"
                            Jul 1, 2024                        ",2026.0
283514,Alex Mowatt,West Brom,30.0,Central Midfield,3500.0,England,1.77,None,left,2026.0
357656,Jayson Molumby,West Brom,25.0,Central Midfield,3000.0,Ireland,1.76,None,right,2028.0
197693,John Swift,West Brom,29.0,Central Midfield,3000.0,England,1.82,None,right,2025.0
612749,Isaac Price,West Brom,21.0,Central Midfield,3000.0,Northern Ireland,1.88,None,right,2029.0
626319,Tom Fellows,West Brom,21.0,Right Midfield,8000.0,England,1.83,Wasserman,right,2027.0
435062,Callum Styles,West Brom,25.0,Left Midfield,2500.0,Hungary,1.67,Wasserman,left,2028.0
297257,Mikey Johnston,West Brom,26.0,Left Winger,3000.0,Ireland,1.76,Wasserman,right,2028.0
342048,Grady Diangana,West Brom,27.0,Right Winger,3800.0,DR Congo,1.8,Unique Sports Group,left,2025.0
198358,Jed Wallace,West Brom,31.0,Right Winger,2800.0,England,1.78,None,right,2026.0
250426,Adam Armstrong,West Brom,28.0,Centre-Forward,14000.0,England,1.73,CAA Stellar,right,2025.0
453824,Josh Maja,West Brom,26.0,Centre-Forward,10000.0,Nigeria,1.81,None,right,2026.0
314183,Karlan Grant,West Brom,27.0,Centre-Forward,3800.0,England,1.83,CAA Stellar,right,2026.0
638741,Daryl Dike,West Brom,24.0,Centre-Forward,3200.0,United States,1.87,None,right,2026.0
879768,Will Lankshear,West Brom,20.0,Centre-Forward,3000.0,England,1.89,None,right,2025.0
186924,Devante Cole,West Brom,30.0,Centre-Forward,800.0,Jamaica,1.84,None,right,2026.0
801989,Tammer Bany,West Brom,21.0,Centre-Forward,250.0,Denmark,1.81,football scouting ...,"
                            Feb 3, 2025                        ",2028.0
371013,Ivor Pandur,Hull City,25.0,Goalkeeper,2000.0,Croatia,1.87,None,right,2027.0
655877,Thimothée Lo-Tutala,Hull City,22.0,Goalkeeper,350.0,France,1.91,Refuel Performance ...,right,2028.0
340990,Alfie Jones,Hull City,27.0,Centre-Back,4000.0,England,1.91,Wasserman,right,2026.0
746357,Charlie Hughes,Hull City,21.0,Centre-Back,3500.0,England,1.85,CAA Stellar,right,2028.0
121324,John Egan,Hull City,32.0,Centre-Back,1800.0,Ireland,1.85,None,right,2026.0
524210,Sean McLoughlin,Hull City,28.0,Centre-Back,1500.0,Ireland,1.91,None,left,2026.0
581681,Finley Burns,Hull City,21.0,Centre-Back,1000.0,England,1.96,Unique Sports Group,right,2025.0
729940,Matty Jacob,Hull City,23.0,Left-Back,100.0,England,1.8,None,left,2027.0
531957,Cody Drameh,Hull City,23.0,Right-Back,3000.0,England,1.81,None,right,2027.0
413402,Lewie Coyle,Hull City,29.0,Right-Back,1600.0,England,1.73,None,right,2026.0
893658,Óscar Zambrano,Hull City,21.0,Defensive Midfield,2800.0,Ecuador,1.76,AS1,"
                            Aug 16, 2024                        ",2025.0
476237,Steven Alzate,Hull City,26.0,Central Midfield,4000.0,Colombia,1.8,Wasserman,right,2026.0
936981,Gustavo Puerta,Hull City,21.0,Central Midfield,3500.0,Colombia,1.73,None,right,2028.0
473080,Regan Slater,Hull City,25.0,Central Midfield,3500.0,England,1.71,None,right,2026.0
535834,Eliot Matazo,Hull City,23.0,Central Midfield,3000.0,Belgium,1.7,SEG,right,2028.0
351738,Lincoln,Hull City,26.0,Attacking Midfield,4000.0,Brazil,1.78,Roc Nation Sports,left,2025.0
169416,Matt Crooks,Hull City,31.0,Attacking Midfield,1500.0,England,1.91,Wasserman,right,2027.0
258216,Kasey Palmer,Hull City,28.0,Attacking Midfield,1000.0,Jamaica,1.82,Unique Sports Group,right,2027.0
487417,Liam Millar,Hull City,25.0,Left Winger,3500.0,Canada,1.81,None,right,2027.0
370833,Doğukan Sinik,Hull City,26.0,Left Winger,2000.0,Türkiye,1.8,F-F SPORT,right,2025.0
581670,Louie Barry,Hull City,21.0,Left Winger,1800.0,England,1.74,None,right,2025.0
857079,Mohamed Belloumi,Hull City,22.0,Right Winger,5000.0,Algeria,1.77,None,left,2028.0
696764,Abu Kamara,Hull City,21.0,Right Winger,4000.0,England,1.83,OmniSports,left,2028.0
55619,Nordin Amrabat,Hull City,38.0,Right Winger,250.0,Morocco,1.79,MANGMT,right,2025.0
503980,Joe Gelhardt,Hull City,23.0,Centre-Forward,3500.0,England,1.79,None,left,2025.0
129129,João Pedro,Hull City,33.0,Centre-Forward,2500.0,Italy,1.84,None,right,2026.0
874080,Mason Burstow,Hull City,21.0,Centre-Forward,2000.0,England,1.87,None,right,2028.0
647395,Kyle Joseph,Hull City,23.0,Centre-Forward,600.0,Scotland,1.86,None,right,2028.0
273742,Viktor Johansson,Stoke City,26.0,Goalkeeper,7000.0,Sweden,1.87,A.M.A. Sports Agency,"
                            Jul 1, 2024                        ",2027.0
209291,Jack Bonham,Stoke City,31.0,Goalkeeper,400.0,Ireland,1.92,Refuel Performance ...,right,2026.0
57070,Frank Fielding,Stoke City,37.0,Goalkeeper,150.0,England,1.85,Refuel Performance ...,right,2026.0
467599,Ben Wilmot,Stoke City,25.0,Centre-Back,4800.0,England,1.88,General Sports ...,right,2026.0
859951,Ashley Phillips,Stoke City,19.0,Centre-Back,2200.0,England,1.96,Wasserman,right,2025.0
724540,Bosun Lawal,Stoke City,21.0,Centre-Back,1800.0,Ireland,1.9,None,right,2028.0
128904,Ben Gibson,Stoke City,32.0,Centre-Back,1000.0,England,1.85,SMI Sports ...,left,2027.0
154219,Michael Rose,Stoke City,29.0,Centre-Back,500.0,Scotland,1.88,None,right,2025.0
1011139,Jaden Dixon,Stoke U21,18.0,Centre-Back,300.0,England,1.88,None,"Jun 30, 2027",2027.0
576121,Josh Wilson-Esbrand,Stoke City,22.0,Left-Back,4000.0,England,1.76,ROOF,left,2025.0
740529,Eric-Junior Bocat,Stoke City,25.0,Left-Back,2200.0,France,1.84,None,left,2028.0
85706,Enda Stevens,Stoke City,34.0,Left-Back,250.0,Ireland,1.83,None,left,2025.0
851991,Junior Tchamadeu,Stoke City,21.0,Right-Back,800.0,Cameroon,1.8,Wasserman,right,2027.0
412953,Wouter Burger,Stoke City,24.0,Defensive Midfield,4500.0,Netherlands,1.91,SEG,left,2027.0
183302,Ben Pearson,Stoke City,30.0,Defensive Midfield,1800.0,England,1.76,Wasserman,right,2027.0
962019,Souleymane Sidibé,Stoke City,18.0,Central Midfield,1200.0,England,1.84,Premier Sports ...,right,2027.0
321169,Jordan Thompson,Stoke City,28.0,Central Midfield,900.0,Northern Ireland,1.8,None,left,2025.0
683269,Tatsuki Seko,Stoke City,27.0,Central Midfield,700.0,Japan,1.75,UDN SPORTS,right,2027.0
724537,Andrew Moran,Stoke City,21.0,Attacking Midfield,3000.0,Ireland,1.77,YMU Management Ltd.,right,2025.0
912081,Jun-ho Bae,Stoke City,21.0,Attacking Midfield,1500.0,"Korea, South",1.8,Route 1 Sports,right,2027.0
426624,André Vidigal,Stoke City,26.0,Left Winger,1500.0,Angola,1.76,None,right,2026.0
922462,Lewis Koumas,Stoke City,19.0,Left Winger,1500.0,Wales,1.82,CAA Stellar,right,2025.0
564449,Million Manhoef,Stoke City,23.0,Right Winger,3500.0,Netherlands,1.79,SeiSei Football,left,2027.0
307781,Lynden Gooch,Stoke City,29.0,Right Winger,1200.0,United States,1.73,Unique Sports Group,right,2025.0
610581,Ali Al-Hamadi,Stoke City,23.0,Centre-Forward,2500.0,Iraq,1.87,Wasserman,right,2025.0
249543,Ryan Mmaee,Stoke City,27.0,Centre-Forward,2000.0,Morocco,1.85,MMPIRE AGENCY,right,2026.0
227183,Sam Gallagher,Stoke City,29.0,Centre-Forward,1600.0,England,1.93,None,right,2027.0
812397,Emre Tezgel,Stoke City,19.0,Centre-Forward,500.0,England,1.82,CAA Stellar,right,2025.0
980417,Nathan Lowe,Stoke City,19.0,Centre-Forward,250.0,England,1.93,None,both,2028.0
354456,Aynsley Pears,Blackburn,27.0,Goalkeeper,1200.0,England,1.85,CAA Stellar,right,2027.0
400044,Balázs Tóth,Blackburn,27.0,Goalkeeper,900.0,Hungary,1.89,None,right,2027.0
364803,Scott Wharton,Blackburn,27.0,Centre-Back,2500.0,England,1.82,OmniSports,left,2027.0
503780,Hayden Carter,Blackburn,25.0,Centre-Back,2500.0,England,1.88,OmniSports,right,2027.0
495993,Dion Sanderson,Blackburn,25.0,Centre-Back,2500.0,England,1.88,None,right,2025.0
263268,Dominic Hyam,Blackburn,29.0,Centre-Back,2000.0,Scotland,1.88,None,right,2026.0
129049,Danny Batth,Blackburn,34.0,Centre-Back,250.0,England,1.91,None,right,2025.0
426412,Harry Pickering,Blackburn,26.0,Left-Back,4000.0,England,1.73,None,left,2027.0
551001,Owen Beck,Blackburn,22.0,Left-Back,1300.0,Wales,1.77,SEG,left,2025.0
258032,Yuri Ribeiro,Blackburn,28.0,Left-Back,1200.0,Portugal,1.78,None,left,2027.0
416368,Callum Brittain,Blackburn,27.0,Right-Back,2500.0,England,1.79,None,right,2026.0
411229,Joe Rankin-Costello,Blackburn,25.0,Right-Back,1500.0,England,1.83,None,right,2027.0
372802,Lewis Travis,Blackburn,27.0,Defensive Midfield,3500.0,England,1.83,SEG,right,2026.0
503781,John Buckley,Blackburn,25.0,Central Midfield,2200.0,England,1.73,SMI Sports ...,right,2027.0
210348,Sondre Tronstad,Blackburn,29.0,Central Midfield,1800.0,Norway,1.74,GOLDBAEK SPORT GmbH,right,2026.0
121257,Adam Forshaw,Blackburn,33.0,Central Midfield,300.0,England,1.75,Wasserman,right,2025.0
332341,Todd Cantwell,Blackburn,27.0,Attacking Midfield,3500.0,England,1.8,Players First,right,2027.0
49693,Andreas Weimann,Blackburn,33.0,Attacking Midfield,800.0,Austria,1.79,Wasserman,right,2025.0
647435,Tyrhys Dolan,Blackburn,23.0,Right Winger,6000.0,England,1.7,Wasserman,right,2025.0
878150,Amario Cozier-Duberry,Blackburn,19.0,Right Winger,2000.0,England,1.7,None,left,2025.0
326230,Ryan Hedges,Blackburn,29.0,Right Winger,1000.0,Wales,1.85,None,left,2026.0
606849,Makhtar Gueye,Blackburn,27.0,Centre-Forward,3000.0,Senegal,1.95,None,right,2027.0
448854,Emmanuel Dennis,Blackburn,27.0,Centre-Forward,3000.0,Nigeria,1.75,HCM Sports ...,right,2025.0
592116,Yuki Ohashi,Blackburn,28.0,Centre-Forward,1500.0,Japan,1.81,Athleteplus,right,2027.0
549791,Augustus Kargbo,Blackburn,25.0,Centre-Forward,1200.0,Sierra Leone,1.72,None,right,2027.0
672526,Harry Leonard,Blackburn,21.0,Centre-Forward,1000.0,England,1.84,CAA Stellar,"
                            Jul 1, 2023                        ",2027.0
169801,Cauley Woodrow,Blackburn,30.0,Centre-Forward,800.0,England,1.84,CAA Stellar,right,2025.0
189744,Paul Nardi,QPR,31.0,Goalkeeper,2000.0,France,1.88,None,right,None
690548,Joe Walsh,QPR,23.0,Goalkeeper,150.0,England,1.93,Refuel Performance ...,right,None
505040,Nathan Shepperd,QPR,24.0,Goalkeeper,100.0,Wales,1.87,None,"
                            Sep 13, 2024                        ",2025.0
732165,Ronnie Edwards,QPR,22.0,Centre-Back,3800.0,England,1.85,Two Touch Agency,right,2025.0
396174,Jimmy Dunne,QPR,27.0,Centre-Back,3500.0,Ireland,1.91,None,right,2025.0
316551,Jake Clarke-Salter,QPR,27.0,Centre-Back,1200.0,England,1.88,None,left,2026.0
90836,Steve Cook,QPR,34.0,Centre-Back,500.0,England,1.85,Unique Sports Group,right,2026.0
567114,Liam Morrison,QPR,22.0,Centre-Back,300.0,Scotland,1.83,None,right,None
1004737,Esquerdinha,QPR,19.0,Left-Back,3000.0,Brazil,1.83,Roc Nation Sports,left,None
247596,Kenneth Paal,QPR,27.0,Left-Back,2800.0,Suriname,1.74,PURE,left,2025.0
250277,Morgan Fox,QPR,31.0,Left-Back,500.0,Wales,1.85,None,left,2025.0
559130,Harrison Ashby,QPR,23.0,Right-Back,1200.0,Scotland,1.79,Wasserman,right,2025.0
387331,Sam Field,QPR,27.0,Defensive Midfield,3200.0,England,1.91,None,left,None
61644,Jack Colback,QPR,35.0,Defensive Midfield,200.0,England,1.77,Wasserman,left,2025.0
464599,Nicolas Madsen,QPR,25.0,Central Midfield,3500.0,Denmark,1.92,None,right,2029.0
812902,Jonathan Varane,QPR,23.0,Central Midfield,1200.0,Martinique,1.9,UTOPIA,right,2028.0
1047344,Kieran Morgan,QPR,19.0,Central Midfield,400.0,England,1.85,None,right,None
380473,Ilias Chair,QPR,27.0,Attacking Midfield,6000.0,Morocco,1.71,PANTHERA,right,None
581675,Harvey Vale,QPR,21.0,Attacking Midfield,1500.0,England,1.81,None,left,2028.0
466602,Karamoko Dembélé,QPR,22.0,Attacking Midfield,1000.0,England,1.67,None,left,None
148344,Lucas Andersen,QPR,30.0,Attacking Midfield,400.0,Denmark,1.84,None,right,2025.0
501743,Koki Saito,QPR,23.0,Left Winger,4000.0,Japan,1.7,None,right,2025.0
1104713,Daniel Bennie,QPR,19.0,Left Winger,250.0,Australia,1.81,None,both,None
1004327,Min-hyeok Yang,QPR,19.0,Right Winger,3500.0,"Korea, South",1.76,None,right,2025.0
408872,Paul Smyth,QPR,27.0,Right Winger,500.0,Northern Ireland,1.75,Sports Group Murdock,right,2026.0
340427,Zan Celar,QPR,26.0,Centre-Forward,4500.0,Slovenia,1.86,CAA Stellar,right,None
867699,Rayan Kolli,QPR,20.0,Centre-Forward,1500.0,Algeria,1.8,None,right,None
147043,Michael Frey,QPR,30.0,Centre-Forward,800.0,Switzerland,1.88,ONEANDTEN,right,2026.0
838926,Alfie Lloyd,QPR,22.0,Centre-Forward,300.0,England,1.8,None,right,None
128895,Jak Alnwick,Cardiff,31.0,Goalkeeper,400.0,England,1.87,Refuel Performance ...,left,2026.0
559805,Matthew Turner,Cardiff,23.0,Goalkeeper,50.0,Wales,1.94,None,right,2026.0
418553,Jesper Daland,Cardiff,25.0,Centre-Back,4000.0,Norway,1.91,None,right,2028.0
215118,Calum Chambers,Cardiff,30.0,Centre-Back,2800.0,England,1.82,None,right,2027.0
191829,Dimitrios Goutas,Cardiff,31.0,Centre-Back,2000.0,Greece,1.89,Prosport ...,right,2025.0
640245,Will Fish,Cardiff,22.0,Centre-Back,550.0,England,1.85,None,right,2028.0
742163,Joel Bagan,Cardiff,23.0,Left-Back,350.0,Ireland,1.88,CAA Stellar,left,2026.0
322677,Perry Ng,Cardiff,28.0,Right-Back,3500.0,England,1.8,None,right,2026.0
510310,Sivert Mannsverk,Cardiff,23.0,Defensive Midfield,5000.0,Norway,1.85,Solbakken / Player ...,right,2025.0
609887,Alex Robertson,Cardiff,22.0,Central Midfield,1500.0,Australia,1.82,Republic Sports Mgt,right,2028.0
195680,Joe Ralls,Cardiff,31.0,Central Midfield,1000.0,England,1.78,Unique Sports Group,left,2025.0
50057,Aaron Ramsey,Cardiff,34.0,Central Midfield,800.0,Wales,1.78,None,right,2025.0
368862,Andy Rinomhota,Cardiff,28.0,Central Midfield,800.0,Zimbabwe,1.75,Unique Sports Group,right,2025.0
255679,Callum O'Dowda,Cardiff,30.0,Left Midfield,1500.0,Ireland,1.8,Classico,left,2028.0
626474,Rubin Colwill,Cardiff,23.0,Attacking Midfield,1200.0,Wales,1.89,Unique Sports Group,right,2027.0
667521,Cian Ashford,Cardiff,20.0,Attacking Midfield,1000.0,Wales,1.79,None,both,2027.0
314341,Chris Willock,Cardiff,27.0,Left Winger,1800.0,England,1.78,None,right,2027.0
289433,Yakou Méïté,Cardiff,29.0,Left Winger,1500.0,Cote d'Ivoire,1.85,None,left,2025.0
183720,Anwar El Ghazi,Cardiff,30.0,Right Winger,1800.0,Netherlands,1.89,None,right,2025.0
700405,Ollie Tanner,Cardiff,23.0,Right Winger,1500.0,England,1.77,None,left,2027.0
658693,Roko Simic,Cardiff,21.0,Centre-Forward,3500.0,Croatia,1.9,None,right,2028.0
701226,Yousef Salech,Cardiff,23.0,Centre-Forward,3000.0,Denmark,1.95,None,right,2029.0
183299,Callum Robinson,Cardiff,30.0,Centre-Forward,1800.0,Ireland,1.78,Wasserman,right,2027.0
547039,Isaak Davies,Cardiff,23.0,Centre-Forward,1500.0,Wales,1.75,None,right,2026.0
120186,Daniel Bachmann,Watford,30.0,Goalkeeper,2000.0,Austria,1.91,None,right,2028.0
380744,Egil Selvik,Watford,27.0,Goalkeeper,1700.0,Norway,1.92,Golden Sports Mgmt,left,2028.0
371436,Francisco Sierralta,Watford,28.0,Centre-Back,1500.0,Chile,1.92,Vibra Futbol,right,2027.0
624948,Mattie Pollock,Watford,23.0,Centre-Back,900.0,England,1.9,None,right,2029.0
648032,James Abankwah,Watford,21.0,Centre-Back,800.0,Ireland,1.88,Wasserman,right,2025.0
855014,Kévin Keben,Watford,21.0,Centre-Back,700.0,Cameroon,1.87,CAA Stellar,right,2028.0
48002,Angelo Ogbonna,Watford,36.0,Centre-Back,300.0,Italy,1.91,None,left,2025.0
746833,Caleb Wiley,Watford,20.0,Left-Back,8000.0,United States,1.8,None,left,2025.0
554251,Yasser Larouci,Watford,24.0,Left-Back,3200.0,Algeria,1.76,Tim Pole,left,2025.0
610621,James Morris,Watford,23.0,Left-Back,300.0,England,1.83,None,"
                            Jan 1, 2023                        ",2026.0
503795,Jeremy Ngakia,Watford,24.0,Right-Back,1500.0,DR Congo,1.84,None,right,2027.0
486477,Edo Kayembe,Watford,26.0,Defensive Midfield,3000.0,DR Congo,1.83,None,left,2026.0
635336,Imrân Louza,Watford,26.0,Central Midfield,6000.0,Morocco,1.78,None,left,2028.0
652803,Pierre Dwomoh,Watford,20.0,Central Midfield,2500.0,Belgium,1.88,None,right,2028.0
346472,Tom Dele-Bashiru,Watford,25.0,Central Midfield,1200.0,Nigeria,1.78,None,right,2026.0
46001,Moussa Sissoko,Watford,35.0,Central Midfield,800.0,France,1.87,None,right,2026.0
412616,Giorgi Chakvetadze,Watford,25.0,Attacking Midfield,4000.0,Georgia,1.83,Vision Foot,right,2029.0
711247,Kwadwo Baah,Watford,22.0,Left Winger,300.0,Germany,1.82,None,right,2029.0
157368,Tom Ince,Watford,33.0,Right Winger,800.0,England,1.78,None,left,2026.0
741229,Rocco Vata,Watford,20.0,Second Striker,1000.0,Ireland,1.84,None,right,2028.0
375877,Vakoun Bayo,Watford,28.0,Centre-Forward,4500.0,Cote d'Ivoire,1.84,Unique Sports Group,right,2025.0
1101539,Mamadou Doumbia,Watford,19.0,Centre-Forward,250.0,Mali,1.92,RHODES,"
                            Jul 1, 2024                        ",2029.0
296582,Max O'Leary,Bristol City,28.0,Goalkeeper,2500.0,Ireland,1.89,None,right,2026.0
465836,Stefan Bajic,Bristol City,23.0,Goalkeeper,800.0,France,1.88,Classico,right,2025.0
319306,Lewis Thomas,Bristol City,27.0,Goalkeeper,150.0,Wales,1.85,Refuel Performance ...,right,2025.0
535927,Luke McNally,Bristol City,25.0,Centre-Back,3200.0,Ireland,1.93,Unique Sports Group,right,2028.0
417955,Zak Vyner,Bristol City,28.0,Centre-Back,2800.0,Kenya,1.87,Wasserman,right,2026.0
257437,Rob Dickie,Bristol City,29.0,Centre-Back,2800.0,England,1.91,CAA Stellar,right,2026.0
547382,Cameron Pring,Bristol City,27.0,Left-Back,2500.0,England,1.85,Unique Sports Group,left,2026.0
533523,Haydon Roberts,Bristol City,23.0,Left-Back,700.0,England,1.84,OmniSports,left,2026.0
420811,George Tanner,Bristol City,25.0,Right-Back,2500.0,England,1.81,None,right,2026.0
293746,Ross McCrorie,Bristol City,27.0,Right-Back,1800.0,Scotland,1.87,None,right,2026.0
340320,Marcus McGuane,Bristol City,26.0,Defensive Midfield,500.0,England,1.78,Unique Sports Group,right,2026.0
530780,Jason Knight,Bristol City,24.0,Central Midfield,5000.0,Ireland,1.73,None,right,2027.0
486464,Max Bird,Bristol City,24.0,Central Midfield,2800.0,England,1.83,Wasserman,left,2027.0
268185,Joe Williams,Bristol City,28.0,Central Midfield,1200.0,England,1.85,Wasserman,right,2027.0
433818,Scott Twine,Bristol City,25.0,Attacking Midfield,4500.0,England,1.74,None,right,2028.0
697280,George Earthy,Bristol City,20.0,Attacking Midfield,1400.0,England,1.8,None,right,2025.0
530813,Anis Mehmeti,Bristol City,24.0,Left Winger,3500.0,Albania,1.8,None,right,2026.0
801425,Sam Bell,Bristol City,22.0,Left Winger,1200.0,England,1.78,SMI Sports ...,right,2025.0
936237,Yu Hirakawa,Bristol City,24.0,Right Winger,900.0,Japan,1.72,None,right,2025.0
724532,Sinclair Armstrong,Bristol City,21.0,Centre-Forward,2200.0,Ireland,1.82,None,right,2028.0
255703,Harry Cornick,Bristol City,30.0,Centre-Forward,1000.0,England,1.8,None,right,2026.0
173483,Nahki Wells,Bristol City,34.0,Centre-Forward,300.0,Bermuda,1.7,None,right,2025.0
243591,Lawrence Vigouroux,Swansea,31.0,Goalkeeper,450.0,Chile,1.94,Refuel Performance ...,left,2027.0
92983,Jon McLaughlin,Swansea,37.0,Goalkeeper,100.0,Scotland,1.91,Unique Sports Group,"
                            Aug 28, 2024                        ",2025.0
496659,Ben Cabango,Swansea,24.0,Centre-Back,9000.0,Wales,1.86,Wasserman,right,2028.0
338635,Hannes Delcroix,Swansea,26.0,Centre-Back,4000.0,Belgium,1.83,Wasserman,left,None
475554,Harry Darling,Swansea,25.0,Centre-Back,2500.0,England,1.89,None,right,2025.0
419929,Josh Tymon,Swansea,26.0,Left-Back,3200.0,England,1.8,None,left,2026.0
331779,Kristian Pedersen,Swansea,30.0,Left-Back,800.0,Denmark,1.89,BTAM,left,2025.0
606023,Nathan Tjoe-A-On,Swansea,23.0,Left-Back,350.0,Indonesia,1.82,Sports360 GmbH,left,2026.0
533912,Josh Key,Swansea,25.0,Right-Back,800.0,England,1.78,Two Touch Agency,right,2026.0
158623,Cyrus Christie,Swansea,32.0,Right-Back,300.0,Ireland,1.88,Unique Sports Group,right,2025.0
66219,Kyle Naughton,Swansea,36.0,Right-Back,100.0,England,1.81,None,right,2025.0
1028959,Sam Parker,Swansea,18.0,Right-Back,50.0,Wales,1.78,None,"Jun 30, 2028",2028.0
560694,Lewis O'Brien,Swansea,26.0,Central Midfield,5000.0,England,1.73,None,left,2025.0
674798,Gonçalo Franco,Swansea,24.0,Central Midfield,3000.0,Portugal,1.76,None,right,2028.0
171260,Jay Fulton,Swansea,31.0,Central Midfield,1000.0,Scotland,1.85,None,right,2026.0
51452,Joe Allen,Swansea,35.0,Central Midfield,250.0,Wales,1.7,None,right,2025.0
504617,Oliver Cooper,Swansea,25.0,Attacking Midfield,3000.0,Wales,1.76,CAA Stellar,right,2027.0
706968,Ji-sung Eom,Swansea,23.0,Left Winger,1200.0,"Korea, South",1.76,None,right,2028.0
325104,Josh Ginnelly,Swansea,28.0,Left Winger,800.0,England,1.75,SMI Sports ...,left,2026.0
587002,Myles Peart-Harris,Swansea,22.0,Left Winger,700.0,Jamaica,1.87,Two Touch Agency,"
                            Aug 30, 2024                        ",2025.0
715923,Florian Bianchini,Swansea,23.0,Right Winger,2000.0,France,1.82,None,right,2028.0
862554,Ronald,Swansea,23.0,Right Winger,1800.0,Brazil,1.77,None,right,2027.0
506942,Zan Vipotnik,Swansea,23.0,Centre-Forward,2500.0,Slovenia,1.85,BOLA CONSULTING,both,2028.0
296978,Liam Cullen,Swansea,26.0,Centre-Forward,1200.0,Wales,1.78,None,left,2028.0
226049,Freddie Woodman,Preston,28.0,Goalkeeper,3500.0,England,1.88,None,right,2025.0
89648,David Cornell,Preston,34.0,Goalkeeper,150.0,Wales,1.86,None,right,2026.0
435198,Jordan Storey,Preston,27.0,Centre-Back,3800.0,England,1.88,Wasserman,right,2028.0
446093,Ryan Porteous,Preston,26.0,Centre-Back,3000.0,Scotland,1.88,Footwork,right,2025.0
228912,Liam Lindsay,Preston,29.0,Centre-Back,2000.0,Scotland,1.91,None,right,2027.0
419325,Lewis Gibson,Preston,24.0,Centre-Back,1800.0,England,1.85,Wasserman,left,2028.0
237505,Jack Whatmough,Preston,28.0,Centre-Back,1200.0,England,1.84,CAA Stellar,right,2026.0
94603,Patrick Bauer,Preston,32.0,Centre-Back,250.0,Germany,1.92,None,right,2025.0
191865,Andrew Hughes,Preston,32.0,Left-Back,500.0,Wales,1.88,None,left,2026.0
626888,Kaine Kesler-Hayden,Preston,22.0,Right-Back,2200.0,England,1.75,Wasserman,right,2025.0
237013,Brad Potts,Preston,30.0,Right-Back,1500.0,England,1.88,None,right,2026.0
854932,Josh Seary,Preston,20.0,Right-Back,100.0,Ireland,1.8,Wasserman,right,2025.0
347389,Ben Whiteman,Preston,28.0,Central Midfield,2800.0,England,1.85,None,right,None
450714,Ali McCann,Preston,25.0,Central Midfield,2200.0,Northern Ireland,1.76,None,right,2027.0
422721,Stefán Teitur Thórdarson,Preston,26.0,Central Midfield,1800.0,Iceland,1.89,None,right,2027.0
258884,Ryan Ledson,Preston,27.0,Central Midfield,1200.0,England,1.78,None,right,2025.0
969561,Kian Taylor,Preston,20.0,Central Midfield,100.0,England,1.73,None,"Jun 30, 2025",2025.0
128229,Robbie Brady,Preston,33.0,Left Midfield,300.0,Ireland,1.76,General Sports ...,left,2025.0
533632,Mads Frøkjaer-Jensen,Preston,25.0,Attacking Midfield,3200.0,Denmark,1.86,None,right,2027.0
532178,Sam Greenwood,Preston,23.0,Centre-Forward,4500.0,England,1.8,None,right,2025.0
293325,Emil Riis,Preston,26.0,Centre-Forward,2500.0,Denmark,1.9,Wasserman,right,2025.0
542819,Milutin Osmajic,Preston,25.0,Centre-Forward,2000.0,Montenegro,1.86,None,both,2027.0
118535,Will Keane,Preston,32.0,Centre-Forward,750.0,Ireland,1.88,None,right,2026.0
61622,Ched Evans,Preston,36.0,Centre-Forward,100.0,Wales,1.83,None,right,2025.0
581890,Lukas Jensen,Millwall,26.0,Goalkeeper,500.0,Denmark,1.98,OmniSports,right,None
249164,Liam Roberts,Millwall,30.0,Goalkeeper,225.0,England,1.95,Unique Sports Group,"
                            Jul 22, 2024                        ",None
243603,Jake Cooper,Millwall,30.0,Centre-Back,2500.0,England,1.99,None,left,None
346478,Japhet Tanganga,Millwall,26.0,Centre-Back,1800.0,England,1.84,None,right,None
526694,Wes Harding,Millwall,28.0,Centre-Back,1200.0,Jamaica,1.81,None,right,2026.0
732529,Tristan Crama,Millwall,23.0,Centre-Back,350.0,France,1.92,Wasserman,right,2028.0
61417,Shaun Hutchinson,Millwall,34.0,Centre-Back,250.0,England,1.88,None,right,2025.0
194460,Joe Bryan,Millwall,31.0,Left-Back,1000.0,England,1.7,None,left,2027.0
174099,Murray Wallace,Millwall,32.0,Left-Back,750.0,Scotland,1.88,None,left,None
801472,Zak Sturge,Millwall,20.0,Left-Back,200.0,England,1.88,None,left,2025.0
647138,Danny McNamara,Millwall,26.0,Right-Back,2000.0,Ireland,1.8,None,right,None
386752,Ryan Wintle,Millwall,27.0,Defensive Midfield,3800.0,England,1.8,SMI Sports ...,right,2025.0
532541,Luke Cundle,Millwall,23.0,Central Midfield,3500.0,England,1.71,None,right,None
671821,Billy Mitchell,Millwall,24.0,Central Midfield,3200.0,England,1.78,None,right,2026.0
292806,Casper De Norre,Millwall,28.0,Central Midfield,2200.0,Belgium,1.75,None,right,2026.0
141573,George Saville,Millwall,31.0,Central Midfield,1000.0,Northern Ireland,1.76,Refuel Performance ...,left,None
854633,Daniel Kelly,Millwall,19.0,Central Midfield,700.0,Scotland,1.8,Dirk Hebel,right,None
145843,Ryan Leonard,Millwall,32.0,Central Midfield,250.0,England,1.85,None,right,None
967306,Alfie Massey,Millwall,19.0,Central Midfield,50.0,England,1.83,None,"
                            Jul 1, 2024                        ",None
218140,George Honeyman,Millwall,30.0,Attacking Midfield,800.0,England,1.73,None,right,None
746971,Aidomo Emakhu,Millwall,21.0,Left Winger,900.0,Ireland,1.8,None,right,2026.0
587588,Camiel Neghli,Millwall,23.0,Right Winger,2500.0,Algeria,1.79,None,left,None
703408,Femi Azeez,Millwall,23.0,Right Winger,900.0,England,1.81,ARETÉ,left,2028.0
434207,Aaron Connolly,Millwall,25.0,Centre-Forward,2500.0,Ireland,1.74,None,right,2025.0
849865,Mihailo Ivanovic,Millwall,20.0,Centre-Forward,2200.0,Serbia,1.91,None,right,None
646727,Josh Coburn,Millwall,22.0,Centre-Forward,1500.0,England,1.93,Wasserman,right,2025.0
526347,Macaulay Langstaff,Millwall,28.0,Centre-Forward,700.0,England,1.78,Refuel Performance ...,right,None
913136,Zak Lovelace,Millwall,19.0,Centre-Forward,500.0,England,1.82,Unique Sports Group,right,None
670860,James Beadle,Sheff Wed,20.0,Goalkeeper,5000.0,England,2.01,Refuel Performance ...,right,2025.0
67283,Ben Hamer,Sheff Wed,37.0,Goalkeeper,150.0,England,1.93,Refuel Performance ...,right,None
531677,Di'Shon Bernard,Sheff Wed,24.0,Centre-Back,1500.0,Jamaica,1.88,OmniSports,right,2027.0
425713,Akin Famewo,Sheff Wed,26.0,Centre-Back,800.0,England,1.88,None,left,2025.0
213334,Dominic Iorfa,Sheff Wed,29.0,Centre-Back,350.0,England,1.88,None,right,2026.0
145923,Michael Ihiekwe,Sheff Wed,32.0,Centre-Back,250.0,England,1.85,Wasserman,right,None
1198023,Gabriel Otegbayo,Sheff Wed,20.0,Centre-Back,75.0,Ireland,1.93,None,"
                            Jan 1, 2025                        ",2027.0
258885,Max Lowe,Sheff Wed,28.0,Left-Back,2500.0,England,1.75,Wasserman,left,2026.0
414926,Ryo Hatsuse,Sheff Wed,27.0,Left-Back,900.0,Japan,1.8,None,both,None
406008,Yan Valery,Sheff Wed,26.0,Right-Back,1000.0,Tunisia,1.85,None,right,2027.0
380737,Pol Valentín,Sheff Wed,28.0,Right-Back,500.0,Spain,1.81,AS1,right,2025.0
137149,Liam Palmer,Sheff Wed,33.0,Right-Back,200.0,Scotland,1.88,None,right,2025.0
747951,Shea Charles,Sheff Wed,21.0,Defensive Midfield,10000.0,Northern Ireland,1.89,None,right,2025.0
128900,Nathaniel Chalobah,Sheff Wed,30.0,Defensive Midfield,1000.0,England,1.85,None,right,None
130765,Stuart Armstrong,Sheff Wed,33.0,Central Midfield,1500.0,Scotland,1.83,None,right,2025.0
321079,Svante Ingelsson,Sheff Wed,26.0,Central Midfield,900.0,Sweden,1.89,None,left,None
61561,Barry Bannan,Sheff Wed,35.0,Central Midfield,200.0,Scotland,1.69,SMI Sports ...,left,2025.0
216564,Marvin Johnson,Sheff Wed,34.0,Left Midfield,200.0,England,1.78,None,left,2025.0
280813,Josh Windass,Sheff Wed,31.0,Attacking Midfield,400.0,England,1.75,CAA Stellar,right,2026.0
575693,Ibrahim Cissoko,Sheff Wed,22.0,Left Winger,1500.0,Netherlands,1.88,PURE,right,2025.0
795657,Djeidi Gassama,Sheff Wed,21.0,Left Winger,1000.0,France,1.77,BS Group - BS Law,right,2026.0
407734,Olaf Kobacki,Sheff Wed,23.0,Left Winger,550.0,Poland,1.78,box2box Football ...,right,2028.0
511401,Anthony Musaba,Sheff Wed,24.0,Right Winger,1300.0,Netherlands,1.82,None,both,2026.0
339943,Iké Ugbo,Sheff Wed,26.0,Centre-Forward,2800.0,Canada,1.84,None,right,2028.0
239949,Jamal Lowe,Sheff Wed,30.0,Centre-Forward,1200.0,Jamaica,1.83,None,right,2026.0
169555,Callum Paterson,Sheff Wed,30.0,Centre-Forward,700.0,Scotland,1.83,Two Touch Agency,right,2025.0
96173,Michael Smith,Sheff Wed,33.0,Centre-Forward,250.0,England,1.91,None,right,2026.0
614262,Charlie McNeill,Sheff Wed,21.0,Centre-Forward,200.0,England,1.81,Two Touch Agency,right,2027.0
322770,Conor Hazard,Plymouth,27.0,Goalkeeper,1000.0,Northern Ireland,1.98,Refuel Performance ...,left,2026.0
339253,Daniel Grimshaw,Plymouth,27.0,Goalkeeper,750.0,England,1.85,Unique Sports Group,right,None
929694,Zak Baker,Plymouth,20.0,Goalkeeper,100.0,Scotland,1.87,None,right,2026.0
668557,Maksym Taloverov,Plymouth,24.0,Centre-Back,3000.0,Ukraine,1.96,Wasserman,right,2028.0
251885,Julio Pleguezuelo,Plymouth,28.0,Centre-Back,1500.0,Spain,1.8,None,right,2027.0
422051,Nikola Katic,Plymouth,28.0,Centre-Back,1500.0,Bosnia-Herzegovina,1.94,None,right,2025.0
208244,Brendan Galloway,Plymouth,29.0,Centre-Back,350.0,Zimbabwe,1.86,None,left,2026.0
97241,Victor Pálsson,Plymouth,34.0,Centre-Back,300.0,Iceland,1.86,CAA Stellar,right,None
361575,Tymoteusz Puchacz,Plymouth,26.0,Left-Back,1700.0,Poland,1.83,Fabryka Futbolu,left,2025.0
433168,Nathanael Ogbeta,Plymouth,24.0,Left-Back,350.0,England,1.84,None,left,None
670989,Saxon Earley,Plymouth,22.0,Left-Back,150.0,England,1.77,None,"
                            Jan 2, 2023                        ",2025.0
433186,Bali Mumba,Plymouth,23.0,Right-Back,2500.0,England,1.68,Wasserman,right,2027.0
690478,Matthew Sorinola,Plymouth,24.0,Right-Back,750.0,England,1.73,None,right,None
121773,Joe Edwards,Plymouth,34.0,Right-Back,150.0,England,1.73,Unique Sports Group,right,2026.0
633463,Adam Randell,Plymouth,24.0,Defensive Midfield,2200.0,England,1.75,Wasserman,right,2026.0
186927,Jordan Houghton,Plymouth,29.0,Defensive Midfield,1300.0,England,1.83,None,"
                            Jul 1, 2021                        ",2025.0
703475,Malachi Boateng,Plymouth,22.0,Defensive Midfield,450.0,England,1.82,None,right,2028.0
663264,Darko Gyabi,Plymouth,21.0,Central Midfield,1800.0,England,1.96,None,right,2025.0
502830,Callum Wright,Plymouth,25.0,Central Midfield,700.0,England,1.82,Wasserman,right,2026.0
471145,Michael Baidoo,Plymouth,26.0,Attacking Midfield,3500.0,Ghana,1.74,AIT,right,2028.0
593415,Rami Al Hajj,Plymouth,23.0,Attacking Midfield,1000.0,Sweden,1.8,None,right,2027.0
929574,Freddie Issaka,Plymouth,18.0,Left Winger,200.0,Wales,1.77,Unique Sports Group,right,2028.0
457728,Mustapha Bundu,Plymouth,28.0,Right Winger,800.0,Sierra Leone,1.89,None,right,2025.0
444208,Michael Obafemi,Plymouth,24.0,Centre-Forward,2000.0,Ireland,1.7,None,right,2025.0
249063,Ryan Hardie,Plymouth,28.0,Centre-Forward,1800.0,Scotland,1.88,Wasserman,right,2026.0
665546,Muhamed Tijani,Plymouth,24.0,Centre-Forward,800.0,Nigeria,1.91,None,"
                            Jul 2, 2024                        ",2025.0
549440,Jacob Widell Zetterström,Derby,26.0,Goalkeeper,2500.0,Sweden,1.97,None,right,2027.0
242681,Josh Vickers,Derby,29.0,Goalkeeper,250.0,England,1.93,None,"
                            Jul 1, 2023                        ",2026.0
703469,Rohan Luthra,Derby,23.0,Goalkeeper,50.0,England,1.92,Refuel Performance ...,"Jun 30, 2025",2025.0
737837,Sondre Langås,Derby,24.0,Centre-Back,3500.0,Norway,1.9,Keypass AS,right,2029.0
371814,Nat Phillips,Derby,28.0,Centre-Back,3500.0,England,1.9,None,right,2025.0
307497,Matt Clarke,Derby,28.0,Centre-Back,2500.0,England,1.85,None,left,2028.0
148299,Curtis Nelson,Derby,32.0,Centre-Back,600.0,England,1.83,Unique Sports Group,right,2026.0
43763,Erik Pieters,Derby,36.0,Centre-Back,300.0,Netherlands,1.83,Unique Sports Group,left,2025.0
271997,Callum Elder,Derby,30.0,Left-Back,500.0,Australia,1.8,None,left,2026.0
45492,Craig Forsyth,Derby,36.0,Left-Back,75.0,Scotland,1.89,Two Touch Agency,left,2025.0
348469,Ryan Nyambe,Derby,27.0,Right-Back,1000.0,Namibia,1.83,OmniSports,right,2027.0
392774,Kane Wilson,Derby,25.0,Right-Back,500.0,England,1.78,Wasserman,right,2026.0
865993,David Ozoh,Derby,20.0,Defensive Midfield,700.0,England,1.89,Unique Sports Group,right,2025.0
581331,Liam Thompson,Derby,23.0,Defensive Midfield,500.0,England,1.73,None,right,2025.0
859941,Darren Robinson,Derby,20.0,Defensive Midfield,100.0,Northern Ireland,1.77,None,right,2026.0
412943,Kenzo Goudmijn,Derby,23.0,Central Midfield,1500.0,Netherlands,1.76,Team Raiola,right,2028.0
218087,Ben Osborn,Derby,30.0,Central Midfield,900.0,England,1.76,Unique Sports Group,left,2026.0
323652,Ebou Adams,Derby,29.0,Central Midfield,900.0,The Gambia,1.78,None,right,2027.0
1107733,Harrison Armstrong,Derby,18.0,Central Midfield,500.0,England,1.85,None,right,2025.0
148262,Jeff Hendrick,Derby,33.0,Central Midfield,400.0,Ireland,1.85,None,right,2025.0
370559,Joe Ward,Derby,29.0,Right Midfield,300.0,England,1.67,Quantum Sport,right,2026.0
288323,Marcus Harness,Derby,29.0,Attacking Midfield,800.0,Ireland,1.82,None,right,2025.0
282821,Corey Blackett-Taylor,Derby,27.0,Left Winger,500.0,England,1.8,None,right,2027.0
160137,Tom Barkhuizen,Derby,31.0,Left Winger,400.0,England,1.75,None,right,2025.0
125409,Nathaniel Méndez-Laing,Derby,33.0,Right Winger,400.0,Guatemala,1.78,None,right,2026.0
351261,Jerry Yates,Derby,28.0,Centre-Forward,2800.0,England,1.75,None,right,2025.0
336640,Lars-Jørgen Salvesen,Derby,29.0,Centre-Forward,1000.0,Norway,1.86,Aneke/PMG,left,2027.0
141350,Kemar Roofe,Derby,32.0,Centre-Forward,800.0,Jamaica,1.78,None,right,2025.0
378872,Kayden Jackson,Derby,31.0,Centre-Forward,275.0,England,1.81,PANTHERA,right,2026.0
847371,Dajaune Brown,Derby,19.0,Centre-Forward,250.0,Jamaica,1.82,None,right,2027.0
249815,Conor Washington,Derby,33.0,Centre-Forward,150.0,Northern Ireland,1.78,None,right,2025.0
291097,Nicolas Schmid,Portsmouth,28.0,Goalkeeper,600.0,Austria,1.95,CONNEXION,both,2026.0
244970,Ben Killip,Portsmouth,29.0,Goalkeeper,225.0,England,1.88,Refuel Performance ...,right,2025.0
177952,Jordan Archer,Portsmouth,32.0,Goalkeeper,200.0,Scotland,1.9,Unique Sports Group,right,2026.0
932854,Toby Steward,Portsmouth,20.0,Goalkeeper,50.0,England,1.93,None,"
                            Jul 1, 2023                        ",2026.0
1109824,Hayden Matthews,Portsmouth,20.0,Centre-Back,1300.0,Australia,1.95,None,right,2029.0
531783,Rob Atkinson,Portsmouth,26.0,Centre-Back,1200.0,England,1.93,None,left,2025.0
255626,Conor Shaughnessy,Portsmouth,28.0,Centre-Back,800.0,Ireland,1.91,None,right,2027.0
696347,Ibane Bowat,Portsmouth,22.0,Centre-Back,800.0,Scotland,1.9,None,left,2027.0
801422,Ryley Towler,Portsmouth,23.0,Centre-Back,700.0,England,1.87,None,left,2026.0
340194,Regan Poole,Portsmouth,26.0,Centre-Back,600.0,Wales,1.8,None,right,2027.0
171376,Alexander Milosevic,Portsmouth,33.0,Centre-Back,300.0,Sweden,1.93,None,right,2025.0
949477,Jacob Farrell,Portsmouth,22.0,Left-Back,500.0,Australia,1.8,Republic Sports Mgt,left,2028.0
480191,Cohen Bramall,Portsmouth,29.0,Left-Back,450.0,England,1.78,PANTHERA,left,2025.0
236509,Connor Ogilvie,Portsmouth,29.0,Left-Back,275.0,England,1.84,PANTHERA,left,2026.0
346468,Jordan Williams,Portsmouth,25.0,Right-Back,800.0,England,1.79,None,right,2027.0
693440,Terry Devlin,Portsmouth,21.0,Right-Back,800.0,Northern Ireland,1.8,None,right,2028.0
540687,Zak Swanson,Portsmouth,24.0,Right-Back,400.0,England,1.89,None,right,2026.0
206225,Isaac Hayden,Portsmouth,30.0,Defensive Midfield,1000.0,Jamaica,1.87,Unique Sports Group,right,2025.0
698164,Freddie Potts,Portsmouth,21.0,Defensive Midfield,800.0,England,1.83,CAA Stellar,right,2025.0
718232,Abdoulaye Kamara,Portsmouth,20.0,Defensive Midfield,800.0,Guinea,1.85,SBE Management AG,right,2028.0
346467,Andre Dozzell,Portsmouth,26.0,Central Midfield,1000.0,England,1.78,CAA Stellar,left,2026.0
118779,Marlon Pack,Portsmouth,34.0,Central Midfield,250.0,England,1.88,Wasserman,right,2026.0
92469,Matt Ritchie,Portsmouth,35.0,Right Midfield,350.0,Scotland,1.73,None,left,2026.0
569385,Adil Aouchiche,Portsmouth,22.0,Attacking Midfield,2500.0,France,1.81,None,right,2025.0
199528,Josh Murphy,Portsmouth,30.0,Left Winger,800.0,England,1.73,None,right,2027.0
732119,Kaide Gordon,Portsmouth,20.0,Right Winger,1200.0,England,1.73,CAA Stellar,left,2025.0
904722,Paddy Lane,Portsmouth,24.0,Right Winger,700.0,Northern Ireland,1.77,Wasserman,left,2026.0
425865,Callum Lang,Portsmouth,26.0,Second Striker,2500.0,England,1.83,None,right,2026.0
307069,Colby Bishop,Portsmouth,28.0,Centre-Forward,1000.0,England,1.8,Unique Sports Group,right,2028.0
708099,Kusini Yengi,Portsmouth,26.0,Centre-Forward,700.0,Australia,1.9,None,right,2025.0
943549,Mark O'Mahony,Portsmouth,20.0,Centre-Forward,500.0,Ireland,1.82,None,right,2025.0
655835,Christian Saydee,Portsmouth,23.0,Centre-Forward,400.0,England,1.84,Unique Sports Group,right,2026.0
1069559,Thomas Waddingham,Portsmouth,20.0,Centre-Forward,400.0,Australia,1.85,None,"
                            Jan 22, 2025                        ",2028.0
396859,Jamie Cumming,Oxford United,25.0,Goalkeeper,1200.0,England,1.85,Refuel Performance ...,right,None
164499,Matt Ingram,Oxford United,31.0,Goalkeeper,800.0,England,1.91,None,left,None
49089,Simon Eastwood,Oxford United,35.0,Goalkeeper,50.0,England,1.88,Refuel Performance ...,right,2025.0
255383,Michal Helik,Oxford United,29.0,Centre-Back,1800.0,Poland,1.91,CAA Stellar,right,2026.0
611845,Ciaron Brown,Oxford United,27.0,Centre-Back,700.0,Northern Ireland,1.85,None,left,2025.0
341993,Elliott Moore,Oxford United,28.0,Centre-Back,500.0,England,1.96,None,right,None
714458,Ben Nelson,Oxford United,21.0,Centre-Back,400.0,England,1.93,Wasserman,right,2025.0
411255,Jordan Thorniley,Oxford United,28.0,Centre-Back,275.0,England,1.81,None,left,None
201586,Greg Leigh,Oxford United,30.0,Left-Back,275.0,Jamaica,1.81,Wasserman,left,None
90964,Joe Bennett,Oxford United,35.0,Left-Back,75.0,England,1.78,None,left,2025.0
258519,Hidde ter Avest,Oxford United,28.0,Right-Back,1500.0,Netherlands,1.82,None,right,None
595652,Peter Kioso,Oxford United,25.0,Right-Back,700.0,DR Congo,1.83,Refuel Performance ...,right,None
238591,Sam Long,Oxford United,30.0,Right-Back,250.0,England,1.8,Unique Sports Group,right,2026.0
238427,Will Vaulks,Oxford United,31.0,Defensive Midfield,700.0,Wales,1.8,None,right,None
670850,Alex Matos,Oxford United,20.0,Central Midfield,1000.0,England,1.75,Wasserman,right,2025.0
261357,Cameron Brannagan,Oxford United,29.0,Central Midfield,500.0,England,1.8,None,right,None
633399,Idris El Mizouni,Oxford United,24.0,Central Midfield,450.0,Tunisia,1.85,None,right,2027.0
128905,Josh McEachran,Oxford United,32.0,Central Midfield,200.0,England,1.78,Refuel Performance ...,left,2025.0
875219,Marselino Ferdinan,Oxford United,20.0,Attacking Midfield,300.0,Indonesia,1.78,None,right,2026.0
488656,Siriki Dembélé,Oxford United,28.0,Left Winger,2200.0,Scotland,1.73,None,right,None
383109,Przemyslaw Placheta,Oxford United,27.0,Left Winger,1000.0,Poland,1.78,KFM,left,2026.0
700441,Tyler Goodrham,Oxford United,21.0,Right Winger,2500.0,Ireland,1.7,None,right,2027.0
77274,Matt Phillips,Oxford United,34.0,Right Winger,300.0,Scotland,1.83,None,right,None
361070,Ole Romeny,Oxford United,24.0,Centre-Forward,1300.0,Indonesia,1.85,Joost Ebergen & Len ...,right,2028.0
344012,Mark Harris,Oxford United,26.0,Centre-Forward,700.0,Wales,1.82,None,right,2026.0
139781,Tom Bradshaw,Oxford United,32.0,Centre-Forward,450.0,Wales,1.78,General Sports ...,right,None
607720,Jonas Urbig,Bayern Munich,21.0,Goalkeeper,8000.0,Germany,1.89,ROOF,both,2029.0
17259,Manuel Neuer,Bayern Munich,39.0,Goalkeeper,4000.0,Germany,1.93,PRO Profil GmbH,right,2026.0
468539,Daniel Peretz,Bayern Munich,24.0,Goalkeeper,3000.0,Israel,1.9,None,right,2028.0
40680,Sven Ulreich,Bayern Munich,36.0,Goalkeeper,500.0,Germany,1.92,None,right,2025.0
344695,Dayot Upamecano,Bayern Munich,26.0,Centre-Back,50000.0,France,1.86,None,right,2026.0
503482,Min-jae Kim,Bayern Munich,28.0,Centre-Back,45000.0,"Korea, South",1.9,None,right,2028.0
353892,Hiroki Ito,Bayern Munich,26.0,Centre-Back,30000.0,Japan,1.88,None,left,2028.0
175722,Eric Dier,Bayern Munich,31.0,Centre-Back,8000.0,England,1.91,None,right,2025.0
744729,Tarek Buchmann,Bayern Munich,20.0,Centre-Back,500.0,Germany,1.88,WINS,right,2026.0
424204,Alphonso Davies,Bayern Munich,24.0,Left-Back,50000.0,Canada,1.83,ATG Sports,left,2030.0
170986,Raphaël Guerreiro,Bayern Munich,31.0,Left-Back,10000.0,Portugal,1.7,Wasserman,left,2026.0
483046,Josip Stanisic,Bayern Munich,25.0,Right-Back,28000.0,Croatia,1.87,None,both,2029.0
223967,Konrad Laimer,Bayern Munich,27.0,Right-Back,25000.0,Austria,1.8,ROOF,right,2027.0
475413,Sacha Boey,Bayern Munich,24.0,Right-Back,18000.0,France,1.78,CAA Stellar,right,2028.0
161056,Joshua Kimmich,Bayern Munich,30.0,Defensive Midfield,50000.0,Germany,1.77,None,right,2029.0
792380,Aleksandar Pavlovic,Bayern Munich,21.0,Defensive Midfield,50000.0,Germany,1.88,None,both,2029.0
257455,João Palhinha,Bayern Munich,29.0,Defensive Midfield,40000.0,Portugal,1.9,None,right,2028.0
153084,Leon Goretzka,Bayern Munich,30.0,Central Midfield,22000.0,Germany,1.89,ROOF,right,2026.0
580195,Jamal Musiala,Bayern Munich,22.0,Attacking Midfield,140000.0,Germany,1.84,WINS,right,2030.0
243714,Kingsley Coman,Bayern Munich,28.0,Left Winger,35000.0,France,1.81,None,right,2027.0
159471,Serge Gnabry,Bayern Munich,29.0,Left Winger,25000.0,Germany,1.76,ROOF,right,2026.0
566723,Michael Olise,Bayern Munich,23.0,Right Winger,80000.0,France,1.84,None,left,2029.0
192565,Leroy Sané,Bayern Munich,29.0,Right Winger,38000.0,Germany,1.83,None,left,2025.0
58358,Thomas Müller,Bayern Munich,35.0,Second Striker,6000.0,Germany,1.85,None,right,2025.0
604327,Gabriel Vidovic,Bayern Munich,21.0,Second Striker,3000.0,Croatia,1.8,None,right,2026.0
132098,Harry Kane,Bayern Munich,31.0,Centre-Forward,90000.0,England,1.88,None,right,2027.0
550829,Matej Kovar,B. Leverkusen,25.0,Goalkeeper,7000.0,Czech Republic,1.96,SPORT INVEST,right,2027.0
48015,Lukas Hradecky,B. Leverkusen,35.0,Goalkeeper,2000.0,Finland,1.92,None,right,2026.0
85543,Niklas Lomb,B. Leverkusen,31.0,Goalkeeper,250.0,Germany,1.86,Dirk Hebel,right,2027.0
659813,Piero Hincapié,B. Leverkusen,23.0,Centre-Back,50000.0,Ecuador,1.84,AS1,left,2029.0
564545,Edmond Tapsoba,B. Leverkusen,26.0,Centre-Back,40000.0,Burkina Faso,1.94,None,right,2028.0
196357,Jonathan Tah,B. Leverkusen,29.0,Centre-Back,30000.0,Germany,1.95,None,right,2025.0
919515,Jeanuël Belocian,B. Leverkusen,20.0,Centre-Back,15000.0,France,1.82,One Team Football,left,2029.0
281769,Mario Hermoso,B. Leverkusen,29.0,Centre-Back,10000.0,Spain,1.84,None,left,2025.0
193082,Alejandro Grimaldo,B. Leverkusen,29.0,Left-Back,40000.0,Spain,1.71,Wasserman,left,2027.0
484547,Jeremie Frimpong,B. Leverkusen,24.0,Right-Back,50000.0,Netherlands,1.72,Prolific Sports ...,right,2028.0
348026,Nordi Mukiele,B. Leverkusen,27.0,Right-Back,10000.0,France,1.87,Sport Cover,right,2025.0
977464,Arthur,B. Leverkusen,22.0,Right-Back,7000.0,Brazil,1.74,Roc Nation Sports,right,2028.0
111455,Granit Xhaka,B. Leverkusen,32.0,Defensive Midfield,17000.0,Switzerland,1.86,Signature - ISCM AG,left,2028.0
159088,Robert Andrich,B. Leverkusen,30.0,Defensive Midfield,15000.0,Germany,1.87,None,right,2028.0
401578,Exequiel Palacios,B. Leverkusen,26.0,Central Midfield,40000.0,Argentina,1.78,Eleven Talent Group,right,2028.0
261504,Aleix García,B. Leverkusen,27.0,Central Midfield,20000.0,Spain,1.73,None,right,2029.0
340322,Nathan Tella,B. Leverkusen,25.0,Right Midfield,18000.0,Nigeria,1.73,CAA Stellar,right,2028.0
598577,Florian Wirtz,B. Leverkusen,22.0,Attacking Midfield,140000.0,Germany,1.77,None,right,2027.0
321247,Emiliano Buendía,B. Leverkusen,28.0,Attacking Midfield,18000.0,Argentina,1.72,Universal Twenty Two,right,2025.0
7161,Jonas Hofmann,B. Leverkusen,32.0,Attacking Midfield,3000.0,Germany,1.76,None,right,2027.0
532776,Amine Adli,B. Leverkusen,25.0,Left Winger,22000.0,Morocco,1.8,Concept Sport Agency,left,2028.0
442891,Martin Terrier,B. Leverkusen,28.0,Left Winger,17000.0,France,1.84,FAIR SPORT MNG,right,2029.0
656681,Victor Boniface,B. Leverkusen,24.0,Centre-Forward,45000.0,Nigeria,1.9,Aneke/PMG,right,2028.0
242086,Patrik Schick,B. Leverkusen,29.0,Centre-Forward,27000.0,Czech Republic,1.91,None,left,2027.0
1000675,Alejo Sarco,B. Leverkusen,19.0,Centre-Forward,800.0,Argentina,1.79,Hernan Berman,left,2029.0
486046,Maarten Vandevoordt,RB Leipzig,23.0,Goalkeeper,8000.0,Belgium,1.92,SportPlus,right,2029.0
57071,Péter Gulácsi,RB Leipzig,35.0,Goalkeeper,2500.0,Hungary,1.93,HCM Sports ...,right,2026.0
160971,Leopold Zingerle,RB Leipzig,31.0,Goalkeeper,400.0,Germany,1.82,None,right,2026.0
618472,Castello Lukeba,RB Leipzig,22.0,Centre-Back,50000.0,France,1.84,BS Group - BS Law,left,2029.0
787912,El Chadaille Bitshiabu,RB Leipzig,20.0,Centre-Back,12000.0,France,1.96,Gestifute,left,2028.0
93740,Willi Orbán,RB Leipzig,32.0,Centre-Back,10000.0,Hungary,1.86,ROGON,right,2027.0
215599,Lukas Klostermann,RB Leipzig,28.0,Centre-Back,8000.0,Germany,1.89,None,right,2028.0
318204,David Raum,RB Leipzig,27.0,Left-Back,25000.0,Germany,1.81,ROOF,left,2027.0
420210,Lutsharel Geertruida,RB Leipzig,24.0,Right-Back,27000.0,Netherlands,1.84,Wasserman,right,2029.0
202591,Benjamin Henrichs,RB Leipzig,28.0,Right-Back,17000.0,Germany,1.85,CN Sports,right,2028.0
848682,Kosta Nedeljkovic,RB Leipzig,19.0,Right-Back,8500.0,Serbia,1.84,None,right,2025.0
327251,Ridle Baku,RB Leipzig,27.0,Right-Back,7000.0,Germany,1.76,Sports360 GmbH,right,2027.0
926694,Arthur Vermeeren,RB Leipzig,20.0,Defensive Midfield,22000.0,Belgium,1.8,TEAM VERMEEREN,right,2025.0
402008,Amadou Haidara,RB Leipzig,27.0,Central Midfield,20000.0,Mali,1.78,ROOF,right,2026.0
223979,Xaver Schlager,RB Leipzig,27.0,Central Midfield,18000.0,Austria,1.74,ROOF,left,2026.0
404950,Nicolas Seiwald,RB Leipzig,24.0,Central Midfield,16000.0,Austria,1.8,YOU FIRST,right,2028.0
53418,Kevin Kampl,RB Leipzig,34.0,Central Midfield,3000.0,Slovenia,1.78,MR Sport Management ...,right,2026.0
566931,Xavi Simons,RB Leipzig,22.0,Attacking Midfield,70000.0,Netherlands,1.79,None,right,2027.0
324278,Christoph Baumgartner,RB Leipzig,25.0,Attacking Midfield,15000.0,Austria,1.8,YOU FIRST,right,2028.0
1074526,Viggo Gebel,RB Leipzig U19,17.0,Attacking Midfield,350.0,Germany,1.75,None,"
                            Jul 1, 2024                        ",None
894914,Antonio Nusa,RB Leipzig,20.0,Left Winger,28000.0,Norway,1.83,Aneke/PMG,right,2029.0
955448,Tidiam Gomis,RB Leipzig,18.0,Left Winger,3000.0,France,1.83,None,right,2029.0
627442,Benjamin Sesko,RB Leipzig,21.0,Centre-Forward,65000.0,Slovenia,1.95,Pro transfer,right,2029.0
368887,Loïs Openda,RB Leipzig,25.0,Centre-Forward,60000.0,Belgium,1.77,None,right,2028.0
157635,Yussuf Poulsen,RB Leipzig,30.0,Centre-Forward,5000.0,Denmark,1.92,None,right,2026.0
257814,Gregor Kobel,Bor. Dortmund,27.0,Goalkeeper,40000.0,Switzerland,1.96,SBE Management AG,right,2028.0
453737,Marcel Lotka,Bor. Dortmund,23.0,Goalkeeper,1300.0,Germany,1.9,SEG,right,2025.0
76158,Alexander Meyer,Bor. Dortmund,34.0,Goalkeeper,800.0,Germany,1.95,None,right,2026.0
684116,Silas Ostrzinski,Bor. Dortmund,21.0,Goalkeeper,200.0,Germany,1.98,None,right,2025.0
388198,Nico Schlotterbeck,Bor. Dortmund,25.0,Centre-Back,40000.0,Germany,1.91,Robert Schneider,left,2027.0
193004,Waldemar Anton,Bor. Dortmund,28.0,Centre-Back,18000.0,Germany,1.89,None,right,2028.0
166601,Niklas Süle,Bor. Dortmund,29.0,Centre-Back,8000.0,Germany,1.95,Sports360 GmbH,right,2026.0
883007,Filippo Mané,Bor. Dortmund,20.0,Centre-Back,600.0,Italy,1.88,None,right,2028.0
284732,Ramy Bensebaini,Bor. Dortmund,30.0,Left-Back,7000.0,Algeria,1.87,HCM Sports ...,left,2027.0
579287,Daniel Svensson,Bor. Dortmund,23.0,Left-Back,5500.0,Sweden,1.83,KSM AGENCY,left,2025.0
884820,Almugera Kabar,Bor. Dortmund,18.0,Left-Back,1000.0,Germany,1.86,None,left,2028.0
627228,Yan Couto,Bor. Dortmund,22.0,Right-Back,20000.0,Brazil,1.68,CAA Stellar,right,2030.0
370789,Julian Ryerson,Bor. Dortmund,27.0,Right-Back,20000.0,Norway,1.83,None,right,2028.0
119296,Emre Can,Bor. Dortmund,31.0,Defensive Midfield,7000.0,Germany,1.86,ISM Int. Soccer ...,right,2026.0
244940,Salih Özcan,Bor. Dortmund,27.0,Defensive Midfield,5000.0,Türkiye,1.83,Dirk Hebel,right,2026.0
406640,Felix Nmecha,Bor. Dortmund,24.0,Central Midfield,28000.0,Germany,1.9,None,right,2028.0
659459,Carney Chukwuemeka,Bor. Dortmund,21.0,Central Midfield,15000.0,England,1.88,None,right,2025.0
106987,Marcel Sabitzer,Bor. Dortmund,31.0,Central Midfield,10000.0,Austria,1.78,ROGON,right,2027.0
82873,Pascal Groß,Bor. Dortmund,33.0,Central Midfield,7000.0,Germany,1.81,Excellence Sport,right,2026.0
884810,Kjell Wätjen,Bor. Dortmund,19.0,Central Midfield,2000.0,Germany,1.84,CAA Stellar,right,2028.0
187492,Julian Brandt,Bor. Dortmund,29.0,Attacking Midfield,25000.0,Germany,1.85,None,right,2026.0
504215,Giovanni Reyna,Bor. Dortmund,22.0,Attacking Midfield,10000.0,United States,1.85,ROOF,right,2026.0
670882,Jamie Gittens,Bor. Dortmund,20.0,Left Winger,50000.0,England,1.78,None,right,2028.0
819215,Julien Duranville,Bor. Dortmund,19.0,Left Winger,8500.0,Belgium,1.73,None,right,None
496094,Karim Adeyemi,Bor. Dortmund,23.0,Right Winger,40000.0,Germany,1.8,ROOF,left,2027.0
866579,Cole Campbell,Bor. Dortmund,19.0,Right Winger,1500.0,United States,1.7,None,left,2028.0
270541,Serhou Guirassy,Bor. Dortmund,29.0,Centre-Forward,40000.0,Guinea,1.87,None,right,2028.0
578392,Maximilian Beier,Bor. Dortmund,22.0,Centre-Forward,25000.0,Germany,1.85,WINS,right,2029.0
195778,Alexander Nübel,VfB Stuttgart,28.0,Goalkeeper,12000.0,Germany,1.93,None,right,2026.0
800946,Dennis Seimen,VfB Stuttgart,19.0,Goalkeeper,1500.0,Germany,1.92,ROGON,left,2029.0
187624,Fabian Bredlow,VfB Stuttgart,30.0,Goalkeeper,1000.0,Germany,1.9,SEG,both,2026.0
388067,Stefan Drljaca,VfB Stuttgart,26.0,Goalkeeper,325.0,Germany,1.92,CORESPORT,right,2027.0
303219,Jeff Chabot,VfB Stuttgart,27.0,Centre-Back,12000.0,Germany,1.95,Wasserman,left,2028.0
924117,Finn Jeltsch,VfB Stuttgart,18.0,Centre-Back,12000.0,Germany,1.88,Match2gether,right,2030.0
620598,Ameen Al-Dakhil,VfB Stuttgart,23.0,Centre-Back,7500.0,Belgium,1.87,None,right,2028.0
539798,Luca Jaquez,VfB Stuttgart,21.0,Centre-Back,6000.0,Switzerland,1.87,sportsfamilyoffice,right,2029.0
344598,Dan-Axel Zagadou,VfB Stuttgart,25.0,Centre-Back,6000.0,France,1.96,None,left,2026.0
948537,Anrie Chase,VfB Stuttgart,21.0,Centre-Back,4000.0,Japan,1.88,None,right,None
282660,Maximilian Mittelstädt,VfB Stuttgart,28.0,Left-Back,20000.0,Germany,1.8,Sports360 GmbH,left,2028.0
436064,Ramon Hendriks,VfB Stuttgart,23.0,Left-Back,5000.0,Netherlands,1.89,Forza Sports Group,left,2028.0
448258,Josha Vagnoman,VfB Stuttgart,24.0,Right-Back,12000.0,Germany,1.9,FTC,right,2026.0
507345,Leonidas Stergiou,VfB Stuttgart,23.0,Right-Back,5000.0,Switzerland,1.81,ONEANDTEN,right,2028.0
195246,Pascal Stenzel,VfB Stuttgart,29.0,Right-Back,2500.0,Germany,1.83,Unique Sports Group,right,2026.0
443710,Angelo Stiller,VfB Stuttgart,24.0,Defensive Midfield,38000.0,Germany,1.83,Sports360 GmbH,left,2028.0
232320,Atakan Karazor,VfB Stuttgart,28.0,Defensive Midfield,12000.0,Türkiye,1.91,None,right,2028.0
342039,Yannik Keitel,VfB Stuttgart,25.0,Defensive Midfield,3500.0,Germany,1.86,Unique Sports Group,both,2028.0
400546,Nikolas Nartey,VfB Stuttgart,25.0,Central Midfield,400.0,Denmark,1.86,None,left,2025.0
569366,Enzo Millot,VfB Stuttgart,22.0,Attacking Midfield,35000.0,France,1.75,None,left,2028.0
272278,Chris Führich,VfB Stuttgart,27.0,Left Winger,18000.0,Germany,1.81,KL Sportsbase,right,2028.0
293281,Jacob Bruun Larsen,VfB Stuttgart,26.0,Left Winger,6000.0,Denmark,1.83,None,right,2027.0
720162,Justin Diehl,VfB Stuttgart,20.0,Left Winger,3500.0,Germany,1.74,None,right,2029.0
518505,Jamie Leweling,VfB Stuttgart,24.0,Right Winger,20000.0,Germany,1.85,None,both,2029.0
507341,Fabian Rieder,VfB Stuttgart,23.0,Right Winger,7000.0,Switzerland,1.79,Wasserman,left,2025.0
907489,Luca Raimund,VfB Stuttgart,20.0,Right Winger,500.0,Germany,1.88,None,left,2026.0
455661,Nick Woltemade,VfB Stuttgart,23.0,Second Striker,17000.0,Germany,1.98,None,right,2028.0
335457,Ermedin Demirovic,VfB Stuttgart,27.0,Centre-Forward,22000.0,Bosnia-Herzegovina,1.85,ROOF,right,2028.0
339314,Deniz Undav,VfB Stuttgart,28.0,Centre-Forward,22000.0,Germany,1.79,Tenet Football,both,2027.0
649016,El Bilal Touré,VfB Stuttgart,23.0,Centre-Forward,17000.0,Mali,1.85,None,both,2025.0
610431,Wahid Faghir,VfB Stuttgart,21.0,Centre-Forward,1000.0,Denmark,1.86,BTAM,right,2026.0
675565,Thomas Kastanaras,VfB Stuttgart,22.0,Centre-Forward,500.0,Germany,1.86,Wasserman,"
                            Jul 1, 2022                        ",2026.0
45672,Kevin Trapp,E. Frankfurt,34.0,Goalkeeper,3000.0,Germany,1.89,Sports360 GmbH,right,2026.0
997861,Kauã Santos,E. Frankfurt,22.0,Goalkeeper,2500.0,Brazil,1.98,None,right,2030.0
40034,Jens Grahl,E. Frankfurt,36.0,Goalkeeper,200.0,Germany,1.92,None,right,2026.0
368891,Arthur Theate,E. Frankfurt,24.0,Centre-Back,24000.0,Belgium,1.85,None,left,2029.0
328784,Robin Koch,E. Frankfurt,28.0,Centre-Back,18000.0,Germany,1.92,WINS,right,2027.0
546213,Tuta,E. Frankfurt,25.0,Centre-Back,15000.0,Brazil,1.85,SB SPORT,right,2026.0
684315,Nnamdi Collins,E. Frankfurt,21.0,Centre-Back,10000.0,Germany,1.91,WINS,right,2030.0
635645,Aurèle Amenda,E. Frankfurt,21.0,Centre-Back,7500.0,Switzerland,1.97,Signature - ISCM AG,right,2029.0
691892,Nathaniel Brown,E. Frankfurt,21.0,Left-Back,15000.0,Germany,1.8,None,left,2030.0
591193,Niels Nkounkou,E. Frankfurt,24.0,Left-Back,5000.0,France,1.8,None,left,2028.0
369684,Rasmus Kristensen,E. Frankfurt,27.0,Right-Back,10000.0,Denmark,1.87,BTAM,right,2025.0
49723,Timothy Chandler,E. Frankfurt,35.0,Right-Back,350.0,United States,1.87,Sports eXcellence ...,right,2026.0
290587,Ellyes Skhiri,E. Frankfurt,30.0,Defensive Midfield,9000.0,Tunisia,1.85,CAA Stellar,right,2027.0
931838,Hugo Larsson,E. Frankfurt,20.0,Central Midfield,40000.0,Sweden,1.87,HCM Sports ...,right,2029.0
846310,Oscar Højlund,E. Frankfurt,20.0,Central Midfield,7500.0,Denmark,1.87,FConsult,right,2029.0
191422,Mahmoud Dahoud,E. Frankfurt,29.0,Central Midfield,5000.0,Syria,1.78,ISM Int. Soccer ...,right,2026.0
536482,Junior Dina Ebimbe,E. Frankfurt,24.0,Right Midfield,7000.0,France,1.84,ROGON,right,2027.0
816585,Can Uzun,E. Frankfurt,19.0,Attacking Midfield,18000.0,Türkiye,1.86,WINS,right,2029.0
855015,Farès Chaïbi,E. Frankfurt,22.0,Attacking Midfield,9000.0,Algeria,1.83,None,right,2028.0
74842,Mario Götze,E. Frankfurt,32.0,Attacking Midfield,5000.0,Germany,1.76,Sports360 GmbH,right,2026.0
933217,Krisztián Lisztes,E. Frankfurt,20.0,Attacking Midfield,2000.0,Hungary,1.83,None,right,2029.0
429874,Ansgar Knauff,E. Frankfurt,23.0,Right Winger,10000.0,Germany,1.8,None,right,2028.0
709726,Hugo Ekitiké,E. Frankfurt,22.0,Centre-Forward,55000.0,France,1.9,None,right,2029.0
659542,Elye Wahi,E. Frankfurt,22.0,Centre-Forward,25000.0,France,1.84,None,right,2030.0
605268,Igor Matanovic,E. Frankfurt,22.0,Centre-Forward,6000.0,Croatia,1.94,ROGON,right,2029.0
179184,Michy Batshuayi,E. Frankfurt,31.0,Centre-Forward,5000.0,Belgium,1.85,Sport Cover,right,2027.0
346551,Kamil Grabara,VfL Wolfsburg,26.0,Goalkeeper,14000.0,Poland,1.95,BMG-SPORT,right,None
118161,Marius Müller,VfL Wolfsburg,31.0,Goalkeeper,1500.0,Germany,1.92,Unique Sports Group,right,None
51977,Pavao Pervan,VfL Wolfsburg,37.0,Goalkeeper,300.0,Austria,1.94,None,both,2026.0
192268,Niklas Klinger,VfL Wolfsburg,29.0,Goalkeeper,100.0,Germany,1.87,None,right,2025.0
669380,Konstantinos Koulierakis,VfL Wolfsburg,21.0,Centre-Back,20000.0,Greece,1.88,Prosport ...,left,2029.0
338629,Sebastiaan Bornauw,VfL Wolfsburg,26.0,Centre-Back,7000.0,Belgium,1.91,None,right,2026.0
239962,Denis Vavro,VfL Wolfsburg,29.0,Centre-Back,7000.0,Slovakia,1.89,None,right,2025.0
897423,David Odogu,VfL Wolfsburg,18.0,Centre-Back,700.0,Germany,1.91,WINS,right,None
1075579,Mathys Angély,VfL Wolfsburg,18.0,Centre-Back,600.0,France,1.9,None,left,None
369674,Joakim Maehle,VfL Wolfsburg,28.0,Left-Back,14000.0,Denmark,1.85,BTAM,right,2027.0
401527,Rogério,VfL Wolfsburg,27.0,Left-Back,3500.0,Brazil,1.78,None,left,2027.0
391005,Mads Roerslev,VfL Wolfsburg,25.0,Right-Back,8000.0,Denmark,1.84,BTAM,right,2025.0
435796,Kilian Fischer,VfL Wolfsburg,24.0,Right-Back,6000.0,Germany,1.82,Robert Schneider,both,2027.0
342405,Mattias Svanberg,VfL Wolfsburg,26.0,Central Midfield,12000.0,Sweden,1.85,HCM Sports ...,right,2027.0
503881,Aster Vranckx,VfL Wolfsburg,22.0,Central Midfield,9000.0,Belgium,1.83,None,right,2029.0
117674,Maximilian Arnold,VfL Wolfsburg,30.0,Central Midfield,7000.0,Germany,1.84,Karl M. Herzog ...,left,2026.0
119277,Yannick Gerhardt,VfL Wolfsburg,31.0,Central Midfield,3000.0,Germany,1.84,None,left,None
711517,Kevin Paredes,VfL Wolfsburg,22.0,Left Midfield,7500.0,United States,1.75,Shot Sports,left,2026.0
387106,Lovro Majer,VfL Wolfsburg,27.0,Attacking Midfield,20000.0,Croatia,1.78,Niagara Sports ...,left,2028.0
789252,Bence Dárdai,VfL Wolfsburg,19.0,Attacking Midfield,9000.0,Hungary,1.89,PRO Profil GmbH,right,None
897479,Bennit Bröger,Wolfsburg U19,18.0,Attacking Midfield,500.0,Germany,1.81,CAA Stellar,"
                            Jul 1, 2023                        ",2025.0
407098,Jakub Kaminski,VfL Wolfsburg,22.0,Left Winger,6000.0,Poland,1.79,BMG-SPORT,right,2027.0
432982,Andreas Skov Olsen,VfL Wolfsburg,25.0,Right Winger,16000.0,Denmark,1.87,None,left,2029.0
533295,Patrick Wimmer,VfL Wolfsburg,23.0,Right Winger,15000.0,Austria,1.82,More than Sport GmbH,right,2027.0
746910,Mohamed Amoura,VfL Wolfsburg,25.0,Centre-Forward,32000.0,Algeria,1.7,None,right,2029.0
391004,Jonas Wind,VfL Wolfsburg,26.0,Centre-Forward,15000.0,Denmark,1.9,ROOF,right,2026.0
616344,Tiago Tomás,VfL Wolfsburg,22.0,Centre-Forward,12000.0,Portugal,1.8,Proeleven S.A.,right,2027.0
314288,Lukas Nmecha,VfL Wolfsburg,26.0,Centre-Forward,3000.0,Germany,1.85,Sports360 GmbH,right,2025.0
117432,Kevin Behrens,VfL Wolfsburg,34.0,Centre-Forward,1500.0,Germany,1.85,None,both,2025.0
535551,Bartosz Bialek,VfL Wolfsburg,23.0,Centre-Forward,800.0,Poland,1.91,BMG-SPORT,right,2025.0
55089,Oliver Baumann,TSG Hoffenheim,34.0,Goalkeeper,3000.0,Germany,1.87,CN Sports,right,2026.0
432671,Luca Philipp,TSG Hoffenheim,24.0,Goalkeeper,750.0,Germany,1.92,Unique Sports Group,"
                            Jul 31, 2020                        ",2025.0
203411,Jakob Busk,TSG Hoffenheim,31.0,Goalkeeper,250.0,Denmark,1.89,None,right,2025.0
718460,Lúkas Petersson,TSG Hoffenheim,21.0,Goalkeeper,150.0,Iceland,1.95,None,"
                            Jul 1, 2024                        ",2027.0
361260,Ozan Kabak,TSG Hoffenheim,25.0,Centre-Back,7500.0,Türkiye,1.87,F-F SPORT,right,2026.0
367284,Leo Østigård,TSG Hoffenheim,25.0,Centre-Back,7000.0,Norway,1.83,Solbakken / Player ...,right,2025.0
875332,Arthur Chaves,TSG Hoffenheim,24.0,Centre-Back,3000.0,Brazil,1.88,None,right,None
160241,Kevin Akpoguma,TSG Hoffenheim,30.0,Centre-Back,2500.0,Nigeria,1.92,Unique Sports Group,right,2026.0
371141,Stanley Nsoki,TSG Hoffenheim,26.0,Centre-Back,2500.0,France,1.84,None,left,2027.0
500054,David Jurásek,TSG Hoffenheim,24.0,Left-Back,7000.0,Czech Republic,1.83,None,left,2025.0
434116,Alexander Prass,TSG Hoffenheim,23.0,Left-Back,6500.0,Austria,1.8,YOU FIRST,left,2028.0
159844,Christopher Lenz,TSG Hoffenheim,30.0,Left-Back,800.0,Germany,1.8,ROOF,left,2025.0
569387,Valentin Gendrey,TSG Hoffenheim,24.0,Right-Back,8500.0,France,1.79,None,right,None
143798,Pavel Kaderabek,TSG Hoffenheim,33.0,Right-Back,2500.0,Czech Republic,1.82,SPORT INVEST,right,2025.0
344069,Anton Stach,TSG Hoffenheim,26.0,Defensive Midfield,14000.0,Germany,1.94,ROOF,right,2027.0
315604,Diadié Samassékou,TSG Hoffenheim,29.0,Defensive Midfield,1000.0,Mali,1.77,Global Talent,right,2025.0
822959,Tom Bischof,TSG Hoffenheim,19.0,Central Midfield,25000.0,Germany,1.76,Sports360 GmbH,left,2025.0
569031,Umut Tohumcu,TSG Hoffenheim,20.0,Central Midfield,7000.0,Germany,1.75,ROGON,right,2028.0
234029,Grischa Prömel,TSG Hoffenheim,30.0,Central Midfield,4500.0,Germany,1.84,Unique Sports Group,right,2026.0
251309,Dennis Geiger,TSG Hoffenheim,26.0,Central Midfield,3000.0,Germany,1.73,None,right,2027.0
334999,Finn Becker,TSG Hoffenheim,24.0,Central Midfield,2000.0,Germany,1.77,Sports360 GmbH,left,2026.0
808664,Florian Micheler,TSG Hoffenheim,20.0,Central Midfield,500.0,Austria,1.85,YOU FIRST,right,2026.0
46580,Andrej Kramaric,TSG Hoffenheim,33.0,Attacking Midfield,4000.0,Croatia,1.77,None,right,2026.0
116088,Marius Bülter,TSG Hoffenheim,32.0,Left Winger,2500.0,Germany,1.88,None,right,2026.0
552057,Adam Hlozek,TSG Hoffenheim,22.0,Second Striker,18000.0,Czech Republic,1.88,Int. Sport ...,right,2029.0
1018259,Gift Orban,TSG Hoffenheim,22.0,Centre-Forward,10000.0,Nigeria,1.78,Aneke/PMG,right,2029.0
923595,Max Moerstedt,TSG Hoffenheim,19.0,Centre-Forward,7000.0,Germany,1.94,Sports360 GmbH,right,2027.0
203123,Haris Tabakovic,TSG Hoffenheim,30.0,Centre-Forward,3000.0,Bosnia-Herzegovina,1.94,None,right,2027.0
618898,Erencan Yardımcı,TSG Hoffenheim,23.0,Centre-Forward,3000.0,Türkiye,1.88,ROGON,right,None
237164,Ihlas Bebou,TSG Hoffenheim,31.0,Centre-Forward,2800.0,Togo,1.85,None,right,2026.0
974894,David Mokwa,TSG Hoffenheim,21.0,Centre-Forward,1000.0,France,1.8,None,right,2027.0
526845,Noah Atubolu,SC Freiburg,22.0,Goalkeeper,15000.0,Germany,1.9,Unique Sports Group,right,None
284769,Florian Müller,SC Freiburg,27.0,Goalkeeper,1200.0,Germany,1.9,PRO Profil GmbH,left,None
160954,Jannik Huth,SC Freiburg,31.0,Goalkeeper,400.0,Germany,1.85,Sports360 GmbH,right,None
225657,Philipp Lienhart,SC Freiburg,28.0,Centre-Back,15000.0,Austria,1.89,YOU FIRST,right,None
124502,Matthias Ginter,SC Freiburg,31.0,Centre-Back,8000.0,Germany,1.89,Unique Sports Group,right,2027.0
599419,Max Rosenfelder,SC Freiburg,22.0,Centre-Back,4000.0,Germany,1.86,Unique Sports Group,right,None
863759,Bruno Ogbus,SC Freiburg,19.0,Centre-Back,1000.0,Switzerland,1.85,Sports360 GmbH,right,None
45683,Manuel Gulde,SC Freiburg,34.0,Centre-Back,800.0,Germany,1.84,Unique Sports Group,right,None
93707,Christian Günter,SC Freiburg,32.0,Left-Back,4000.0,Germany,1.84,Unique Sports Group,left,None
815078,Jordy Makengo,SC Freiburg,23.0,Left-Back,3000.0,France,1.91,BS Group - BS Law,left,None
548348,Kiliann Sildillia,SC Freiburg,23.0,Right-Back,10000.0,France,1.86,None,right,2026.0
93604,Lukas Kübler,SC Freiburg,32.0,Right-Back,2000.0,Germany,1.82,ROOF,right,None
55099,Nicolas Höfler,SC Freiburg,35.0,Defensive Midfield,700.0,Germany,1.81,None,right,None
190284,Maximilian Eggestein,SC Freiburg,28.0,Central Midfield,10000.0,Germany,1.81,ROOF,right,None
443331,Patrick Osterhage,SC Freiburg,25.0,Central Midfield,8500.0,Germany,1.86,None,left,None
927353,Johan Manzambi,SC Freiburg,19.0,Central Midfield,750.0,Switzerland,1.82,Gold Kick SA,right,2028.0
608832,Merlin Röhl,SC Freiburg,22.0,Attacking Midfield,12000.0,Germany,1.92,None,right,None
272587,Daniel-Kofi Kyereh,SC Freiburg,29.0,Attacking Midfield,1500.0,Ghana,1.79,Alfaria sports GmbH,right,None
342967,Niklas Beste,SC Freiburg,26.0,Left Winger,10000.0,Germany,1.75,CAA Stellar,left,2030.0
185077,Vincenzo Grifo,SC Freiburg,32.0,Left Winger,7500.0,Italy,1.8,ROOF,right,None
337036,Florent Muslija,SC Freiburg,26.0,Left Winger,2000.0,Kosovo,1.72,None,right,2028.0
358504,Ritsu Doan,SC Freiburg,26.0,Right Winger,22000.0,Japan,1.72,CAA Stellar,left,2027.0
645774,Eren Dinkçi,SC Freiburg,23.0,Right Winger,12000.0,Türkiye,1.88,None,right,None
143891,Maximilian Philipp,SC Freiburg,31.0,Second Striker,1000.0,Germany,1.83,Unique Sports Group,right,None
452477,Junior Adamu,SC Freiburg,23.0,Centre-Forward,6000.0,Austria,1.83,Sports360 GmbH,right,None
120205,Michael Gregoritsch,SC Freiburg,31.0,Centre-Forward,4000.0,Austria,1.93,YOU FIRST,left,2026.0
248999,Lucas Höler,SC Freiburg,30.0,Centre-Forward,3500.0,Germany,1.84,Unique Sports Group,right,None
160963,Robin Zentner,1.FSV Mainz 05,30.0,Goalkeeper,4000.0,Germany,1.95,None,right,2028.0
90317,Daniel Batz,1.FSV Mainz 05,34.0,Goalkeeper,350.0,Germany,1.91,Soccer and more,both,2026.0
490609,Lasse Rieß,1.FSV Mainz 05,23.0,Goalkeeper,200.0,Germany,1.92,ROOF,right,2027.0
460245,Moritz Jenz,1.FSV Mainz 05,26.0,Centre-Back,6000.0,Germany,1.9,Sports360 GmbH,right,2025.0
370683,Andreas Hanche-Olsen,1.FSV Mainz 05,28.0,Centre-Back,6000.0,Norway,1.85,Nordic Sky,right,2026.0
334207,Maxim Leitsch,1.FSV Mainz 05,27.0,Centre-Back,2000.0,Germany,1.89,Sports360 GmbH,left,2026.0
85906,Danny da Costa,1.FSV Mainz 05,31.0,Centre-Back,1500.0,Germany,1.87,Sports360 GmbH,right,2026.0
82350,Stefan Bell,1.FSV Mainz 05,33.0,Centre-Back,800.0,Germany,1.92,None,right,2026.0
934317,Maxim Dal,FSV Mainz 05 II,19.0,Centre-Back,150.0,Germany,1.88,SEG,left,2027.0
127573,Phillipp Mwene,1.FSV Mainz 05,31.0,Left-Back,1800.0,Austria,1.7,Unique Sports Group,right,2026.0
168989,Silvan Widmer,1.FSV Mainz 05,32.0,Right-Back,1500.0,Switzerland,1.83,None,right,2026.0
601143,Nikolas Veratschnig,1.FSV Mainz 05,22.0,Right-Back,800.0,Austria,1.8,YOU FIRST,right,2028.0
643574,Kaishu Sano,1.FSV Mainz 05,24.0,Defensive Midfield,17000.0,Japan,1.76,UDN SPORTS,right,2028.0
392710,Lennard Maloney,1.FSV Mainz 05,25.0,Defensive Midfield,5000.0,United States,1.88,None,right,2028.0
118847,Dominik Kohr,1.FSV Mainz 05,31.0,Defensive Midfield,3500.0,Germany,1.83,Sports360 GmbH,right,2028.0
232454,Nadiem Amiri,1.FSV Mainz 05,28.0,Central Midfield,18000.0,Germany,1.8,None,right,2028.0
453016,Anthony Caci,1.FSV Mainz 05,27.0,Right Midfield,10000.0,France,1.84,BS Group - BS Law,right,2026.0
503160,Paul Nebel,1.FSV Mainz 05,22.0,Attacking Midfield,17000.0,Germany,1.69,PRO Profil GmbH,both,2027.0
562948,Hyun-seok Hong,1.FSV Mainz 05,25.0,Attacking Midfield,3500.0,"Korea, South",1.77,Apertura Sports GmbH,left,2028.0
314398,Jae-sung Lee,1.FSV Mainz 05,32.0,Attacking Midfield,2500.0,"Korea, South",1.8,Unique Sports Group,left,2026.0
324811,Arnaud Nordin,1.FSV Mainz 05,26.0,Right Winger,6000.0,France,1.7,One Team Football,both,2028.0
569033,Armindo Sieb,1.FSV Mainz 05,22.0,Second Striker,4000.0,Germany,1.75,Sport Business ...,both,2026.0
333647,Jonathan Burkardt,1.FSV Mainz 05,24.0,Centre-Forward,35000.0,Germany,1.83,PRO Profil GmbH,right,2027.0
796213,Nelson Weiper,1.FSV Mainz 05,20.0,Centre-Forward,6000.0,Germany,1.92,None,right,2025.0
247915,Jonas Omlin,Bor. M'gladbach,31.0,Goalkeeper,2500.0,Switzerland,1.9,Signature - ISCM AG,right,2027.0
31653,Tobias Sippel,Bor. M'gladbach,37.0,Goalkeeper,300.0,Germany,1.83,None,right,2025.0
926301,Tiago Pereira Cardoso,Bor. M'gladbach,19.0,Goalkeeper,300.0,Luxembourg,1.9,Wasserman,right,None
355816,Ko Itakura,Bor. M'gladbach,28.0,Centre-Back,12000.0,Japan,1.88,None,right,2026.0
192635,Nico Elvedi,Bor. M'gladbach,28.0,Centre-Back,8000.0,Switzerland,1.89,None,right,2027.0
724104,Fabio Chiarodia,Bor. M'gladbach,19.0,Centre-Back,2000.0,Italy,1.86,Sports360 GmbH,left,2027.0
787151,Lukas Ullrich,Bor. M'gladbach,21.0,Left-Back,8000.0,Germany,1.8,SEG,left,2027.0
524285,Luca Netz,Bor. M'gladbach,22.0,Left-Back,7000.0,Germany,1.84,WINS,left,2026.0
504153,Joe Scally,Bor. M'gladbach,22.0,Right-Back,10000.0,United States,1.84,Sports360 GmbH,right,2027.0
85791,Stefan Lainer,Bor. M'gladbach,32.0,Right-Back,1800.0,Austria,1.75,ROOF,right,2026.0
196792,Julian Weigl,Bor. M'gladbach,29.0,Defensive Midfield,6000.0,Germany,1.86,Sports360 GmbH,right,2028.0
467434,Rocco Reitz,Bor. M'gladbach,22.0,Central Midfield,15000.0,Germany,1.76,Sports360 GmbH,right,2028.0
388409,Philipp Sander,Bor. M'gladbach,27.0,Central Midfield,4000.0,Germany,1.86,Tenet Football,both,2028.0
278332,Florian Neuhaus,Bor. M'gladbach,28.0,Central Midfield,3500.0,Germany,1.85,CN Sports,right,2027.0
106872,Kevin Stöger,Bor. M'gladbach,31.0,Attacking Midfield,4500.0,Austria,1.75,None,left,2027.0
284010,Robin Hack,Bor. M'gladbach,26.0,Left Winger,10000.0,Germany,1.78,CN Sports,right,2029.0
586659,Yvandro Borges Sanches,Bor. M'gladbach,20.0,Left Winger,500.0,Luxembourg,1.8,Wasserman,right,2026.0
229006,Franck Honorat,Bor. M'gladbach,28.0,Right Winger,12000.0,France,1.8,None,right,2028.0
629588,Nathan Ngoumou,Bor. M'gladbach,25.0,Right Winger,4000.0,Cameroon,1.85,None,right,2027.0
193033,Tim Kleindienst,Bor. M'gladbach,29.0,Centre-Forward,17000.0,Germany,1.94,Robert Schneider,both,2028.0
167329,Alassane Pléa,Bor. M'gladbach,32.0,Centre-Forward,6000.0,France,1.81,None,right,2026.0
544148,Tomas Cvancara,Bor. M'gladbach,24.0,Centre-Forward,4000.0,Czech Republic,1.9,Nehoda Sport,right,2028.0
1073997,Shio Fukuda,Bor. M'gladbach,21.0,Centre-Forward,500.0,Japan,1.78,None,right,2027.0
196813,Michael Zetterer,Werder Bremen,29.0,Goalkeeper,4500.0,Germany,1.87,None,both,2027.0
99451,Markus Kolke,Werder Bremen,34.0,Goalkeeper,300.0,Germany,1.87,None,right,None
156990,Marco Friedl,Werder Bremen,27.0,Centre-Back,10000.0,Austria,1.87,YOU FIRST,left,2028.0
162434,Niklas Stark,Werder Bremen,30.0,Centre-Back,5000.0,Germany,1.9,Sports360 GmbH,right,2026.0
334221,Amos Pieper,Werder Bremen,27.0,Centre-Back,3000.0,Germany,1.92,Sports360 GmbH,right,2026.0
202228,Milos Veljkovic,Werder Bremen,29.0,Centre-Back,3000.0,Serbia,1.88,LIAN Sports Group,right,2025.0
830108,Julián Malatini,Werder Bremen,23.0,Centre-Back,3000.0,Argentina,1.91,SP,right,None
58995,Anthony Jung,Werder Bremen,33.0,Centre-Back,1000.0,Germany,1.86,CAA Stellar,left,2025.0
391780,Derrick Köhn,Werder Bremen,26.0,Left-Back,6000.0,Germany,1.8,None,left,2025.0
393512,Felix Agu,Werder Bremen,25.0,Left-Back,6000.0,Germany,1.8,None,right,2027.0
649452,Issa Kaboré,Werder Bremen,24.0,Right-Back,6000.0,Burkina Faso,1.8,Team Raiola,right,2025.0
119211,Mitchell Weiser,Werder Bremen,31.0,Right-Back,5000.0,Germany,1.77,CN Sports,right,None
338668,Senne Lynen,Werder Bremen,26.0,Defensive Midfield,9000.0,Belgium,1.85,None,right,None
855134,Skelly Alvero,Werder Bremen,23.0,Defensive Midfield,3000.0,France,2.02,None,right,2028.0
289835,Jens Stage,Werder Bremen,28.0,Central Midfield,12000.0,Denmark,1.87,CMA Group,right,None
93844,Leonardo Bittencourt,Werder Bremen,31.0,Central Midfield,2000.0,Germany,1.71,feel soccer GmbH,right,2026.0
346853,Romano Schmid,Werder Bremen,25.0,Attacking Midfield,15000.0,Austria,1.68,None,right,None
825073,Leon Opitz,Werder Bremen,20.0,Attacking Midfield,600.0,Germany,1.83,None,left,None
391766,Marco Grüll,Werder Bremen,26.0,Left Winger,4000.0,Austria,1.82,Milan ...,both,None
455662,Abdenego Nankishi,Werder Bremen,22.0,Left Winger,450.0,Germany,1.78,None,left,2025.0
596153,Justin Njinmah,Werder Bremen,24.0,Right Winger,7000.0,Germany,1.85,Tenet Football,right,2027.0
125103,Marvin Ducksch,Werder Bremen,31.0,Centre-Forward,7500.0,Germany,1.88,None,right,2026.0
198008,André Silva,Werder Bremen,29.0,Centre-Forward,5000.0,Portugal,1.86,Roc Nation Sports,right,2025.0
701757,Keke Topp,Werder Bremen,21.0,Centre-Forward,4000.0,Germany,1.92,Karl M. Herzog ...,right,2028.0
341317,Oliver Burke,Werder Bremen,28.0,Centre-Forward,1800.0,Scotland,1.88,Wasserman,right,2025.0
251299,Finn Dahmen,FC Augsburg,27.0,Goalkeeper,6000.0,Germany,1.86,CN Sports,right,2027.0
610190,Nediljko Labrovic,FC Augsburg,25.0,Goalkeeper,3000.0,Croatia,1.96,GreenField,right,2029.0
392124,Daniel Klein,FC Augsburg,24.0,Goalkeeper,150.0,Germany,1.93,Sport Business ...,right,2026.0
569383,Chrislain Matsima,FC Augsburg,23.0,Centre-Back,17000.0,France,1.93,Classico,right,2029.0
413843,Keven Schlotterbeck,FC Augsburg,28.0,Centre-Back,7000.0,Germany,1.88,Robert Schneider,left,2027.0
923945,Noahkai Banks,FC Augsburg,18.0,Centre-Back,6000.0,United States,1.93,Karl M. Herzog ...,right,2027.0
382478,Cédric Zesiger,FC Augsburg,26.0,Centre-Back,5500.0,Switzerland,1.94,Wasserman,left,2025.0
106405,Jeffrey Gouweleeuw,FC Augsburg,33.0,Centre-Back,1500.0,Netherlands,1.88,SEG,right,2026.0
314295,Reece Oxford,FC Augsburg,26.0,Centre-Back,500.0,England,1.9,None,right,2025.0
295630,Dimitrios Giannoulis,FC Augsburg,29.0,Left-Back,2800.0,Greece,1.78,None,left,2028.0
288429,Mads Pedersen,FC Augsburg,28.0,Left-Back,2500.0,Denmark,1.78,Nordic Sky,left,2027.0
193900,Marius Wolf,FC Augsburg,29.0,Right-Back,3000.0,Germany,1.88,ROGON,right,2027.0
353826,Robert Gumny,FC Augsburg,26.0,Right-Back,2000.0,Poland,1.82,Fabryka Futbolu,right,2025.0
515624,Henri Koudossou,FC Augsburg,25.0,Right-Back,1500.0,Germany,1.8,Match2gether,both,2026.0
374954,Kristijan Jakic,FC Augsburg,28.0,Defensive Midfield,6500.0,Croatia,1.84,None,right,2028.0
730486,Mahmut Kücüksahin,FC Augsburg,21.0,Defensive Midfield,175.0,Türkiye,1.82,MvK Sports,"
                            Jul 17, 2024                        ",2027.0
421637,Frank Onyeka,FC Augsburg,27.0,Central Midfield,7000.0,Nigeria,1.83,HCM Sports ...,right,2025.0
296397,Arne Maier,FC Augsburg,26.0,Central Midfield,4000.0,Germany,1.86,WINS,right,2026.0
280575,Elvis Rexhbecaj,FC Augsburg,27.0,Central Midfield,3500.0,Kosovo,1.82,None,left,2026.0
384593,Alexis Claude-Maurice,FC Augsburg,26.0,Attacking Midfield,12000.0,France,1.76,Sport Cover,right,2027.0
777005,Mert Kömür,FC Augsburg,19.0,Attacking Midfield,5000.0,Germany,1.83,None,both,2027.0
249157,Fredrik Jensen,FC Augsburg,27.0,Attacking Midfield,3500.0,Finland,1.83,None,right,2025.0
604359,Yusuf Kabadayi,FC Augsburg,21.0,Left Winger,1500.0,Germany,1.86,None,right,2028.0
288340,Phillip Tietz,FC Augsburg,27.0,Centre-Forward,5000.0,Germany,1.9,None,right,2027.0
307924,Mergim Berisha,FC Augsburg,27.0,Centre-Forward,5000.0,Germany,1.88,CAA Stellar,right,2025.0
395522,Samuel Essende,FC Augsburg,27.0,Centre-Forward,4500.0,DR Congo,1.93,None,right,2028.0
238639,Steve Mounié,FC Augsburg,30.0,Centre-Forward,3000.0,Benin,1.89,None,right,2027.0
107775,Frederik Rönnow,Union Berlin,32.0,Goalkeeper,4000.0,Denmark,1.88,BTAM,right,None
93763,Alexander Schwolow,Union Berlin,32.0,Goalkeeper,700.0,Germany,1.9,feel soccer GmbH,right,2025.0
161057,Carl Klaus,Union Berlin,31.0,Goalkeeper,350.0,Germany,1.89,None,right,None
357156,Diogo Leite,Union Berlin,26.0,Centre-Back,17000.0,Portugal,1.9,None,left,None
387047,Danilho Doekhi,Union Berlin,26.0,Centre-Back,13000.0,Suriname,1.9,Wasserman,right,2026.0
597432,Leopold Querfeld,Union Berlin,21.0,Centre-Back,7000.0,Austria,1.9,ROOF,right,None
84435,Kevin Vogt,Union Berlin,33.0,Centre-Back,2000.0,Germany,1.94,ROOF,right,None
798043,Tom Rothe,Union Berlin,20.0,Left-Back,10000.0,Germany,1.93,Wasserman,left,None
127076,Jérôme Roussillon,Union Berlin,32.0,Left-Back,1200.0,Guadeloupe,1.75,None,left,2025.0
362977,Josip Juranovic,Union Berlin,29.0,Right-Back,4000.0,Croatia,1.73,None,right,2027.0
75921,Christopher Trimmel,Union Berlin,38.0,Right-Back,600.0,Austria,1.89,ROOF,right,2026.0
692737,Aljoscha Kemlein,Union Berlin,20.0,Defensive Midfield,7000.0,Germany,1.87,None,right,None
353948,Lucas Tousart,Union Berlin,28.0,Defensive Midfield,4000.0,France,1.84,None,right,None
124410,Rani Khedira,Union Berlin,31.0,Defensive Midfield,3000.0,Germany,1.89,None,right,None
454863,András Schäfer,Union Berlin,26.0,Central Midfield,5000.0,Hungary,1.78,None,right,None
243188,László Bénes,Union Berlin,27.0,Central Midfield,4000.0,Slovakia,1.81,ROOF,left,None
177779,Janik Haberer,Union Berlin,31.0,Central Midfield,2500.0,Germany,1.87,Unique Sports Group,right,2027.0
270393,Robert Skov,Union Berlin,29.0,Left Midfield,4000.0,Denmark,1.85,Elite Sports ...,left,None
297583,Woo-yeong Jeong,Union Berlin,25.0,Attacking Midfield,4000.0,"Korea, South",1.79,Apertura Sports GmbH,right,2025.0
745075,David Preu,Union Berlin,20.0,Left Winger,25.0,Germany,1.72,None,right,2025.0
287920,Tim Skarke,Union Berlin,28.0,Right Winger,2500.0,Germany,1.81,Unique Sports Group,right,None
453870,Benedict Hollerbach,Union Berlin,24.0,Centre-Forward,7500.0,Germany,1.81,PRO Profil GmbH,right,None
838236,Marin Ljubicic,Union Berlin,23.0,Centre-Forward,4000.0,Croatia,1.83,Stars & Friends,right,None
583699,Andrej Ilic,Union Berlin,25.0,Centre-Forward,2500.0,Serbia,1.89,None,right,2025.0
82009,Kevin Volland,Union Berlin,32.0,Centre-Forward,1800.0,Germany,1.79,Unique Sports Group,left,2026.0
340700,Ivan Prtajin,Union Berlin,29.0,Centre-Forward,1500.0,Croatia,1.89,VPA SPORTS ...,right,2027.0
43824,Kevin Müller,Heidenheim,34.0,Goalkeeper,1000.0,Germany,1.9,KL Sportsbase,right,2027.0
806948,Frank Feller,Heidenheim,21.0,Goalkeeper,500.0,Germany,1.83,None,right,2029.0
57796,Vitus Eicher,Heidenheim,34.0,Goalkeeper,250.0,Germany,1.91,PRO Profil GmbH,left,2025.0
519035,Paul Tschernuth,Heidenheim,23.0,Goalkeeper,100.0,Austria,1.86,B360 Sports,left,2027.0
227084,Benedikt Gimber,Heidenheim,28.0,Centre-Back,3000.0,Germany,1.87,None,left,2028.0
133731,Patrick Mainka,Heidenheim,30.0,Centre-Back,3000.0,Germany,1.94,None,right,2027.0
337092,Tim Siersleben,Heidenheim,25.0,Centre-Back,1500.0,Germany,1.87,Ballarbeit,left,2026.0
485747,Thomas Keller,Heidenheim,25.0,Centre-Back,300.0,Germany,1.86,B360 Sports,right,2028.0
192169,Jonas Föhrenbach,Heidenheim,29.0,Left-Back,2000.0,Germany,1.84,Unique Sports Group,left,2027.0
388294,Omar Traoré,Heidenheim,27.0,Right-Back,4000.0,Germany,1.87,Niagara Sports ...,right,2026.0
117478,Marnon Busch,Heidenheim,30.0,Right-Back,1200.0,Germany,1.82,None,right,2027.0
251302,Niklas Dorsch,Heidenheim,27.0,Defensive Midfield,3500.0,Germany,1.78,AVENT SPORTS ...,right,2028.0
530173,Julian Niehues,Heidenheim,24.0,Defensive Midfield,1500.0,Germany,1.95,None,right,2027.0
825971,Luka Janes,Heidenheim,21.0,Defensive Midfield,200.0,Germany,1.83,None,right,2028.0
31599,Norman Theuerkauf,Heidenheim,38.0,Defensive Midfield,175.0,Germany,1.83,None,left,2025.0
581357,Jan Schöppner,Heidenheim,25.0,Central Midfield,4500.0,Germany,1.9,KL Sportsbase,right,2028.0
809498,Luca Kerber,Heidenheim,23.0,Central Midfield,1300.0,Germany,1.84,Soccer and more,right,2027.0
604320,Frans Krätzig,Heidenheim,22.0,Left Midfield,2000.0,Germany,1.77,ROOF,left,2025.0
900909,Paul Wanner,Heidenheim,19.0,Attacking Midfield,18000.0,Germany,1.85,WINS,left,2025.0
273669,Adrian Beck,Heidenheim,27.0,Attacking Midfield,2000.0,Germany,1.86,None,right,2028.0
804219,Leo Scienza,Heidenheim,26.0,Left Winger,3000.0,Brazil,1.75,CM FOOTBALL ...,both,2027.0
283497,Mathias Honsak,Heidenheim,28.0,Left Winger,1500.0,Austria,1.88,HAGMAYR ...,left,2027.0
924339,Christopher Negele,Heidenheim,20.0,Left Winger,250.0,Germany,1.72,Robert Schneider,right,2025.0
307183,Sirlord Conteh,Heidenheim,28.0,Right Winger,1500.0,Germany,1.78,None,right,2027.0
471055,Marvin Pieringer,Heidenheim,25.0,Centre-Forward,5500.0,Germany,1.91,None,right,2027.0
187097,Budu Zivzivadze,Heidenheim,31.0,Centre-Forward,2500.0,Georgia,1.89,Bene-Sport,both,2029.0
584254,Maximilian Breunig,Heidenheim,24.0,Centre-Forward,2000.0,Germany,1.95,Robert Schneider,left,2027.0
394033,Stefan Schimmer,Heidenheim,31.0,Centre-Forward,500.0,Germany,1.85,None,right,2026.0
248454,Nikola Vasilj,FC St. Pauli,29.0,Goalkeeper,3000.0,Bosnia-Herzegovina,1.93,None,right,None
453742,Ben Voll,FC St. Pauli,24.0,Goalkeeper,500.0,Germany,1.95,Soccer and more,both,None
152460,Eric Oelschlägel,FC St. Pauli,29.0,Goalkeeper,300.0,Germany,1.93,Wasserman,right,None
36898,Sascha Burchert,FC St. Pauli,35.0,Goalkeeper,200.0,Germany,1.87,SEG,right,None
333074,Sören Ahlers,FC St. Pauli,27.0,Goalkeeper,50.0,Germany,1.94,None,both,None
292534,Eric Smith,FC St. Pauli,28.0,Centre-Back,5000.0,Sweden,1.92,A.M.A. Sports Agency,right,None
451906,David Nemeth,FC St. Pauli,24.0,Centre-Back,2500.0,Austria,1.91,YOU FIRST,both,None
400131,Siebe Van der Heyden,FC St. Pauli,26.0,Centre-Back,2000.0,Belgium,1.85,None,left,2025.0
154147,Hauke Wahl,FC St. Pauli,31.0,Centre-Back,1500.0,Germany,1.89,None,right,None
139304,Karol Mets,FC St. Pauli,32.0,Centre-Back,1300.0,Estonia,1.91,Signature - ISCM AG,left,2026.0
236966,Adam Dzwigala,FC St. Pauli,29.0,Centre-Back,600.0,Poland,1.85,None,right,None
914890,Muhammad Dahaba,FC St. Pauli,20.0,Centre-Back,125.0,Germany,1.94,None,right,None
335993,Philipp Treu,FC St. Pauli,24.0,Left-Back,5000.0,Germany,1.73,YOU FIRST,right,None
333903,Lars Ritzka,FC St. Pauli,27.0,Left-Back,900.0,Germany,1.85,None,left,None
242661,Manolis Saliakas,FC St. Pauli,28.0,Right-Back,2800.0,Greece,1.77,feel soccer GmbH,right,None
587019,Fin Stevens,FC St. Pauli,22.0,Right-Back,600.0,Wales,1.79,None,right,None
393321,James Sands,FC St. Pauli,24.0,Defensive Midfield,3000.0,United States,1.86,Wasserman,right,2026.0
1003534,Marwin Schmitz,FC St. Pauli,18.0,Defensive Midfield,200.0,Germany,1.8,LEADERBROCK,"
                            Jan 16, 2025                        ",None
690429,Robert Wagner,FC St. Pauli,21.0,Central Midfield,3000.0,Germany,1.81,VIDA 11,right,2025.0
522223,Connor Metcalfe,FC St. Pauli,25.0,Central Midfield,2500.0,Australia,1.83,The Pitch Management,left,None
192557,Jackson Irvine,FC St. Pauli,32.0,Central Midfield,2000.0,Australia,1.89,None,right,None
329373,Carlo Boukhalfa,FC St. Pauli,26.0,Central Midfield,1000.0,Germany,1.86,Unique Sports Group,left,2025.0
501049,Erik Ahlstrand,FC St. Pauli,23.0,Central Midfield,500.0,Sweden,1.84,None,"
                            Jan 27, 2024                        ",None
346499,Danel Sinani,FC St. Pauli,28.0,Attacking Midfield,750.0,Luxembourg,1.85,None,left,None
392163,Noah Weißhaupt,FC St. Pauli,23.0,Left Winger,5000.0,Germany,1.81,PRO Profil GmbH,right,2025.0
526466,Elias Saad,FC St. Pauli,25.0,Left Winger,4000.0,Tunisia,1.85,None,right,None
487850,Oladapo Afolayan,FC St. Pauli,27.0,Right Winger,4000.0,England,1.8,None,right,2026.0
691786,Morgan Guilavogui,FC St. Pauli,27.0,Right Winger,4000.0,Guinea,1.89,None,right,2025.0
596821,Scott Banks,FC St. Pauli,23.0,Right Winger,500.0,Scotland,1.83,None,left,None
251303,Johannes Eggestein,FC St. Pauli,27.0,Centre-Forward,3000.0,Germany,1.83,ROOF,right,2025.0
1280281,Abdoulie Ceesay,FC St. Pauli,21.0,Centre-Forward,500.0,The Gambia,1.85,None,-,None
88647,Andreas Albers,FC St. Pauli,35.0,Centre-Forward,300.0,Denmark,1.93,CMA Group,right,None
79967,Simon Zoller,FC St. Pauli,33.0,Centre-Forward,300.0,Germany,1.79,None,right,None
84938,Timo Horn,VfL Bochum,32.0,Goalkeeper,800.0,Germany,1.92,Sports360 GmbH,left,2026.0
94192,Patrick Drewes,VfL Bochum,32.0,Goalkeeper,800.0,Germany,1.94,None,right,2026.0
452192,Paul Grave,VfL Bochum,24.0,Goalkeeper,50.0,Germany,1.93,None,right,2025.0
364258,Bernardo,VfL Bochum,30.0,Centre-Back,5500.0,Brazil,1.86,None,left,2025.0
696164,Tim Oermann,VfL Bochum,21.0,Centre-Back,5000.0,Germany,1.89,CN Sports,right,2026.0
343959,Erhan Masovic,VfL Bochum,26.0,Centre-Back,3000.0,Serbia,1.89,None,both,2026.0
488755,Jakov Medic,VfL Bochum,26.0,Centre-Back,2000.0,Croatia,1.93,None,right,2025.0
118850,Ivan Ordets,VfL Bochum,32.0,Centre-Back,1800.0,Ukraine,1.95,None,right,2026.0
813730,Mohammed Tolba,VfL Bochum,20.0,Centre-Back,200.0,Germany,1.85,M-Soccermanagement,right,2025.0
274461,Felix Passlack,VfL Bochum,26.0,Right-Back,2500.0,Germany,1.7,None,right,2026.0
121686,Cristian Gamboa,VfL Bochum,35.0,Right-Back,500.0,Costa Rica,1.75,Wasserman,right,2025.0
372712,Ibrahima Sissoko,VfL Bochum,27.0,Defensive Midfield,6000.0,Mali,1.93,None,right,2027.0
111266,Anthony Losilla,VfL Bochum,39.0,Defensive Midfield,500.0,France,1.85,None,right,2025.0
744600,Niklas Jahn,VfL Bochum,20.0,Defensive Midfield,200.0,Germany,1.72,ROOF Talents,right,2027.0
405687,Tom Krauß,VfL Bochum,23.0,Central Midfield,4000.0,Germany,1.82,Dirk Hebel,right,2025.0
204047,Matus Bero,VfL Bochum,29.0,Central Midfield,3500.0,Slovakia,1.81,Stars & Friends,right,2026.0
796221,Mats Pannewig,VfL Bochum,20.0,Central Midfield,600.0,Germany,1.95,CN Sports,"
                            Jul 1, 2023                        ",2026.0
295060,Koji Miyoshi,VfL Bochum,28.0,Right Midfield,1800.0,Japan,1.67,None,left,2028.0
340459,Dani de Wit,VfL Bochum,27.0,Attacking Midfield,3000.0,Netherlands,1.84,PUM,right,2028.0
329517,Georgios Masouras,VfL Bochum,31.0,Left Winger,3200.0,Greece,1.84,Target Sport,right,2025.0
684318,Samuel Bamba,VfL Bochum,21.0,Right Winger,800.0,Germany,1.79,None,both,2027.0
412932,Myron Boadu,VfL Bochum,24.0,Centre-Forward,7000.0,Netherlands,1.81,Team Raiola,right,2025.0
406973,Moritz Broschinski,VfL Bochum,24.0,Centre-Forward,2500.0,Germany,1.9,None,right,2026.0
119037,Philipp Hofmann,VfL Bochum,32.0,Centre-Forward,1500.0,Germany,1.95,ROOF,left,2026.0
296428,Timon Weiner,Holstein Kiel,26.0,Goalkeeper,1500.0,Germany,1.91,CORESPORT,both,2027.0
115979,Thomas Dähne,Holstein Kiel,31.0,Goalkeeper,400.0,Germany,1.93,HAGMAYR ...,both,2026.0
124080,Marcel Engelhardt,Holstein Kiel,32.0,Goalkeeper,175.0,Germany,1.91,None,right,None
706024,Marko Ivezic,Holstein Kiel,23.0,Centre-Back,2500.0,Serbia,1.91,Seven Stars,right,2027.0
469709,David Zec,Holstein Kiel,25.0,Centre-Back,2500.0,Slovenia,1.9,Universal Twenty Two,right,2029.0
282349,Timo Becker,Holstein Kiel,28.0,Centre-Back,2000.0,Germany,1.9,KL Sportsbase,right,2025.0
471890,Max Geschwill,Holstein Kiel,23.0,Centre-Back,1500.0,Germany,1.85,None,left,None
335631,Marco Komenda,Holstein Kiel,28.0,Centre-Back,800.0,Germany,1.84,None,left,2026.0
464333,Ivan Nekic,Holstein Kiel,24.0,Centre-Back,800.0,Croatia,1.85,FairSport,right,None
225043,Carl Johansson,Holstein Kiel,30.0,Centre-Back,700.0,Sweden,1.94,None,right,2026.0
683812,John Tolkin,Holstein Kiel,22.0,Left-Back,3000.0,United States,1.7,YMU Management Ltd.,left,None
610608,Dominik Javorcek,Holstein Kiel,22.0,Left-Back,550.0,Slovakia,1.83,None,left,2025.0
193859,Patrick Erras,Holstein Kiel,30.0,Defensive Midfield,1000.0,Germany,1.96,None,right,2026.0
168678,Marvin Schulz,Holstein Kiel,30.0,Defensive Midfield,700.0,Germany,1.86,Tenet Football,right,2025.0
651269,Armin Gigovic,Holstein Kiel,23.0,Central Midfield,3000.0,Bosnia-Herzegovina,1.87,None,right,None
592534,Nicolai Remberg,Holstein Kiel,24.0,Central Midfield,2800.0,Germany,1.88,Tenet Football,right,None
651735,Magnus Knudsen,Holstein Kiel,23.0,Central Midfield,2500.0,Norway,1.86,Keypass AS,right,None
55508,Lewis Holtby,Holstein Kiel,34.0,Central Midfield,500.0,Germany,1.76,ROOF,left,2025.0
747983,Aurel Wagbe,Holstein Kiel,21.0,Left Midfield,100.0,Germany,1.91,ROOF Talents,left,2026.0
241307,Finn Porath,Holstein Kiel,28.0,Attacking Midfield,2000.0,Germany,1.8,PRO Profil GmbH,right,2026.0
93827,Steven Skrzybski,Holstein Kiel,32.0,Attacking Midfield,1000.0,Germany,1.74,None,right,2026.0
719694,Andu Kelati,Holstein Kiel,22.0,Left Winger,800.0,Germany,1.81,Soccer and more,right,2028.0
633454,Alexander Bernhardsson,Holstein Kiel,26.0,Right Winger,1500.0,Sweden,1.85,None,left,2027.0
606119,Phil Harres,Holstein Kiel,23.0,Centre-Forward,4500.0,Germany,1.93,None,right,None
550580,Shuto Machino,Holstein Kiel,25.0,Centre-Forward,3500.0,Japan,1.85,UNIO,right,2027.0
331362,Benedikt Pichler,Holstein Kiel,27.0,Centre-Forward,2000.0,Austria,1.88,YOU FIRST,right,2027.0
343337,Fiete Arp,Holstein Kiel,25.0,Centre-Forward,800.0,Germany,1.86,None,right,2026.0
160929,Marvin Schwäbe,1.FC Köln,30.0,Goalkeeper,1500.0,Germany,1.9,None,right,2027.0
395671,Anthony Racioppi,1.FC Köln,26.0,Goalkeeper,1000.0,Switzerland,1.89,SEG,right,2025.0
665971,Jonas Nickisch,1.FC Köln,21.0,Goalkeeper,200.0,Germany,1.91,None,right,2025.0
8246,Philipp Pentke,1.FC Köln,40.0,Goalkeeper,200.0,Germany,1.91,None,right,2025.0
227089,Matthias Köbbing,1.FC Köln,27.0,Goalkeeper,100.0,Germany,1.96,None,both,2025.0
236981,Timo Hübers,1.FC Köln,28.0,Centre-Back,3500.0,Germany,1.9,WINS,right,2026.0
744558,Julian Pauli,1.FC Köln,19.0,Centre-Back,2500.0,Germany,1.9,Wasserman,right,2027.0
322517,Joël Schmied,1.FC Köln,26.0,Centre-Back,2000.0,Switzerland,1.88,Signature - ISCM AG,right,2029.0
110036,Dominique Heintz,1.FC Köln,31.0,Centre-Back,800.0,Germany,1.88,Sports360 GmbH,left,2026.0
384553,Luca Kilian,1.FC Köln,25.0,Centre-Back,700.0,Germany,1.92,CORESPORT,right,2026.0
917792,Neo Telle,1.FC Köln,20.0,Centre-Back,300.0,Germany,1.83,None,"
                            Jan 1, 2025                        ",2026.0
810649,Max Finkgräfe,1.FC Köln,21.0,Left-Back,4000.0,Germany,1.83,Unique Sports Group,left,2026.0
107219,Leart Paçarada,1.FC Köln,30.0,Left-Back,1500.0,Kosovo,1.84,SBE Management AG,left,2026.0
393745,Jusuf Gazibegovic,1.FC Köln,25.0,Right-Back,4000.0,Bosnia-Herzegovina,1.74,LIAN Sports Group,both,None
472249,Jan Thielmann,1.FC Köln,22.0,Right-Back,3000.0,Germany,1.78,None,right,2026.0
597000,Eric Martel,1.FC Köln,23.0,Defensive Midfield,6000.0,Germany,1.88,None,right,2026.0
287188,Dejan Ljubicic,1.FC Köln,27.0,Defensive Midfield,5000.0,Austria,1.87,TM Sport Consulting ...,right,2025.0
515017,Jacob Christensen,1.FC Köln,23.0,Defensive Midfield,1000.0,Denmark,1.8,People In Sport,right,2026.0
678479,Denis Huseinbasic,1.FC Köln,23.0,Central Midfield,2800.0,Bosnia-Herzegovina,1.84,None,right,None
490581,Mathias Olesen,1.FC Köln,24.0,Central Midfield,1000.0,Luxembourg,1.88,YOU FIRST,both,2025.0
106270,Florian Kainz,1.FC Köln,32.0,Attacking Midfield,2000.0,Austria,1.76,YOU FIRST,both,None
335103,Linton Maina,1.FC Köln,25.0,Left Winger,3000.0,Germany,1.8,ROOF,right,None
522084,Marvin Obuz,1.FC Köln,23.0,Right Winger,500.0,Germany,1.82,Dirk Hebel,right,2025.0
553285,Tim Lemperle,1.FC Köln,23.0,Centre-Forward,5000.0,Germany,1.87,ROGON,right,2025.0
820241,Damion Downs,1.FC Köln,20.0,Centre-Forward,5000.0,United States,1.92,Wasserman,right,2026.0
464154,Imad Rondic,1.FC Köln,26.0,Centre-Forward,1800.0,Bosnia-Herzegovina,1.9,B360 Sports,left,2029.0
196095,Luca Waldschmidt,1.FC Köln,29.0,Centre-Forward,1500.0,Germany,1.81,None,left,2027.0
296879,Steffen Tigges,1.FC Köln,26.0,Centre-Forward,700.0,Germany,1.94,None,left,2026.0
112935,Mark Uth,1.FC Köln,33.0,Centre-Forward,350.0,Germany,1.85,Sports360 GmbH,left,2025.0
940198,Jaka Cuber Potocnik,1.FC Köln,19.0,Centre-Forward,350.0,Slovenia,1.89,None,right,2027.0
624462,Jan Reichert,1.FC Nuremberg,23.0,Goalkeeper,800.0,Germany,1.91,Soccer and more,"
                            Jul 1, 2022                        ",2027.0
82361,Christian Mathenia,1.FC Nuremberg,33.0,Goalkeeper,300.0,Germany,1.9,ROOF,right,2026.0
687602,Michal Kukucka,1.FC Nuremberg,23.0,Goalkeeper,250.0,Slovakia,1.91,None,left,2026.0
666167,Nicolas Ortegel,1.FC Nuremberg,21.0,Goalkeeper,125.0,Germany,1.93,None,right,2025.0
94201,Robin Knoche,1.FC Nuremberg,33.0,Centre-Back,800.0,Germany,1.89,Sports360 GmbH,right,2026.0
594731,Fabio Gruber,1.FC Nuremberg,22.0,Centre-Back,700.0,Germany,1.88,Match2gether,right,None
181614,Ondrej Karafiat,1.FC Nuremberg,30.0,Centre-Back,600.0,Czech Republic,1.82,Int. Sport ...,right,None
927005,Nick Seidel,1.FC Nuremberg,20.0,Centre-Back,300.0,Germany,1.91,None,left,2028.0
907087,Berkay Yilmaz,1.FC Nuremberg,20.0,Left-Back,1000.0,Türkiye,1.78,Verde Sports ...,left,2026.0
154396,Danilo Soares,1.FC Nuremberg,33.0,Left-Back,500.0,Brazil,1.7,None,left,2026.0
1152976,Eric Porstner,Nürnberg U19,18.0,Left-Back,200.0,Germany,1.87,Karl M. Herzog ...,left,None
462838,Oliver Villadsen,1.FC Nuremberg,23.0,Right-Back,1800.0,Denmark,1.73,BTAM,right,2027.0
40605,Enrico Valentini,1.FC Nuremberg,36.0,Right-Back,250.0,Germany,1.82,None,right,2025.0
596881,Florian Flick,1.FC Nuremberg,25.0,Defensive Midfield,1000.0,Germany,1.9,MK Sport Consulting,both,2026.0
974564,Winners Osawe,1.FC Nuremberg,18.0,Defensive Midfield,300.0,Germany,1.89,None,right,2025.0
613192,Jens Castrop,1.FC Nuremberg,21.0,Central Midfield,6000.0,Germany,1.78,WINS,right,2026.0
696116,Caspar Jander,1.FC Nuremberg,22.0,Central Midfield,5000.0,Germany,1.83,OSSC,right,2028.0
745601,Rafael Lubach,1.FC Nuremberg,20.0,Central Midfield,1000.0,Germany,1.78,Sports eXcellence ...,right,2027.0
924115,Tim Janisch,1.FC Nuremberg,19.0,Right Midfield,750.0,Germany,1.71,None,right,2026.0
324861,Julian Justvan,1.FC Nuremberg,27.0,Attacking Midfield,2200.0,Germany,1.77,Karl M. Herzog ...,left,2027.0
585049,Simon Joachims,Nuremberg II,23.0,Attacking Midfield,150.0,Germany,1.77,None,right,2025.0
924114,Dustin Forkel,1.FC Nuremberg,20.0,Left Winger,400.0,Germany,1.86,None,both,None
388058,Benjamin Goller,1.FC Nuremberg,26.0,Right Winger,400.0,Germany,1.8,None,right,None
950091,Stefanos Tzimas,1.FC Nuremberg,19.0,Centre-Forward,22000.0,Greece,1.86,SEG,both,2025.0
538974,Janis Antiste,1.FC Nuremberg,22.0,Centre-Forward,1700.0,France,1.83,ROGON,right,2025.0
255957,Mahir Emreli,1.FC Nuremberg,27.0,Centre-Forward,800.0,Azerbaijan,1.87,MVP United,left,2025.0
479273,Lukas Schleimer,1.FC Nuremberg,25.0,Centre-Forward,600.0,Germany,1.84,Soccer and more,right,2025.0
294534,Janni Serra,1.FC Nuremberg,27.0,Centre-Forward,400.0,Germany,1.93,None,left,2025.0
1185190,Tino Kusanovic,Nürnberg U17,17.0,Centre-Forward,300.0,Croatia,1.87,None,"
                            Jul 1, 2024                        ",2029.0
1152979,Levin Chiumento,Nürnberg U19,17.0,Centre-Forward,200.0,Germany,1.9,None,both,2026.0
84993,Daniel Heuer Fernandes,Hamburger SV,32.0,Goalkeeper,700.0,Portugal,1.88,Wasserman,right,2026.0
386685,Matheo Raab,Hamburger SV,26.0,Goalkeeper,600.0,Germany,1.86,Soccer and more,right,2026.0
894692,Hannes Hermann,Hamburger SV,20.0,Goalkeeper,150.0,Germany,1.91,None,right,2027.0
44607,Tom Mickel,Hamburger SV,36.0,Goalkeeper,100.0,Germany,1.85,CAA Stellar,right,2025.0
322065,Dennis Hadzikadunic,Hamburger SV,26.0,Centre-Back,2000.0,Bosnia-Herzegovina,1.91,None,right,2025.0
1052420,Aboubaka Soumahoro,Hamburger SV,20.0,Centre-Back,1800.0,France,1.84,None,left,2029.0
213751,Sebastian Schonlau,Hamburger SV,30.0,Centre-Back,1000.0,Germany,1.88,None,both,2026.0
482383,Valon Zumberi,Hamburger SV,22.0,Centre-Back,150.0,Germany,1.88,None,right,2025.0
298603,Miro Muheim,Hamburger SV,27.0,Left-Back,3000.0,Switzerland,1.82,Wasserman,left,2027.0
469949,Noah Katterbach,Hamburger SV,24.0,Left-Back,600.0,Germany,1.8,ROGON,left,2027.0
743500,William Mikelbrencis,Hamburger SV,21.0,Right-Back,1500.0,France,1.76,None,right,2026.0
237666,Silvan Hefti,Hamburger SV,27.0,Right-Back,1500.0,Switzerland,1.83,ONEANDTEN,right,2028.0
729165,Nicolas Oliveira,Hamburger SV,21.0,Right-Back,300.0,Germany,1.83,Wasserman,right,2026.0
107574,Jonas Meffert,Hamburger SV,30.0,Defensive Midfield,1000.0,Germany,1.86,Sports360 GmbH,right,2026.0
490884,Ludovit Reis,Hamburger SV,24.0,Central Midfield,3500.0,Netherlands,1.78,CAA Stellar,right,2026.0
532169,Lukasz Poreba,Hamburger SV,25.0,Central Midfield,1000.0,Poland,1.79,SSM Agency,right,2027.0
652061,Adam Karabec,Hamburger SV,21.0,Attacking Midfield,5000.0,Czech Republic,1.87,Int. Sport ...,left,2025.0
412935,Immanuel Pherai,Hamburger SV,24.0,Attacking Midfield,2000.0,Suriname,1.75,None,right,2027.0
279009,Marco Richter,Hamburger SV,27.0,Attacking Midfield,2000.0,Germany,1.76,None,right,2025.0
897491,Bilal Yalcinkaya,Hamburger SV,19.0,Attacking Midfield,300.0,Germany,1.82,SEG,both,2027.0
291222,Jean-Luc Dompé,Hamburger SV,29.0,Left Winger,2500.0,France,1.7,Libera Sports,right,2027.0
1213681,Alexander Røssing-Lelesiit,Hamburger SV,18.0,Left Winger,2000.0,Norway,1.84,Solbakken / Player ...,"
                            Feb 3, 2025                        ",2029.0
910541,Fabio Baldé,Hamburger SV,19.0,Left Winger,1500.0,Germany,1.82,Total Sport Agency,right,2029.0
168543,Levin Öztunali,Hamburger SV,29.0,Left Winger,300.0,Germany,1.84,CAA Stellar,right,2026.0
719672,Adedire Mebude,Hamburger SV,20.0,Right Winger,1500.0,Scotland,1.79,Roc Nation Sports,right,2025.0
403177,Emir Sahiti,Hamburger SV,26.0,Right Winger,1500.0,Kosovo,1.74,None,right,2027.0
415194,Bakery Jatta,Hamburger SV,26.0,Right Winger,1300.0,The Gambia,1.84,None,right,2029.0
196139,Robert Glatzel,Hamburger SV,31.0,Centre-Forward,3000.0,Germany,1.93,Sports360 GmbH,both,2027.0
470038,Ransford Königsdörffer,Hamburger SV,23.0,Centre-Forward,3000.0,Ghana,1.82,ROOF,right,2026.0
178459,Davie Selke,Hamburger SV,30.0,Centre-Forward,3000.0,Germany,1.95,Sports eXcellence ...,right,2025.0
1058520,Otto Stange,Hamburger SV,18.0,Centre-Forward,2000.0,Germany,1.87,CAA Stellar,right,None
553282,Tjark Ernst,Hertha BSC,22.0,Goalkeeper,2500.0,Germany,1.93,None,both,2027.0
196382,Marius Gersbeck,Hertha BSC,29.0,Goalkeeper,350.0,Germany,1.87,None,left,2026.0
822960,Tim Goller,Hertha BSC,20.0,Goalkeeper,350.0,Germany,1.93,UG Sports,right,2027.0
692734,Linus Gechter,Hertha BSC,21.0,Centre-Back,2500.0,Germany,1.91,ROGON,right,2027.0
432281,Márton Dárdai,Hertha BSC,23.0,Centre-Back,2000.0,Hungary,1.88,ROGON,left,2028.0
124732,John Brooks,Hertha BSC,32.0,Centre-Back,500.0,United States,1.94,ROGON,left,2026.0
86916,Toni Leistner,Hertha BSC,34.0,Centre-Back,300.0,Germany,1.9,None,right,2026.0
147359,Jeremy Dudziak,Hertha BSC,29.0,Left-Back,750.0,Tunisia,1.76,None,left,2025.0
258883,Jonjoe Kenny,Hertha BSC,28.0,Right-Back,2500.0,England,1.76,WINS,right,2025.0
338032,Deyovaisio Zeefuik,Hertha BSC,27.0,Right-Back,1000.0,Suriname,1.78,SEG,right,2027.0
820261,Pascal Klemens,Hertha BSC,20.0,Defensive Midfield,3000.0,Germany,1.86,SEG,right,2026.0
82070,Diego Demme,Hertha BSC,33.0,Defensive Midfield,600.0,Germany,1.7,None,right,2026.0
1067659,Boris Mamuzah Lum,Hertha BSC II,17.0,Defensive Midfield,500.0,Germany,1.73,None,both,2026.0
344600,Michaël Cuisance,Hertha BSC,25.0,Central Midfield,3500.0,France,1.81,ROGON,left,2029.0
401604,Michal Karbownik,Hertha BSC,24.0,Central Midfield,2500.0,Poland,1.75,AS1,right,2026.0
448028,Kevin Sessa,Hertha BSC,24.0,Central Midfield,2000.0,Germany,1.75,None,right,2027.0
448266,Bilal Hussein,Hertha BSC,25.0,Central Midfield,400.0,Sweden,1.73,HCM Sports ...,right,2026.0
157535,Andreas Bouchalakis,Hertha BSC,32.0,Central Midfield,350.0,Greece,1.86,feel soccer GmbH,left,2025.0
905011,Ibrahim Maza,Hertha BSC,19.0,Attacking Midfield,12000.0,Algeria,1.8,CAA Stellar,right,2027.0
977980,Julius Gottschalk,Hertha BSC,18.0,Attacking Midfield,300.0,Germany,1.8,B360 Sports,right,2027.0
227102,Fabian Reese,Hertha BSC,27.0,Left Winger,4000.0,Germany,1.89,ROGON,right,2030.0
820957,Derry Scherhant,Hertha BSC,22.0,Left Winger,2000.0,Germany,1.85,Sports360 GmbH,right,2027.0
331739,Jón Dagur Thorsteinsson,Hertha BSC,26.0,Left Winger,1000.0,Iceland,1.77,None,right,2027.0
897441,Luis Trus,Hertha BSC II,18.0,Left Winger,125.0,Germany,1.84,LEADERBROCK,right,None
574569,Marten Winkler,Hertha BSC,22.0,Right Winger,1200.0,Germany,1.84,Dirk Hebel,left,2027.0
300508,Palkó Dárdai,Hertha BSC,26.0,Right Winger,600.0,Hungary,1.8,B360 Sports,left,2027.0
328264,Smail Prevljak,Hertha BSC,30.0,Centre-Forward,700.0,Bosnia-Herzegovina,1.87,None,right,2025.0
388029,Luca Schuler,Hertha BSC,26.0,Centre-Forward,700.0,Germany,1.9,Sports360 GmbH,right,2027.0
152963,Florian Niederlechner,Hertha BSC,34.0,Centre-Forward,500.0,Germany,1.87,None,right,2025.0
678088,Luca Wollschläger,Hertha BSC II,22.0,Centre-Forward,175.0,Germany,1.95,None,both,2025.0
255294,Florian Kastenmeier,F. Düsseldorf,27.0,Goalkeeper,1500.0,Germany,1.92,Sportify Solution,right,2026.0
815180,Robert Kwasigroch,F. Düsseldorf,20.0,Goalkeeper,200.0,Germany,1.94,SEG,left,2025.0
470816,Florian Schock,F. Düsseldorf,24.0,Goalkeeper,200.0,Germany,2.0,None,right,2026.0
604113,Jamil Siebert,F. Düsseldorf,23.0,Centre-Back,3000.0,Germany,1.93,BeLoyal GmbH,right,2027.0
358906,Tim Oberdorf,F. Düsseldorf,28.0,Centre-Back,1200.0,Germany,1.86,Dr. Kraft + Wagner,right,2026.0
85164,Andre Hoffmann,F. Düsseldorf,32.0,Centre-Back,650.0,Germany,1.9,feel soccer GmbH,right,2025.0
314245,Emmanuel Iyoha,F. Düsseldorf,27.0,Left-Back,1200.0,Germany,1.91,Unique Sports Group,both,2026.0
182816,Nicolas Gavory,F. Düsseldorf,30.0,Left-Back,800.0,France,1.83,None,left,2025.0
571310,Valgeir Lunddal,F. Düsseldorf,23.0,Right-Back,1500.0,Iceland,1.91,CAA Stellar,right,2028.0
86848,Matthias Zimmermann,F. Düsseldorf,32.0,Right-Back,650.0,Germany,1.77,Unique Sports Group,right,2026.0
635103,Giovanni Haag,F. Düsseldorf,24.0,Defensive Midfield,1200.0,France,1.87,Wasserman,right,2028.0
193025,Moritz Heyer,F. Düsseldorf,30.0,Defensive Midfield,500.0,Germany,1.85,Tenet Football,right,2026.0
119044,Marcel Sobottka,F. Düsseldorf,31.0,Defensive Midfield,500.0,Germany,1.85,Sports eXcellence ...,right,2025.0
815629,David Savic,F. Düsseldorf,19.0,Defensive Midfield,75.0,Germany,1.82,feel soccer GmbH,both,2025.0
579565,Ísak Jóhannesson,F. Düsseldorf,22.0,Central Midfield,7000.0,Iceland,1.84,CAA Stellar,left,2029.0
452121,Shinta Appelkamp,F. Düsseldorf,24.0,Central Midfield,2000.0,Germany,1.75,None,right,2026.0
316575,Moritz-Broni Kwarteng,F. Düsseldorf,27.0,Central Midfield,1200.0,Germany,1.75,None,both,2025.0
700105,Daniel Bunk,F. Düsseldorf,21.0,Central Midfield,100.0,Germany,1.7,Sports360 GmbH,right,2025.0
897401,Karim Affo,F. Düsseldorf,19.0,Attacking Midfield,200.0,Germany,1.81,DC International ...,right,2027.0
650712,Myron van Brederode,F. Düsseldorf,21.0,Left Winger,3000.0,Netherlands,1.74,SeiSei Football,right,2025.0
692148,Tim Rossmann,F. Düsseldorf,21.0,Left Winger,1000.0,Germany,1.83,DC International ...,left,2028.0
358870,Dennis Jastrzembski,F. Düsseldorf,25.0,Left Winger,400.0,Germany,1.8,SEG,left,2026.0
809682,Jona Niemiec,F. Düsseldorf,23.0,Right Winger,650.0,Germany,1.88,HCM Sports ...,both,2026.0
819636,Dzenan Pejcinovic,F. Düsseldorf,20.0,Centre-Forward,4000.0,Germany,1.9,Karl M. Herzog ...,left,2025.0
273054,Vincent Vermeij,F. Düsseldorf,30.0,Centre-Forward,650.0,Netherlands,1.96,None,right,2026.0
337082,Julian Krahl,1.FC K'lautern,25.0,Goalkeeper,1000.0,Germany,1.94,Dirk Hebel,right,None
726120,Simon Simoni,1.FC K'lautern,20.0,Goalkeeper,400.0,Albania,1.95,None,right,2026.0
273937,Avdo Spahic,1.FC K'lautern,28.0,Goalkeeper,175.0,Bosnia-Herzegovina,1.9,CAA Stellar,right,None
388363,Maximilian Bauer,1.FC K'lautern,25.0,Centre-Back,3000.0,Germany,1.89,Robert Schneider,right,2025.0
521928,Luca Sirch,1.FC K'lautern,25.0,Centre-Back,1800.0,Germany,1.86,Unique Sports Group,right,2026.0
369888,Jannis Heuer,1.FC K'lautern,25.0,Centre-Back,1000.0,Germany,1.89,Dirk Hebel,right,None
322506,Jan Elvedi,1.FC K'lautern,28.0,Centre-Back,1000.0,Switzerland,1.87,feel soccer GmbH,right,2028.0
216181,Almamy Touré,1.FC K'lautern,29.0,Centre-Back,700.0,Mali,1.81,None,right,2025.0
448027,Florian Kleinhansl,1.FC K'lautern,24.0,Left-Back,800.0,Germany,1.8,ROOF,left,None
260657,Erik Wekesser,1.FC K'lautern,27.0,Left-Back,450.0,Germany,1.86,MK Sport Consulting,left,2028.0
82018,Hendrick Zuck,1.FC K'lautern,34.0,Left-Back,175.0,Germany,1.76,Soccer and more,left,2025.0
924087,Mika Haas,1.FC K'lautern,19.0,Left-Back,150.0,Germany,1.81,CAA Stellar,left,2026.0
192840,Jan Gyamerah,1.FC K'lautern,29.0,Right-Back,700.0,Ghana,1.84,None,right,None
270027,Frank Ronstadt,1.FC K'lautern,27.0,Right-Back,550.0,Germany,1.79,CAA Stellar,right,None
118196,Jean Zimmer,1.FC K'lautern,31.0,Right-Back,450.0,Germany,1.73,Unique Sports Group,right,None
569457,Tim Breithaupt,1.FC K'lautern,23.0,Defensive Midfield,3000.0,Germany,1.92,DC International ...,right,2025.0
562409,Afeez Aremu,1.FC K'lautern,25.0,Defensive Midfield,600.0,Nigeria,1.81,LIEBERAM.GROUP,right,2026.0
521142,Leon Robinson,1.FC K'lautern,23.0,Defensive Midfield,450.0,Germany,1.86,Unique Sports Group,right,None
396230,Filip Kaloc,1.FC K'lautern,25.0,Central Midfield,1800.0,Czech Republic,1.9,None,right,None
384745,Tobias Raschl,1.FC K'lautern,25.0,Central Midfield,600.0,Germany,1.77,KL Sportsbase,right,2026.0
151636,Marlon Ritter,1.FC K'lautern,30.0,Attacking Midfield,1000.0,Germany,1.73,KL Sportsbase,right,None
60394,Philipp Klement,1.FC K'lautern,32.0,Attacking Midfield,400.0,Germany,1.75,None,left,2025.0
456492,Faride Alidou,1.FC K'lautern,23.0,Left Winger,1500.0,Germany,1.86,Dirk Hebel,right,None
344063,Aaron Opoku,1.FC K'lautern,26.0,Left Winger,800.0,Germany,1.86,None,right,2025.0
196147,Kenny-Prince Redondo,1.FC K'lautern,30.0,Left Winger,500.0,Germany,1.8,None,left,None
602781,Daisuke Yokota,1.FC K'lautern,24.0,Right Winger,2500.0,Japan,1.71,PRO Profil GmbH,left,2025.0
416380,Ragnar Ache,1.FC K'lautern,26.0,Centre-Forward,7000.0,Germany,1.83,Sports360 GmbH,right,2026.0
416809,Daniel Hanslik,1.FC K'lautern,28.0,Centre-Forward,1000.0,Germany,1.86,Unique Sports Group,left,None
574201,Grant-Leon Ranos,1.FC K'lautern,21.0,Centre-Forward,800.0,Armenia,1.8,WINS,right,2025.0
85864,Loris Karius,FC Schalke 04,31.0,Goalkeeper,800.0,Germany,1.91,None,right,2025.0
453770,Justin Heekeren,FC Schalke 04,24.0,Goalkeeper,600.0,Germany,1.96,None,"
                            Jul 1, 2022                        ",2026.0
39015,Ralf Fährmann,FC Schalke 04,36.0,Goalkeeper,200.0,Germany,1.97,None,right,2025.0
774531,Luca Podlech,FC Schalke 04,20.0,Goalkeeper,50.0,Germany,2.0,Sports360 GmbH,right,2028.0
19114,Michael Langer,FC Schalke 04,40.0,Goalkeeper,50.0,Austria,1.95,None,right,2025.0
1103940,Felipe Sánchez,FC Schalke 04,21.0,Centre-Back,800.0,Argentina,1.84,SP,left,2028.0
148657,Tomas Kalas,FC Schalke 04,32.0,Centre-Back,700.0,Czech Republic,1.84,SPORT INVEST,right,2027.0
129358,Marcin Kaminski,FC Schalke 04,33.0,Centre-Back,400.0,Poland,1.92,None,left,2025.0
684340,Ibrahima Cissé,FC Schalke 04,24.0,Centre-Back,350.0,Mali,1.96,Classico,right,2026.0
457341,Derry Murkin,FC Schalke 04,25.0,Left-Back,1800.0,England,1.83,PUM,left,2026.0
280553,Anton Donkor,FC Schalke 04,27.0,Left-Back,600.0,Germany,1.86,None,both,2027.0
919703,Vitalie Becker,FC Schalke 04,20.0,Left-Back,100.0,Germany,1.79,None,left,2027.0
810100,Taylan Bulut,FC Schalke 04,19.0,Right-Back,5000.0,Germany,1.88,None,right,2029.0
410870,Adrian Gantenbein,FC Schalke 04,24.0,Right-Back,800.0,Switzerland,1.83,Wasserman,right,2028.0
920938,Niklas Barthel,FC Schalke 04,20.0,Right-Back,50.0,Germany,1.8,CORESPORT,right,2025.0
920946,Max Grüger,FC Schalke 04,19.0,Defensive Midfield,2000.0,Germany,1.85,None,right,2028.0
332392,Ron Schallenberg,FC Schalke 04,26.0,Defensive Midfield,1500.0,Germany,1.85,B360 Sports,right,2026.0
1017047,Mauro Zalazar,FC Schalke 04,20.0,Defensive Midfield,300.0,Uruguay,1.75,Niagara Sports ...,right,2028.0
183780,Paul Seguin,FC Schalke 04,30.0,Central Midfield,1200.0,Germany,1.86,Ballarbeit,right,2026.0
327862,Janik Bachmann,FC Schalke 04,29.0,Central Midfield,700.0,Germany,1.96,None,right,2027.0
472242,Mehmet Aydın,FC Schalke 04,23.0,Right Midfield,1000.0,Türkiye,1.8,Wasserman,right,2025.0
153661,Tobias Mohr,FC Schalke 04,29.0,Left Midfield,500.0,Germany,1.82,KL Sportsbase,left,2025.0
315332,Aymen Barkok,FC Schalke 04,27.0,Attacking Midfield,700.0,Morocco,1.89,None,right,2025.0
53400,Dominick Drexler,FC Schalke 04,34.0,Attacking Midfield,300.0,Germany,1.83,WINS,right,2025.0
897403,Aris Bayindir,FC Schalke 04,18.0,Attacking Midfield,100.0,Germany,1.85,None,both,2028.0
724055,Tristan Osmani,FC Schalke 04,20.0,Attacking Midfield,100.0,Austria,1.77,None,left,2027.0
96167,Amin Younes,FC Schalke 04,31.0,Left Winger,600.0,Germany,1.68,FUTURE11,right,2026.0
289182,Christopher Antwi-Adjei,FC Schalke 04,31.0,Left Winger,600.0,Ghana,1.74,CORESPORT,right,2026.0
911990,Ilyes Hamache,FC Schalke 04,22.0,Left Winger,550.0,France,1.78,ROGON,right,2028.0
929992,Zaid Amoussou-Tchibara,Schalke 04 U19,19.0,Right Winger,300.0,Togo,1.77,None,"
                            Jul 1, 2023                        ",2028.0
460655,Moussa Sylla,FC Schalke 04,25.0,Centre-Forward,6000.0,Mali,1.8,Horizon,right,2028.0
119557,Kenan Karaman,FC Schalke 04,31.0,Centre-Forward,2500.0,Türkiye,1.89,None,right,2028.0
693637,Pape Meïssa Ba,FC Schalke 04,27.0,Centre-Forward,1500.0,Senegal,1.86,None,right,2028.0
802560,Emil Højlund,FC Schalke 04,20.0,Centre-Forward,500.0,Denmark,1.91,FConsult,right,2028.0
987122,Peter Remmert,FC Schalke 04,19.0,Centre-Forward,300.0,Germany,1.93,DC International ...,right,2028.0
296741,Markus Schubert,SC Paderborn,26.0,Goalkeeper,500.0,Germany,1.89,SBE Management AG,right,None
40792,Manuel Riemann,SC Paderborn,36.0,Goalkeeper,300.0,Germany,1.86,ROOF,right,2025.0
930013,Florian Pruhs,SC Paderborn,19.0,Goalkeeper,150.0,Germany,1.9,Unique Sports Group,"
                            Jul 1, 2023                        ",None
606301,Arne Schulz,SC Paderborn,22.0,Goalkeeper,100.0,Germany,1.92,B360 Sports,right,2025.0
330635,Felix Götze,SC Paderborn,27.0,Centre-Back,1500.0,Germany,1.85,None,right,None
509650,Tjark Scheller,SC Paderborn,23.0,Centre-Back,1500.0,Germany,1.92,None,both,None
358766,Calvin Brackelmann,SC Paderborn,25.0,Centre-Back,1000.0,Germany,1.96,None,left,2026.0
570152,Marcel Hoffmeier,SC Paderborn,25.0,Centre-Back,1000.0,Germany,1.82,None,right,None
516978,Laurin Curda,SC Paderborn,23.0,Centre-Back,800.0,Germany,1.85,VIDA 11,"
                            Jul 1, 2023                        ",None
606220,Martin Ens,SC Paderborn,23.0,Centre-Back,200.0,Germany,1.87,None,right,2025.0
1005509,Santiago Castañeda,SC Paderborn,20.0,Defensive Midfield,3500.0,United States,1.91,None,right,None
694132,Mattes Hansen,SC Paderborn,21.0,Defensive Midfield,1500.0,Germany,1.83,Dirk Hebel,right,None
1116191,Luis Engelns,SC Paderborn,18.0,Central Midfield,1500.0,Germany,1.88,Sports360 GmbH,right,2026.0
296372,Luca Herrmann,SC Paderborn,26.0,Central Midfield,400.0,Germany,1.77,Unique Sports Group,right,None
330699,Raphael Obermair,SC Paderborn,29.0,Right Midfield,1500.0,Philippines,1.82,QS,right,None
730484,Aaron Zehnter,SC Paderborn,20.0,Left Midfield,5000.0,Germany,1.8,Karl M. Herzog ...,left,None
922363,Anton Bäuerle,SC Paderborn II,20.0,Left Midfield,200.0,Germany,1.85,None,left,2026.0
237226,Marvin Mehlem,SC Paderborn,27.0,Attacking Midfield,2000.0,Germany,1.74,None,right,2025.0
1035765,Ilyas Ansah,SC Paderborn,20.0,Left Winger,4000.0,Germany,1.94,HCM Sports ...,right,None
186988,Sven Michel,SC Paderborn,34.0,Left Winger,600.0,Germany,1.77,Karl M. Herzog ...,left,None
602796,Filip Bilbija,SC Paderborn,25.0,Right Winger,2000.0,Germany,1.9,None,both,None
679597,Casper Terho,SC Paderborn,21.0,Right Winger,1800.0,Finland,1.84,None,left,2025.0
195782,Felix Platte,SC Paderborn,29.0,Centre-Forward,500.0,Germany,1.9,ROOF,right,2025.0
69392,Adriano Grimaldi,SC Paderborn,34.0,Centre-Forward,400.0,Germany,1.88,CS/DSM,right,None
1081947,Travis de Jong,SC Paderborn,20.0,Centre-Forward,100.0,Netherlands,1.93,None,"
                            Sep 24, 2024                        ",2026.0
21327,Ron-Robert Zieler,Hannover 96,36.0,Goalkeeper,500.0,Germany,1.88,Sports360 GmbH,right,2026.0
1105999,Leon-Oumar Wechsel,Hannover 96,20.0,Goalkeeper,350.0,Germany,1.9,None,right,2026.0
196427,Leo Weinkauf,Hannover 96,28.0,Goalkeeper,250.0,Germany,1.98,Karl M. Herzog ...,right,2026.0
265176,Phil Neumann,Hannover 96,27.0,Centre-Back,3000.0,Germany,1.92,ShineUp Sports,right,2025.0
280581,Boris Tomiak,Hannover 96,26.0,Centre-Back,2000.0,Germany,1.93,KL Sportsbase,right,2028.0
70243,Marcel Halstenberg,Hannover 96,33.0,Centre-Back,1500.0,Germany,1.88,None,left,2025.0
527276,Kenneth Schmidt,Hannover 96,22.0,Centre-Back,1200.0,Germany,1.89,Unique Sports Group,left,2026.0
425026,Josh Knight,Hannover 96,27.0,Centre-Back,1000.0,England,1.92,None,right,2026.0
589013,Bartlomiej Wdowik,Hannover 96,24.0,Left-Back,1500.0,Poland,1.84,UNIDOS,left,2025.0
521474,Brooklyn Ezeh,Hannover 96,23.0,Left-Back,300.0,Germany,1.88,None,left,2026.0
211671,Jannik Dehm,Hannover 96,29.0,Right-Back,900.0,Germany,1.81,PRO Profil GmbH,right,2025.0
188910,Sei Muroya,Hannover 96,31.0,Right-Back,700.0,Japan,1.76,PRO Profil GmbH,right,2025.0
334186,Fabian Kunze,Hannover 96,26.0,Defensive Midfield,1200.0,Germany,1.93,None,right,2025.0
904974,Noel Aseko,Hannover 96,19.0,Defensive Midfield,900.0,Germany,1.78,None,right,2026.0
192300,Max Christiansen,Hannover 96,28.0,Defensive Midfield,700.0,Germany,1.85,None,right,2025.0
383362,Enzo Leopold,Hannover 96,24.0,Central Midfield,2500.0,Germany,1.74,ROOF,right,2026.0
709166,Hyun-ju Lee,Hannover 96,22.0,Attacking Midfield,1500.0,"Korea, South",1.72,Apertura Sports GmbH,right,2025.0
455932,Lars Gindorf,Hannover 96,23.0,Attacking Midfield,400.0,Germany,1.82,None,right,2027.0
501794,Jannik Rochelt,Hannover 96,26.0,Left Winger,1000.0,Germany,1.82,PRO Profil GmbH,both,2027.0
1145570,Husseyn Chakroun,Hannover 96,20.0,Left Winger,400.0,Lebanon,1.74,Alfaria sports GmbH,"
                            Jul 1, 2024                        ",2026.0
392157,Kolja Oudenne,Hannover 96,23.0,Left Winger,400.0,Sweden,1.83,ROOF,right,2026.0
404384,Rabbi Matondo,Hannover 96,24.0,Right Winger,2000.0,Wales,1.75,Wasserman,right,2025.0
605242,Monju Momuluh,Hannover 96,23.0,Right Winger,500.0,Germany,1.81,LIEBERAM.GROUP,right,2026.0
717329,Nicolò Tresoldi,Hannover 96,20.0,Centre-Forward,5000.0,Germany,1.86,WINS,right,2026.0
448177,Jessic Ngankam,Hannover 96,24.0,Centre-Forward,1500.0,Germany,1.84,Sports360 GmbH,right,2025.0
136181,Havard Nielsen,Hannover 96,31.0,Centre-Forward,800.0,Norway,1.87,None,right,2026.0
94771,Andreas Voglsammer,Hannover 96,33.0,Centre-Forward,500.0,Germany,1.78,None,right,2025.0
93651,Marcel Schuhen,Darmstadt 98,32.0,Goalkeeper,800.0,Germany,1.88,None,right,None
146693,Alexander Brunst,Darmstadt 98,29.0,Goalkeeper,300.0,Germany,1.95,None,right,2027.0
692070,Clemens Riedel,Darmstadt 98,21.0,Centre-Back,3000.0,Germany,1.86,Sports360 GmbH,right,2026.0
433388,Matej Maglica,Darmstadt 98,26.0,Centre-Back,1000.0,Croatia,1.98,None,left,2027.0
398851,Aleksandar Vukotic,Darmstadt 98,29.0,Centre-Back,900.0,Serbia,2.01,None,left,None
379100,Meldin Dreskovic,Darmstadt 98,27.0,Centre-Back,750.0,Montenegro,1.91,None,right,None
77812,Christoph Zimmermann,Darmstadt 98,32.0,Centre-Back,300.0,Germany,1.94,DC International ...,right,2025.0
854079,Guille Bueno,Darmstadt 98,22.0,Left-Back,600.0,Spain,1.76,Footfeel ISM,left,2025.0
54846,Fabian Holland,Darmstadt 98,34.0,Left-Back,200.0,Germany,1.72,None,left,None
237162,Matthias Bader,Darmstadt 98,27.0,Right-Back,1200.0,Germany,1.76,Sports360 GmbH,right,None
523972,Sergio López,Darmstadt 98,26.0,Right-Back,1000.0,Spain,1.79,Footfeel ISM,right,None
156715,Marco Thiede,Darmstadt 98,33.0,Right-Back,300.0,Germany,1.78,Soccer and more,right,2025.0
332624,Kai Klefisch,Darmstadt 98,25.0,Defensive Midfield,1500.0,Germany,1.9,Sports360 GmbH,right,None
438315,Andreas Müller,Darmstadt 98,24.0,Defensive Midfield,1200.0,Germany,1.73,None,right,2026.0
356640,Paul Will,Darmstadt 98,26.0,Defensive Midfield,500.0,Germany,1.85,CAA Stellar,left,None
405689,Merveille Papela,Darmstadt 98,24.0,Central Midfield,600.0,Germany,1.74,AVENT SPORTS ...,right,None
42072,Tobias Kempe,Darmstadt 98,35.0,Central Midfield,300.0,Germany,1.84,None,right,2025.0
349433,Fabian Nürnberger,Darmstadt 98,25.0,Left Midfield,2000.0,Bulgaria,1.81,Unique Sports Group,left,2026.0
339057,Luca Marseiler,Darmstadt 98,28.0,Attacking Midfield,750.0,Germany,1.76,None,both,None
182574,Jean-Paul Boëtius,Darmstadt 98,31.0,Attacking Midfield,400.0,Suriname,1.78,HCM Sports ...,right,None
1033974,Othmane El Idrissi,Darmstadt 98,18.0,Attacking Midfield,200.0,Morocco,1.81,CAA Stellar,both,2025.0
322073,Isac Lidberg,Darmstadt 98,26.0,Centre-Forward,4000.0,Sweden,1.87,HCM Sports ...,right,2027.0
853491,Killian Corredor,Darmstadt 98,24.0,Centre-Forward,2000.0,France,1.82,None,right,None
388160,Fraser Hornby,Darmstadt 98,25.0,Centre-Forward,1200.0,Scotland,1.95,Quantum Sport,right,2027.0
673071,Oscar Vilhelmsson,Darmstadt 98,21.0,Centre-Forward,1200.0,Sweden,1.88,Sports360 GmbH,left,2026.0
238722,Dominik Reimann,1.FC Magdeburg,27.0,Goalkeeper,1000.0,Germany,1.86,None,right,None
268216,Marcus Mathisen,1.FC Magdeburg,29.0,Centre-Back,1500.0,Denmark,1.85,None,right,None
391742,Patric Pfeiffer,1.FC Magdeburg,25.0,Centre-Back,1200.0,Ghana,1.96,None,right,2025.0
151583,Daniel Heber,1.FC Magdeburg,30.0,Centre-Back,750.0,Germany,1.82,KL Sportsbase,right,None
19483,Tobias Müller,1.FC Magdeburg,30.0,Centre-Back,600.0,Germany,1.88,Robert Schneider,both,None
333859,Lubambo Musonda,1.FC Magdeburg,30.0,Left-Back,650.0,Zambia,1.71,None,both,2026.0
648886,Samuel Loric,1.FC Magdeburg,24.0,Left-Back,600.0,France,1.83,None,left,None
186477,Herbert Bockhorn,1.FC Magdeburg,30.0,Right-Back,600.0,Germany,1.76,ROOF,right,None
696011,Pierre Nadjombe,1.FC Magdeburg,22.0,Right-Back,150.0,Togo,1.83,None,right,None
627658,Eldin Dzogovic,1.FC Magdeburg,21.0,Right-Back,100.0,Luxembourg,1.8,None,right,None
285944,Tarek Chahed,1.FC Magdeburg,28.0,Right-Back,100.0,Germany,1.84,None,both,2025.0
481091,Silas Gnaka,1.FC Magdeburg,26.0,Defensive Midfield,1500.0,Cote d'Ivoire,1.79,None,left,2026.0
826795,Dariusz Stalmach,1.FC Magdeburg,19.0,Central Midfield,500.0,Poland,1.82,Sports360 GmbH,right,None
107205,Connor Krempicki,1.FC Magdeburg,30.0,Central Midfield,400.0,Germany,1.78,None,both,2026.0
527270,Falko Michel,1.FC Magdeburg,24.0,Central Midfield,350.0,Germany,1.86,YOU FIRST,right,None
216399,Philipp Hercher,1.FC Magdeburg,29.0,Right Midfield,600.0,Germany,1.82,None,right,None
384587,Mohammed El Hankouri,1.FC Magdeburg,27.0,Attacking Midfield,2000.0,Morocco,1.76,None,right,2025.0
574195,Abu-Bekir Ömer El-Zein,1.FC Magdeburg,22.0,Attacking Midfield,400.0,Türkiye,1.8,None,right,None
519872,Livan Burcu,1.FC Magdeburg,20.0,Left Winger,4000.0,Türkiye,1.78,None,right,2025.0
161072,Baris Atik,1.FC Magdeburg,30.0,Left Winger,1000.0,Türkiye,1.69,None,right,2025.0
446625,Alexander Nollenberger,1.FC Magdeburg,27.0,Left Winger,800.0,Germany,1.8,PRO Profil GmbH,right,None
433185,Xavier Amaechi,1.FC Magdeburg,24.0,Right Winger,700.0,England,1.79,Roc Nation Sports,left,2025.0
390661,Jason Ceka,1.FC Magdeburg,25.0,Right Winger,400.0,Germany,1.69,None,both,2025.0
377729,Martijn Kaars,1.FC Magdeburg,26.0,Centre-Forward,4000.0,Netherlands,1.83,None,right,2027.0
498171,Alexander Ahl-Holmström,1.FC Magdeburg,26.0,Centre-Forward,1000.0,Sweden,1.91,Simul Management,right,2029.0
657635,Bryan Teixeira,1.FC Magdeburg,24.0,Centre-Forward,600.0,Cape Verde,1.74,None,right,2025.0
696822,Emir Kuhinja,1.FC Magdeburg,23.0,Centre-Forward,150.0,Germany,1.86,None,right,None
349465,Nicolas Kristof,SV Elversberg,25.0,Goalkeeper,1000.0,Austria,1.87,Soccer and more,both,2027.0
85534,Tim Boss,SV Elversberg,31.0,Goalkeeper,200.0,Germany,1.86,None,both,2027.0
44536,Frank Lehmann,SV Elversberg,36.0,Goalkeeper,100.0,Germany,1.93,None,right,2026.0
448259,Lukas Pinckert,SV Elversberg,25.0,Centre-Back,1000.0,Germany,1.85,PassWay Group,right,2027.0
405679,Frederik Jäkel,SV Elversberg,24.0,Centre-Back,800.0,Germany,1.94,feel soccer GmbH,right,2025.0
352332,Florian Le Joncour,SV Elversberg,30.0,Centre-Back,600.0,France,1.93,Gallea Gestion S.A,left,2027.0
440386,Maximilian Rohr,SV Elversberg,29.0,Centre-Back,600.0,Germany,1.93,VIDA 11,both,2028.0
216422,Maurice Neubauer,SV Elversberg,29.0,Left-Back,900.0,Germany,1.8,YOU FIRST,left,2025.0
244997,Arne Sicker,SV Elversberg,28.0,Left-Back,300.0,Germany,1.84,DC International ...,left,2025.0
744857,Elias Baum,SV Elversberg,19.0,Right-Back,5000.0,Germany,1.8,CAA Stellar,right,2025.0
264960,Robin Fellhauer,SV Elversberg,27.0,Defensive Midfield,1500.0,Germany,1.82,None,right,2027.0
282163,Carlo Sickinger,SV Elversberg,27.0,Defensive Midfield,600.0,Germany,1.83,None,both,2027.0
821442,Daniel Pantschenko,SV Elversberg,22.0,Defensive Midfield,75.0,Germany,1.77,None,right,None
193611,Patryk Dragon,SV Elversberg,29.0,Defensive Midfield,50.0,Germany,1.86,None,right,2026.0
566857,Semih Sahin,SV Elversberg,25.0,Central Midfield,1800.0,Germany,1.77,Soccer and more,right,2027.0
604756,Frederik Schmahl,SV Elversberg,22.0,Central Midfield,500.0,Germany,1.83,None,right,2027.0
85908,Luca Dürholtz,SV Elversberg,31.0,Central Midfield,250.0,Germany,1.78,None,both,2025.0
789898,Muhammed Damar,SV Elversberg,21.0,Attacking Midfield,4000.0,Germany,1.85,None,both,2025.0
425834,Paul Stock,SV Elversberg,28.0,Attacking Midfield,600.0,Germany,1.88,MK Sport Consulting,right,2025.0
337097,Tom Zimmerschied,SV Elversberg,26.0,Left Winger,600.0,Germany,1.8,PRO Profil GmbH,right,2027.0
453307,Filimon Gerezgiher,SV Elversberg,24.0,Left Winger,400.0,Germany,1.83,Soccer and more,left,2027.0
401639,Lukas Petkov,SV Elversberg,24.0,Right Winger,800.0,Bulgaria,1.83,ROOF,right,2027.0
260008,Manuel Feil,SV Elversberg,30.0,Right Winger,450.0,Germany,1.71,Soccer and more,right,2026.0
524290,Fisnik Asllani,SV Elversberg,22.0,Centre-Forward,4000.0,Kosovo,1.91,ROGON,both,2025.0
229991,Luca Schnellbacher,SV Elversberg,31.0,Centre-Forward,700.0,Germany,1.8,None,right,2028.0
692368,Younes Ebnoutalib,SV Elversberg,21.0,Centre-Forward,150.0,Germany,1.91,None,right,2028.0
829299,Max Weiß,Karlsruher SC,20.0,Goalkeeper,3000.0,Germany,1.9,None,right,None
1008184,Mustafe Abdullahu,Karlsruher SC,21.0,Goalkeeper,175.0,Kosovo,1.99,None,right,2025.0
53116,Robin Himmelmann,Karlsruher SC,36.0,Goalkeeper,150.0,Germany,1.87,None,right,None
829243,Aki Koch,Karlsruher SC,21.0,Goalkeeper,100.0,Germany,1.87,PRO Profil GmbH,"
                            Jul 1, 2024                        ",None
594655,Marcel Beifus,Karlsruher SC,22.0,Centre-Back,2500.0,Germany,1.87,None,right,None
152435,Marcel Franke,Karlsruher SC,32.0,Centre-Back,700.0,Germany,1.93,MvK Sports,right,None
307509,Christoph Kobald,Karlsruher SC,27.0,Centre-Back,600.0,Austria,1.86,FTC,both,2025.0
283286,Robin Bormuth,Karlsruher SC,29.0,Centre-Back,600.0,Germany,1.9,None,right,2025.0
604358,David Herold,Karlsruher SC,22.0,Left-Back,1500.0,Germany,1.85,None,left,None
522245,Lasse Günther,Karlsruher SC,22.0,Left-Back,1500.0,Germany,1.81,WINS,left,2025.0
653186,Benedikt Bauer,Karlsruher SC,21.0,Left-Back,250.0,Germany,1.79,PRO Profil GmbH,both,None
1085900,Rafael Pinto Pedrosa,Karlsruhe U19,17.0,Right-Back,1000.0,Germany,1.8,Is known - player U18,right,None
49730,Sebastian Jung,Karlsruher SC,34.0,Right-Back,300.0,Germany,1.79,None,right,None
185427,Nicolai Rapp,Karlsruher SC,28.0,Defensive Midfield,1000.0,Germany,1.86,WINS,right,None
119581,Marvin Wanitzek,Karlsruher SC,32.0,Central Midfield,1500.0,Germany,1.79,None,right,None
273904,Leon Jensen,Karlsruher SC,28.0,Central Midfield,1000.0,Germany,1.75,CAA Stellar,both,2025.0
337042,Robin Heußer,Karlsruher SC,26.0,Central Midfield,900.0,Germany,1.7,None,right,2026.0
696019,Meiko Wäschenbach,Karlsruher SC,21.0,Central Midfield,150.0,Germany,1.78,None,right,None
927017,Efe-Kaan Sihlaroglu,Karlsruher SC,19.0,Central Midfield,150.0,Türkiye,1.78,None,right,2026.0
251295,Dzenis Burnic,Karlsruher SC,27.0,Right Midfield,1200.0,Bosnia-Herzegovina,1.81,None,left,None
472243,Lilian Egloff,Karlsruher SC,22.0,Attacking Midfield,600.0,Germany,1.82,VIDA 11,right,None
923611,Ali-Eren Ersungur,Karlsruher SC,19.0,Attacking Midfield,200.0,Türkiye,1.85,Soccer and more,right,None
574193,Bambasé Conté,Karlsruher SC,21.0,Left Winger,800.0,Germany,1.82,ROGON,left,2025.0
1045852,Louey Ben Farhat,Karlsruher SC,18.0,Second Striker,500.0,Tunisia,1.75,None,right,2027.0
545332,Mikkel Kaufmann,Karlsruher SC,24.0,Centre-Forward,2000.0,Denmark,1.89,Elite Consulting,right,2025.0
583011,Andrin Hunziker,Karlsruher SC,22.0,Centre-Forward,700.0,Switzerland,1.92,Wasserman,right,2025.0
232463,Luca Pfeiffer,Karlsruher SC,28.0,Centre-Forward,600.0,Germany,1.96,None,right,2025.0
600942,Nahuel Noll,Greuther Fürth,22.0,Goalkeeper,1500.0,Germany,1.9,VIDA 11,both,2025.0
309397,Lennart Grill,Greuther Fürth,26.0,Goalkeeper,450.0,Germany,1.92,None,right,2025.0
241974,Nils Körber,Greuther Fürth,28.0,Goalkeeper,250.0,Germany,1.89,None,right,2026.0
569681,Moritz Schulze,Greuther Fürth,24.0,Goalkeeper,100.0,Germany,1.92,None,right,2025.0
515964,Maximilian Dietz,Greuther Fürth,23.0,Centre-Back,2500.0,United States,1.89,ROOF,right,2027.0
296378,Luca Itter,Greuther Fürth,26.0,Centre-Back,1500.0,Germany,1.83,None,left,2027.0
790918,Joshua Quarshie,Greuther Fürth,20.0,Centre-Back,1200.0,Germany,1.96,Unique Sports Group,both,2025.0
934645,Reno Münz,Greuther Fürth,19.0,Centre-Back,650.0,Germany,1.88,Wasserman,left,2027.0
265209,Noah Loosli,Greuther Fürth,28.0,Centre-Back,600.0,Switzerland,1.86,Footuro AG,right,2025.0
247661,Gideon Jung,Greuther Fürth,30.0,Centre-Back,500.0,Germany,1.89,Wasserman,right,2025.0
450234,Marco John,Greuther Fürth,23.0,Left-Back,1000.0,Germany,1.84,Sport Business ...,left,2026.0
72792,Niko Gießelmann,Greuther Fürth,33.0,Left-Back,400.0,Germany,1.82,None,left,2025.0
553905,Kerim Calhanoglu,Greuther Fürth,22.0,Left-Back,250.0,Germany,1.8,Sport Business ...,left,2025.0
392131,Simon Asta,Greuther Fürth,24.0,Right-Back,1000.0,Germany,1.78,None,right,2025.0
196084,Marco Meyerhöfer,Greuther Fürth,29.0,Right-Back,800.0,Germany,1.79,None,right,2025.0
729097,Philipp Müller,Greuther Fürth,21.0,Defensive Midfield,800.0,Germany,1.81,None,both,2027.0
161204,Julian Green,Greuther Fürth,29.0,Central Midfield,1700.0,United States,1.73,None,right,2026.0
511246,Jomaine Consbruch,Greuther Fürth,23.0,Central Midfield,700.0,Germany,1.74,Sports360 GmbH,right,2026.0
89591,Felix Klaus,Greuther Fürth,32.0,Right Midfield,650.0,Germany,1.79,ROOF,right,2027.0
908682,Denis Pfaffenrot,Greuther Fürth,20.0,Right Midfield,300.0,Germany,1.73,None,right,2026.0
431561,Roberto Massimo,Greuther Fürth,24.0,Left Midfield,800.0,Germany,1.83,Robert Schneider,right,2026.0
604323,Nemanja Motika,Greuther Fürth,22.0,Left Midfield,650.0,Serbia,1.79,feel soccer GmbH,right,2025.0
675535,Noel Futkeu,Greuther Fürth,22.0,Centre-Forward,2500.0,Germany,1.83,None,right,2027.0
171209,Branimir Hrgota,Greuther Fürth,32.0,Centre-Forward,1000.0,Sweden,1.85,None,left,2026.0
159239,Dennis Srbeny,Greuther Fürth,31.0,Centre-Forward,600.0,Germany,1.9,Unique Sports Group,right,2026.0
331515,Jannik Mause,Greuther Fürth,26.0,Centre-Forward,600.0,Germany,1.88,None,right,2025.0
555499,Daniel Kasper,Gr. Fürth II,22.0,Centre-Forward,150.0,Germany,1.88,Soccer and more,"
                            Jul 1, 2024                        ",2026.0
317444,Ron-Thorben Hoffmann,E. Braunschweig,26.0,Goalkeeper,600.0,Germany,1.92,ROOF,right,2025.0
316983,Marko Johansson,E. Braunschweig,26.0,Goalkeeper,400.0,Sweden,1.94,None,right,2025.0
169271,Tino Casali,E. Braunschweig,29.0,Goalkeeper,300.0,Austria,1.93,None,right,2025.0
688544,Justin Duda,E. Braunschweig,22.0,Goalkeeper,50.0,Germany,1.93,B360 Sports,"
                            Jul 1, 2023                        ",2025.0
284248,Paul Jaeckel,E. Braunschweig,26.0,Centre-Back,1000.0,Germany,1.86,Karl M. Herzog ...,right,2025.0
373876,Robert Ivanov,E. Braunschweig,30.0,Centre-Back,750.0,Finland,1.97,None,right,2025.0
447783,Kevin Ehlers,E. Braunschweig,24.0,Centre-Back,500.0,Germany,1.9,Karl M. Herzog ...,right,2027.0
93649,Jannis Nikolaou,E. Braunschweig,31.0,Centre-Back,400.0,Germany,1.87,None,left,2025.0
51676,Ermin Bicakcic,E. Braunschweig,35.0,Centre-Back,400.0,Bosnia-Herzegovina,1.85,None,right,2025.0
232355,Leon Bell Bell,E. Braunschweig,28.0,Left-Back,650.0,Cameroon,1.8,None,left,2026.0
676889,Fabio Di Michele Sanchez,E. Braunschweig,22.0,Left-Back,600.0,Germany,1.8,LEADERBROCK,left,2026.0
307845,Marvin Rittmüller,E. Braunschweig,26.0,Right-Back,650.0,Germany,1.78,Soccer and more,both,2026.0
192167,Mohamed Dräger,E. Braunschweig,28.0,Right-Back,500.0,Tunisia,1.81,ROGON,right,2026.0
717346,Sanoussy Ba,E. Braunschweig,21.0,Right-Back,400.0,Germany,1.84,Sports360 GmbH,both,2027.0
202604,Sven Köhler,E. Braunschweig,28.0,Defensive Midfield,800.0,Germany,1.85,SBE Management AG,right,2027.0
470815,Niklas Tauer,E. Braunschweig,24.0,Defensive Midfield,600.0,Germany,1.83,PRO Profil GmbH,right,2025.0
121454,Robin Krauße,E. Braunschweig,31.0,Defensive Midfield,450.0,Germany,1.79,None,right,2026.0
616340,Julian Baas,E. Braunschweig,23.0,Central Midfield,1000.0,Netherlands,1.84,Key United,right,2025.0
378883,Lino Tempelmann,E. Braunschweig,26.0,Central Midfield,750.0,Germany,1.75,PRO Profil GmbH,right,2025.0
160980,Fabio Kaufmann,E. Braunschweig,32.0,Central Midfield,400.0,Germany,1.81,None,right,2025.0
717345,Sidney Raebiger,E. Braunschweig,20.0,Central Midfield,300.0,Germany,1.76,CN Sports,right,2027.0
673925,Johan Gómez,E. Braunschweig,23.0,Attacking Midfield,900.0,United States,1.83,UG Sports,both,2027.0
597104,Walid Ould-Chikh,E. Braunschweig,25.0,Attacking Midfield,800.0,Netherlands,1.86,None,right,2027.0
729176,Max Marie,E. Braunschweig,20.0,Attacking Midfield,200.0,Germany,1.8,None,both,2027.0
530298,Christian Conteh,E. Braunschweig,25.0,Right Winger,500.0,Germany,1.82,None,right,2026.0
410561,Sidi Sané,E. Braunschweig,22.0,Right Winger,350.0,Germany,1.87,SEG,right,2025.0
694507,Rayan Philippe,E. Braunschweig,24.0,Centre-Forward,3000.0,France,1.82,SEG,left,2025.0
390460,Richmond Tachie,E. Braunschweig,26.0,Centre-Forward,650.0,Germany,1.78,CAA Stellar,right,2025.0
342989,Levente Szabó,E. Braunschweig,25.0,Centre-Forward,600.0,Hungary,1.95,feel soccer GmbH,right,2026.0
60957,Sebastian Polter,E. Braunschweig,34.0,Centre-Forward,300.0,Germany,1.92,None,right,2026.0
348778,Niclas Thiede,SSV Ulm 1846,26.0,Goalkeeper,350.0,Germany,1.86,CORESPORT,both,2026.0
196826,Christian Ortag,SSV Ulm 1846,30.0,Goalkeeper,300.0,Germany,1.97,Soccer and more,right,2028.0
422251,Marvin Seybold,SSV Ulm 1846,23.0,Goalkeeper,25.0,Germany,1.9,None,"
                            Jul 1, 2020                        ",2025.0
392133,Tom Gaal,SSV Ulm 1846,24.0,Centre-Back,450.0,Germany,1.93,None,both,2025.0
388508,Niklas Kolbe,SSV Ulm 1846,28.0,Centre-Back,400.0,Germany,1.96,None,left,2026.0
114441,Johannes Reichert,SSV Ulm 1846,33.0,Centre-Back,225.0,Germany,1.84,None,both,2026.0
83691,Thomas Geyer,SSV Ulm 1846,34.0,Centre-Back,150.0,Germany,1.79,None,right,2025.0
333464,Romario Rösch,SSV Ulm 1846,25.0,Left-Back,450.0,Germany,1.82,None,both,2025.0
379989,Jonathan Meier,SSV Ulm 1846,25.0,Left-Back,350.0,Germany,1.81,None,left,2026.0
569455,Bastian Allgeier,SSV Ulm 1846,23.0,Right-Back,350.0,Germany,1.94,DC International ...,right,2025.0
232349,Lennart Stoll,SSV Ulm 1846,29.0,Right-Back,250.0,Germany,1.89,None,right,2025.0
716898,Luka Hyryläinen,SSV Ulm 1846,20.0,Defensive Midfield,1800.0,Finland,1.99,None,right,2025.0
392150,Max Brandt,SSV Ulm 1846,23.0,Central Midfield,600.0,Germany,1.8,None,right,2026.0
324856,Dennis Dressel,SSV Ulm 1846,26.0,Central Midfield,400.0,Germany,1.86,None,left,2026.0
67850,Andreas Ludwig,SSV Ulm 1846,34.0,Central Midfield,125.0,Germany,1.72,None,left,2025.0
829316,Maurice Krattenmacher,SSV Ulm 1846,19.0,Attacking Midfield,3500.0,Germany,1.8,WINS,both,2025.0
406614,Oliver Batista Meier,SSV Ulm 1846,24.0,Attacking Midfield,700.0,Germany,1.8,None,right,2027.0
119120,Robert Leipertz,SSV Ulm 1846,32.0,Attacking Midfield,400.0,Germany,1.83,SEG,left,2025.0
76630,Dennis Chessa,SSV Ulm 1846,32.0,Right Winger,300.0,Germany,1.79,None,both,2025.0
583767,Semir Telalovic,SSV Ulm 1846,25.0,Centre-Forward,900.0,Germany,1.87,SEG,right,2027.0
741816,Aleksandar Kahvic,SSV Ulm 1846,21.0,Centre-Forward,500.0,Bosnia-Herzegovina,1.92,None,right,2029.0
230810,Felix Higl,SSV Ulm 1846,28.0,Centre-Forward,350.0,Germany,1.94,None,left,2026.0
115210,Lucas Röser,SSV Ulm 1846,31.0,Centre-Forward,200.0,Germany,1.86,None,right,2025.0
499317,Felix Gebhardt,J. Regensburg,23.0,Goalkeeper,900.0,Germany,1.9,Sports360 GmbH,"
                            Jul 1, 2023                        ",2026.0
228975,Julian Pollersbeck,J. Regensburg,30.0,Goalkeeper,250.0,Germany,1.95,None,right,2026.0
255633,Alexander Weidinger,J. Regensburg,27.0,Goalkeeper,125.0,Germany,1.97,None,right,None
668730,Leon Cuk,J. Regensburg,22.0,Goalkeeper,75.0,Germany,1.88,PRO Profil GmbH,right,2025.0
897431,Leopold Wurm,J. Regensburg,19.0,Centre-Back,1500.0,Germany,1.94,Robert Schneider,"
                            Sep 27, 2023                        ",2026.0
760069,Louis Breunig,J. Regensburg,21.0,Centre-Back,800.0,Germany,1.88,Robert Schneider,left,2027.0
280589,Robin Ziegele,J. Regensburg,28.0,Centre-Back,275.0,Germany,1.86,Tenet Football,right,2027.0
110885,Florian Ballas,J. Regensburg,32.0,Centre-Back,250.0,Germany,1.96,Soccer and more,both,2025.0
52354,Alexander Bittroff,J. Regensburg,36.0,Centre-Back,175.0,Germany,1.86,None,right,2025.0
284177,Tim Handwerker,J. Regensburg,27.0,Left-Back,600.0,Germany,1.82,Sports360 GmbH,left,2025.0
521475,Bryan Hein,J. Regensburg,23.0,Left-Back,600.0,Germany,1.82,None,left,2025.0
455933,Oscar Schönfelder,J. Regensburg,24.0,Left-Back,350.0,Germany,1.82,None,left,None
240263,Frederic Ananou,J. Regensburg,27.0,Right-Back,600.0,Togo,1.83,HD,right,2025.0
93552,Benedikt Saller,J. Regensburg,32.0,Right-Back,350.0,Germany,1.79,PRO Profil GmbH,right,2026.0
427254,Nico Ochojski,J. Regensburg,26.0,Right-Back,275.0,Germany,1.82,None,"
                            Jul 1, 2024                        ",2026.0
679471,Rasim Bulic,J. Regensburg,24.0,Defensive Midfield,450.0,Germany,1.96,None,right,2025.0
93563,Andreas Geipl,J. Regensburg,33.0,Defensive Midfield,300.0,Germany,1.78,None,right,None
433894,Anssi Suhonen,J. Regensburg,24.0,Central Midfield,500.0,Finland,1.75,Wasserman,both,2025.0
486731,Christian Viet,J. Regensburg,26.0,Attacking Midfield,700.0,Germany,1.83,None,right,2025.0
108198,Sebastian Ernst,J. Regensburg,30.0,Attacking Midfield,500.0,Germany,1.8,None,left,2026.0
897422,Max Meyer,J. Regensburg,18.0,Left Winger,100.0,Germany,1.75,We'RR,right,2025.0
223572,Kai Pröger,J. Regensburg,33.0,Right Winger,400.0,Germany,1.77,None,right,2026.0
923015,Jonas Bauer,J. Regensburg,21.0,Right Winger,200.0,Germany,1.77,VIDA 11,"
                            Oct 12, 2023                        ",2025.0
125614,Sargis Adamyan,J. Regensburg,31.0,Centre-Forward,450.0,Armenia,1.84,Karl M. Herzog ...,right,2025.0
518583,Noah Ganaus,J. Regensburg,24.0,Centre-Forward,400.0,Germany,1.93,None,right,2025.0
184204,Christian Kühlwetter,J. Regensburg,29.0,Centre-Forward,400.0,Germany,1.82,MK Sport Consulting,both,2026.0
594725,Dejan Galjen,J. Regensburg,23.0,Centre-Forward,300.0,Germany,1.89,YOU FIRST,"
                            Jul 1, 2024                        ",2026.0
284688,Elias Huth,J. Regensburg,28.0,Centre-Forward,275.0,Germany,1.81,None,right,2025.0
403899,Eric Hottmann,J. Regensburg,25.0,Centre-Forward,200.0,Germany,1.87,None,right,2025.0
604326,Johannes Schenk,Pr. Münster,22.0,Goalkeeper,1000.0,Germany,1.91,WINS,"
                            Jul 1, 2024                        ",2027.0
274039,Morten Behrens,Pr. Münster,28.0,Goalkeeper,250.0,Germany,1.93,None,right,None
724709,Marian Kirsch,Pr. Münster,21.0,Goalkeeper,75.0,Germany,1.96,None,-,None
563966,Lukas Frenkert,Pr. Münster,24.0,Centre-Back,900.0,Germany,1.9,None,both,2025.0
406988,Niko Koulis,Pr. Münster,26.0,Centre-Back,600.0,Germany,1.87,None,right,None
249207,Torge Paetow,Pr. Münster,29.0,Centre-Back,300.0,Germany,1.88,None,both,None
93979,Simon Scherder,Pr. Münster,32.0,Centre-Back,250.0,Germany,1.89,None,both,2026.0
96331,Mikkel Kirkeskov,Pr. Münster,33.0,Left-Back,250.0,Denmark,1.85,None,left,None
594664,Luca Bolay,Pr. Münster,22.0,Left-Back,250.0,Germany,1.77,None,left,None
282150,Dominik Schad,Pr. Münster,28.0,Right-Back,250.0,Germany,1.76,Soccer and more,right,2025.0
205004,Jorrit Hendrix,Pr. Münster,30.0,Defensive Midfield,800.0,Netherlands,1.81,Muy Manero,left,2026.0
493899,Luca Bazzoli,Pr. Münster,24.0,Defensive Midfield,700.0,Germany,1.88,None,both,2025.0
124568,Sebastian Mrowca,Pr. Münster,31.0,Defensive Midfield,300.0,Poland,1.77,None,both,2025.0
196834,David Kinsombi,Pr. Münster,29.0,Central Midfield,600.0,Germany,1.83,None,right,2025.0
206411,Rico Preißinger,Pr. Münster,28.0,Central Midfield,300.0,Germany,1.85,CS/DSM,both,2025.0
50600,Marc Lorenz,Pr. Münster,36.0,Left Midfield,175.0,Germany,1.82,None,left,None
440108,Yassine Bouchama,Pr. Münster,27.0,Attacking Midfield,300.0,Germany,1.82,CORESPORT,both,None
522104,Daniel Kyerewaa,Pr. Münster,23.0,Attacking Midfield,250.0,Germany,1.75,None,right,2025.0
322249,Thorben Deters,Pr. Münster,29.0,Attacking Midfield,250.0,Germany,1.76,None,right,None
196815,Joshua Mees,Pr. Münster,29.0,Left Winger,650.0,Germany,1.8,WINS,both,None
191359,Florian Pick,Pr. Münster,29.0,Left Winger,500.0,Germany,1.76,CN Sports,right,2025.0
414318,Charalambos Makridis,Pr. Münster,28.0,Left Winger,400.0,Germany,1.8,ROOF,both,None
411134,Malik Batmaz,Pr. Münster,25.0,Centre-Forward,650.0,Germany,1.8,FTC,right,2026.0
546415,András Németh,Pr. Münster,22.0,Centre-Forward,650.0,Hungary,1.87,None,right,2025.0
271103,Etienne Amenyido,Pr. Münster,27.0,Centre-Forward,500.0,Togo,1.85,SBE Management AG,right,None
149996,Hólmbert Aron Fridjónsson,Pr. Münster,32.0,Centre-Forward,300.0,Iceland,1.96,None,left,None
388516,Josep Martínez,Inter,26.0,Goalkeeper,12000.0,Spain,1.91,None,right,2029.0
42205,Yann Sommer,Inter,36.0,Goalkeeper,4000.0,Switzerland,1.83,None,right,2026.0
70580,Raffaele Di Gennaro,Inter,31.0,Goalkeeper,300.0,Italy,1.88,None,right,2025.0
315853,Alessandro Bastoni,Inter,26.0,Centre-Back,80000.0,Italy,1.9,None,left,2028.0
353366,Benjamin Pavard,Inter,29.0,Centre-Back,30000.0,France,1.86,None,right,2028.0
441986,Yann Bisseck,Inter,24.0,Centre-Back,30000.0,Germany,1.96,None,right,2029.0
111196,Stefan de Vrij,Inter,33.0,Centre-Back,7000.0,Netherlands,1.89,P&P Sport ...,right,2025.0
131075,Francesco Acerbi,Inter,37.0,Centre-Back,3000.0,Italy,1.92,P&P Sport ...,left,2026.0
198116,Federico Dimarco,Inter,27.0,Left-Back,60000.0,Italy,1.75,Roc Nation Sports,left,2027.0
585982,Carlos Augusto,Inter,26.0,Left-Back,22000.0,Brazil,1.84,GR Sports,left,2028.0
321528,Denzel Dumfries,Inter,29.0,Right-Back,28000.0,Netherlands,1.88,Wasserman,right,2028.0
54906,Matteo Darmian,Inter,35.0,Right-Back,4000.0,Italy,1.83,None,right,2026.0
126414,Hakan Çalhanoğlu,Inter,31.0,Defensive Midfield,35000.0,Türkiye,1.78,Unique Sports Group,right,2027.0
543771,Kristjan Asllani,Inter,23.0,Defensive Midfield,15000.0,Albania,1.75,None,right,2028.0
255942,Nicolò Barella,Inter,28.0,Central Midfield,80000.0,Italy,1.75,None,right,2029.0
394300,Davide Frattesi,Inter,25.0,Central Midfield,32000.0,Italy,1.78,GR Sports,right,2028.0
181136,Piotr Zieliński,Inter,31.0,Central Midfield,14000.0,Poland,1.8,BMG-SPORT,both,2028.0
55735,Henrikh Mkhitaryan,Inter,36.0,Central Midfield,4000.0,Armenia,1.77,Rafaela Pimenta,both,2026.0
550108,Nicola Zalewski,Inter,23.0,Left Midfield,10000.0,Poland,1.75,None,right,2025.0
787618,Valentín Carboni,Inter,20.0,Attacking Midfield,12000.0,Argentina,1.85,GR Sports,left,2029.0
227081,Joaquín Correa,Inter,30.0,Second Striker,3000.0,Argentina,1.88,None,right,2025.0
406625,Lautaro Martínez,Inter,27.0,Centre-Forward,95000.0,Argentina,1.74,Footfeel ISM,right,2029.0
318528,Marcus Thuram,Inter,27.0,Centre-Forward,75000.0,France,1.92,Sport Cover,right,2028.0
307058,Mehdi Taremi,Inter,32.0,Centre-Forward,5000.0,Iran,1.85,None,right,2027.0
41384,Marko Arnautovic,Inter,36.0,Centre-Forward,3500.0,Austria,1.9,None,both,2025.0
301238,Michele Di Gregorio,Juventus,27.0,Goalkeeper,18000.0,Italy,1.87,None,right,2029.0
110923,Mattia Perin,Juventus,32.0,Goalkeeper,3000.0,Italy,1.88,None,right,2027.0
75411,Carlo Pinsoglio,Juventus,35.0,Goalkeeper,200.0,Italy,1.94,None,left,2026.0
516716,Bremer,Juventus,28.0,Centre-Back,50000.0,Brazil,1.88,None,right,2029.0
585949,Pierre Kalulu,Juventus,24.0,Centre-Back,26000.0,France,1.82,CAA Stellar,right,2025.0
509022,Federico Gatti,Juventus,26.0,Centre-Back,25000.0,Italy,1.9,None,right,2028.0
480116,Lloyd Kelly,Juventus,26.0,Centre-Back,18000.0,England,1.89,None,left,2029.0
805714,Renato Veiga,Juventus,21.0,Centre-Back,18000.0,Portugal,1.9,None,left,2025.0
459658,Andrea Cambiaso,Juventus,25.0,Left-Back,40000.0,Italy,1.82,None,both,2029.0
686965,Juan Cabal,Juventus,24.0,Left-Back,9000.0,Colombia,1.86,VIDA 11,left,2029.0
741090,Jonas Rouhi,Juventus,21.0,Left-Back,2000.0,Sweden,1.83,HCM Sports ...,left,2028.0
708072,Nicolò Savona,Juventus,22.0,Right-Back,14000.0,Italy,1.92,Mp Management,right,2029.0
265088,Manuel Locatelli,Juventus,27.0,Defensive Midfield,28000.0,Italy,1.85,Excellence Sport,right,2028.0
463618,Khéphren Thuram,Juventus,24.0,Central Midfield,40000.0,France,1.92,Sport Cover,right,2029.0
447661,Douglas Luiz,Juventus,27.0,Central Midfield,38000.0,Brazil,1.77,Bertolucci Sports,right,2029.0
332697,Weston McKennie,Juventus,26.0,Central Midfield,24000.0,United States,1.85,Wasserman,right,2026.0
360518,Teun Koopmeiners,Juventus,27.0,Attacking Midfield,40000.0,Netherlands,1.84,Wasserman,left,2029.0
944570,Vasilije Adžić,Juventus,19.0,Attacking Midfield,3000.0,Montenegro,1.85,None,right,2029.0
845654,Kenan Yıldız,Juventus,20.0,Left Winger,45000.0,Türkiye,1.87,None,both,2029.0
654991,Samuel Mbangula,Juventus,21.0,Left Winger,14000.0,Belgium,1.79,None,right,2028.0
487474,Francisco Conceição,Juventus,22.0,Right Winger,36000.0,Portugal,1.7,Gestifute,left,2025.0
486031,Nico González,Juventus,27.0,Right Winger,28000.0,Argentina,1.8,None,left,2029.0
370846,Timothy Weah,Juventus,25.0,Right Winger,17000.0,United States,1.83,BS Group - BS Law,right,2028.0
357498,Dušan Vlahović,Juventus,25.0,Centre-Forward,45000.0,Serbia,1.9,INTERNATIONAL ...,left,2026.0
487969,Randal Kolo Muani,Juventus,26.0,Centre-Forward,30000.0,France,1.87,None,right,2025.0
191891,Arkadiusz Milik,Juventus,31.0,Centre-Forward,2000.0,Poland,1.86,CAA Stellar,left,2027.0
182906,Mike Maignan,AC Milan,29.0,Goalkeeper,25000.0,France,1.91,None,right,2026.0
199976,Marco Sportiello,AC Milan,33.0,Goalkeeper,1500.0,Italy,1.92,GR Sports,right,2027.0
939745,Lorenzo Torriani,AC Milan,20.0,Goalkeeper,500.0,Italy,1.97,None,right,2030.0
303254,Fikayo Tomori,AC Milan,27.0,Centre-Back,20000.0,England,1.85,SPORT INVEST,right,2027.0
521964,Malick Thiaw,AC Milan,23.0,Centre-Back,20000.0,Germany,1.94,Unique Sports Group,right,2027.0
574671,Strahinja Pavlović,AC Milan,23.0,Centre-Back,18000.0,Serbia,1.94,None,left,2028.0
323167,Matteo Gabbia,AC Milan,25.0,Centre-Back,14000.0,Italy,1.85,None,right,2029.0
339808,Theo Hernández,AC Milan,27.0,Left-Back,40000.0,France,1.84,None,left,2026.0
741257,Álex Jiménez,AC Milan,20.0,Right-Back,10000.0,Spain,1.77,YOU FIRST,right,2028.0
476344,Emerson Royal,AC Milan,26.0,Right-Back,10000.0,Brazil,1.83,None,right,2028.0
95424,Kyle Walker,AC Milan,34.0,Right-Back,6000.0,England,1.83,None,right,2025.0
631007,Filippo Terracciano,AC Milan,22.0,Right-Back,4500.0,Italy,1.86,None,right,2028.0
130365,Alessandro Florenzi,AC Milan,34.0,Right-Back,1500.0,Italy,1.73,None,right,2025.0
569598,Youssouf Fofana,AC Milan,26.0,Defensive Midfield,30000.0,France,1.85,None,right,2028.0
460939,Tijjani Reijnders,AC Milan,26.0,Central Midfield,50000.0,Netherlands,1.85,None,right,2030.0
503991,Yunus Musah,AC Milan,22.0,Central Midfield,22000.0,United States,1.78,None,right,2028.0
202886,Ruben Loftus-Cheek,AC Milan,29.0,Central Midfield,16000.0,England,1.91,CAA Stellar,right,2027.0
659516,Warren Bondo,AC Milan,21.0,Central Midfield,10000.0,France,1.77,None,right,2029.0
357164,Rafael Leão,AC Milan,25.0,Left Winger,75000.0,Portugal,1.88,None,right,2028.0
386455,Riccardo Sottil,AC Milan,25.0,Left Winger,6000.0,Italy,1.8,GR Sports,right,2025.0
315779,Christian Pulisic,AC Milan,26.0,Right Winger,50000.0,United States,1.77,None,right,2027.0
401922,Samuel Chukwueze,AC Milan,26.0,Right Winger,14000.0,Nigeria,1.72,None,left,2028.0
462250,João Félix,AC Milan,25.0,Second Striker,25000.0,Portugal,1.81,Gestifute,right,2025.0
331726,Tammy Abraham,AC Milan,27.0,Centre-Forward,15000.0,England,1.94,ROOF,right,2025.0
257462,Luka Jović,AC Milan,27.0,Centre-Forward,2500.0,Serbia,1.82,LIAN Sports Group,right,2025.0
459763,Marco Carnesecchi,Atalanta BC,24.0,Goalkeeper,25000.0,Italy,1.91,None,right,2028.0
45026,Rui Patrício,Atalanta BC,37.0,Goalkeeper,1000.0,Portugal,1.9,Gestifute,left,2025.0
126634,Francesco Rossi,Atalanta BC,34.0,Goalkeeper,100.0,Italy,1.93,None,right,2025.0
571604,Giorgio Scalvini,Atalanta BC,21.0,Centre-Back,35000.0,Italy,1.94,None,right,2028.0
503075,Isak Hien,Atalanta BC,26.0,Centre-Back,30000.0,Sweden,1.91,None,right,2028.0
644771,Odilon Kossounou,Atalanta BC,24.0,Centre-Back,25000.0,Cote d'Ivoire,1.91,Unique Sports Group,right,2025.0
223974,Stefan Posch,Atalanta BC,28.0,Centre-Back,10000.0,Austria,1.9,ROOF,right,2025.0
94005,Sead Kolasinac,Atalanta BC,31.0,Centre-Back,10000.0,Bosnia-Herzegovina,1.83,None,left,2026.0
165513,Berat Djimsiti,Atalanta BC,32.0,Centre-Back,8000.0,Albania,1.9,None,right,2026.0
72441,Rafael Tolói,Atalanta BC,34.0,Centre-Back,1500.0,Italy,1.85,None,right,2025.0
133179,Marten de Roon,Atalanta BC,34.0,Defensive Midfield,7000.0,Netherlands,1.85,SEG,right,2026.0
982267,Ibrahim Sulemana,Atalanta BC,22.0,Defensive Midfield,6000.0,Ghana,1.8,None,right,2028.0
607854,Éderson,Atalanta BC,25.0,Central Midfield,50000.0,Brazil,1.83,None,right,2027.0
528833,Lazar Samardžić,Atalanta BC,23.0,Central Midfield,20000.0,Serbia,1.84,LIOS Sports,left,2029.0
205938,Mario Pasalic,Atalanta BC,30.0,Central Midfield,13000.0,Croatia,1.88,None,right,2025.0
459128,Marco Brescianini,Atalanta BC,25.0,Central Midfield,8000.0,Italy,1.88,GR Sports,left,2029.0
357992,Raoul Bellanova,Atalanta BC,25.0,Right Midfield,22000.0,Italy,1.88,None,right,2029.0
173859,Davide Zappacosta,Atalanta BC,32.0,Right Midfield,6000.0,Italy,1.82,None,right,2025.0
895937,Marco Palestra,Atalanta BC,20.0,Right Midfield,3000.0,Italy,1.86,None,right,None
91970,Juan Cuadrado,Atalanta BC,36.0,Right Midfield,1000.0,Colombia,1.76,Andrei Martínez,right,2025.0
616631,Matteo Ruggeri,Atalanta BC,22.0,Left Midfield,20000.0,Italy,1.87,None,left,2028.0
435772,Charles De Ketelaere,Atalanta BC,24.0,Attacking Midfield,38000.0,Belgium,1.92,None,left,2028.0
539134,Daniel Maldini,Atalanta BC,23.0,Attacking Midfield,10000.0,Italy,1.88,GR Sports,right,2029.0
406040,Ademola Lookman,Atalanta BC,27.0,Second Striker,60000.0,Nigeria,1.74,ROOF,right,2027.0
554903,Mateo Retegui,Atalanta BC,26.0,Centre-Forward,45000.0,Italy,1.86,None,right,2028.0
315867,Gianluca Scamacca,Atalanta BC,26.0,Centre-Forward,24000.0,Italy,1.95,CAA Stellar,right,2027.0
240414,Alex Meret,Napoli,28.0,Goalkeeper,12000.0,Italy,1.9,P&P Sport ...,left,2025.0
238993,Simone Scuffet,Napoli,28.0,Goalkeeper,2000.0,Italy,1.93,P&P Sport ...,right,2025.0
250683,Nikita Contini,Napoli,29.0,Goalkeeper,400.0,Italy,1.9,None,right,2025.0
386446,Alessandro Buongiorno,Napoli,25.0,Centre-Back,45000.0,Italy,1.9,GR Sports,left,2029.0
257732,Amir Rrahmani,Napoli,31.0,Centre-Back,12000.0,Kosovo,1.92,None,right,2027.0
662261,Rafa Marín,Napoli,23.0,Centre-Back,7000.0,Spain,1.91,LEADERBROCK,right,2029.0
121985,Juan Jesus,Napoli,33.0,Centre-Back,1500.0,Brazil,1.85,None,left,2025.0
376514,Mathías Olivera,Napoli,27.0,Left-Back,18000.0,Uruguay,1.85,GBG Global Business ...,left,2030.0
118689,Leonardo Spinazzola,Napoli,32.0,Left-Back,3500.0,Italy,1.86,None,right,2026.0
169880,Giovanni Di Lorenzo,Napoli,31.0,Right-Back,15000.0,Italy,1.83,None,right,2028.0
250153,Pasquale Mazzocchi,Napoli,29.0,Right-Back,3000.0,Italy,1.83,None,right,2027.0
192735,Stanislav Lobotka,Napoli,30.0,Defensive Midfield,25000.0,Slovakia,1.68,FairSport,right,2027.0
423744,Billy Gilmour,Napoli,23.0,Defensive Midfield,16000.0,Scotland,1.7,CAA Stellar,right,2029.0
315969,Scott McTominay,Napoli,28.0,Central Midfield,40000.0,Scotland,1.91,None,right,2028.0
354361,Frank Anguissa,Napoli,29.0,Central Midfield,27000.0,Cameroon,1.84,None,right,2027.0
320411,Philip Billing,Napoli,28.0,Central Midfield,12000.0,Denmark,1.93,ROOF,left,2025.0
724178,Luis Hasa,Napoli,21.0,Central Midfield,1000.0,Italy,1.72,LIAN Sports Group,right,2029.0
469822,David Neres,Napoli,28.0,Left Winger,30000.0,Brazil,1.76,Bertolucci Sports,left,2028.0
346890,Noah Okafor,Napoli,24.0,Left Winger,15000.0,Switzerland,1.85,YOU FIRST,right,2025.0
165895,Matteo Politano,Napoli,31.0,Right Winger,10000.0,Italy,1.71,None,left,2027.0
358032,Cyril Ngonge,Napoli,24.0,Right Winger,10000.0,Belgium,1.8,None,left,2028.0
405885,Giacomo Raspadori,Napoli,25.0,Second Striker,20000.0,Italy,1.72,None,right,2028.0
96341,Romelu Lukaku,Napoli,32.0,Centre-Forward,22000.0,Belgium,1.91,TEAM LUKAKU,left,2027.0
282388,Giovanni Simeone,Napoli,29.0,Centre-Forward,8000.0,Argentina,1.8,None,right,2026.0
338670,Mile Svilar,AS Roma,25.0,Goalkeeper,17000.0,Serbia,1.89,Universal Twenty Two,right,2027.0
244192,Pierluigi Gollini,AS Roma,30.0,Goalkeeper,1000.0,Italy,1.94,None,right,2027.0
1041614,Renato Marin,AS Roma,18.0,Goalkeeper,500.0,Italy,1.93,None,right,2025.0
371149,Evan Ndicka,AS Roma,25.0,Centre-Back,25000.0,Cote d'Ivoire,1.92,None,left,2028.0
256448,Gianluca Mancini,AS Roma,29.0,Centre-Back,18000.0,Italy,1.9,GR Sports,right,2027.0
422951,Victor Nelsson,AS Roma,26.0,Centre-Back,14000.0,Denmark,1.85,None,right,2025.0
39728,Mats Hummels,AS Roma,36.0,Centre-Back,2500.0,Germany,1.91,None,right,2025.0
277179,Angeliño,AS Roma,28.0,Left-Back,15000.0,Spain,1.71,None,left,2028.0
485584,Anass Salah-Eddine,AS Roma,23.0,Left-Back,8000.0,Netherlands,1.81,None,left,2028.0
557407,Devyne Rensch,AS Roma,22.0,Right-Back,12000.0,Netherlands,1.81,AYMO Football ...,right,2029.0
631927,Saud Abdulhamid,AS Roma,25.0,Right-Back,4000.0,Saudi Arabia,1.75,TKS,right,2028.0
962125,Buba Sangaré,AS Roma,17.0,Right-Back,1000.0,Spain,1.83,None,right,2027.0
620313,Lucas Gourna-Douath,AS Roma,21.0,Defensive Midfield,8000.0,France,1.85,Sport Cover,right,2025.0
199248,Bryan Cristante,AS Roma,30.0,Defensive Midfield,7000.0,Italy,1.86,GR Sports,right,2027.0
166237,Leandro Paredes,AS Roma,30.0,Defensive Midfield,5000.0,Argentina,1.8,DCGLOBALSL,right,2026.0
624690,Manu Koné,AS Roma,24.0,Central Midfield,35000.0,France,1.85,None,right,2029.0
813137,Niccolò Pisilli,AS Roma,20.0,Central Midfield,12000.0,Italy,1.8,None,right,2029.0
286297,Lorenzo Pellegrini,AS Roma,28.0,Attacking Midfield,14000.0,Italy,1.86,None,right,2026.0
641537,Tommaso Baldanzi,AS Roma,22.0,Attacking Midfield,14000.0,Italy,1.7,GR Sports,left,2028.0
94529,Stephan El Shaarawy,AS Roma,32.0,Left Winger,5000.0,Italy,1.78,None,right,2025.0
668951,Matías Soulé,AS Roma,22.0,Right Winger,22000.0,Argentina,1.82,None,left,2029.0
381950,Alexis Saelemaekers,AS Roma,25.0,Right Winger,17000.0,Belgium,1.8,Unique Sports Group,right,2025.0
206050,Paulo Dybala,AS Roma,31.0,Second Striker,8000.0,Argentina,1.77,None,left,2026.0
343537,Artem Dovbyk,AS Roma,27.0,Centre-Forward,30000.0,Ukraine,1.89,ALIK FOOTBALL ...,left,2029.0
358166,Eldor Shomurodov,AS Roma,29.0,Centre-Forward,4000.0,Uzbekistan,1.9,None,right,2026.0
197929,Ivan Provedel,Lazio,31.0,Goalkeeper,7000.0,Italy,1.94,None,right,2027.0
481675,Christos Mandas,Lazio,23.0,Goalkeeper,5000.0,Greece,1.89,DRANGOLD LIMITED / ...,right,2029.0
918957,Davide Renzetti,Lazio,18.0,Goalkeeper,100.0,Italy,1.94,None,right,2027.0
538079,Alessio Furlanetto,Lazio,23.0,Goalkeeper,50.0,Italy,1.91,None,"
                            Jul 1, 2022                        ",2028.0
618341,Mario Gila,Lazio,24.0,Centre-Back,28000.0,Spain,1.85,Footfeel ISM,right,2027.0
197747,Alessio Romagnoli,Lazio,30.0,Centre-Back,12000.0,Italy,1.85,Team Raiola,left,2027.0
276896,Samuel Gigot,Lazio,31.0,Centre-Back,4000.0,France,1.87,None,right,2025.0
126729,Patric,Lazio,32.0,Centre-Back,4000.0,Spain,1.84,Team Raiola,right,2027.0
644408,Oliver Provstgaard,Lazio,21.0,Centre-Back,3500.0,Denmark,1.94,BTAM,left,2029.0
1110645,Filipe Bordon,Lazio,19.0,Centre-Back,500.0,Brazil,1.93,None,"
                            Jul 1, 2024                        ",2028.0
535955,Nuno Tavares,Lazio,25.0,Left-Back,25000.0,Portugal,1.83,None,left,2025.0
346567,Luca Pellegrini,Lazio,26.0,Left-Back,2500.0,Italy,1.78,Team Raiola,left,2025.0
239802,Adam Marusic,Lazio,32.0,Right-Back,4000.0,Montenegro,1.85,None,right,2026.0
200056,Elseid Hysaj,Lazio,31.0,Right-Back,2000.0,Albania,1.82,None,right,2026.0
525704,Nicolò Rovella,Lazio,23.0,Defensive Midfield,28000.0,Italy,1.79,GR Sports,right,2025.0
982855,Reda Belahyane,Lazio,20.0,Defensive Midfield,10000.0,Morocco,1.73,None,right,2029.0
465830,Mattéo Guendouzi,Lazio,26.0,Central Midfield,32000.0,France,1.85,Sport Cover,right,2028.0
143812,Matías Vecino,Lazio,33.0,Central Midfield,2500.0,Uruguay,1.87,None,right,2025.0
334835,Toma Bašić,Lazio,28.0,Central Midfield,1000.0,Croatia,1.9,None,left,2026.0
331401,Manuel Lazzari,Lazio,31.0,Right Midfield,4000.0,Italy,1.74,None,right,2027.0
530742,Fisayo Dele-Bashiru,Lazio,24.0,Attacking Midfield,8000.0,Nigeria,1.86,None,right,2028.0
744728,Arijon Ibrahimovic,Lazio,19.0,Attacking Midfield,4000.0,Germany,1.76,None,right,2025.0
834468,Cristo Muñoz,Lazio,20.0,Attacking Midfield,250.0,Spain,1.79,Wasserman,right,2027.0
601577,André Anderson,Lazio,25.0,Attacking Midfield,200.0,Italy,1.8,None,right,2025.0
283735,Mattia Zaccagni,Lazio,29.0,Left Winger,20000.0,Italy,1.77,None,right,2029.0
462823,Gustav Isaksen,Lazio,24.0,Right Winger,20000.0,Denmark,1.81,BTAM,left,2028.0
457736,Tijjani Noslin,Lazio,25.0,Right Winger,12000.0,Netherlands,1.78,None,right,2029.0
607226,Loum Tchaouna,Lazio,21.0,Right Winger,10000.0,France,1.8,BS Group - BS Law,left,2029.0
65278,Pedro,Lazio,37.0,Right Winger,1000.0,Spain,1.67,None,both,2025.0
522784,Taty Castellanos,Lazio,26.0,Centre-Forward,25000.0,Argentina,1.78,None,right,2028.0
626913,Boulaye Dia,Lazio,28.0,Centre-Forward,15000.0,Senegal,1.8,VV Consulting,right,2026.0
80894,Lukasz Skorupski,Bologna,34.0,Goalkeeper,2500.0,Poland,1.88,P&P Sport ...,right,2026.0
390304,Federico Ravaglia,Bologna,25.0,Goalkeeper,1000.0,Italy,1.96,None,right,2028.0
818892,Nicola Bagnolini,Bologna,21.0,Goalkeeper,200.0,Italy,1.94,P&P Sport ...,right,2027.0
433984,Sam Beukema,Bologna,26.0,Centre-Back,25000.0,Netherlands,1.88,GFM,right,2027.0
413565,Jhon Lucumí,Bologna,26.0,Centre-Back,18000.0,Colombia,1.87,Wasserman,left,2026.0
389837,Nicolò Casale,Bologna,27.0,Centre-Back,7000.0,Italy,1.91,None,right,2028.0
357003,Martin Erlić,Bologna,27.0,Centre-Back,5000.0,Croatia,1.93,GR Sports,right,2029.0
136514,Charalampos Lykogiannis,Bologna,31.0,Left-Back,1500.0,Greece,1.91,BSP FOOTBALL AGENCY,left,2025.0
496745,Emil Holm,Bologna,25.0,Right-Back,8000.0,Sweden,1.91,HCM Sports ...,right,2028.0
262523,Davide Calabria,Bologna,28.0,Right-Back,7500.0,Italy,1.76,YOU FIRST,right,2025.0
33571,Lorenzo De Silvestri,Bologna,36.0,Right-Back,400.0,Italy,1.87,None,right,2025.0
316934,Nikola Moro,Bologna,27.0,Defensive Midfield,5000.0,Croatia,1.84,VPA SPORTS ...,right,2027.0
531065,Oussama El Azzouzi,Bologna,23.0,Defensive Midfield,2000.0,Morocco,1.89,HCM Sports ...,right,2027.0
428563,Lewis Ferguson,Bologna,25.0,Central Midfield,24000.0,Scotland,1.81,None,right,2028.0
392538,Tommaso Pobega,Bologna,25.0,Central Midfield,10000.0,Italy,1.88,None,left,2025.0
237658,Michel Aebischer,Bologna,28.0,Central Midfield,10000.0,Switzerland,1.83,Wasserman,right,2027.0
148252,Remo Freuler,Bologna,33.0,Central Midfield,6500.0,Switzerland,1.8,ESHA,right,2026.0
464446,Andri Fannar Baldursson,Bologna,23.0,Central Midfield,900.0,Iceland,1.87,CAA Stellar,right,2025.0
633668,Giovanni Fabbian,Bologna,22.0,Attacking Midfield,13000.0,Italy,1.86,None,right,2028.0
345590,Jens Odgaard,Bologna,26.0,Attacking Midfield,12000.0,Denmark,1.88,Nine Group,left,2027.0
961022,Benja Domínguez,Bologna,21.0,Left Winger,15000.0,Argentina,1.72,None,right,2029.0
459151,Nicolò Cambiaghi,Bologna,24.0,Left Winger,7000.0,Italy,1.73,None,right,2029.0
913539,Estanis Pedrola,Bologna,21.0,Left Winger,1800.0,Spain,1.85,Dupla Piqué & ...,right,2025.0
365108,Dan Ndoye,Bologna,24.0,Right Winger,25000.0,Switzerland,1.84,Binary Sports Group,right,2027.0
368482,Riccardo Orsolini,Bologna,28.0,Right Winger,20000.0,Italy,1.83,None,left,2027.0
849520,Santiago Castro,Bologna,20.0,Centre-Forward,35000.0,Argentina,1.79,None,right,2028.0
538964,Thijs Dallinga,Bologna,24.0,Centre-Forward,12000.0,Netherlands,1.9,AESIR,right,2028.0
59377,David de Gea,Fiorentina,34.0,Goalkeeper,5000.0,Spain,1.92,None,right,2025.0
934159,Tommaso Martinelli,Fiorentina,19.0,Goalkeeper,1800.0,Italy,1.94,None,right,2029.0
96254,Pietro Terracciano,Fiorentina,35.0,Goalkeeper,1500.0,Italy,1.93,P&P Sport ...,right,2026.0
746712,Pietro Comuzzo,Fiorentina,20.0,Centre-Back,25000.0,Italy,1.85,None,right,2029.0
346561,Luca Ranieri,Fiorentina,26.0,Centre-Back,12000.0,Italy,1.87,None,left,2028.0
282144,Marin Pongračić,Fiorentina,27.0,Centre-Back,10000.0,Croatia,1.93,LIAN Sports Group,right,2029.0
1144700,Matías Moreno,Fiorentina,21.0,Centre-Back,4000.0,Argentina,1.93,None,right,2029.0
210178,Pablo Marí,Fiorentina,31.0,Centre-Back,3500.0,Spain,1.93,AC Talent,left,2027.0
273132,Robin Gosens,Fiorentina,30.0,Left-Back,8000.0,Germany,1.83,MVP United,left,2028.0
547985,Fabiano Parisi,Fiorentina,24.0,Left-Back,5000.0,Italy,1.78,None,left,2028.0
401529,Dodô,Fiorentina,26.0,Right-Back,22000.0,Brazil,1.66,Bertolucci Sports,right,2027.0
395236,Yacine Adli,Fiorentina,24.0,Defensive Midfield,15000.0,France,1.86,None,right,2025.0
308279,Rolando Mandragora,Fiorentina,27.0,Defensive Midfield,10000.0,Italy,1.83,None,left,2026.0
199733,Danilo Cataldi,Fiorentina,30.0,Defensive Midfield,4000.0,Italy,1.8,GR Sports,right,2025.0
432090,Nicolò Fagioli,Fiorentina,24.0,Central Midfield,18000.0,Italy,1.78,CAA Stellar,right,2025.0
893675,Amir Richardson,Fiorentina,23.0,Central Midfield,9000.0,Morocco,1.97,None,left,2029.0
377042,Michael Folorunsho,Fiorentina,27.0,Central Midfield,7000.0,Italy,1.9,None,right,2025.0
562049,Edoardo Bove,Fiorentina,23.0,Central Midfield,5000.0,Italy,1.81,None,right,2025.0
651005,Cher Ndour,Fiorentina,20.0,Central Midfield,5000.0,Italy,1.9,AS1,both,2029.0
628366,Lucas Beltrán,Fiorentina,24.0,Attacking Midfield,18000.0,Argentina,1.76,None,right,2028.0
392085,Nicolò Zaniolo,Fiorentina,25.0,Attacking Midfield,16000.0,Italy,1.9,None,left,2025.0
392959,Andrea Colpani,Fiorentina,26.0,Attacking Midfield,12000.0,Italy,1.84,None,left,2025.0
305947,Albert Gudmundsson,Fiorentina,27.0,Second Striker,23000.0,Iceland,1.77,GG11,right,2025.0
364135,Moise Kean,Fiorentina,25.0,Centre-Forward,40000.0,Italy,1.83,None,right,2029.0
257474,Vanja Milinković-Savić,Torino,28.0,Goalkeeper,12000.0,Serbia,2.02,None,right,2026.0
163048,Alberto Paleari,Torino,32.0,Goalkeeper,500.0,Italy,1.93,None,right,2026.0
88685,Antonio Donnarumma,Torino,34.0,Goalkeeper,300.0,Italy,1.92,Team Raiola,right,2026.0
588426,Saúl Coco,Torino,26.0,Centre-Back,12000.0,Equatorial Guinea,1.87,AS1,right,2028.0
418543,Perr Schuurs,Torino,25.0,Centre-Back,10000.0,Netherlands,1.91,Muy Manero,right,2026.0
345458,Sebastian Walukiewicz,Torino,25.0,Centre-Back,5000.0,Poland,1.88,None,right,2027.0
249730,Guillermo Maripán,Torino,31.0,Centre-Back,4000.0,Chile,1.93,None,right,2026.0
286949,Adam Masina,Torino,31.0,Centre-Back,1500.0,Morocco,1.91,None,left,2026.0
124555,Cristiano Biraghi,Torino,32.0,Left-Back,2000.0,Italy,1.85,None,left,2025.0
467992,Samuele Ricci,Torino,23.0,Defensive Midfield,30000.0,Italy,1.81,None,right,2028.0
157507,Adrien Tamèze,Torino,31.0,Defensive Midfield,3500.0,France,1.82,P&P Sport ...,right,2026.0
470794,Ivan Ilić,Torino,24.0,Central Midfield,18000.0,Serbia,1.86,None,left,2027.0
622380,Cesare Casadei,Torino,22.0,Central Midfield,15000.0,Italy,1.92,EPIC SPORTS ITALY,right,2029.0
798929,Gvidas Gineitis,Torino,21.0,Central Midfield,5000.0,Lithuania,1.91,None,left,2028.0
743091,Emirhan İlkhan,Torino,20.0,Central Midfield,2500.0,Türkiye,1.75,FutureBall,right,2026.0
225873,Karol Linetty,Torino,30.0,Central Midfield,2500.0,Poland,1.75,Fabryka Futbolu,right,2025.0
583404,Marcus Pedersen,Torino,24.0,Right Midfield,3500.0,Norway,1.84,Players First,right,2027.0
1004344,Ali Dembélé,Torino,21.0,Right Midfield,800.0,France,1.89,None,right,2026.0
293194,Borna Sosa,Torino,27.0,Left Midfield,6000.0,Croatia,1.87,SEG,left,2025.0
186368,Valentino Lazaro,Torino,29.0,Left Midfield,4500.0,Austria,1.81,Unique Sports Group,right,2025.0
400489,Eljif Elmas,Torino,25.0,Attacking Midfield,14000.0,North Macedonia,1.84,None,right,2025.0
293200,Nikola Vlašić,Torino,27.0,Attacking Midfield,8000.0,Croatia,1.79,None,right,2027.0
934527,Alieu Njie,Torino,20.0,Left Winger,2500.0,Sweden,1.85,VMC Group AB,right,2027.0
324804,Yann Karamoh,Torino,26.0,Left Winger,2200.0,France,1.84,None,right,2025.0
928900,Zanos Savva,Torino,19.0,Right Winger,1000.0,Cyprus,1.91,Mylogram Ltd,left,2026.0
346779,Ché Adams,Torino,28.0,Centre-Forward,15000.0,Scotland,1.79,Unique Sports Group,right,2027.0
234523,Antonio Sanabria,Torino,29.0,Centre-Forward,4000.0,Paraguay,1.8,GG11,right,2026.0
73794,Duván Zapata,Torino,34.0,Centre-Forward,4000.0,Colombia,1.88,None,right,2027.0
980576,Amine Salama,Torino,24.0,Centre-Forward,1800.0,France,1.92,None,right,2025.0
290537,Jean Butez,Como,29.0,Goalkeeper,3000.0,France,1.89,YOU FIRST,right,2028.0
7825,Pepe Reina,Como,42.0,Goalkeeper,600.0,Spain,1.88,None,right,2025.0
88595,Mauro Vigorito,Como,35.0,Goalkeeper,150.0,Italy,1.87,None,right,None
431417,Pierre Bolchini,Como,26.0,Goalkeeper,50.0,Italy,2.0,None,left,None
385394,Alberto Dossena,Como,26.0,Centre-Back,7000.0,Italy,1.95,P&P Sport ...,right,2028.0
160938,Marc Oliver Kempf,Como,30.0,Centre-Back,2500.0,Germany,1.86,Dirk Hebel,left,2027.0
242940,Edoardo Goldaniga,Como,31.0,Centre-Back,2000.0,Italy,1.93,GR Sports,right,2026.0
1004723,Fellipe Jack,Como,19.0,Centre-Back,1400.0,Italy,1.87,SPORT AGENCY LTDA,left,2025.0
709957,Álex Valle,Como,21.0,Left-Back,4500.0,Spain,1.78,Dupla Piqué & ...,left,2025.0
207917,Alberto Moreno,Como,32.0,Left-Back,1800.0,Spain,1.71,None,left,2025.0
490423,Ignace Van der Brempt,Como,23.0,Right-Back,4000.0,Belgium,1.87,YOU FIRST,right,2028.0
336125,Mërgim Vojvoda,Como,30.0,Right-Back,3000.0,Kosovo,1.87,None,right,2028.0
571271,Ivan Smolcic,Como,24.0,Right-Back,2000.0,Croatia,1.81,Niagara Sports ...,right,2029.0
668547,Máximo Perrone,Como,22.0,Defensive Midfield,9000.0,Argentina,1.77,DCGLOBALSL,left,2025.0
405670,Yannik Engelhardt,Como,24.0,Defensive Midfield,7000.0,Germany,1.84,Unique Sports Group,right,2027.0
395237,Maxence Caqueret,Como,25.0,Central Midfield,15000.0,France,1.74,None,right,2029.0
495667,Lucas Da Cunha,Como,23.0,Central Midfield,7000.0,France,1.74,None,left,2029.0
85370,Sergi Roberto,Como,33.0,Central Midfield,2000.0,Spain,1.78,None,right,2026.0
488052,Matthias Braunöder,Como,23.0,Central Midfield,1600.0,Austria,1.74,CN Sports,right,2027.0
330472,Alessio Iovine,Como,34.0,Right Midfield,400.0,Italy,1.74,None,right,None
948294,Nico Paz,Como,20.0,Attacking Midfield,35000.0,Argentina,1.86,DCGLOBALSL,left,2028.0
207929,Dele Alli,Como,29.0,Attacking Midfield,3500.0,England,1.88,None,right,2026.0
957295,Naj Razi,Como,18.0,Attacking Midfield,300.0,Ireland,1.75,None,both,2026.0
749552,Alieu Fadera,Como,23.0,Left Winger,5000.0,The Gambia,1.82,None,right,2028.0
1061282,Assane Diao,Como,19.0,Right Winger,25000.0,Senegal,1.85,None,right,2029.0
324690,Jonathan Ikoné,Como,27.0,Right Winger,8000.0,France,1.75,None,left,2025.0
457673,Gabriel Strefezza,Como,28.0,Right Winger,6000.0,Brazil,1.68,None,right,2027.0
523318,Anastasios Douvikas,Como,25.0,Centre-Forward,8000.0,Greece,1.86,Prosport ...,right,2029.0
265078,Patrick Cutrone,Como,27.0,Centre-Forward,7000.0,Italy,1.83,P&P Sport ...,right,2028.0
633306,Iván Azón,Como,22.0,Centre-Forward,3000.0,Spain,1.82,None,right,2029.0
311333,Alessandro Gabrielloni,Como,30.0,Centre-Forward,1000.0,Italy,1.78,None,right,2027.0
136111,Nicola Leali,Genoa,32.0,Goalkeeper,1500.0,Italy,1.93,None,right,2026.0
111426,Benjamin Siegrist,Genoa,33.0,Goalkeeper,650.0,Switzerland,1.96,None,right,2025.0
312773,Daniele Sommariva,Genoa,27.0,Goalkeeper,100.0,Italy,1.85,Alberto Jimmy ...,right,2025.0
490384,Koni De Winter,Genoa,22.0,Centre-Back,18000.0,Belgium,1.91,None,right,2028.0
532937,Johan Vásquez,Genoa,26.0,Centre-Back,12000.0,Mexico,1.85,VS Sinergia,left,2027.0
861981,Alan Matturro,Genoa,20.0,Centre-Back,8000.0,Uruguay,1.89,AIS Football,left,2026.0
176139,Mattia Bani,Genoa,31.0,Centre-Back,2000.0,Italy,1.88,None,right,2026.0
890385,Sebastian Otoa,Genoa,21.0,Centre-Back,2000.0,Denmark,1.98,People In Sport,right,2028.0
251878,Aarón Martín,Genoa,28.0,Left-Back,6500.0,Spain,1.78,None,left,2026.0
1077175,Honest Ahanor,Genoa,17.0,Left-Back,3000.0,Italy,1.84,Is known - player U18,left,2027.0
397225,Alessandro Zanoli,Genoa,24.0,Right-Back,6000.0,Italy,1.88,None,right,2025.0
728733,Brooke Norton-Cuffy,Genoa,21.0,Right-Back,3500.0,England,1.81,Roc Nation Sports,right,2029.0
167491,Stefano Sabelli,Genoa,32.0,Right-Back,1500.0,Italy,1.76,None,right,2026.0
656441,Jean Onana,Genoa,25.0,Defensive Midfield,3000.0,Cameroon,1.89,Rafaela Pimenta,right,2025.0
1083164,Lior Kassa,Genoa,19.0,Defensive Midfield,1500.0,Israel,1.85,None,right,2025.0
40633,Milan Badelj,Genoa,36.0,Defensive Midfield,800.0,Croatia,1.86,None,right,2025.0
503871,Morten Frendrup,Genoa,24.0,Central Midfield,20000.0,Denmark,1.78,BTAM,right,2028.0
571607,Fabio Miretti,Genoa,21.0,Central Midfield,14000.0,Italy,1.8,None,right,2025.0
459665,Patrizio Masini,Genoa,24.0,Central Midfield,3500.0,Italy,1.82,None,right,2028.0
226524,Morten Thorsby,Genoa,29.0,Central Midfield,3000.0,Norway,1.88,None,right,2026.0
207877,Ruslan Malinovskyi,Genoa,32.0,Attacking Midfield,3500.0,Ukraine,1.81,ProStar,left,2027.0
906315,Hugo Cuenca,Genoa,20.0,Attacking Midfield,300.0,Paraguay,1.83,None,left,None
234781,Maxwel Cornet,Genoa,28.0,Left Winger,8000.0,Cote d'Ivoire,1.79,Unique Sports Group,left,2025.0
449151,Junior Messias,Genoa,34.0,Right Winger,2000.0,Brazil,1.74,GG11,left,2025.0
315865,Andrea Pinamonti,Genoa,26.0,Centre-Forward,16000.0,Italy,1.85,Team Raiola,right,2025.0
586853,Vitinha,Genoa,25.0,Centre-Forward,10000.0,Portugal,1.78,None,right,2028.0
934878,Jeff Ekhator,Genoa,18.0,Centre-Forward,5000.0,Italy,1.88,GG11,right,2029.0
199953,Caleb Ekuban,Genoa,31.0,Centre-Forward,1500.0,Ghana,1.82,None,right,2026.0
45146,Mario Balotelli,Genoa,34.0,Centre-Forward,500.0,Italy,1.89,Team Raiola,right,2025.0
340353,Maduka Okoye,Udinese,25.0,Goalkeeper,7500.0,Nigeria,1.98,GG11,right,2028.0
568617,Răzvan Sava,Udinese,22.0,Goalkeeper,2500.0,Romania,1.97,None,right,2029.0
27807,Daniele Padelli,Udinese,39.0,Goalkeeper,150.0,Italy,1.91,None,right,2025.0
612059,Edoardo Piana,Udinese,21.0,Goalkeeper,50.0,Italy,1.98,None,right,None
371851,Jaka Bijol,Udinese,26.0,Centre-Back,18000.0,Slovenia,1.9,SEG,right,2027.0
463665,Oumar Solet,Udinese,25.0,Centre-Back,14000.0,France,1.92,Unique Sports Group,right,2027.0
708678,Isaak Touré,Udinese,22.0,Centre-Back,8000.0,France,2.06,ND SPORTS MANAGEMENT,left,2025.0
698259,Thomas Kristensen,Udinese,23.0,Centre-Back,6000.0,Denmark,1.98,None,right,2028.0
225963,Lautaro Giannetti,Udinese,31.0,Centre-Back,2500.0,Argentina,1.85,None,right,2026.0
1058354,Matteo Palma,Udinese,17.0,Centre-Back,1000.0,Germany,1.94,None,right,2027.0
81512,Christian Kabasele,Udinese,34.0,Centre-Back,1000.0,Belgium,1.87,None,right,2025.0
633530,Jordan Zemura,Udinese,25.0,Left-Back,5000.0,Zimbabwe,1.73,None,left,2027.0
290017,Hassane Kamara,Udinese,31.0,Left-Back,3500.0,Cote d'Ivoire,1.7,None,left,2026.0
272812,Kingsley Ehizibue,Udinese,29.0,Right-Back,3000.0,Netherlands,1.89,None,right,2026.0
268429,Sandi Lovrić,Udinese,27.0,Central Midfield,8000.0,Slovenia,1.8,Universal Twenty Two,right,2027.0
361068,Jurgen Ekkelenkamp,Udinese,25.0,Central Midfield,7500.0,Netherlands,1.88,None,right,2029.0
555820,Martín Payero,Udinese,26.0,Central Midfield,6000.0,Argentina,1.82,Hernan Berman,right,2027.0
855308,Arthur Atta,Udinese,22.0,Central Midfield,2500.0,France,1.89,Carmenta,right,2025.0
524010,Oier Zarraga,Udinese,26.0,Central Midfield,2000.0,Spain,1.75,None,right,2027.0
671799,Rui Modesto,Udinese,25.0,Right Midfield,1800.0,Angola,1.81,None,right,2029.0
876400,Simone Pafundi,Udinese,19.0,Attacking Midfield,6000.0,Italy,1.66,GR Sports,left,2026.0
184892,Florian Thauvin,Udinese,32.0,Second Striker,5000.0,France,1.81,Sport Cover,left,2025.0
572265,Lorenzo Lucca,Udinese,24.0,Centre-Forward,22000.0,Italy,2.01,GR Sports,right,2028.0
412366,Brenner,Udinese,25.0,Centre-Forward,4500.0,Brazil,1.75,Bertolucci Sports,"
                    Attack - Centre-Forward                ",2028.0
412660,Keinan Davis,Udinese,27.0,Centre-Forward,4000.0,England,1.89,Tier One,left,2027.0
950593,Damián Pizarro,Udinese,20.0,Centre-Forward,4000.0,Chile,1.87,Vibra Futbol,right,2029.0
741292,Iker Bravo,Udinese,20.0,Centre-Forward,2500.0,Spain,1.82,YOU FIRST,right,2028.0
40433,Alexis Sánchez,Udinese,36.0,Centre-Forward,2000.0,Chile,1.69,Vibra Futbol,right,2026.0
432298,Zion Suzuki,Parma,22.0,Goalkeeper,14000.0,Japan,1.9,None,right,2029.0
528181,Edoardo Corvi,Parma,24.0,Goalkeeper,350.0,Italy,1.87,None,right,2027.0
86083,Richard Marcone,Parma,32.0,Goalkeeper,250.0,Italy,1.84,None,right,2025.0
867137,Alessandro Circati,Parma,21.0,Centre-Back,8500.0,Australia,1.9,None,right,2029.0
1086619,Giovanni Leoni,Parma,18.0,Centre-Back,6000.0,Italy,1.96,Excellence Sport,right,2029.0
543727,Botond Balogh,Parma,22.0,Centre-Back,2500.0,Hungary,1.89,None,right,2027.0
330208,Alessandro Vogliacco,Parma,26.0,Centre-Back,2000.0,Italy,1.86,None,right,2025.0
358165,Yordan Osorio,Parma,31.0,Centre-Back,1700.0,Venezuela,1.89,None,right,2025.0
625202,Lautaro Valenti,Parma,26.0,Centre-Back,1500.0,Argentina,1.88,None,left,2027.0
661212,Mathias Løvik,Parma,21.0,Left-Back,5000.0,Norway,1.83,Solbakken / Player ...,"
                            Jan 8, 2025                        ",2029.0
445126,Emanuele Valeri,Parma,26.0,Left-Back,3000.0,Italy,1.8,None,left,2027.0
392956,Enrico Delprato,Parma,25.0,Right-Back,6000.0,Italy,1.83,None,right,2027.0
917375,Antoine Hainaut,Parma,23.0,Right-Back,1000.0,France,1.87,None,right,2026.0
707844,Mandela Keita,Parma,23.0,Defensive Midfield,11000.0,Belgium,1.8,None,right,2029.0
552472,Nahuel Estévez,Parma,29.0,Defensive Midfield,3500.0,Argentina,1.81,None,right,2026.0
466802,Adrián Bernabé,Parma,23.0,Central Midfield,15000.0,Spain,1.74,None,left,2027.0
507486,Simon Sohm,Parma,24.0,Central Midfield,5000.0,Switzerland,1.88,Wasserman,right,2027.0
181768,Hernani,Parma,31.0,Central Midfield,2000.0,Brazil,1.88,GG11,both,2026.0
614742,Drissa Camara,Parma,23.0,Central Midfield,1800.0,Cote d'Ivoire,1.79,GR Sports,right,2025.0
663237,Jacob Ondrejka,Parma,22.0,Left Winger,7000.0,Sweden,1.79,None,right,2029.0
454386,Adrian Benedyczak,Parma,24.0,Left Winger,4500.0,Poland,1.91,Fabryka Futbolu,both,2028.0
535469,Valentin Mihăilă,Parma,25.0,Left Winger,3000.0,Romania,1.8,None,right,2027.0
397486,Dennis Man,Parma,26.0,Right Winger,12500.0,Romania,1.83,None,left,2027.0
550106,Matteo Cancellieri,Parma,23.0,Right Winger,5000.0,Italy,1.85,None,left,2025.0
300532,Pontus Almqvist,Parma,25.0,Right Winger,2500.0,Sweden,1.83,A.M.A. Sports Agency,left,2027.0
883122,Anas Haj Mohamed,Parma,20.0,Right Winger,1800.0,Tunisia,1.74,None,right,2026.0
902573,Mateusz Kowalski,Parma,19.0,Second Striker,300.0,Poland,1.97,SSM Agency,right,2028.0
827734,Ange-Yoan Bonny,Parma,21.0,Centre-Forward,20000.0,France,1.89,P&P Sport ...,right,2027.0
856530,Mateo Pellegrino,Parma,23.0,Centre-Forward,3500.0,Argentina,1.92,None,left,2029.0
660342,Gabriel Charpentier,Parma,26.0,Centre-Forward,1600.0,Congo,1.88,None,right,2026.0
67556,Milan Djuric,Parma,35.0,Centre-Forward,1500.0,Bosnia-Herzegovina,1.99,None,right,2026.0
495722,Devis Vásquez,FC Empoli,27.0,Goalkeeper,2000.0,Colombia,1.95,VIDA 11,right,2025.0
935777,Jacopo Seghetti,FC Empoli,20.0,Goalkeeper,1000.0,Italy,1.89,GG11,right,None
85528,Marco Silvestri,FC Empoli,34.0,Goalkeeper,500.0,Italy,1.91,Team Raiola,right,2025.0
451154,Federico Brancolini,FC Empoli,23.0,Goalkeeper,200.0,Italy,1.92,None,right,2027.0
906160,Saba Goglichidze,FC Empoli,20.0,Centre-Back,8000.0,Georgia,1.92,None,right,2027.0
493702,Mattia Viti,FC Empoli,23.0,Centre-Back,6500.0,Italy,1.9,None,left,2025.0
435228,Ardian Ismajli,FC Empoli,28.0,Centre-Back,6000.0,Albania,1.87,None,right,2025.0
814446,Luca Marianucci,FC Empoli,20.0,Centre-Back,5000.0,Italy,1.86,None,right,None
655456,Saba Sazonov,FC Empoli,23.0,Centre-Back,2500.0,Georgia,1.94,None,right,2025.0
469211,Liberato Cacace,FC Empoli,24.0,Left-Back,3000.0,New Zealand,1.83,P&P Sport ...,left,2026.0
336960,Giuseppe Pezzella,FC Empoli,27.0,Left-Back,2500.0,Italy,1.87,None,left,2026.0
309944,Tyronne Ebuehi,FC Empoli,29.0,Right-Back,1500.0,Nigeria,1.87,HCM Sports ...,right,2025.0
335147,Junior Sambia,FC Empoli,28.0,Right-Back,1400.0,France,1.85,None,right,2025.0
88682,Mattia De Sciglio,FC Empoli,32.0,Right-Back,1000.0,Italy,1.83,None,right,2025.0
197473,Alberto Grassi,FC Empoli,30.0,Defensive Midfield,2000.0,Italy,1.83,None,right,2026.0
691482,Jacopo Fazzini,FC Empoli,22.0,Central Midfield,8000.0,Italy,1.78,None,right,2027.0
324377,Youssef Maleh,FC Empoli,26.0,Central Midfield,4000.0,Morocco,1.79,None,left,2025.0
387234,Szymon Żurkowski,FC Empoli,27.0,Central Midfield,2500.0,Poland,1.85,KFM,right,2025.0
193867,Liam Henderson,FC Empoli,29.0,Central Midfield,1800.0,Scotland,1.83,None,right,2025.0
192638,Nicolas Haas,FC Empoli,29.0,Central Midfield,700.0,Switzerland,1.78,Wasserman,right,2025.0
241076,Emmanuel Gyasi,FC Empoli,31.0,Right Midfield,2000.0,Ghana,1.81,None,right,2025.0
433181,Tino Anjorin,FC Empoli,23.0,Attacking Midfield,6000.0,England,1.86,None,right,2027.0
203842,Viktor Kovalenko,FC Empoli,29.0,Attacking Midfield,1000.0,Ukraine,1.82,ProStar,right,2025.0
431811,Ola Solbakken,FC Empoli,26.0,Right Winger,2500.0,Norway,1.89,Nordic Sky,left,2025.0
538918,Sebastiano Esposito,FC Empoli,22.0,Second Striker,10000.0,Italy,1.83,None,right,2025.0
337725,Christian Kouamé,FC Empoli,27.0,Centre-Forward,6000.0,Cote d'Ivoire,1.85,None,right,2025.0
487843,Lorenzo Colombo,FC Empoli,23.0,Centre-Forward,6000.0,Italy,1.83,GR Sports,left,2025.0
364133,Pietro Pellegri,FC Empoli,24.0,Centre-Forward,2500.0,Italy,1.89,GR Sports,right,2025.0
241923,Lorenzo Montipò,Hellas Verona,29.0,Goalkeeper,3000.0,Italy,1.91,None,right,2026.0
818898,Federico Magro,Hellas Verona,20.0,Goalkeeper,300.0,Italy,1.9,None,right,None
240675,Simone Perilli,Hellas Verona,30.0,Goalkeeper,200.0,Italy,1.96,None,right,None
127217,Alessandro Berardi,Hellas Verona,34.0,Goalkeeper,50.0,Italy,1.85,None,right,2025.0
660860,Diego Coppola,Hellas Verona,21.0,Centre-Back,7500.0,Italy,1.93,None,right,2027.0
860992,Nicolás Valentini,Hellas Verona,24.0,Centre-Back,4500.0,Argentina,1.87,None,left,2025.0
322655,Flavius Daniliuc,Hellas Verona,24.0,Centre-Back,4000.0,Austria,1.88,Sports360 GmbH,right,2025.0
701819,Daniele Ghilardi,Hellas Verona,22.0,Centre-Back,4000.0,Italy,1.89,None,right,None
248732,Paweł Dawidowicz,Hellas Verona,30.0,Centre-Back,2500.0,Poland,1.89,INNfootball,both,2025.0
851385,Tobias Slotsager,Hellas Verona,19.0,Centre-Back,2000.0,Denmark,1.9,CAA Stellar,right,None
658674,Luan Patrick,Hellas Verona,23.0,Centre-Back,1300.0,Brazil,1.9,None,right,2026.0
745202,Yllan Okou,Hellas Verona,22.0,Centre-Back,900.0,France,1.89,None,left,2025.0
357796,Domagoj Bradarić,Hellas Verona,25.0,Left-Back,4000.0,Croatia,1.78,CAA Stellar,left,2025.0
488785,Martin Frese,Hellas Verona,27.0,Left-Back,2000.0,Denmark,1.79,People In Sport,left,2027.0
848509,Jackson Tchatchoua,Hellas Verona,23.0,Right-Back,8000.0,Cameroon,1.8,None,right,2027.0
73926,Davide Faraoni,Hellas Verona,33.0,Right-Back,1000.0,Italy,1.8,None,right,2025.0
586984,Daniel Oyegoke,Hellas Verona,22.0,Right-Back,400.0,England,1.88,Unique Sports Group,"
                            Jan 28, 2025                        ",2028.0
644032,Cheikh Niasse,Hellas Verona,25.0,Defensive Midfield,2000.0,Senegal,1.88,None,right,2025.0
261905,Suat Serdar,Hellas Verona,28.0,Central Midfield,5000.0,Germany,1.84,Sports360 GmbH,right,2028.0
232418,Ondrej Duda,Hellas Verona,30.0,Central Midfield,4000.0,Slovakia,1.8,CAA Stellar,right,2025.0
395512,Antoine Bernede,Hellas Verona,25.0,Central Midfield,3500.0,France,1.78,Unique Sports Group,right,2025.0
416386,Abdou Harroui,Hellas Verona,27.0,Central Midfield,2000.0,Morocco,1.82,PRO10 Sports,both,2028.0
70411,Darko Lazović,Hellas Verona,34.0,Left Midfield,1000.0,Serbia,1.81,Seven Stars,right,2025.0
540333,Tomas Suslov,Hellas Verona,22.0,Attacking Midfield,6000.0,Slovakia,1.74,Atlas Sports,left,2027.0
298635,Grigoris Kastanos,Hellas Verona,27.0,Attacking Midfield,1800.0,Cyprus,1.79,None,left,2025.0
964087,Alphadjo Cissè,Hellas Verona,18.0,Attacking Midfield,1400.0,Italy,1.81,None,"
                            Jul 1, 2024                        ",None
464598,Casper Tengstedt,Hellas Verona,24.0,Centre-Forward,7000.0,Denmark,1.84,People In Sport,right,2025.0
748382,Amin Sarr,Hellas Verona,24.0,Centre-Forward,4000.0,Sweden,1.88,HCM Sports ...,right,2025.0
651569,Daniel Mosquera,Hellas Verona,25.0,Centre-Forward,1500.0,Colombia,1.8,None,right,2028.0
676411,Dailon Rocha Livramento,Hellas Verona,24.0,Centre-Forward,800.0,Cape Verde,1.85,None,right,2028.0
979766,Mathis Lambourde,Hellas Verona,19.0,Centre-Forward,500.0,France,1.79,None,left,2029.0
1111820,Junior Ajayi,Hellas Verona,20.0,Centre-Forward,300.0,Cote d'Ivoire,1.85,None,"
                            Jul 1, 2024                        ",None
543666,Stefano Turati,Monza,23.0,Goalkeeper,7500.0,Italy,1.88,None,right,2025.0
537171,Semuel Pizzignacco,Monza,23.0,Goalkeeper,800.0,Italy,1.88,None,right,2027.0
815567,Andrea Mazza,Monza,21.0,Goalkeeper,75.0,Italy,1.9,None,"
                            Jul 1, 2024                        ",2027.0
993645,Tomás Palacios,Monza,22.0,Centre-Back,5000.0,Argentina,1.96,None,left,2025.0
481834,Andrea Carboni,Monza,24.0,Centre-Back,3400.0,Italy,1.87,None,left,2027.0
32113,Armando Izzo,Monza,33.0,Centre-Back,2500.0,Italy,1.83,LIAN Sports Group,right,2026.0
797572,Stefan Leković,Monza,21.0,Centre-Back,1800.0,Serbia,1.92,LIAN Sports Group,right,2025.0
88680,Luca Caldirola,Monza,34.0,Centre-Back,800.0,Italy,1.86,None,left,2025.0
55769,Danilo D'Ambrosio,Monza,36.0,Centre-Back,800.0,Italy,1.8,None,right,2025.0
381706,Arvid Brorsson,Monza,26.0,Centre-Back,600.0,Sweden,1.93,A.M.A. Sports Agency,right,2027.0
461019,Samuele Birindelli,Monza,25.0,Right-Back,3000.0,Italy,1.76,None,right,2026.0
314965,Pedro Pereira,Monza,27.0,Right-Back,1800.0,Portugal,1.85,None,right,2025.0
891869,Leonardo Colombo,Monza,19.0,Defensive Midfield,250.0,Italy,1.75,GR Sports,"
                            Nov 20, 2024                        ",2027.0
332179,Matteo Pessina,Monza,28.0,Central Midfield,9000.0,Italy,1.87,GR Sports,left,2027.0
602124,Alessandro Bianco,Monza,22.0,Central Midfield,5000.0,Italy,1.73,None,right,2025.0
303116,Gaetano Castrovilli,Monza,28.0,Central Midfield,3500.0,Italy,1.87,None,right,2025.0
883349,Kevin Zeroli,Monza,20.0,Central Midfield,3500.0,Italy,1.87,Rafaela Pimenta,right,2025.0
197471,Roberto Gagliardini,Monza,31.0,Central Midfield,2000.0,Italy,1.88,GR Sports,right,2025.0
216179,Stefano Sensi,Monza,29.0,Central Midfield,1500.0,Italy,1.68,None,right,2025.0
170481,Jean-Daniel Akpa Akpro,Monza,32.0,Central Midfield,500.0,Cote d'Ivoire,1.8,P&P Sport ...,right,2025.0
255838,Patrick Ciurria,Monza,30.0,Right Midfield,3000.0,Italy,1.78,None,both,2026.0
311178,Georgios Kyriakopoulos,Monza,29.0,Left Midfield,3500.0,Greece,1.86,None,left,2026.0
650966,Samuele Vignato,Monza,21.0,Attacking Midfield,3500.0,Italy,1.72,None,right,2025.0
238752,Keita Baldé,Monza,30.0,Left Winger,1000.0,Senegal,1.78,None,both,2025.0
670845,Omari Forson,Monza,20.0,Right Winger,2000.0,England,1.79,None,left,2028.0
724069,Kevin Martins,Monza,20.0,Right Winger,1500.0,Italy,1.8,None,right,2027.0
347253,Dany Mota,Monza,27.0,Second Striker,5000.0,Portugal,1.8,VV Consulting,right,2027.0
146752,Gianluca Caprari,Monza,31.0,Second Striker,1500.0,Italy,1.71,None,right,2026.0
312819,Silvere Ganvoula,Monza,28.0,Centre-Forward,2000.0,Congo,1.91,None,right,2026.0
199258,Andrea Petagna,Monza,29.0,Centre-Forward,1400.0,Italy,1.9,GR Sports,left,2027.0
421873,Elia Caprile,Cagliari,23.0,Goalkeeper,8000.0,Italy,1.91,None,right,2025.0
304144,Alen Sherri,Cagliari,27.0,Goalkeeper,1000.0,Albania,1.97,BSP FOOTBALL AGENCY,right,2027.0
535740,Giuseppe Ciocci,Cagliari,23.0,Goalkeeper,100.0,Italy,1.93,None,right,2027.0
278531,Sebastiano Luperto,Cagliari,28.0,Centre-Back,3500.0,Italy,1.91,None,left,2028.0
289446,Yerry Mina,Cagliari,30.0,Centre-Back,3000.0,Colombia,1.95,Andrei Martínez,right,2025.0
568333,Adam Obert,Cagliari,22.0,Centre-Back,3000.0,Slovakia,1.88,None,left,2029.0
125020,José Luis Palomino,Cagliari,35.0,Centre-Back,700.0,Argentina,1.88,None,left,2025.0
284595,Tommaso Augello,Cagliari,30.0,Left-Back,1800.0,Italy,1.8,None,left,2025.0
392569,Gabriele Zappa,Cagliari,25.0,Right-Back,4000.0,Italy,1.87,GR Sports,right,2030.0
876298,Matteo Prati,Cagliari,21.0,Defensive Midfield,7000.0,Italy,1.85,None,right,2028.0
460651,Antoine Makoumbou,Cagliari,26.0,Defensive Midfield,4000.0,Congo,1.87,Pro transfer,right,2026.0
295183,Răzvan Marin,Cagliari,28.0,Defensive Midfield,3500.0,Romania,1.78,Pietro Chiodi ...,right,2026.0
564305,Michel Adopo,Cagliari,24.0,Central Midfield,3000.0,France,1.87,GR Sports,right,2025.0
235931,Alessandro Deiola,Cagliari,29.0,Central Midfield,1600.0,Italy,1.9,Team Raiola,right,2029.0
392966,Nadir Zortea,Cagliari,25.0,Right Midfield,4500.0,Italy,1.87,None,right,2028.0
358008,Gianluca Gaetano,Cagliari,25.0,Attacking Midfield,4000.0,Italy,1.83,None,right,2029.0
85393,Nicolas Viola,Cagliari,35.0,Attacking Midfield,1000.0,Italy,1.8,None,left,2025.0
340982,Florinel Coman,Cagliari,27.0,Left Winger,6000.0,Romania,1.82,P&P Sport ...,right,2025.0
600041,Mattia Felici,Cagliari,24.0,Left Winger,3000.0,Italy,1.82,FIRST,right,2027.0
432092,Roberto Piccoli,Cagliari,24.0,Centre-Forward,8000.0,Italy,1.9,None,right,2025.0
666547,Zito Luvumbo,Cagliari,23.0,Centre-Forward,5500.0,Angola,1.71,None,left,2028.0
1111663,Kingstone Mutandwa,Cagliari,22.0,Centre-Forward,1000.0,Zambia,1.8,None,right,2028.0
64793,Leonardo Pavoletti,Cagliari,36.0,Centre-Forward,700.0,Italy,1.88,None,right,2026.0
238537,Wladimiro Falcone,Lecce,30.0,Goalkeeper,4000.0,Italy,1.95,LIAN Sports Group,right,2028.0
336307,Christian Früchtl,Lecce,25.0,Goalkeeper,1500.0,Germany,1.93,None,left,2027.0
712911,Jasper Samooja,Lecce,21.0,Goalkeeper,75.0,Finland,1.93,None,"
                            Jul 1, 2022                        ",2026.0
351955,Federico Baschirotto,Lecce,28.0,Centre-Back,3800.0,Italy,1.87,None,right,2026.0
836441,Kialonda Gaspar,Lecce,27.0,Centre-Back,2500.0,Angola,1.93,None,right,2027.0
805886,Gaby Jean,Lecce,25.0,Centre-Back,2000.0,France,1.91,One Team Football,left,2027.0
1112449,Tiago Gabriel,Lecce,20.0,Centre-Back,1000.0,Portugal,1.94,None,right,2027.0
1118086,Sebastian Esposito,Lecce,20.0,Centre-Back,200.0,Australia,1.91,InterStarDeporte,right,None
392516,Antonino Gallo,Lecce,25.0,Left-Back,4500.0,Italy,1.83,None,left,2026.0
392570,Marco Sala,Lecce,25.0,Left-Back,1000.0,Italy,1.82,None,left,2025.0
1017950,Vernon Addo,Lecce,19.0,Left-Back,150.0,Netherlands,1.88,None,"
                            Jul 1, 2024                        ",2027.0
354352,Frédéric Guilbert,Lecce,30.0,Right-Back,2500.0,France,1.78,Wasserman,right,2026.0
728485,Danilo Veiga,Lecce,22.0,Right-Back,1000.0,Portugal,1.83,OIS,right,2027.0
442703,Ylber Ramadani,Lecce,29.0,Defensive Midfield,2200.0,Albania,1.85,LIAN Sports Group,right,2026.0
642002,Balthazar Pierret,Lecce,25.0,Defensive Midfield,1500.0,France,1.86,One Team Football,left,2027.0
488996,Thórir Jóhann Helgason,Lecce,24.0,Central Midfield,2500.0,Iceland,1.87,Dirk Hebel,right,2026.0
386552,Lassana Coulibaly,Lecce,29.0,Central Midfield,2500.0,Mali,1.83,None,right,2027.0
911328,Mohamed Kaba,Lecce,23.0,Central Midfield,2300.0,France,1.85,None,right,2027.0
583046,Medon Berisha,Lecce,21.0,Central Midfield,1000.0,Albania,1.86,LIAN Sports Group,right,2028.0
692209,Joan González,Lecce,23.0,Central Midfield,800.0,Spain,1.9,YOU FIRST,right,2027.0
555106,Filip Marchwinski,Lecce,23.0,Attacking Midfield,3000.0,Poland,1.87,None,both,2028.0
545538,Lameck Banda,Lecce,24.0,Left Winger,6000.0,Zambia,1.69,Wasserman,right,2026.0
367992,Jesper Karlsson,Lecce,26.0,Left Winger,4500.0,Sweden,1.79,None,right,2025.0
339816,Tete Morente,Lecce,28.0,Left Winger,2000.0,Spain,1.84,AS1,right,2027.0
187587,Ante Rebić,Lecce,31.0,Left Winger,1500.0,Croatia,1.85,LIAN Sports Group,right,2025.0
82048,Nicola Sansone,Lecce,33.0,Left Winger,400.0,Italy,1.74,None,right,2025.0
674806,Santiago Pierotti,Lecce,24.0,Right Winger,4000.0,Argentina,1.89,None,right,2027.0
649490,Konan N’Dri,Lecce,24.0,Right Winger,1500.0,Cote d'Ivoire,1.74,None,"
                            Feb 2, 2025                        ",2027.0
709985,Jeppe Corfitzen,Lecce,20.0,Right Winger,400.0,Denmark,1.79,Nine Group,"
                            Jul 1, 2023                        ",2025.0
434433,Nikola Krstović,Lecce,25.0,Centre-Forward,14000.0,Montenegro,1.85,None,right,2027.0
731525,Rareș Burnete,Lecce,21.0,Centre-Forward,700.0,Romania,1.85,Sports360 GmbH,right,2029.0
647534,Joel Voelkerling Persson,Lecce,22.0,Centre-Forward,350.0,Sweden,1.94,Wesport Football,right,2027.0
552223,Filip Stanković,Venezia,23.0,Goalkeeper,6000.0,Serbia,1.87,Roc Nation Sports,right,2025.0
303657,Andrei Radu,Venezia,27.0,Goalkeeper,2500.0,Romania,1.88,P&P Sport ...,right,2025.0
131758,Jesse Joronen,Venezia,32.0,Goalkeeper,600.0,Finland,1.97,None,right,2025.0
155038,Matteo Grandi,Venezia,32.0,Goalkeeper,150.0,Italy,1.9,None,right,2025.0
546926,Jay Idzes,Venezia,24.0,Centre-Back,5000.0,Indonesia,1.9,Bilal Achenteh,right,2027.0
707809,Joël Schingtienne,Venezia,22.0,Centre-Back,3000.0,Belgium,1.88,BTFM,right,2029.0
438961,Michael Svoboda,Venezia,26.0,Centre-Back,3000.0,Austria,1.95,Ballarbeit,right,2026.0
520530,Fali Candé,Venezia,27.0,Centre-Back,2000.0,Guinea-Bissau,1.84,None,left,2025.0
818448,Alessandro Marcandalli,Venezia,22.0,Centre-Back,2000.0,Italy,1.9,None,right,2025.0
282169,Marin Šverko,Venezia,27.0,Centre-Back,1200.0,Croatia,1.87,Dirk Hebel,left,2026.0
228444,Ridgeciano Haps,Venezia,31.0,Left-Back,1000.0,Suriname,1.75,SEG,left,2026.0
731491,Franco Carboni,Venezia,22.0,Left-Back,1000.0,Argentina,1.9,GR Sports,left,2025.0
655009,Richie Sagrado,Venezia,21.0,Right-Back,2000.0,Belgium,1.82,None,"
                            Aug 3, 2024                        ",2028.0
216872,Francesco Zampano,Venezia,31.0,Right-Back,1100.0,Italy,1.77,None,right,2025.0
698560,Cheick Condé,Venezia,24.0,Defensive Midfield,2000.0,Guinea,1.85,None,right,2027.0
430280,Hans Nicolussi Caviglia,Venezia,24.0,Central Midfield,8000.0,Italy,1.84,None,right,2029.0
504209,Gianluca Busio,Venezia,22.0,Central Midfield,6500.0,United States,1.72,None,right,2026.0
527698,Kike Pérez,Venezia,28.0,Central Midfield,2800.0,Spain,1.84,LEADERBROCK,left,2027.0
566615,Mikael Egill Ellertsson,Venezia,23.0,Central Midfield,2800.0,Iceland,1.82,CAA Stellar,left,2025.0
184894,Alfred Duncan,Venezia,32.0,Central Midfield,2500.0,Ghana,1.78,None,left,2026.0
924349,Issa Doumbia,Venezia,21.0,Central Midfield,2000.0,Italy,1.87,None,right,2029.0
216599,Domen Crnigoj,Venezia,29.0,Central Midfield,900.0,Slovenia,1.88,None,right,2026.0
566613,Bjarki Bjarkason,Venezia,25.0,Left Midfield,800.0,Iceland,1.8,CAA Stellar,right,2027.0
613393,Gaetano Oristanio,Venezia,22.0,Attacking Midfield,6500.0,Italy,1.74,None,left,2029.0
439914,John Yeboah,Venezia,24.0,Attacking Midfield,2500.0,Ecuador,1.7,Dirk Hebel,left,2028.0
936684,Saad El Haddad,Venezia,19.0,Attacking Midfield,250.0,Morocco,1.75,None,"
                            Jul 1, 2024                        ",2027.0
433584,Alessio Zerbin,Venezia,26.0,Left Winger,4000.0,Italy,1.82,None,right,2025.0
666268,Daniel Fila,Venezia,22.0,Centre-Forward,3000.0,Czech Republic,1.9,None,left,2029.0
76274,Christian Gytkjær,Venezia,35.0,Centre-Forward,700.0,Denmark,1.85,None,right,2025.0
215649,Mirko Marić,Venezia,30.0,Centre-Forward,700.0,Croatia,1.88,VPA SPORTS ...,left,2025.0
525438,Horațiu Moldovan,Sassuolo,27.0,Goalkeeper,2200.0,Romania,1.86,None,right,2025.0
35865,Andrea Consigli,Sassuolo,38.0,Goalkeeper,400.0,Italy,1.89,None,right,2025.0
323255,Giacomo Satalino,Sassuolo,26.0,Goalkeeper,400.0,Italy,1.88,None,right,2026.0
481344,Alessandro Russo,Sassuolo,24.0,Goalkeeper,300.0,Italy,1.93,None,right,None
679423,Tarik Muharemovic,Sassuolo,22.0,Centre-Back,6000.0,Bosnia-Herzegovina,1.87,FutureBall,left,None
406632,Cas Odenthal,Sassuolo,24.0,Centre-Back,3000.0,Netherlands,1.9,GR Sports,right,2027.0
247377,Kevin Bonifazi,Sassuolo,29.0,Centre-Back,1000.0,Italy,1.87,None,right,2025.0
568377,Tijs Velthuis,Sassuolo,23.0,Centre-Back,800.0,Netherlands,1.89,Forza Sports Group,left,2025.0
256678,Filippo Romagna,Sassuolo,27.0,Centre-Back,500.0,Italy,1.86,None,right,None
567129,Josh Doig,Sassuolo,23.0,Left-Back,4500.0,Scotland,1.89,None,left,2028.0
691825,Edoardo Pieragnolo,Sassuolo,22.0,Left-Back,2400.0,Italy,1.84,None,left,2029.0
129674,Jeremy Toljan,Sassuolo,30.0,Right-Back,2500.0,Germany,1.82,None,right,2025.0
655525,Yeferson Paz,Sassuolo,22.0,Right-Back,500.0,Colombia,1.76,Rafaela Pimenta,right,2027.0
441515,Daniel Boloca,Sassuolo,26.0,Defensive Midfield,7000.0,Italy,1.85,GG11,right,2028.0
724106,Luca Lipani,Sassuolo,20.0,Defensive Midfield,3500.0,Italy,1.85,None,right,2028.0
390163,Andrea Ghion,Sassuolo,25.0,Defensive Midfield,650.0,Italy,1.74,None,right,2029.0
226025,Luca Mazzitelli,Sassuolo,29.0,Central Midfield,2000.0,Italy,1.84,GG11,right,2025.0
700053,Edoardo Iannoni,Sassuolo,24.0,Central Midfield,750.0,Italy,1.85,None,right,2028.0
101213,Pedro Obiang,Sassuolo,33.0,Central Midfield,500.0,Equatorial Guinea,1.86,P&P Sport ...,right,2025.0
564785,Kristian Thorstvedt,Sassuolo,26.0,Attacking Midfield,9000.0,Norway,1.89,Solbakken / Player ...,left,2027.0
746891,Cristian Volpato,Sassuolo,21.0,Attacking Midfield,4000.0,Italy,1.87,None,left,2028.0
130360,Simone Verdi,Sassuolo,32.0,Attacking Midfield,2000.0,Italy,1.74,None,both,2025.0
579930,Armand Laurienté,Sassuolo,26.0,Left Winger,13000.0,France,1.71,None,right,2027.0
177843,Domenico Berardi,Sassuolo,30.0,Right Winger,10000.0,Italy,1.83,None,left,2027.0
372720,Nicholas Pierini,Sassuolo,26.0,Right Winger,3000.0,Italy,1.76,None,right,2027.0
457422,Samuele Mulattieri,Sassuolo,24.0,Centre-Forward,4000.0,Italy,1.83,None,right,2028.0
655207,Laurs Skjellerup,Sassuolo,22.0,Centre-Forward,2800.0,Denmark,1.95,None,right,2029.0
600936,Luca Moro,Sassuolo,24.0,Centre-Forward,1500.0,Italy,1.89,GR Sports,right,2027.0
317057,Adrian Semper,Pisa,27.0,Goalkeeper,2700.0,Croatia,1.94,P&P Sport ...,right,2027.0
386567,Leonardo Loria,Pisa,26.0,Goalkeeper,250.0,Italy,1.95,None,right,2025.0
99523,Nícolas,Pisa,37.0,Goalkeeper,200.0,Brazil,1.9,None,right,2025.0
358003,Simone Canestrelli,Pisa,24.0,Centre-Back,6000.0,Italy,1.92,None,right,2028.0
663900,Giovanni Bonfanti,Pisa,22.0,Centre-Back,2000.0,Italy,1.87,SEG,left,2025.0
421927,Adrian Rus,Pisa,29.0,Centre-Back,1000.0,Romania,1.88,None,right,2026.0
149525,Antonio Caracciolo,Pisa,34.0,Centre-Back,400.0,Italy,1.85,GR Sports,right,2025.0
705063,Samuele Angori,Pisa,21.0,Left-Back,4000.0,Italy,1.86,None,left,2027.0
504085,Tomás Esteves,Pisa,23.0,Right-Back,3000.0,Portugal,1.8,Gestifute,right,2026.0
340707,Leonardo Sernicola,Pisa,27.0,Right-Back,2000.0,Italy,1.87,YOU FIRST,right,2025.0
240897,Arturo Calabresi,Pisa,29.0,Right-Back,800.0,Italy,1.86,None,right,2025.0
603524,Christian Sussi,Pisa,24.0,Right-Back,100.0,Italy,1.82,None,right,2027.0
379163,Marius Marin,Pisa,26.0,Defensive Midfield,3000.0,Romania,1.8,None,right,2026.0
418567,Markus Solbakken,Pisa,24.0,Defensive Midfield,2500.0,Norway,1.82,Aneke/PMG,right,2025.0
325993,Oliver Abildgaard,Pisa,28.0,Defensive Midfield,1500.0,Denmark,1.92,None,left,2025.0
543822,Malthe Højholt,Pisa,24.0,Defensive Midfield,1400.0,Denmark,1.82,Elite Consulting,right,2027.0
628365,Gabriele Piccinini,Pisa,24.0,Central Midfield,3000.0,Italy,1.84,None,right,2026.0
335516,Idrissa Touré,Pisa,27.0,Central Midfield,2800.0,Germany,1.88,None,right,2027.0
475410,Matteo Tramoni,Pisa,25.0,Left Winger,5000.0,Italy,1.75,None,right,2026.0
429551,Olimpiu Moruțan,Pisa,26.0,Right Winger,3000.0,Romania,1.73,None,left,2025.0
678645,Alessandro Arena,Pisa,24.0,Right Winger,900.0,Italy,1.71,None,left,2027.0
514895,Alexander Lind,Pisa,22.0,Centre-Forward,4500.0,Denmark,1.86,CMA Group,right,2028.0
914934,Henrik Meister,Pisa,21.0,Centre-Forward,3000.0,Denmark,1.92,Solbakken / Player ...,right,2025.0
279823,Stefano Moreo,Pisa,31.0,Centre-Forward,1000.0,Italy,1.91,None,right,2025.0
244491,Stefano Gori,Spezia Calcio,29.0,Goalkeeper,500.0,Italy,1.85,None,right,2025.0
95736,Leandro Chichizola,Spezia Calcio,35.0,Goalkeeper,400.0,Argentina,1.85,AREA SPORT TEAM,right,2025.0
338101,Mouhamadou Sarr,Spezia Calcio,28.0,Goalkeeper,300.0,Senegal,1.9,None,right,2027.0
981998,Diego Mascardi,Spezia Calcio,18.0,Goalkeeper,200.0,Italy,1.98,None,right,2028.0
632831,Nicolò Bertola,Spezia Calcio,22.0,Centre-Back,6500.0,Italy,1.92,None,right,2025.0
372809,Petko Hristov,Spezia Calcio,26.0,Centre-Back,3500.0,Bulgaria,1.91,None,right,2028.0
386967,Przemysław Wiśniewski,Spezia Calcio,26.0,Centre-Back,2000.0,Poland,1.95,INNfootball,right,2027.0
242078,Ales Mateju,Spezia Calcio,28.0,Centre-Back,1200.0,Czech Republic,1.85,SPORT INVEST,right,2025.0
731467,Simone Giorgeschi,Spezia Calcio,20.0,Centre-Back,200.0,Italy,1.89,None,left,2027.0
882980,Mattia Benvenuto,Spezia Calcio,19.0,Centre-Back,100.0,Italy,1.89,None,right,2026.0
268178,Arkadiusz Reca,Spezia Calcio,29.0,Left-Back,1000.0,Poland,1.87,Sports360 GmbH,left,2025.0
457444,Giuseppe Aurelio,Spezia Calcio,25.0,Left-Back,400.0,Italy,1.86,Team Raiola,left,2025.0
287367,Luca Vignali,Spezia Calcio,29.0,Right-Back,600.0,Italy,1.86,None,right,None
624548,Salva Ferrer,Spezia Calcio,27.0,Right-Back,400.0,Spain,1.84,Goal Management,right,2025.0
390160,Salvatore Esposito,Spezia Calcio,24.0,Defensive Midfield,7500.0,Italy,1.78,None,right,2027.0
368559,Ádám Nagy,Spezia Calcio,29.0,Defensive Midfield,900.0,Hungary,1.78,None,right,2027.0
702324,Rachid Kouda,Spezia Calcio,22.0,Central Midfield,3500.0,Italy,1.88,None,right,2025.0
240934,Filippo Bandinelli,Spezia Calcio,30.0,Central Midfield,1200.0,Italy,1.8,None,left,2027.0
301236,Francesco Cassata,Spezia Calcio,27.0,Central Midfield,600.0,Italy,1.83,GR Sports,right,2027.0
934386,Pietro Candelari,Spezia Calcio,20.0,Central Midfield,300.0,Italy,1.78,None,right,2028.0
924901,Halid Djankpata,Spezia Calcio,20.0,Central Midfield,300.0,Italy,1.85,None,right,2027.0
392963,Salvatore Elia,Spezia Calcio,25.0,Right Winger,800.0,Italy,1.83,Mp Management,right,2026.0
930781,Francesco Pio Esposito,Spezia Calcio,19.0,Centre-Forward,17000.0,Italy,1.91,None,right,2025.0
160668,Antonio Colak,Spezia Calcio,31.0,Centre-Forward,1700.0,Croatia,1.88,CAA Stellar,right,2026.0
532040,Giuseppe Di Serio,Spezia Calcio,23.0,Centre-Forward,1200.0,Italy,1.88,None,right,2027.0
130394,Gianluca Lapadula,Spezia Calcio,35.0,Centre-Forward,1000.0,Peru,1.78,None,left,2026.0
321065,Edoardo Soleri,Spezia Calcio,27.0,Centre-Forward,500.0,Italy,1.92,None,right,2027.0
119115,Diego Falcinelli,Spezia Calcio,33.0,Centre-Forward,400.0,Italy,1.86,None,left,2025.0
256339,Emil Audero,Palermo,28.0,Goalkeeper,5000.0,Indonesia,1.92,None,right,2025.0
567465,Sebastiano Desplanches,Palermo,22.0,Goalkeeper,2500.0,Italy,1.89,GG11,left,2028.0
163568,Alfred Gomis,Palermo,31.0,Goalkeeper,500.0,Senegal,1.96,Scuderia,right,2026.0
25508,Salvatore Sirigu,Palermo,38.0,Goalkeeper,250.0,Italy,1.92,None,right,2025.0
936567,Francesco Di Bartolo,Palermo,20.0,Goalkeeper,50.0,Italy,1.92,None,right,2028.0
394872,Rayyan Baniya,Palermo,26.0,Centre-Back,2500.0,Türkiye,1.94,GG11,right,2025.0
310458,Giangiacomo Magnani,Palermo,29.0,Centre-Back,2500.0,Italy,1.92,None,right,2028.0
292772,Dimitrios Nikolaou,Palermo,26.0,Centre-Back,1600.0,Greece,1.88,None,left,2028.0
239099,Pietro Ceccaroni,Palermo,29.0,Centre-Back,1400.0,Italy,1.88,None,left,2027.0
623773,Kristoffer Lund,Palermo,23.0,Left-Back,3500.0,United States,1.84,None,left,2027.0
696550,Salim Diakité,Palermo,24.0,Right-Back,2500.0,Mali,1.86,None,right,2028.0
534084,Niccolò Pierozzi,Palermo,23.0,Right-Back,1500.0,Italy,1.84,None,right,2028.0
552939,Alessio Buttaro,Palermo,22.0,Right-Back,500.0,Italy,1.83,None,right,2027.0
395239,Claudio Gomes,Palermo,24.0,Defensive Midfield,2800.0,France,1.71,ROGON,right,2027.0
236041,Alexis Blin,Palermo,28.0,Defensive Midfield,1500.0,France,1.86,Kemari,right,2027.0
489611,Filippo Ranocchia,Palermo,24.0,Central Midfield,4000.0,Italy,1.86,None,both,2028.0
373899,Jacopo Segre,Palermo,28.0,Central Midfield,2500.0,Italy,1.85,None,right,2027.0
615897,Aljosa Vasic,Palermo,23.0,Central Midfield,1000.0,Serbia,1.88,GR Sports,right,2028.0
162961,Valerio Verre,Palermo,31.0,Central Midfield,500.0,Italy,1.81,P&P Sport ...,right,2027.0
38607,Federico Di Francesco,Palermo,30.0,Left Winger,1200.0,Italy,1.71,None,right,2026.0
238950,Francesco Di Mariano,Palermo,29.0,Left Winger,800.0,Italy,1.77,None,right,2026.0
200174,Roberto Insigne,Palermo,31.0,Right Winger,1200.0,Italy,1.72,Team Raiola,left,2026.0
173491,Joel Pohjanpalo,Palermo,30.0,Centre-Forward,5000.0,Finland,1.86,Dirk Hebel,right,2029.0
188889,Matteo Luigi Brunori,Palermo,30.0,Centre-Forward,3500.0,Italy,1.8,None,right,2027.0
412513,Thomas Henry,Palermo,30.0,Centre-Forward,1800.0,France,1.91,None,right,2025.0
12907,Alessio Cragno,Sampdoria,30.0,Goalkeeper,1000.0,Italy,1.84,None,right,2025.0
301240,Samuele Perisan,Sampdoria,27.0,Goalkeeper,500.0,Italy,1.92,None,left,2025.0
357983,Simone Ghidotti,Sampdoria,25.0,Goalkeeper,350.0,Italy,1.93,None,right,2025.0
459697,Niccolò Chiorra,Sampdoria,24.0,Goalkeeper,300.0,Italy,1.87,None,right,2025.0
354909,Giorgio Altare,Sampdoria,26.0,Centre-Back,1800.0,Italy,1.9,None,right,2026.0
705097,Davide Veroli,Sampdoria,22.0,Centre-Back,1500.0,Italy,1.88,None,left,2025.0
315857,Marco Curto,Sampdoria,26.0,Centre-Back,1200.0,Italy,1.91,None,right,2025.0
487835,Alessandro Pio Riccio,Sampdoria,23.0,Centre-Back,600.0,Italy,1.87,LIAN Sports Group,right,2027.0
88706,Simone Romagnoli,Sampdoria,35.0,Centre-Back,500.0,Italy,1.93,None,right,2025.0
197491,Alex Ferrari,Sampdoria,30.0,Centre-Back,350.0,Italy,1.91,None,right,2027.0
381370,Pietro Beruatto,Sampdoria,26.0,Left-Back,2400.0,Italy,1.85,GR Sports,left,2025.0
265033,Nikolas Ioannou,Sampdoria,29.0,Left-Back,1200.0,Cyprus,1.83,CAA Stellar,left,2025.0
324282,Fabio Depaoli,Sampdoria,28.0,Right-Back,2000.0,Italy,1.82,None,right,2028.0
144143,Bartosz Bereszyński,Sampdoria,32.0,Right-Back,1000.0,Poland,1.83,Fabryka Futbolu,right,2025.0
240219,Lorenzo Venuti,Sampdoria,30.0,Right-Back,800.0,Italy,1.79,Team Raiola,right,2026.0
624436,Gerard Yepes,Sampdoria,22.0,Defensive Midfield,2000.0,Spain,1.7,None,right,2025.0
426280,Melle Meulensteen,Sampdoria,25.0,Defensive Midfield,800.0,Netherlands,1.88,Nine Group,right,2027.0
198087,Matteo Ricci,Sampdoria,30.0,Defensive Midfield,400.0,Italy,1.76,P&P Sport ...,both,2026.0
969192,Ebenezer Akinsanmiro,Sampdoria,20.0,Central Midfield,2000.0,Nigeria,1.84,None,"
                            Jul 19, 2024                        ",2025.0
241052,Alessandro Bellemo,Sampdoria,29.0,Central Midfield,1500.0,Italy,1.84,None,right,2025.0
423615,Leonardo Benedetti,Sampdoria,24.0,Central Midfield,1200.0,Italy,1.8,None,right,2026.0
434676,Ronaldo Vieira,Sampdoria,26.0,Central Midfield,400.0,England,1.78,P&P Sport ...,right,2027.0
399543,Rémi Oudin,Sampdoria,28.0,Attacking Midfield,2500.0,France,1.86,None,left,2025.0
424275,Giuseppe Sibilli,Sampdoria,28.0,Attacking Midfield,1300.0,Italy,1.8,None,right,2025.0
542336,Nikola Sekulov,Sampdoria,23.0,Attacking Midfield,800.0,Italy,1.85,GG11,right,None
96754,Fabio Borini,Sampdoria,34.0,Left Winger,900.0,Italy,1.8,None,right,2025.0
202979,Gennaro Tutino,Sampdoria,28.0,Centre-Forward,3500.0,Italy,1.77,None,right,2028.0
157501,M'Baye Niang,Sampdoria,30.0,Centre-Forward,1500.0,Senegal,1.88,None,right,2025.0
33763,Massimo Coda,Sampdoria,36.0,Centre-Forward,1000.0,Italy,1.84,None,right,2026.0
817150,Fabio Abiuso,Sampdoria,22.0,Centre-Forward,500.0,Italy,1.85,None,right,2025.0
231381,Andrea Fulignati,Cremonese,30.0,Goalkeeper,1400.0,Italy,1.9,None,right,2025.0
369522,Jakob Tånnander,Cremonese,24.0,Goalkeeper,700.0,Sweden,1.91,HCM Sports ...,left,2025.0
420179,Gianluca Saro,Cremonese,24.0,Goalkeeper,400.0,Italy,1.87,None,right,2027.0
482789,Giacomo Drago,Cremonese,24.0,Goalkeeper,300.0,Italy,1.94,None,right,2025.0
227347,Valentin Antov,Cremonese,24.0,Centre-Back,2000.0,Bulgaria,1.87,Universal Twenty Two,right,2025.0
312341,Luca Ravanelli,Cremonese,28.0,Centre-Back,1800.0,Italy,1.87,None,right,2025.0
603675,Francesco Folino,Cremonese,23.0,Centre-Back,650.0,Italy,1.92,None,right,2028.0
160986,Matteo Bianchetti,Cremonese,32.0,Centre-Back,500.0,Italy,1.89,None,right,2026.0
163639,Federico Ceccherini,Cremonese,33.0,Centre-Back,500.0,Italy,1.87,P&P Sport ...,right,2026.0
539632,Lorenzo Moretti,Cremonese,23.0,Centre-Back,300.0,Italy,1.87,None,right,2027.0
716411,Maissa Ndiaye,Cremonese,23.0,Centre-Back,125.0,Senegal,1.9,None,right,None
310527,Paulo Azzi,Cremonese,30.0,Left-Back,1000.0,Brazil,1.88,None,right,2026.0
569939,Tommaso Barbieri,Cremonese,22.0,Right-Back,1800.0,Italy,1.81,GR Sports,right,2028.0
243879,Charles Pickel,Cremonese,28.0,Defensive Midfield,2400.0,DR Congo,1.87,None,right,2026.0
195335,Michele Castagnetti,Cremonese,35.0,Defensive Midfield,400.0,Italy,1.8,None,left,2026.0
434551,Michele Collocolo,Cremonese,25.0,Central Midfield,2500.0,Italy,1.88,None,right,2027.0
167741,Mattia Valoti,Cremonese,31.0,Central Midfield,1000.0,Italy,1.87,GR Sports,right,None
180805,Zan Majer,Cremonese,32.0,Central Midfield,400.0,Slovenia,1.8,None,right,2025.0
99227,Andrea Bertolacci,Cremonese,34.0,Central Midfield,250.0,Italy,1.79,None,left,2025.0
894456,Dachi Lordkipanidze,Cremonese,20.0,Central Midfield,100.0,Georgia,1.86,None,both,2027.0
76163,Franco Vázquez,Cremonese,36.0,Attacking Midfield,1000.0,Argentina,1.87,None,left,2025.0
337811,Francesco Gelli,Cremonese,28.0,Attacking Midfield,750.0,Italy,1.73,None,right,2025.0
258827,Jari Vandeputte,Cremonese,29.0,Left Winger,3000.0,Belgium,1.77,None,right,2025.0
406042,Dennis Johnsen,Cremonese,27.0,Left Winger,2500.0,Norway,1.85,PURE,right,2027.0
407265,Luca Zanimacchia,Cremonese,26.0,Right Winger,1400.0,Italy,1.78,GR Sports,right,2027.0
629016,Marco Nasti,Cremonese,21.0,Centre-Forward,2300.0,Italy,1.79,GR Sports,right,2028.0
375816,Manuel De Luca,Cremonese,26.0,Centre-Forward,1400.0,Italy,1.92,YOU FIRST,both,2028.0
241527,Federico Bonazzoli,Cremonese,28.0,Centre-Forward,1300.0,Italy,1.85,None,left,2028.0
471936,Oliver Christensen,Salernitana,26.0,Goalkeeper,1500.0,Denmark,1.9,BTAM,right,2025.0
99254,Luigi Sepe,Salernitana,34.0,Goalkeeper,400.0,Italy,1.85,None,left,2026.0
1176371,Francesco Corriere,Salernitana,19.0,Goalkeeper,200.0,Italy,1.91,None,right,None
450417,Dylan Bronn,Salernitana,29.0,Centre-Back,1300.0,Tunisia,1.85,None,right,2025.0
277167,Gian Marco Ferrari,Salernitana,33.0,Centre-Back,1000.0,Italy,1.89,P&P Sport ...,left,2025.0
345189,Luka Lochoshvili,Salernitana,26.0,Centre-Back,600.0,Georgia,1.92,FA PLAYERS AGENTS,left,2025.0
748720,Fabio Andrea Ruggeri,Salernitana,20.0,Centre-Back,200.0,Italy,1.84,GR Sports,right,2025.0
832977,Juan Cruz Guasone,Salernitana,24.0,Centre-Back,200.0,Argentina,1.97,None,right,2025.0
818880,Tommaso Corazza,Salernitana,20.0,Left-Back,1000.0,Italy,1.74,None,right,2025.0
960164,Lilian Njoh,Salernitana,23.0,Left-Back,750.0,France,1.8,None,left,2026.0
287600,Pawel Jaroszynski,Salernitana,30.0,Left-Back,300.0,Poland,1.84,P&P Sport ...,left,2025.0
183841,Petar Stojanović,Salernitana,29.0,Right-Back,1000.0,Slovenia,1.78,None,right,2025.0
313477,Paolo Ghiglione,Salernitana,28.0,Right-Back,750.0,Italy,1.91,None,right,2027.0
679271,Davide Gentile,Salernitana,21.0,Right-Back,200.0,Italy,1.91,None,right,2025.0
707450,Lorenzo Amatucci,Salernitana,21.0,Defensive Midfield,3500.0,Italy,1.72,YOU FIRST,right,2025.0
567472,Federico Zuccon,Salernitana,22.0,Central Midfield,1500.0,Italy,1.88,GR Sports,right,2025.0
386574,Fabrizio Caligara,Salernitana,25.0,Central Midfield,1300.0,Italy,1.8,None,left,2025.0
331389,Andrés Tello,Salernitana,28.0,Central Midfield,350.0,Colombia,1.8,Team Raiola,right,2025.0
533321,Stefano Girelli,Salernitana,24.0,Central Midfield,350.0,Italy,1.8,None,right,2025.0
1222050,Rocco Di Vico,Salernitana,18.0,Central Midfield,250.0,Italy,1.78,None,right,None
326300,Jeff Reine-Adélaïde,Salernitana,27.0,Attacking Midfield,1500.0,France,1.84,Concept Sport Agency,right,2026.0
530851,Franco Tongya,Salernitana,23.0,Attacking Midfield,1200.0,Italy,1.75,None,right,2027.0
63186,Roberto Soriano,Salernitana,34.0,Attacking Midfield,900.0,Italy,1.82,None,right,2025.0
265625,Ajdin Hrustić,Salernitana,28.0,Attacking Midfield,400.0,Australia,1.8,None,left,2025.0
470391,Jayden Braaf,Salernitana,22.0,Left Winger,800.0,Netherlands,1.81,None,right,2025.0
256361,Daniele Verde,Salernitana,28.0,Right Winger,1300.0,Italy,1.68,None,left,2025.0
818888,Antonio Raimondo,Salernitana,21.0,Centre-Forward,4500.0,Italy,1.85,None,left,2025.0
554282,Szymon Wlodarczyk,Salernitana,22.0,Centre-Forward,2000.0,Poland,1.92,INNfootball,right,2025.0
197751,Alberto Cerri,Salernitana,29.0,Centre-Forward,1500.0,Italy,1.94,None,right,2025.0
194549,Simy,Salernitana,33.0,Centre-Forward,500.0,Nigeria,1.98,None,right,2025.0
542588,Alessandro Sorrentino,Frosinone,23.0,Goalkeeper,700.0,Italy,1.9,None,right,2025.0
370701,Michele Cerofolini,Frosinone,26.0,Goalkeeper,700.0,Italy,1.88,None,right,2026.0
43217,Pierluigi Frattali,Frosinone,39.0,Goalkeeper,50.0,Italy,1.85,None,right,2025.0
550116,Ilario Monterisi,Frosinone,23.0,Centre-Back,2200.0,Italy,1.9,LIAN Sports Group,right,2027.0
616628,Giorgio Cittadini,Frosinone,23.0,Centre-Back,1000.0,Italy,1.93,None,right,2025.0
199927,Davide Biraschi,Frosinone,30.0,Centre-Back,700.0,Italy,1.82,None,right,2026.0
571600,Gabriele Bracaglia,Frosinone,21.0,Centre-Back,600.0,Italy,1.85,None,left,None
255461,Przemyslaw Szyminski,Frosinone,30.0,Centre-Back,400.0,Poland,1.85,None,right,2025.0
357995,Davide Bettella,Frosinone,25.0,Centre-Back,300.0,Italy,1.85,None,right,2025.0
1159022,Mateus Lusuardi,Frosinone,21.0,Centre-Back,300.0,Brazil,1.9,None,"
                    Defender - Centre-Back                ",2027.0
160561,Fabio Lucioni,Frosinone,37.0,Centre-Back,200.0,Italy,1.85,None,left,2025.0
457237,Sergio Kalaj,Frosinone,25.0,Centre-Back,200.0,Albania,1.93,None,right,2026.0
297645,Riccardo Marchizza,Frosinone,27.0,Left-Back,1500.0,Italy,1.86,None,left,2026.0
189340,Gianluca Di Chiara,Frosinone,31.0,Left-Back,500.0,Italy,1.86,None,left,2025.0
804812,Anthony Oyono,Frosinone,24.0,Right-Back,1500.0,Gabon,1.84,None,right,2027.0
917376,Jérémy Oyono,Frosinone,24.0,Right-Back,250.0,Gabon,1.78,None,right,2027.0
406806,Emil Bohinen,Frosinone,26.0,Defensive Midfield,1800.0,Norway,1.89,Solbakken / Player ...,left,2025.0
647484,Ebrima Darboe,Frosinone,23.0,Defensive Midfield,1300.0,The Gambia,1.79,None,right,2025.0
927905,Matteo Cichella,Frosinone,19.0,Defensive Midfield,750.0,Italy,1.69,None,right,None
534161,Ilias Koutsoupias,Frosinone,24.0,Central Midfield,900.0,Greece,1.82,None,right,2025.0
989621,İsak Vural,Frosinone,18.0,Central Midfield,700.0,Türkiye,1.89,Unique Sports Group,right,2026.0
522681,Ben Lhassine Kone,Frosinone,25.0,Central Midfield,600.0,Cote d'Ivoire,1.72,None,left,2025.0
412758,Giorgi Kvernadze,Frosinone,22.0,Left Winger,800.0,Georgia,1.88,None,right,2028.0
708186,Tjas Begic,Frosinone,21.0,Left Winger,700.0,Slovenia,1.75,None,right,2025.0
182517,Anthony Partipilo,Frosinone,30.0,Right Winger,750.0,Italy,1.81,None,left,2025.0
888738,Farès Ghedjemis,Frosinone,22.0,Right Winger,500.0,France,1.83,None,left,2026.0
188436,Luigi Canotto,Frosinone,31.0,Right Winger,400.0,Italy,1.78,None,both,2025.0
669915,Filippo Distefano,Frosinone,21.0,Second Striker,1800.0,Italy,1.76,P&P Sport ...,right,2025.0
707295,Giuseppe Ambrosino,Frosinone,21.0,Centre-Forward,2200.0,Italy,1.87,GG11,right,2025.0
392545,Frank Tsadjout,Frosinone,25.0,Centre-Forward,600.0,Italy,1.9,None,left,2025.0
658729,Emanuele Pecorino,Frosinone,23.0,Centre-Forward,350.0,Italy,1.92,None,left,2025.0
1086590,Alejandro Cichero,Frosinone,18.0,Centre-Forward,300.0,Venezuela,1.96,None,right,2026.0
334992,Jonathan Klinsmann,Cesena,28.0,Goalkeeper,1500.0,United States,1.95,AESIR,right,2026.0
168444,Matteo Pisseri,Cesena,33.0,Goalkeeper,300.0,Italy,1.88,None,right,2025.0
530847,Alessandro Siano,Cesena,24.0,Goalkeeper,100.0,Italy,1.85,None,right,2026.0
925504,Giulio Veliaj,Cesena,20.0,Goalkeeper,50.0,Albania,1.93,None,right,2025.0
395805,Massimiliano Mangraviti,Cesena,27.0,Centre-Back,1200.0,Italy,1.88,None,left,2027.0
392524,Andrea Ciofi,Cesena,25.0,Centre-Back,900.0,Italy,1.87,None,right,2028.0
163187,Giuseppe Prestia,Cesena,31.0,Centre-Back,600.0,Italy,1.9,None,right,2026.0
391453,Matteo Piacentini,Cesena,26.0,Centre-Back,100.0,Italy,1.87,None,right,2028.0
167900,Daniele Donnarumma,Cesena,33.0,Left-Back,450.0,Italy,1.8,None,left,2026.0
195057,Raffaele Celia,Cesena,26.0,Left-Back,300.0,Italy,1.78,None,left,2026.0
932737,Enea Pitti,Cesena,20.0,Left-Back,50.0,Italy,1.87,None,"
                            Aug 13, 2023                        ",2027.0
364278,Joseph Ceesay,Cesena,26.0,Right-Back,400.0,The Gambia,1.84,None,right,2025.0
927261,Giulio Manetti,Cesena,19.0,Right-Back,150.0,Italy,1.79,Sferico Sports ...,"
                            Jul 1, 2024                        ",None
938678,Leonardo Mendicino,Cesena,18.0,Defensive Midfield,800.0,Italy,1.82,None,right,2025.0
301235,Giacomo Calò,Cesena,28.0,Defensive Midfield,750.0,Italy,1.8,None,right,2027.0
257751,Simone Bastoni,Cesena,28.0,Central Midfield,1000.0,Italy,1.81,None,left,2026.0
293228,Dario Saric,Cesena,27.0,Central Midfield,750.0,Bosnia-Herzegovina,1.8,MVP United,both,2025.0
908791,Matteo Francesconi,Cesena,21.0,Central Midfield,500.0,Italy,1.83,Sferico Sports ...,right,2028.0
927251,Gianmarco Castorri,Cesena,19.0,Central Midfield,150.0,Italy,1.85,None,right,None
411666,Emanuele Adamo,Cesena,26.0,Right Midfield,800.0,Italy,1.77,Team Raiola,right,2027.0
908768,Tommaso Berti,Cesena,21.0,Attacking Midfield,3500.0,Italy,1.71,None,right,2026.0
315852,Mirko Antonucci,Cesena,26.0,Attacking Midfield,1000.0,Italy,1.78,None,both,2025.0
462086,Elayis Tavsan,Cesena,24.0,Right Winger,1000.0,Netherlands,1.83,PRO10 Sports,left,2025.0
908760,Cristian Shpendi,Cesena,22.0,Centre-Forward,6000.0,Albania,1.81,LIAN Sports Group,right,2028.0
908788,Flavio Russo,Cesena,20.0,Centre-Forward,800.0,Italy,1.88,None,right,2025.0
287876,Antonino La Gumina,Cesena,29.0,Centre-Forward,400.0,Italy,1.82,None,right,2025.0
927268,Valentino Coveri,Cesena,20.0,Centre-Forward,150.0,Italy,1.81,None,"
                            Jul 1, 2024                        ",None
337360,Riccardo Gagno,Modena,27.0,Goalkeeper,700.0,Italy,1.86,P&P Sport ...,right,2026.0
85380,Andrea Seculin,Modena,34.0,Goalkeeper,250.0,Italy,1.9,None,right,2025.0
537548,Fabrizio Bagheria,Modena,24.0,Goalkeeper,50.0,Italy,1.89,None,right,2025.0
704825,Alessandro Dellavalle,Modena,21.0,Centre-Back,3000.0,Italy,1.89,None,right,2025.0
199583,Giovanni Zaro,Modena,31.0,Centre-Back,900.0,Italy,1.93,None,right,2026.0
197470,Mattia Caldara,Modena,31.0,Centre-Back,800.0,Italy,1.87,GR Sports,right,2025.0
664743,Stipe Vulikic,Modena,24.0,Centre-Back,500.0,Croatia,1.93,None,left,2025.0
283421,Cristian Căuz,Modena,28.0,Centre-Back,350.0,Italy,1.88,None,left,2026.0
387013,Antonio Pergreffi,Modena,37.0,Centre-Back,200.0,Italy,1.89,None,left,2025.0
56601,Eric Botteghin,Modena,37.0,Centre-Back,200.0,Brazil,1.93,None,right,2025.0
534082,Fabio Ponsi,Modena,24.0,Left-Back,600.0,Italy,1.86,None,right,2025.0
382567,Matteo Cotali,Modena,28.0,Left-Back,600.0,Italy,1.77,None,left,2026.0
1175798,Gady Beyuku,Modena,19.0,Right-Back,750.0,France,1.88,None,right,2026.0
457674,Alessandro Di Pardo,Modena,25.0,Right-Back,750.0,Italy,1.82,None,right,2025.0
330288,Fabio Gerli,Modena,28.0,Defensive Midfield,900.0,Italy,1.73,None,right,2026.0
287863,Antonio Palumbo,Modena,28.0,Central Midfield,2200.0,Italy,1.82,None,left,2027.0
392515,Simone Santoro,Modena,25.0,Central Midfield,900.0,Italy,1.81,BSP FOOTBALL AGENCY,right,2026.0
297444,Luca Magnino,Modena,27.0,Central Midfield,750.0,Italy,1.85,None,right,2026.0
473871,Thomas Battistella,Modena,23.0,Central Midfield,450.0,Italy,1.86,None,right,2026.0
431581,Edoardo Duca,Modena,28.0,Central Midfield,300.0,Italy,1.78,None,right,2025.0
929748,Marco Oliva,Modena,19.0,Central Midfield,150.0,Italy,1.8,None,left,2027.0
221421,Kleis Bozhanaj,Modena,24.0,Attacking Midfield,450.0,Albania,1.8,None,right,2026.0
398030,Giuseppe Caso,Modena,26.0,Left Winger,1000.0,Italy,1.72,None,right,2027.0
885623,Issiaka Kamate,Modena,20.0,Right Winger,800.0,France,1.86,None,left,2025.0
498235,Pedro Mendes,Modena,25.0,Centre-Forward,2200.0,Portugal,1.87,None,right,2027.0
209936,Ettore Gliozzi,Modena,29.0,Centre-Forward,700.0,Italy,1.86,None,right,2025.0
163222,Grégoire Defrel,Modena,33.0,Centre-Forward,500.0,France,1.79,None,left,2026.0
258482,Boris Radunović,Bari,28.0,Goalkeeper,750.0,Serbia,1.94,None,right,2025.0
350082,Marco Pissardo,Bari,27.0,Goalkeeper,350.0,Italy,1.84,None,right,2026.0
417414,Davide Marfella,Bari,25.0,Goalkeeper,50.0,Italy,1.82,None,right,2025.0
240158,Francesco Vicari,Bari,30.0,Centre-Back,1100.0,Italy,1.9,None,right,2027.0
324378,Valerio Mantovani,Bari,29.0,Centre-Back,600.0,Italy,1.84,None,right,2025.0
226093,Lorenco Simic,Bari,28.0,Centre-Back,550.0,Croatia,1.95,MVP United,right,2025.0
704456,Nosa Edward Obaretin,Bari,22.0,Centre-Back,500.0,Italy,1.93,None,left,2025.0
139307,Raffaele Pucino,Bari,34.0,Centre-Back,250.0,Italy,1.83,None,right,2025.0
357176,Alessandro Tripaldelli,Bari,26.0,Left-Back,300.0,Italy,1.82,None,left,2027.0
140559,Raffaele Maiello,Bari,33.0,Defensive Midfield,300.0,Italy,1.77,None,right,2025.0
353796,Giulio Maggiore,Bari,27.0,Central Midfield,2000.0,Italy,1.84,None,right,2025.0
167470,Mattia Maita,Bari,30.0,Central Midfield,750.0,Italy,1.82,None,right,2026.0
459945,Nunzio Lella,Bari,24.0,Central Midfield,750.0,Italy,1.86,None,right,2025.0
121402,Ahmad Benali,Bari,33.0,Central Midfield,400.0,Libya,1.73,GR Sports,right,2025.0
820633,Coli Saco,Bari,23.0,Central Midfield,300.0,Mali,1.97,None,left,2025.0
663939,Andrea Oliveri,Bari,22.0,Right Midfield,800.0,Italy,1.81,None,right,2025.0
784575,Mehdi Dorval,Bari,24.0,Left Midfield,4000.0,Algeria,1.76,None,both,2026.0
820635,Costantino Favasuli,Bari,21.0,Left Midfield,800.0,Italy,1.78,None,right,2025.0
264116,Gastón Pereiro,Bari,29.0,Attacking Midfield,1000.0,Uruguay,1.88,None,left,2026.0
218306,César Falletti,Bari,32.0,Attacking Midfield,700.0,Uruguay,1.74,None,right,2025.0
107958,Nicola Bellomo,Bari,34.0,Attacking Midfield,200.0,Italy,1.74,None,right,2025.0
553513,Nicholas Bonfanti,Bari,23.0,Centre-Forward,2500.0,Italy,1.84,None,right,2025.0
131951,Kevin Lasagna,Bari,32.0,Centre-Forward,900.0,Italy,1.86,P&P Sport ...,left,2025.0
336160,Andrija Novakovich,Bari,28.0,Centre-Forward,500.0,United States,1.92,Alberto Jimmy ...,right,2025.0
340151,Andrea Favilli,Bari,28.0,Centre-Forward,300.0,Italy,1.91,None,right,2025.0
135747,Luca Lezzerini,Brescia,30.0,Goalkeeper,400.0,Italy,1.95,None,right,2026.0
234880,Lorenzo Andrenacci,Brescia,30.0,Goalkeeper,250.0,Italy,1.88,None,right,2026.0
457859,Michele Avella,Brescia,25.0,Goalkeeper,150.0,Italy,1.88,None,left,None
337381,Andrea Cistana,Brescia,28.0,Centre-Back,1800.0,Italy,1.85,None,right,2027.0
503619,Andrea Papetti,Brescia,22.0,Centre-Back,1800.0,Italy,1.86,P&P Sport ...,right,2027.0
163212,Davide Adorni,Brescia,32.0,Centre-Back,500.0,Italy,1.85,None,right,2026.0
745778,Gabriele Calvani,Brescia,21.0,Centre-Back,300.0,Italy,1.9,None,right,2026.0
444662,Niccolò Corrado,Brescia,25.0,Left-Back,1000.0,Italy,1.79,GR Sports,left,2027.0
357622,Alexander Jallow,Brescia,27.0,Right-Back,1000.0,Sweden,1.85,None,right,2026.0
283060,Lorenzo Dickmann,Brescia,28.0,Right-Back,1000.0,Italy,1.77,None,right,2026.0
887738,Zylyf Muça,Brescia,20.0,Right-Back,50.0,Albania,1.85,None,"
                            Jul 1, 2023                        ",None
292817,Matthias Verreth,Brescia,27.0,Defensive Midfield,1000.0,Belgium,1.81,None,right,2026.0
163216,Dimitri Bisoli,Brescia,31.0,Central Midfield,1000.0,Italy,1.8,None,right,2027.0
616031,Michele Besaggio,Brescia,23.0,Central Midfield,750.0,Italy,1.81,None,right,2026.0
394352,Massimo Bertagnoli,Brescia,26.0,Central Midfield,700.0,Italy,1.78,None,right,2026.0
814000,Riccardo Fogliata,Brescia,21.0,Central Midfield,400.0,Italy,1.83,None,right,2028.0
34453,Birkir Bjarnason,Brescia,36.0,Central Midfield,300.0,Iceland,1.84,None,right,2025.0
524428,Nicolas Galazzi,Brescia,24.0,Attacking Midfield,1100.0,Italy,1.82,None,left,2028.0
539132,Giacomo Olzer,Brescia,24.0,Attacking Midfield,450.0,Italy,1.88,GR Sports,left,2026.0
813961,Patrick Nuamah,Brescia,19.0,Left Winger,500.0,Italy,1.79,Excellence Sport,right,2028.0
459988,Gennaro Borrelli,Brescia,25.0,Centre-Forward,2800.0,Italy,1.94,LIAN Sports Group,right,2028.0
927331,Ante Matej Juric,Brescia,22.0,Centre-Forward,1000.0,Croatia,1.9,GreenField,right,2028.0
238977,Gabriele Moncini,Brescia,29.0,Centre-Forward,1000.0,Italy,1.83,None,right,2026.0
364132,Flavio Bianchi,Brescia,25.0,Centre-Forward,500.0,Italy,1.78,None,right,2026.0
165893,Mirko Pigliacelli,Catanzaro,31.0,Goalkeeper,500.0,Italy,1.84,None,right,2026.0
421766,Ludovico Gelmi,Catanzaro,24.0,Goalkeeper,175.0,Italy,1.91,None,right,2025.0
902633,Edoardo Borrelli,Catanzaro,20.0,Goalkeeper,50.0,Italy,1.87,SEG,right,2026.0
530552,Federico Bonini,Catanzaro,23.0,Centre-Back,1400.0,Italy,1.88,None,left,2025.0
142990,Stefano Scognamillo,Catanzaro,31.0,Centre-Back,700.0,Italy,1.84,None,right,2026.0
109110,Nicolò Brighenti,Catanzaro,35.0,Centre-Back,300.0,Italy,1.78,None,right,2025.0
811279,Philipp Breit,Catanzaro,21.0,Centre-Back,50.0,Austria,2.01,None,"
                            Aug 30, 2024                        ",2025.0
458777,Giacomo Quagliata,Catanzaro,25.0,Left-Back,1000.0,Italy,1.8,None,left,2025.0
412649,Tommaso Cassandro,Catanzaro,25.0,Right-Back,500.0,Italy,1.85,GR Sports,right,2025.0
138741,Mario Situm,Catanzaro,33.0,Right-Back,350.0,Croatia,1.78,None,right,2025.0
459991,Marco Pompetti,Catanzaro,25.0,Defensive Midfield,1000.0,Italy,1.82,None,left,2027.0
292422,Simone Pontisso,Catanzaro,28.0,Defensive Midfield,750.0,Italy,1.84,None,right,2027.0
218067,Jacopo Petriccione,Catanzaro,30.0,Defensive Midfield,650.0,Italy,1.76,None,right,2026.0
1295724,Francesco Maiolo,Catanzaro,18.0,,100.0,Italy,1.84,None,"
                            Jul 1, 2024                        ",None
659415,Riccardo Pagano,Catanzaro,20.0,Central Midfield,2500.0,Italy,1.75,None,right,2025.0
472161,Mamadou Coulibaly,Catanzaro,26.0,Central Midfield,700.0,Senegal,1.83,P&P Sport ...,right,2025.0
812654,Rareș Ilie,Catanzaro,22.0,Attacking Midfield,1500.0,Romania,1.86,None,right,2025.0
551752,Demba Seck,Catanzaro,24.0,Right Winger,1000.0,Senegal,1.9,GR Sports,left,2025.0
537509,Mattia Compagnon,Catanzaro,23.0,Right Winger,400.0,Italy,1.83,None,left,2025.0
99232,Marco D'Alessandro,Catanzaro,34.0,Right Winger,300.0,Italy,1.73,None,right,2026.0
240129,Tommaso Biasci,Catanzaro,30.0,Second Striker,800.0,Italy,1.82,None,right,2026.0
408293,Nicolò Buso,Catanzaro,25.0,Second Striker,500.0,Italy,1.76,None,right,2025.0
1262393,Gabriel Rafele,Catanzaro,19.0,Second Striker,100.0,Italy,1.86,None,"
                            Jul 1, 2024                        ",None
62735,Pietro Iemmello,Catanzaro,33.0,Centre-Forward,1000.0,Italy,1.86,None,right,2026.0
134983,Andrea La Mantia,Catanzaro,34.0,Centre-Forward,400.0,Italy,1.9,None,right,2025.0
355455,Filippo Pittarello,Catanzaro,28.0,Centre-Forward,400.0,Italy,1.85,None,right,2027.0
435406,Demba Thiam,Juve Stabia,27.0,Goalkeeper,750.0,Senegal,2.02,None,right,2025.0
340448,Kristjan Matosevic,Juve Stabia,27.0,Goalkeeper,200.0,Croatia,1.96,None,left,2025.0
385397,Alessandro Signorini,Juve Stabia,25.0,Goalkeeper,50.0,Italy,1.82,None,right,2025.0
391710,Marco Bellich,Juve Stabia,26.0,Centre-Back,750.0,Italy,1.88,None,left,2027.0
362981,Marco Varnier,Juve Stabia,26.0,Centre-Back,500.0,Italy,1.86,None,both,2025.0
555113,Patryk Peda,Juve Stabia,23.0,Centre-Back,400.0,Poland,1.92,None,"
                            Jan 25, 2025                        ",2025.0
396307,Danilo Quaranta,Juve Stabia,28.0,Centre-Back,300.0,Italy,1.92,None,left,2026.0
984964,Niccolò Fortini,Juve Stabia,19.0,Left-Back,3500.0,Italy,1.85,None,right,2025.0
667627,Yuri Rocchetti,Juve Stabia,21.0,Left-Back,700.0,Italy,1.82,None,left,2025.0
708086,Romano Floriani Mussolini,Juve Stabia,22.0,Right-Back,1000.0,Italy,1.88,P&P Sport ...,right,2025.0
860639,Matteo Baldi,Juve Stabia,23.0,Right-Back,200.0,Italy,1.93,None,right,2026.0
273126,Cristian Andreoni,Juve Stabia,32.0,Right-Back,150.0,Italy,1.82,None,right,2026.0
479284,Giuseppe Leone,Juve Stabia,24.0,Defensive Midfield,450.0,Italy,1.83,GR Sports,right,2026.0
385379,Davide Buglio,Juve Stabia,27.0,Central Midfield,750.0,Italy,1.78,None,left,2026.0
398031,Fabio Maistro,Juve Stabia,27.0,Central Midfield,450.0,Italy,1.8,None,right,2026.0
364138,Marco Meli,Juve Stabia,25.0,Central Midfield,150.0,Italy,1.85,LEADERBROCK,right,2026.0
979009,Alessandro Louati,Juve Stabia,22.0,Central Midfield,150.0,Tunisia,1.91,None,left,2025.0
88690,Alberto Gerbo,Juve Stabia,35.0,Central Midfield,100.0,Italy,1.78,None,right,2025.0
302497,Nicola Mosti,Juve Stabia,27.0,Attacking Midfield,450.0,Italy,1.77,None,left,2026.0
535797,Lorenzo Sgarbi,Juve Stabia,24.0,Second Striker,500.0,Italy,1.89,None,right,2025.0
395739,Kevin Piscopo,Juve Stabia,27.0,Second Striker,250.0,Italy,1.81,GR Sports,right,2026.0
364206,Andrea Adorante,Juve Stabia,25.0,Centre-Forward,2000.0,Italy,1.84,None,right,2027.0
342341,Leonardo Candellone,Juve Stabia,27.0,Centre-Forward,400.0,Italy,1.86,LEADERBROCK,right,2025.0
395295,Edgaras Dubickas,Juve Stabia,26.0,Centre-Forward,325.0,Lithuania,1.85,None,right,2025.0
110925,Francesco Bardi,Reggiana,33.0,Goalkeeper,400.0,Italy,1.88,None,right,2025.0
484160,Alex Sposito,Reggiana,23.0,Goalkeeper,150.0,Italy,1.93,None,left,2026.0
916430,Edoardo Motta,Reggiana,20.0,Goalkeeper,100.0,Italy,1.94,None,right,2026.0
567454,Lorenzo Lucchesi,Reggiana,22.0,Centre-Back,800.0,Italy,1.9,None,left,2025.0
337149,Andrea Meroni,Reggiana,28.0,Centre-Back,600.0,Italy,1.88,None,right,2026.0
61617,Paolo Rozzio,Reggiana,32.0,Centre-Back,400.0,Italy,1.9,None,right,2025.0
904707,Yannis Nahounou,Reggiana,21.0,Centre-Back,50.0,France,1.93,None,right,2026.0
580421,Filip Brekalo,Reggiana,22.0,Left-Back,200.0,Croatia,1.84,Bola,left,None
341481,Lorenzo Libutti,Reggiana,27.0,Right-Back,400.0,Italy,1.8,None,right,2025.0
160357,Mario Sampirisi,Reggiana,32.0,Right-Back,400.0,Italy,1.88,GR Sports,right,2025.0
197745,Riccardo Fiamozzi,Reggiana,32.0,Right-Back,300.0,Italy,1.75,None,right,2025.0
171159,Leo Stulac,Reggiana,30.0,Defensive Midfield,700.0,Slovenia,1.75,None,right,2026.0
613085,Tobías Reinhart,Reggiana,25.0,Defensive Midfield,700.0,Argentina,1.76,AREA SPORT TEAM,right,2026.0
33218,Luca Cigarini,Reggiana,38.0,Defensive Midfield,100.0,Italy,1.75,None,right,2025.0
657550,Alessandro Sersanti,Reggiana,23.0,Central Midfield,1500.0,Italy,1.82,None,right,2025.0
814445,Lorenzo Ignacchiti,Reggiana,21.0,Central Midfield,1500.0,Italy,1.84,Bola,left,2025.0
394304,Manolo Portanova,Reggiana,24.0,Central Midfield,500.0,Italy,1.83,None,right,2026.0
200057,Elvis Kabashi,Reggiana,31.0,Central Midfield,250.0,Albania,1.84,None,left,2025.0
390719,Oliver Urso,Reggiana,26.0,Central Midfield,150.0,Denmark,1.81,None,left,2027.0
703245,Antonio Vergara,Reggiana,22.0,Attacking Midfield,1500.0,Italy,1.82,None,left,2025.0
611861,Natan Girma,Reggiana,23.0,Attacking Midfield,600.0,Switzerland,1.9,None,right,2027.0
936646,Matteo Maggio,Reggiana,23.0,Left Winger,400.0,Italy,1.76,BSP FOOTBALL AGENCY,both,2026.0
198128,Manuel Marras,Reggiana,31.0,Right Winger,400.0,Italy,1.68,None,left,2026.0
264514,Luca Vido,Reggiana,28.0,Centre-Forward,500.0,Italy,1.82,None,right,2025.0
213854,Cedric Gondo,Reggiana,28.0,Centre-Forward,500.0,Cote d'Ivoire,1.87,None,right,2026.0
88683,Mattia Destro,Reggiana,34.0,Centre-Forward,350.0,Italy,1.82,None,right,2025.0
130369,Stefano Pettinari,Reggiana,33.0,Centre-Forward,200.0,Italy,1.85,None,right,2025.0
215167,Marco Bleve,Carrarese,29.0,Goalkeeper,500.0,Italy,1.84,None,right,2025.0
55000,Vincenzo Fiorillo,Carrarese,35.0,Goalkeeper,150.0,Italy,1.9,None,left,2025.0
346528,Stefano Mazzini,Carrarese,26.0,Goalkeeper,50.0,Italy,1.94,None,right,2026.0
42796,Nicola Ravaglia,Carrarese,36.0,Goalkeeper,50.0,Italy,1.84,None,right,2025.0
804632,Gianluca Mazzi,Carrarese,21.0,Goalkeeper,50.0,Italy,1.87,None,right,2025.0
475149,Marco Imperiale,Carrarese,26.0,Centre-Back,1000.0,Italy,1.82,None,left,2027.0
745427,Gabriele Guarino,Carrarese,21.0,Centre-Back,900.0,Italy,1.93,None,right,2025.0
616162,Alessandro Fontanarosa,Carrarese,22.0,Centre-Back,750.0,Italy,1.85,None,left,2025.0
250921,Mauro Coppolaro,Carrarese,28.0,Centre-Back,400.0,Italy,1.89,None,right,2025.0
393607,Filippo Oliana,Carrarese,25.0,Centre-Back,300.0,Italy,1.85,None,right,None
441264,Julián Illanes,Carrarese,28.0,Centre-Back,250.0,Argentina,1.88,None,right,None
293367,Nicolás Schiavi,Carrarese,30.0,Defensive Midfield,500.0,Argentina,1.73,None,right,2027.0
567470,Samuel Giovane,Carrarese,22.0,Central Midfield,1500.0,Italy,1.83,None,left,2025.0
315862,Filippo Melegoni,Carrarese,26.0,Central Midfield,1000.0,Italy,1.86,P&P Sport ...,right,2027.0
538569,Tommaso Milanese,Carrarese,22.0,Central Midfield,750.0,Italy,1.73,None,right,2025.0
477556,Emanuele Zuelli,Carrarese,23.0,Central Midfield,300.0,Italy,1.82,None,both,2026.0
84442,Leonardo Capezzi,Carrarese,30.0,Central Midfield,250.0,Italy,1.78,GR Sports,right,None
199971,Michele Cavion,Carrarese,30.0,Central Midfield,200.0,Italy,1.8,None,both,2025.0
593381,Simone Zanon,Carrarese,23.0,Right Midfield,600.0,Italy,1.78,None,right,2027.0
457235,Devid Eugene Bouah,Carrarese,23.0,Right Midfield,350.0,Italy,1.83,None,right,2026.0
386850,Manuel Cicconi,Carrarese,27.0,Left Midfield,600.0,Italy,1.82,None,left,2027.0
721227,Luigi Cherubini,Carrarese,21.0,Left Winger,1000.0,Italy,1.75,None,right,2025.0
459953,Giacomo Manzari,Carrarese,24.0,Right Winger,300.0,Italy,1.78,None,left,2025.0
240190,Niccolò Belloni,Carrarese,30.0,Right Winger,150.0,Italy,1.76,None,left,2025.0
931567,Stiven Shpendi,Carrarese,22.0,Centre-Forward,1800.0,Albania,1.81,LIAN Sports Group,right,2025.0
672830,Leonardo Cerri,Carrarese,22.0,Centre-Forward,1000.0,Italy,1.98,Pietro Chiodi ...,both,2025.0
159883,Ernesto Torregrossa,Carrarese,32.0,Centre-Forward,400.0,Venezuela,1.84,None,left,2025.0
284604,Mattia Finotto,Carrarese,32.0,Centre-Forward,300.0,Italy,1.86,None,right,2026.0
300137,Marius Adamonis,Südtirol,28.0,Goalkeeper,800.0,Lithuania,1.91,None,right,2025.0
327326,Giacomo Poluzzi,Südtirol,37.0,Goalkeeper,300.0,Italy,1.86,None,left,2026.0
85240,Eugenio Lamanna,Südtirol,35.0,Goalkeeper,50.0,Italy,1.87,MVP United,right,2025.0
691235,Andrea Giorgini,Südtirol,23.0,Centre-Back,1200.0,Italy,1.9,GG11,right,2026.0
1039342,Raphael Kofler,Südtirol,20.0,Centre-Back,800.0,Italy,1.93,None,right,2028.0
457468,Nicola Pietrangeli,Südtirol,24.0,Centre-Back,300.0,Italy,1.91,None,right,2027.0
102745,Luca Ceppitelli,Südtirol,35.0,Centre-Back,300.0,Italy,1.86,BSP FOOTBALL AGENCY,both,2025.0
111433,Frédéric Veseli,Südtirol,32.0,Centre-Back,250.0,Albania,1.85,Gold and Foot,right,2026.0
34198,Andrea Masiello,Südtirol,39.0,Centre-Back,200.0,Italy,1.84,None,right,2025.0
1185019,Benedikt Rottensteiner,Südtirol,19.0,Centre-Back,100.0,Italy,1.86,Alberto Jimmy ...,right,2027.0
934272,Alessandro Vimercati,Südtirol,22.0,Centre-Back,50.0,Italy,1.92,None,left,2026.0
611197,Simone Davi,Südtirol,25.0,Left-Back,600.0,Italy,1.78,None,left,2027.0
241889,Antonio Barreca,Südtirol,30.0,Left-Back,300.0,Italy,1.8,MVP United,left,2025.0
395089,Hamza El Kaouakibi,Südtirol,27.0,Right-Back,250.0,Morocco,1.85,None,right,2026.0
679754,Niklas Pyyhtiä,Südtirol,21.0,Central Midfield,1000.0,Finland,1.88,None,left,2025.0
467994,Luca Belardinelli,Südtirol,24.0,Central Midfield,800.0,Italy,1.9,None,right,2025.0
331395,Fabian Tait,Südtirol,32.0,Central Midfield,500.0,Italy,1.86,None,right,2025.0
199070,Tommaso Arrigoni,Südtirol,31.0,Central Midfield,300.0,Italy,1.71,None,right,None
346560,Alessandro Mallamo,Südtirol,26.0,Central Midfield,300.0,Italy,1.74,None,right,None
163582,Salvatore Molina,Südtirol,33.0,Right Midfield,400.0,Italy,1.77,None,right,2025.0
612065,Karim Zedadka,Südtirol,24.0,Left Midfield,250.0,Algeria,1.84,P&P Sport ...,right,2027.0
199272,Daniele Casiraghi,Südtirol,32.0,Attacking Midfield,900.0,Italy,1.77,None,right,2026.0
374418,Mateusz Praszelik,Südtirol,24.0,Attacking Midfield,700.0,Poland,1.84,None,right,2025.0
392577,Matteo Rover,Südtirol,26.0,Second Striker,900.0,Italy,1.85,None,right,2026.0
315859,Gabriele Gori,Südtirol,26.0,Centre-Forward,500.0,Italy,1.87,P&P Sport ...,left,2025.0
460842,Silvio Merkaj,Südtirol,27.0,Centre-Forward,500.0,Albania,1.88,None,right,2026.0
307335,Raphael Odogwu,Südtirol,34.0,Centre-Forward,400.0,Italy,1.88,None,left,2025.0
421780,Edoardo Vergani,Südtirol,24.0,Centre-Forward,200.0,Italy,1.86,None,right,2025.0
257660,Marco Festa,Mantova,32.0,Goalkeeper,350.0,Italy,1.9,None,right,2026.0
814002,Luca Sonzogni,Mantova,20.0,Goalkeeper,150.0,Italy,1.85,None,right,2026.0
355791,Fabrizio Brignani,Mantova,27.0,Centre-Back,700.0,Italy,1.91,None,right,2028.0
538937,Stefano Cella,Mantova,24.0,Centre-Back,500.0,Italy,1.87,None,right,2027.0
136135,Matteo Solini,Mantova,32.0,Centre-Back,200.0,Italy,1.86,None,left,2026.0
56830,Sebastien De Maio,Mantova,38.0,Centre-Back,100.0,France,1.9,None,right,2025.0
480046,Simone Giordano,Mantova,23.0,Left-Back,1000.0,Italy,1.84,None,left,2025.0
211416,Erik Panizzi,Mantova,31.0,Left-Back,250.0,Italy,1.76,None,left,2026.0
497693,Tommaso Maggioni,Mantova,23.0,Right-Back,350.0,Italy,1.81,None,right,2025.0
627625,Nicolò Radaelli,Mantova,22.0,Right-Back,300.0,Italy,1.89,None,right,2027.0
41920,Salvatore Burrai,Mantova,37.0,Defensive Midfield,300.0,Italy,1.77,None,right,2026.0
497312,Federico Artioli,Mantova,23.0,Defensive Midfield,250.0,Italy,1.78,None,right,2027.0
562255,David Wieser,Mantova,23.0,Central Midfield,350.0,Italy,1.82,None,"
                            Jul 28, 2023                        ",2027.0
391057,Cristiano Bani,Mantova,26.0,Central Midfield,300.0,Italy,1.87,None,right,2026.0
235923,Mattia Muroni,Mantova,29.0,Central Midfield,300.0,Italy,1.76,None,right,2026.0
565162,Giacomo Fedel,Mantova,22.0,Central Midfield,200.0,Italy,1.71,None,right,2027.0
200188,Mattia Aramu,Mantova,30.0,Attacking Midfield,1000.0,Italy,1.8,None,left,2025.0
619494,Francesco Ruocco,Mantova,24.0,Attacking Midfield,450.0,Italy,1.7,None,right,2028.0
704680,Antonio Fiori,Mantova,22.0,Left Winger,550.0,Italy,1.8,None,right,2027.0
704335,Davide Bragantini,Mantova,21.0,Right Winger,800.0,Italy,1.79,None,left,2029.0
160344,Leonardo Mancuso,Mantova,32.0,Centre-Forward,500.0,Italy,1.82,None,right,2026.0
307334,Davis Mensah,Mantova,33.0,Centre-Forward,200.0,Italy,1.86,None,right,2026.0
167685,Alessandro Micai,Cosenza,31.0,Goalkeeper,400.0,Italy,1.86,None,right,2026.0
459102,Thomas Vettorel,Cosenza,24.0,Goalkeeper,200.0,Italy,1.9,None,right,2026.0
715616,Gabriele Baldi,Cosenza,20.0,Goalkeeper,150.0,Italy,1.96,None,right,2027.0
565241,Alessandro Lai,Cosenza,24.0,Goalkeeper,50.0,Italy,1.86,None,right,2025.0
441611,Michael Venturi,Cosenza,26.0,Centre-Back,650.0,Italy,1.93,None,right,2025.0
487829,Christian Dalle Mura,Cosenza,23.0,Centre-Back,600.0,Italy,1.85,None,left,2027.0
397115,Alessandro Caporale,Cosenza,29.0,Centre-Back,400.0,Italy,1.9,None,left,2026.0
394920,Filippo Sgarbi,Cosenza,27.0,Centre-Back,300.0,Italy,1.91,None,right,2025.0
415520,Andrea Hristov,Cosenza,26.0,Centre-Back,200.0,Bulgaria,1.92,None,both,2025.0
309746,Pietro Martino,Cosenza,27.0,Right-Back,350.0,Italy,1.78,None,right,2025.0
816006,Baldovino Cimino,Cosenza,21.0,Right-Back,300.0,Italy,1.84,None,right,2027.0
1082519,Charlys,Cosenza,21.0,Defensive Midfield,500.0,Brazil,1.88,None,right,2025.0
619326,Aldo Florenzi,Cosenza,23.0,Central Midfield,1000.0,Italy,1.68,None,right,2026.0
529885,Christian Kouan,Cosenza,25.0,Central Midfield,600.0,Cote d'Ivoire,1.78,None,right,2026.0
650224,Christos Kourfalidis,Cosenza,22.0,Central Midfield,600.0,Greece,1.78,None,right,2026.0
242469,Mario Gargiulo,Cosenza,29.0,Central Midfield,500.0,Italy,1.87,None,left,2026.0
411465,Andrea Rizzo Pinna,Cosenza,25.0,Central Midfield,450.0,Italy,1.72,None,right,2027.0
457672,Manuel Ricciardi,Cosenza,25.0,Right Midfield,350.0,Italy,1.84,None,right,2026.0
261056,Giacomo Ricci,Cosenza,28.0,Left Midfield,400.0,Italy,1.8,None,left,2026.0
331199,Tommaso D'Orazio,Cosenza,35.0,Left Midfield,250.0,Italy,1.85,None,left,2025.0
205677,Luca Garritano,Cosenza,31.0,Attacking Midfield,500.0,Italy,1.72,None,right,2026.0
1065999,Gianmarco Begheldo,Cosenza,22.0,Attacking Midfield,100.0,Italy,1.83,None,right,2027.0
628558,Riccardo Ciervo,Cosenza,23.0,Left Winger,1000.0,Italy,1.9,None,right,2025.0
691678,Tommaso Fumagalli,Cosenza,25.0,Centre-Forward,500.0,Italy,1.85,None,right,2025.0
337809,Simone Mazzocchi,Cosenza,26.0,Centre-Forward,500.0,Italy,1.82,None,right,None
748316,Juan Manuel Cruz,Cosenza,25.0,Centre-Forward,400.0,Argentina,1.85,None,right,2025.0
539582,Massimo Zilli,Cosenza,22.0,Centre-Forward,400.0,Italy,1.94,None,left,2025.0
821125,Jahce Novello,Cosenza,21.0,Centre-Forward,50.0,Australia,1.86,MVP United,left,None
258608,Elhan Kastrati,Cittadella,28.0,Goalkeeper,750.0,Albania,1.89,YOU FIRST,right,2026.0
176182,Luca Maniero,Cittadella,29.0,Goalkeeper,300.0,Italy,1.89,None,right,None
421764,Matteo Cardinali,Cittadella,23.0,Goalkeeper,200.0,Italy,1.9,YOU FIRST,right,2026.0
954016,Edoardo Scquizzato,Cittadella,18.0,Goalkeeper,50.0,Italy,1.8,None,"
                            Jul 1, 2024                        ",None
621122,Matteo Angeli,Cittadella,22.0,Centre-Back,500.0,Italy,1.85,None,right,2026.0
167480,Nicola Pavan,Cittadella,31.0,Centre-Back,500.0,Italy,1.86,None,right,None
602607,Stefano Piccinini,Cittadella,22.0,Centre-Back,250.0,Italy,1.86,None,right,None
395527,Emmanuele Matino,Cittadella,26.0,Centre-Back,200.0,Italy,1.86,None,right,2025.0
238947,Elio Capradossi,Cittadella,29.0,Centre-Back,200.0,Uganda,1.85,None,both,2025.0
249046,Stefano Negro,Cittadella,29.0,Centre-Back,150.0,Italy,1.93,None,right,None
704191,Andrea Cecchetto,Cittadella,22.0,Centre-Back,50.0,Italy,1.8,None,right,None
286293,Edoardo Masciangelo,Cittadella,28.0,Left-Back,300.0,Italy,1.77,GG11,left,None
641553,Alessio Rizza,Cittadella,22.0,Left-Back,200.0,Italy,1.75,None,left,None
381794,Lorenzo Carissoni,Cittadella,28.0,Right-Back,600.0,Italy,1.8,None,right,2025.0
150462,Alessandro Salvi,Cittadella,36.0,Right-Back,200.0,Italy,1.83,None,right,None
659649,Federico Casolari,Cittadella,22.0,Defensive Midfield,400.0,Italy,1.77,Excellence Sport,right,2027.0
536342,Francesco Amatucci,Cittadella,23.0,Central Midfield,900.0,Italy,1.82,None,right,None
163606,Alessio Vita,Cittadella,32.0,Central Midfield,500.0,Italy,1.78,None,right,None
723614,Francesco D'Alessio,Cittadella,21.0,Central Midfield,500.0,Italy,1.82,None,right,2027.0
393605,Andrea Tessiore,Cittadella,25.0,Central Midfield,250.0,Italy,1.77,YOU FIRST,right,2026.0
685509,Simone Tronchin,Cittadella,22.0,Central Midfield,150.0,Italy,1.85,None,right,2027.0
285913,Riccardo Palmieri,Cittadella,29.0,Central Midfield,100.0,Italy,1.82,None,left,None
199947,Davide Voltan,Cittadella,30.0,Attacking Midfield,100.0,Italy,1.77,None,right,None
610878,Jacopo Desogus,Cittadella,22.0,Left Winger,250.0,Italy,1.74,None,right,2026.0
401935,Orji Okwonkwo,Cittadella,27.0,Right Winger,250.0,Nigeria,1.8,None,right,2025.0
827997,Ahmed Sanogo,Cittadella,20.0,Second Striker,50.0,Italy,1.8,None,right,None
438021,Luca Pandolfi,Cittadella,27.0,Centre-Forward,500.0,Italy,1.86,None,right,None
482792,Simone Rabbi,Cittadella,23.0,Centre-Forward,250.0,Italy,1.77,None,right,None
315858,Gianluigi Donnarumma,Paris SG,26.0,Goalkeeper,35000.0,Italy,1.96,Team Raiola,right,2026.0
318470,Matvey Safonov,Paris SG,26.0,Goalkeeper,22000.0,Russia,1.92,None,right,2029.0
466783,Arnau Tenas,Paris SG,23.0,Goalkeeper,4000.0,Spain,1.85,None,right,2026.0
661171,Willian Pacho,Paris SG,23.0,Centre-Back,45000.0,Ecuador,1.87,None,left,2029.0
181767,Marquinhos,Paris SG,31.0,Centre-Back,40000.0,Brazil,1.83,Bertolucci Sports,right,2028.0
872171,Lucas Beraldo,Paris SG,21.0,Centre-Back,25000.0,Brazil,1.86,None,left,2028.0
282041,Presnel Kimpembe,Paris SG,29.0,Centre-Back,8000.0,France,1.83,None,left,2026.0
616341,Nuno Mendes,Paris SG,22.0,Left-Back,55000.0,Portugal,1.8,AS1,left,2029.0
281963,Lucas Hernández,Paris SG,29.0,Left-Back,30000.0,France,1.84,None,left,2028.0
398073,Achraf Hakimi,Paris SG,26.0,Right-Back,65000.0,Morocco,1.81,Footfeel ISM,right,2029.0
1047097,Yoram Zague,Paris SG,19.0,Right-Back,2500.0,France,1.68,VV Consulting,right,2028.0
670681,João Neves,Paris SG,20.0,Defensive Midfield,65000.0,Portugal,1.74,Gestifute,right,2029.0
487469,Vitinha,Paris SG,25.0,Central Midfield,60000.0,Portugal,1.72,Gestifute,right,2029.0
810092,Warren Zaïre-Emery,Paris SG,19.0,Central Midfield,60000.0,France,1.78,Gestifute,right,2029.0
350219,Fabián Ruiz,Paris SG,29.0,Central Midfield,35000.0,Spain,1.89,YOU FIRST,left,2027.0
903693,Senny Mayulu,Paris SG,19.0,Central Midfield,10000.0,France,1.83,None,both,2027.0
502670,Khvicha Kvaratskhelia,Paris SG,24.0,Left Winger,80000.0,Georgia,1.83,None,both,2029.0
708265,Bradley Barcola,Paris SG,22.0,Left Winger,70000.0,France,1.82,Gestifute,right,2028.0
288230,Ousmane Dembélé,Paris SG,28.0,Right Winger,75000.0,France,1.78,None,both,2028.0
914562,Désiré Doué,Paris SG,19.0,Right Winger,60000.0,France,1.81,None,right,2029.0
557149,Kang-in Lee,Paris SG,24.0,Right Winger,30000.0,"Korea, South",1.74,None,left,2028.0
550550,Gonçalo Ramos,Paris SG,23.0,Centre-Forward,45000.0,Portugal,1.85,Gestifute,right,2028.0
346546,Radoslaw Majecki,Monaco,25.0,Goalkeeper,7000.0,Poland,1.93,ROOF,right,2028.0
251322,Philipp Köhn,Monaco,27.0,Goalkeeper,4000.0,Switzerland,1.9,None,right,2028.0
745341,Yann Lienard,Monaco,22.0,Goalkeeper,200.0,France,1.94,None,right,2027.0
648779,Wilfried Singo,Monaco,24.0,Centre-Back,25000.0,Cote d'Ivoire,1.9,None,right,2028.0
228948,Thilo Kehrer,Monaco,28.0,Centre-Back,15000.0,Germany,1.86,None,both,2028.0
563963,Mohammed Salisu,Monaco,26.0,Centre-Back,15000.0,Ghana,1.88,CAA Stellar,left,2028.0
1005240,Christian Mawissa,Monaco,20.0,Centre-Back,12000.0,France,1.84,Classico,left,2029.0
420064,Caio Henrique,Monaco,27.0,Left-Back,15000.0,Brazil,1.78,Bertolucci Sports,left,2027.0
947360,Kassoum Ouattara,Monaco,20.0,Left-Back,8000.0,France,1.76,None,left,2028.0
789082,Vanderson,Monaco,23.0,Right-Back,20000.0,Brazil,1.73,Bertolucci Sports,right,2028.0
364245,Jordan Teze,Monaco,25.0,Right-Back,12000.0,Netherlands,1.83,HCM Sports ...,right,2029.0
334526,Denis Zakaria,Monaco,28.0,Defensive Midfield,30000.0,Switzerland,1.9,HCM Sports ...,right,2028.0
745181,Soungoutou Magassa,Monaco,21.0,Defensive Midfield,12000.0,France,1.9,None,right,2029.0
377641,Moatasem Al-Musrati,Monaco,29.0,Defensive Midfield,10000.0,Libya,1.89,Proeleven S.A.,right,2025.0
918969,Lamine Camara,Monaco,21.0,Central Midfield,20000.0,Senegal,1.73,Wasserman,right,2029.0
745178,Edan Diop,Monaco,20.0,Central Midfield,1500.0,France,1.73,None,right,2028.0
263918,Aleksandr Golovin,Monaco,28.0,Attacking Midfield,25000.0,Russia,1.78,None,right,2029.0
810895,Eliesse Ben Seghir,Monaco,20.0,Left Winger,30000.0,Morocco,1.78,None,right,2027.0
165793,Takumi Minamino,Monaco,30.0,Left Winger,15000.0,Japan,1.72,None,right,2027.0
745200,Maghnes Akliouche,Monaco,23.0,Right Winger,40000.0,France,1.83,HCM Sports ...,left,2028.0
490426,Krépin Diatta,Monaco,26.0,Right Winger,10000.0,Senegal,1.75,Wasserman,right,2026.0
565821,Mika Biereth,Monaco,22.0,Centre-Forward,25000.0,Denmark,1.87,ROOF,right,2029.0
503770,Folarin Balogun,Monaco,23.0,Centre-Forward,20000.0,United States,1.78,None,right,2028.0
1004834,George Ilenikhena,Monaco,18.0,Centre-Forward,15000.0,Nigeria,1.85,None,left,2029.0
237662,Breel Embolo,Monaco,28.0,Centre-Forward,12000.0,Switzerland,1.87,SEG,right,2026.0
463600,Lucas Chevalier,LOSC Lille,23.0,Goalkeeper,30000.0,France,1.89,None,right,2027.0
33781,Vito Mannone,LOSC Lille,37.0,Goalkeeper,200.0,Italy,1.88,None,right,2025.0
205465,Marc-Aurèle Caillard,LOSC Lille,31.0,Goalkeeper,150.0,France,1.92,None,right,2025.0
463605,Bafodé Diakité,LOSC Lille,24.0,Centre-Back,25000.0,France,1.84,Classico,right,2028.0
648020,Alexsandro,LOSC Lille,25.0,Centre-Back,15000.0,Brazil,1.91,Roc Nation Sports,both,2028.0
126540,Samuel Umtiti,LOSC Lille,31.0,Centre-Back,2000.0,France,1.82,AC Talent,left,2025.0
80293,Aïssa Mandi,LOSC Lille,33.0,Centre-Back,1500.0,Algeria,1.86,Wasserman,right,2026.0
362108,Gabriel Gudmundsson,LOSC Lille,26.0,Left-Back,9000.0,Sweden,1.8,None,left,2026.0
361065,Mitchel Bakker,LOSC Lille,24.0,Left-Back,7000.0,Netherlands,1.89,Team Raiola,left,2025.0
124028,Ismaily,LOSC Lille,35.0,Left-Back,1500.0,Brazil,1.77,None,left,2025.0
816580,Tiago Santos,LOSC Lille,22.0,Right-Back,15000.0,Portugal,1.75,Gestifute,right,2029.0
1016015,Ngal'ayel Mukau,LOSC Lille,20.0,Defensive Midfield,15000.0,DR Congo,1.86,None,left,2028.0
245537,Nabil Bentaleb,LOSC Lille,30.0,Defensive Midfield,8000.0,Algeria,1.87,None,left,2026.0
84301,Benjamin André,LOSC Lille,34.0,Defensive Midfield,6000.0,France,1.8,None,right,2026.0
1097139,Ayyoub Bouaddi,LOSC Lille,17.0,Central Midfield,30000.0,France,1.86,None,right,2027.0
221025,André Gomes,LOSC Lille,31.0,Central Midfield,8000.0,Portugal,1.9,Wasserman,right,2026.0
903666,Ethan Mbappé,LOSC Lille,18.0,Central Midfield,5000.0,France,1.8,None,left,2027.0
392770,Angel Gomes,LOSC Lille,24.0,Attacking Midfield,20000.0,England,1.66,ROOF,right,2025.0
652275,Hákon Arnar Haraldsson,LOSC Lille,22.0,Attacking Midfield,15000.0,Iceland,1.78,CAA Stellar,right,2028.0
113707,Rémy Cabella,LOSC Lille,35.0,Attacking Midfield,3000.0,France,1.72,None,right,2025.0
580657,Osame Sahraoui,LOSC Lille,23.0,Left Winger,12000.0,Morocco,1.7,None,right,2029.0
496857,Edon Zhegrova,LOSC Lille,26.0,Right Winger,25000.0,Kosovo,1.8,HCM Sports ...,left,2026.0
533738,Jonathan David,LOSC Lille,25.0,Centre-Forward,45000.0,Canada,1.78,Axia Sports ...,both,2025.0
724129,Matías Fernández-Pardo,LOSC Lille,20.0,Centre-Forward,10000.0,Spain,1.88,None,right,2029.0
197642,Chuba Akpom,LOSC Lille,29.0,Centre-Forward,8000.0,England,1.83,None,right,2025.0
229604,Gerónimo Rulli,Marseille,33.0,Goalkeeper,8000.0,Argentina,1.89,CAA Stellar,right,2027.0
315253,Jeffrey de Lange,Marseille,27.0,Goalkeeper,2500.0,Netherlands,1.9,GFM,right,2027.0
199321,Rubén Blanco,Marseille,29.0,Goalkeeper,1500.0,Spain,1.88,None,right,2026.0
727086,Jelle Van Neck,Marseille B,21.0,Goalkeeper,100.0,Belgium,1.91,None,right,2027.0
575998,Leonardo Balerdi,Marseille,26.0,Centre-Back,20000.0,Argentina,1.87,SP,right,2028.0
457931,Luiz Felipe,Marseille,28.0,Centre-Back,6000.0,Italy,1.87,AIS Football,right,2026.0
328609,Derek Cornelius,Marseille,27.0,Centre-Back,5000.0,Canada,1.87,Axia Sports ...,left,2028.0
203348,Chancel Mbemba,Marseille,30.0,Centre-Back,3000.0,DR Congo,1.82,None,right,2025.0
557613,Quentin Merlin,Marseille,23.0,Left-Back,12000.0,France,1.74,One Team Football,left,2028.0
192616,Ulisses Garcia,Marseille,29.0,Left-Back,4000.0,Switzerland,1.82,ONEANDTEN,left,2028.0
519184,Amar Dedic,Marseille,22.0,Right-Back,15000.0,Bosnia-Herzegovina,1.8,LIAN Sports Group,right,None
354482,Amir Murillo,Marseille,29.0,Right-Back,9000.0,Panama,1.84,SEG,right,2028.0
298975,Pol Lirola,Marseille,27.0,Right-Back,4000.0,Spain,1.83,Universal Twenty Two,right,2026.0
167799,Pierre-Emile Højbjerg,Marseille,29.0,Defensive Midfield,20000.0,Denmark,1.85,None,right,2025.0
351816,Ismaël Bennacer,Marseille,27.0,Defensive Midfield,15000.0,Algeria,1.75,None,left,2025.0
127189,Geoffrey Kondogbia,Marseille,32.0,Defensive Midfield,8000.0,Central African Republic,1.88,Sport Cover,left,2027.0
182913,Adrien Rabiot,Marseille,30.0,Central Midfield,25000.0,France,1.91,None,left,2026.0
332889,Valentin Rongier,Marseille,30.0,Central Midfield,9000.0,France,1.72,None,right,2026.0
659520,Bilal Nadir,Marseille,21.0,Central Midfield,5000.0,Morocco,1.79,None,left,2026.0
372711,Amine Harit,Marseille,27.0,Attacking Midfield,10000.0,Morocco,1.8,Sport Cover,right,2027.0
1170286,Darryl Bakola,Marseille,17.0,Attacking Midfield,200.0,France,1.78,None,right,2027.0
672381,Jonathan Rowe,Marseille,22.0,Left Winger,12000.0,England,1.73,Unique Sports Group,right,2025.0
532826,Mason Greenwood,Marseille,23.0,Right Winger,35000.0,England,1.81,None,both,2029.0
691316,Luis Henrique,Marseille,23.0,Right Winger,18000.0,Brazil,1.81,Roc Nation Sports,right,2028.0
418659,Amine Gouiri,Marseille,25.0,Centre-Forward,20000.0,Algeria,1.81,HCM Sports ...,right,2029.0
217115,Neal Maupay,Marseille,28.0,Centre-Forward,10000.0,France,1.71,None,right,2025.0
599663,Faris Moumbagna,Marseille,24.0,Centre-Forward,8000.0,Cameroon,1.85,Aneke/PMG,left,2028.0
352041,Lucas Perri,Olympique Lyon,27.0,Goalkeeper,10000.0,Brazil,1.97,LEFT Sports,right,2028.0
282028,Rémy Descamps,Olympique Lyon,28.0,Goalkeeper,1500.0,France,1.96,None,left,2027.0
1071430,Lassine Diarra,Olymp. Lyon B,22.0,Goalkeeper,25.0,Mali,1.9,None,right,2027.0
291200,Moussa Niakhaté,Olympique Lyon,29.0,Centre-Back,15000.0,Senegal,1.9,CAA Stellar,left,2028.0
238266,Duje Caleta-Car,Olympique Lyon,28.0,Centre-Back,8000.0,Croatia,1.93,ROOF,right,2027.0
711996,Warmed Omari,Olympique Lyon,25.0,Centre-Back,4000.0,Comoros,1.88,None,right,2025.0
646402,Abner,Olympique Lyon,24.0,Left-Back,9000.0,Brazil,1.81,ADM Esporte,left,2029.0
131225,Nicolás Tagliafico,Olympique Lyon,32.0,Left-Back,7000.0,Argentina,1.71,CAA Stellar,left,2025.0
285845,Ainsley Maitland-Niles,Olympique Lyon,27.0,Right-Back,10000.0,England,1.8,Tier One,right,2027.0
951579,Saël Kumbedi,Olympique Lyon,20.0,Right-Back,6000.0,France,1.75,None,right,2027.0
187718,Clinton Mata,Olympique Lyon,32.0,Right-Back,4000.0,Angola,1.8,None,right,2026.0
670096,Tanner Tessmann,Olympique Lyon,23.0,Defensive Midfield,6000.0,United States,1.88,None,right,2029.0
74683,Nemanja Matic,Olympique Lyon,36.0,Defensive Midfield,2500.0,Serbia,1.94,Universal Twenty Two,left,2026.0
429901,Paul Akouokou,Olympique Lyon,27.0,Defensive Midfield,800.0,Cote d'Ivoire,1.81,None,right,2027.0
190393,Corentin Tolisso,Olympique Lyon,30.0,Central Midfield,10000.0,France,1.81,None,right,2027.0
164771,Jordan Veretout,Olympique Lyon,32.0,Central Midfield,5000.0,France,1.77,VV Consulting,right,2026.0
576028,Thiago Almada,Olympique Lyon,24.0,Attacking Midfield,25000.0,Argentina,1.71,None,right,2025.0
607223,Rayan Cherki,Olympique Lyon,21.0,Right Winger,35000.0,France,1.77,None,both,2026.0
955070,Ernest Nuamah,Olympique Lyon,21.0,Right Winger,15000.0,Ghana,1.78,ROOF,left,2028.0
729814,Georges Mikautadze,Olympique Lyon,24.0,Centre-Forward,20000.0,Georgia,1.76,VV Consulting,right,2028.0
93720,Alexandre Lacazette,Olympique Lyon,33.0,Centre-Forward,8000.0,France,1.75,None,right,2025.0
465555,Djordje Petrovic,R. Strasbourg,25.0,Goalkeeper,18000.0,Serbia,1.9,Unique Sports Group,right,2025.0
667991,Alaa Bellaarouch,R. Strasbourg,23.0,Goalkeeper,500.0,Morocco,1.89,None,right,2027.0
112822,Karl-Johan Johnsson,R. Strasbourg,35.0,Goalkeeper,400.0,Sweden,1.88,None,right,2026.0
910905,Mamadou Sarr,R. Strasbourg,19.0,Centre-Back,15000.0,France,1.94,Classico,right,2029.0
786436,Ismaël Doukouré,R. Strasbourg,21.0,Centre-Back,15000.0,France,1.83,None,right,2026.0
962555,Abakar Sylla,R. Strasbourg,22.0,Centre-Back,12000.0,Cote d'Ivoire,1.88,Epic Sylla,left,2028.0
621993,Andrew Omobamidele,R. Strasbourg,22.0,Centre-Back,10000.0,Ireland,1.88,None,right,2025.0
988272,Yoni Gomis,R. Strasbourg,19.0,Centre-Back,1000.0,France,1.86,None,left,2029.0
206717,Eduard Sobol,R. Strasbourg,30.0,Left-Back,1200.0,Ukraine,1.86,ProStar,left,2026.0
170961,Thomas Delaine,R. Strasbourg,33.0,Left-Back,800.0,France,1.8,None,left,2025.0
711980,Guéla Doué,R. Strasbourg,22.0,Right-Back,12000.0,Cote d'Ivoire,1.87,None,right,2029.0
743600,Andrey Santos,R. Strasbourg,21.0,Central Midfield,25000.0,Brazil,1.8,Bertolucci Sports,right,2025.0
876631,Habib Diarra,R. Strasbourg,21.0,Central Midfield,20000.0,Senegal,1.78,Carmenta,right,2028.0
849410,Valentín Barco,R. Strasbourg,20.0,Central Midfield,8000.0,Argentina,1.7,None,left,2025.0
579928,Sebastian Nanasi,R. Strasbourg,23.0,Left Midfield,15000.0,Sweden,1.78,HCM Sports ...,right,2029.0
655006,Diego Moreira,R. Strasbourg,20.0,Left Midfield,10000.0,Belgium,1.79,Gestifute,left,2029.0
659518,Félix Lemaréchal,R. Strasbourg,21.0,Attacking Midfield,7000.0,France,1.8,None,right,2029.0
1015624,Óscar Perea,R. Strasbourg,19.0,Left Winger,2500.0,Colombia,1.74,CANTERA LATINA / ...,right,2029.0
540664,Dilane Bakwa,R. Strasbourg,22.0,Right Winger,18000.0,France,1.8,Sport Cover,left,2027.0
933900,Samuel Amo-Ameyaw,R. Strasbourg,18.0,Right Winger,2000.0,England,1.74,Two Touch Agency,left,2025.0
991487,Abdoul Ouattara,R. Strasbourg,19.0,Right Winger,800.0,Cote d'Ivoire,1.8,ROGON,"
                            Jan 1, 2025                        ",2029.0
559328,Emanuel Emegha,R. Strasbourg,22.0,Centre-Forward,20000.0,Netherlands,1.96,Team Emegha,right,2028.0
557612,Sékou Mara,R. Strasbourg,22.0,Centre-Forward,6000.0,France,1.83,BS Group - BS Law,right,2029.0
880330,Moïse Sahi Dion,R. Strasbourg,23.0,Centre-Forward,1500.0,Cote d'Ivoire,1.75,Epic Dion,left,2026.0
465955,Marcin Bulka,OGC Nice,25.0,Goalkeeper,20000.0,Poland,1.99,None,right,2026.0
127188,Maxime Dupé,OGC Nice,32.0,Goalkeeper,1200.0,France,1.88,SVF FOOT,right,2026.0
789419,Teddy Boulhendi,OGC Nice,24.0,Goalkeeper,100.0,Algeria,1.85,None,"
                            Jul 1, 2020                        ",2025.0
674612,Youssouf Ndayishimiye,OGC Nice,26.0,Centre-Back,12000.0,Burundi,1.83,FutureBall,right,2027.0
1089202,Moïse Bombito,OGC Nice,25.0,Centre-Back,10000.0,Canada,1.9,Axia Sports ...,right,2028.0
16136,Dante,OGC Nice,41.0,Centre-Back,500.0,Brazil,1.88,None,left,2026.0
1075574,Amidou Doumbouya,OGC Nice,17.0,Centre-Back,300.0,France,1.82,None,left,2026.0
532775,Melvin Bard,OGC Nice,24.0,Left-Back,12000.0,France,1.73,CAA Stellar,left,2028.0
211474,Ali Abdi,OGC Nice,31.0,Left-Back,3000.0,Tunisia,1.83,Scuderia,left,2027.0
984699,Yaël Nandjou,OGC Nice,19.0,Left-Back,150.0,France,1.85,Darren Dein,left,2025.0
175639,Jonathan Clauss,OGC Nice,32.0,Right-Back,6000.0,France,1.78,UTOPIA,right,2026.0
891998,Antoine Mendy,OGC Nice,20.0,Right-Back,3000.0,Senegal,1.87,Wasserman,right,2028.0
370791,Pablo Rosario,OGC Nice,28.0,Defensive Midfield,8000.0,Dominican Republic,1.85,Team Raiola,right,2026.0
285323,Baptiste Santamaria,OGC Nice,30.0,Defensive Midfield,7000.0,France,1.83,Scuderia,right,2025.0
560593,Hicham Boudaoui,OGC Nice,25.0,Central Midfield,10000.0,Algeria,1.75,None,right,2027.0
450936,Tanguy Ndombélé,OGC Nice,28.0,Central Midfield,10000.0,France,1.81,None,right,2026.0
174094,Morgan Sanson,OGC Nice,30.0,Central Midfield,5000.0,France,1.8,None,right,2027.0
750904,Tom Louchet,OGC Nice,22.0,Right Midfield,3000.0,France,1.78,None,both,2027.0
216569,Jérémie Boga,OGC Nice,28.0,Left Winger,12000.0,Cote d'Ivoire,1.72,LIAN Sports Group,right,2027.0
569389,Sofiane Diop,OGC Nice,24.0,Left Winger,12000.0,Morocco,1.75,None,right,2027.0
670847,Mohamed-Ali Cho,OGC Nice,21.0,Right Winger,15000.0,France,1.82,Sparka Management,left,2028.0
707242,Badredine Bouanani,OGC Nice,20.0,Right Winger,5000.0,Algeria,1.77,Classico,left,2029.0
500689,Evann Guessand,OGC Nice,23.0,Centre-Forward,25000.0,Cote d'Ivoire,1.88,None,right,2028.0
538874,Terem Moffi,OGC Nice,25.0,Centre-Forward,15000.0,Nigeria,1.88,None,left,2027.0
467720,Youssoufa Moukoko,OGC Nice,20.0,Centre-Forward,10000.0,Germany,1.79,Wasserman,left,2025.0
181378,Gaëtan Laborde,OGC Nice,31.0,Centre-Forward,6000.0,France,1.81,None,left,2026.0
1231401,Victor Orakpo,OGC Nice,19.0,Centre-Forward,500.0,Nigeria,1.94,None,"
                            Jul 1, 2024                        ",2028.0
191056,Brice Samba,Stade Rennais,31.0,Goalkeeper,15000.0,France,1.87,Sport Cover,left,2029.0
576033,Doğan Alemdar,Stade Rennais,22.0,Goalkeeper,2000.0,Türkiye,1.92,FutureBall,right,2027.0
193256,Gauthier Gallon,Stade Rennais,32.0,Goalkeeper,1000.0,France,1.87,Kemari,right,2027.0
23951,Steve Mandanda,Stade Rennais,40.0,Goalkeeper,700.0,France,1.87,None,right,2025.0
72414,Geoffrey Lembet,Stade Rennais,36.0,Goalkeeper,150.0,Central African Republic,1.86,None,left,2025.0
485960,Lilian Brassier,Stade Rennais,25.0,Centre-Back,10000.0,France,1.86,HD,left,2029.0
690799,Anthony Rouault,Stade Rennais,23.0,Centre-Back,10000.0,France,1.86,One Team Football,right,2029.0
798404,Alidu Seidu,Stade Rennais,24.0,Centre-Back,9000.0,Ghana,1.73,None,right,2029.0
666974,Mikayil Faye,Stade Rennais,20.0,Centre-Back,8000.0,Senegal,1.83,Niagara Sports ...,left,2028.0
572326,Christopher Wooh,Stade Rennais,23.0,Centre-Back,7000.0,Cameroon,1.91,Sport Cover,right,2026.0
1004301,Jérémy Jacquet,Stade Rennais,19.0,Centre-Back,5000.0,France,1.9,One Team Football,right,2027.0
654539,Adrien Truffert,Stade Rennais,23.0,Left-Back,15000.0,France,1.76,CAA Stellar,left,2026.0
1176345,Mahamadou Nagida,Stade Rennais,19.0,Left-Back,1000.0,Cameroon,1.76,None,left,2028.0
711969,Lorenz Assignon,Stade Rennais,24.0,Right-Back,9000.0,France,1.81,None,right,2028.0
275303,Hans Hateboer,Stade Rennais,31.0,Right-Back,3000.0,Netherlands,1.87,SEG,right,2026.0
315145,Azor Matusiwa,Stade Rennais,27.0,Defensive Midfield,10000.0,Netherlands,1.73,None,right,2028.0
182893,Seko Fofana,Stade Rennais,30.0,Central Midfield,12000.0,Cote d'Ivoire,1.85,Sport Cover,right,2029.0
921655,Ismaël Koné,Stade Rennais,22.0,Central Midfield,10000.0,Canada,1.88,Axia Sports ...,right,2025.0
667517,Jordan James,Stade Rennais,20.0,Central Midfield,8000.0,Wales,1.82,Unique Sports Group,right,2028.0
538971,Naouirou Ahamada,Stade Rennais,23.0,Central Midfield,5000.0,France,1.83,None,right,2025.0
931160,Djaoui Cissé,Stade Rennais,21.0,Central Midfield,5000.0,France,1.88,None,right,2029.0
977877,Ayanda Sishuba,Stade Rennais,20.0,Attacking Midfield,2000.0,Belgium,1.69,None,right,2029.0
565406,Kazeem Olaigbe,Stade Rennais,22.0,Left Winger,4000.0,Belgium,1.78,None,right,2029.0
288225,Ludovic Blas,Stade Rennais,27.0,Right Winger,18000.0,France,1.8,Sport Cover,left,2027.0
551505,Mousa Tamari,Stade Rennais,27.0,Right Winger,6000.0,Jordan,1.78,None,left,2028.0
957461,Carlos Andrés Gómez,Stade Rennais,22.0,Right Winger,5000.0,Colombia,1.71,Wasserman,right,2029.0
585959,Arnaud Kalimuendo,Stade Rennais,23.0,Centre-Forward,20000.0,France,1.75,None,right,2027.0
489463,Kyogo Furuhashi,Stade Rennais,30.0,Centre-Forward,12000.0,Japan,1.7,None,right,2027.0
910192,Wilson Samaké,Stade Rennais,21.0,Centre-Forward,150.0,Mali,1.82,None,right,2026.0
128969,Mathew Ryan,Lens,33.0,Goalkeeper,2500.0,Australia,1.84,None,right,2025.0
415383,Hervé Koffi,Lens,28.0,Goalkeeper,1500.0,Burkina Faso,1.86,None,right,2028.0
28356,Denis Petric,Lens,36.0,Goalkeeper,100.0,Slovenia,1.86,None,right,2025.0
474800,Facundo Medina,Lens,25.0,Centre-Back,25000.0,Argentina,1.84,None,left,2028.0
344596,Malang Sarr,Lens,26.0,Centre-Back,5000.0,France,1.83,None,left,2026.0
126557,Jonathan Gradit,Lens,32.0,Centre-Back,4000.0,France,1.8,None,right,2028.0
1121298,Juma Bah,Lens,19.0,Centre-Back,4000.0,Sierra Leone,1.95,None,right,2025.0
819566,Nidal Celik,Lens,18.0,Centre-Back,1800.0,Bosnia-Herzegovina,1.92,None,right,2029.0
713787,Jhoanner Chávez,Lens,23.0,Left-Back,4000.0,Ecuador,1.82,None,left,2028.0
332560,Deiver Machado,Lens,31.0,Left-Back,3500.0,Colombia,1.8,Wasserman,left,2026.0
203746,Ruben Aguilar,Lens,32.0,Right-Back,4000.0,France,1.72,One Team Football,right,2028.0
718312,Hamzat Ojediran,Lens,21.0,Defensive Midfield,2000.0,Nigeria,1.79,DUKASO SPORTS,right,2028.0
111051,Nampalys Mendy,Lens,32.0,Defensive Midfield,2000.0,Senegal,1.68,None,right,2025.0
917817,Tom Pouilly,Lens,21.0,Defensive Midfield,100.0,France,1.8,HD,right,2027.0
711976,Andy Diouf,Lens,22.0,Central Midfield,10000.0,France,1.87,None,left,2028.0
901019,Neil El Aynaoui,Lens,23.0,Central Midfield,10000.0,Morocco,1.85,None,right,2027.0
491296,Anass Zaroury,Lens,24.0,Attacking Midfield,8000.0,Morocco,1.76,SBB Global,right,2028.0
250013,Angelo Fulgini,Lens,28.0,Attacking Midfield,6000.0,France,1.82,None,right,2027.0
215977,Adrien Thomasson,Lens,31.0,Attacking Midfield,5000.0,France,1.75,One Team Football,right,2026.0
1057820,Jeremy Agbonifo,Lens,19.0,Right Winger,5000.0,Sweden,1.78,MANGMT,left,2025.0
354814,M'Bala Nzola,Lens,28.0,Centre-Forward,8000.0,Angola,1.85,None,left,2025.0
640109,Martín Satriano,Lens,24.0,Centre-Forward,5000.0,Uruguay,1.87,All Iron Sports,right,2025.0
182916,Wesley Saïd,Lens,30.0,Centre-Forward,3500.0,France,1.71,Wasserman,right,2026.0
354726,Florian Sotoca,Lens,34.0,Centre-Forward,2500.0,France,1.87,One Team Football,right,2026.0
917778,Rémy Labeau Lascary,Lens,22.0,Centre-Forward,2500.0,Guadeloupe,1.84,FAIR SPORT MNG,right,2028.0
525140,Goduine Koyalipou,Lens,25.0,Centre-Forward,1800.0,Central African Republic,1.84,Wasserman,right,2028.0
124884,Marco Bizot,Stade Brestois,34.0,Goalkeeper,3500.0,Netherlands,1.93,Key United,right,2026.0
525155,Grégoire Coudert,Stade Brestois,26.0,Goalkeeper,400.0,France,1.92,None,left,2027.0
659513,Soumaïla Coulibaly,Stade Brestois,21.0,Centre-Back,9000.0,France,1.91,Epic Coulibaly,left,2025.0
250779,Brendan Chardonnet,Stade Brestois,30.0,Centre-Back,6000.0,France,1.81,None,right,2027.0
673514,Abdoulaye Ndiaye,Stade Brestois,23.0,Centre-Back,3000.0,Senegal,1.95,None,left,2025.0
794349,Julien Le Cardinal,Stade Brestois,27.0,Centre-Back,1500.0,France,1.84,Soccer Connect,right,2027.0
805908,Bradley Locko,Stade Brestois,23.0,Left-Back,9000.0,France,1.8,None,left,2027.0
241229,Jordan Amavi,Stade Brestois,31.0,Left-Back,2000.0,France,1.76,Classico,left,2025.0
170929,Massadio Haidara,Stade Brestois,32.0,Left-Back,1800.0,Mali,1.79,HD,left,2025.0
1030153,Justin Bourgault,Stade Brestois,19.0,Left-Back,300.0,France,1.85,None,left,2029.0
1144999,Luck Zogbé,Stade Brestois,20.0,Right-Back,3000.0,Cote d'Ivoire,1.78,Epic Zogbe,right,2027.0
174196,Kenny Lala,Stade Brestois,33.0,Right-Back,2500.0,France,1.78,S.O.M FOOTBALL,right,2027.0
377393,Pierre Lees-Melou,Stade Brestois,31.0,Defensive Midfield,7000.0,France,1.85,None,right,2027.0
247555,Edimilson Fernandes,Stade Brestois,29.0,Defensive Midfield,3500.0,Switzerland,1.87,Wasserman,right,2025.0
127142,Jonas Martin,Stade Brestois,35.0,Defensive Midfield,800.0,France,1.84,Wasserman,right,2025.0
1200289,Hamidou Makalou,Stade Brestois,18.0,Defensive Midfield,200.0,Mali,1.64,None,right,2029.0
324795,Mahdi Camara,Stade Brestois,26.0,Central Midfield,10000.0,France,1.78,None,right,2027.0
474662,Hugo Magnetti,Stade Brestois,26.0,Central Midfield,7000.0,France,1.8,None,right,2027.0
555076,Romain Faivre,Stade Brestois,26.0,Right Midfield,7000.0,France,1.8,None,left,2025.0
671594,Kamory Doumbia,Stade Brestois,22.0,Attacking Midfield,5000.0,Mali,1.7,None,right,2029.0
776798,Abdallah Sima,Stade Brestois,23.0,Left Winger,10000.0,Senegal,1.88,PSM,right,2025.0
928323,Ibrahim Salah,Stade Brestois,23.0,Left Winger,4000.0,Morocco,1.86,Libera Sports,right,2025.0
424072,Mathias Pereira Lage,Stade Brestois,28.0,Left Winger,2000.0,France,1.8,None,right,2025.0
353399,Romain Del Castillo,Stade Brestois,29.0,Right Winger,8000.0,France,1.72,None,left,2027.0
325223,Mama Baldé,Stade Brestois,29.0,Centre-Forward,4500.0,Guinea-Bissau,1.76,None,right,2027.0
283994,Ludovic Ajorque,Stade Brestois,31.0,Centre-Forward,4000.0,France,1.96,None,left,2025.0
448632,Yehvann Diouf,Stade Reims,25.0,Goalkeeper,9000.0,Senegal,1.9,FAIR SPORT MNG,right,2027.0
395602,Alexandre Olliero,Stade Reims,29.0,Goalkeeper,300.0,France,1.93,LB SPORT & ...,right,2026.0
12029,Ludovic Butelle,Stade Reims,42.0,Goalkeeper,100.0,France,1.88,None,left,2025.0
453376,Joseph Okumu,Stade Reims,27.0,Centre-Back,7000.0,Kenya,1.9,None,right,2028.0
364827,Cédric Kipré,Stade Reims,28.0,Centre-Back,3000.0,Cote d'Ivoire,1.93,None,right,2027.0
1126894,Malcolm Jeng,Stade Reims,20.0,Centre-Back,2500.0,Sweden,1.9,None,"
                            Jan 12, 2025                        ",2029.0
1130445,Abdoul Koné,Stade Reims,20.0,Centre-Back,500.0,France,1.92,None,right,2027.0
355627,Sergio Akieme,Stade Reims,27.0,Left-Back,7000.0,Spain,1.75,AS1,left,2028.0
955281,Nhoa Sangui,Stade Reims,19.0,Left-Back,2500.0,France,1.78,One Team Football,left,2027.0
258039,Aurélio Buta,Stade Reims,28.0,Right-Back,5000.0,Portugal,1.72,Proeleven S.A.,right,2025.0
1137808,Hiroki Sekine,Stade Reims,22.0,Right-Back,800.0,Japan,1.87,None,right,2029.0
1086636,Gabriel Moscardo,Stade Reims,19.0,Defensive Midfield,10000.0,Brazil,1.85,None,right,2025.0
717585,Mory Gbane,Stade Reims,24.0,Defensive Midfield,4000.0,Cote d'Ivoire,1.88,BTFM,right,2029.0
1178474,Amadou Koné,Stade Reims,20.0,Defensive Midfield,1500.0,Cote d'Ivoire,1.78,None,left,2028.0
923759,Valentin Atangana,Stade Reims,19.0,Central Midfield,9000.0,France,1.76,One Team Football,right,2027.0
1044893,Yaya Fofana,Stade Reims,20.0,Central Midfield,5000.0,Cote d'Ivoire,1.8,None,right,2029.0
409153,Teddy Teuma,Stade Reims,31.0,Central Midfield,4000.0,Malta,1.76,Libera Sports,left,2027.0
405686,Reda Khadra,Stade Reims,23.0,Attacking Midfield,2500.0,Germany,1.75,Footfeel ISM,right,2027.0
1132634,Ange Martial Tia,Stade Reims B,18.0,Attacking Midfield,150.0,Mali,1.78,None,"Jun 30, 2029",2029.0
405397,Keito Nakamura,Stade Reims,24.0,Left Winger,10000.0,Japan,1.8,None,right,2028.0
574385,Mohamed Daramy,Stade Reims,23.0,Left Winger,5000.0,Denmark,1.8,HCM Sports ...,right,2028.0
348791,Junya Ito,Stade Reims,32.0,Right Winger,8000.0,Japan,1.76,None,right,2026.0
847279,Oumar Diakité,Stade Reims,21.0,Centre-Forward,7000.0,Cote d'Ivoire,1.85,Wasserman,right,2028.0
355369,Jordan,Stade Reims,29.0,Centre-Forward,3000.0,United States,1.91,Gestifute,right,2027.0
357117,Alban Lafont,FC Nantes,26.0,Goalkeeper,4000.0,France,1.96,Sport Cover,right,2027.0
60561,Anthony Lopes,FC Nantes,34.0,Goalkeeper,1500.0,Portugal,1.84,None,left,2025.0
190280,Patrik Carlgren,FC Nantes,33.0,Goalkeeper,800.0,Sweden,1.89,HCM Sports ...,right,2026.0
677820,Hugo Barbet,FC Nantes,23.0,Goalkeeper,100.0,France,1.89,None,right,2026.0
923832,Nathan Zézé,FC Nantes,19.0,Centre-Back,12000.0,France,1.9,None,left,2028.0
807128,Saïdou Sow,FC Nantes,22.0,Centre-Back,6000.0,Guinea,1.87,None,right,2025.0
182875,Jean-Charles Castelletto,FC Nantes,30.0,Centre-Back,3500.0,Cameroon,1.86,BTFM,both,2028.0
139279,Nicolas Pallois,FC Nantes,37.0,Centre-Back,500.0,France,1.89,Sport Cover,left,2025.0
485965,Nicolas Cozza,FC Nantes,26.0,Left-Back,3500.0,France,1.78,One Team Football,left,2025.0
344072,Kelvin Amian,FC Nantes,27.0,Right-Back,2500.0,France,1.8,None,right,2028.0
384859,Fabien Centonze,FC Nantes,29.0,Right-Back,2000.0,France,1.82,None,right,2027.0
353365,Marcus Coco,FC Nantes,28.0,Right-Back,1500.0,Guadeloupe,1.84,None,right,2025.0
585973,Johann Lepenant,FC Nantes,22.0,Defensive Midfield,7000.0,France,1.76,None,right,2025.0
242273,Pedro Chirivella,FC Nantes,27.0,Defensive Midfield,5000.0,Spain,1.78,None,right,2026.0
74869,Francis Coquelin,FC Nantes,34.0,Defensive Midfield,1000.0,France,1.77,One Team Football,right,2025.0
393621,Douglas Augusto,FC Nantes,28.0,Central Midfield,6000.0,Brazil,1.73,None,left,2027.0
1004619,Dehmaine Tabibou,FC Nantes,20.0,Central Midfield,100.0,France,1.83,None,left,2026.0
1119456,Louis Leroux,FC Nantes,19.0,Attacking Midfield,2000.0,France,1.84,None,left,2028.0
222859,Florent Mollet,FC Nantes,33.0,Attacking Midfield,1500.0,France,1.75,LB SPORT & ...,right,2025.0
274862,Moses Simon,FC Nantes,29.0,Left Winger,12000.0,Nigeria,1.68,None,right,2026.0
1119453,Herba Guirassy,FC Nantes,18.0,Left Winger,1000.0,France,1.86,Concept Sport Agency,"
                            Jul 1, 2024                        ",2028.0
475416,Sorba Thomas,FC Nantes,26.0,Right Winger,4000.0,Wales,1.85,Wasserman,right,2025.0
659543,Matthis Abline,FC Nantes,22.0,Centre-Forward,12000.0,France,1.82,Wasserman,right,2028.0
462348,Mostafa Mohamed,FC Nantes,27.0,Centre-Forward,6000.0,Egypt,1.85,None,"
                    Attack - Centre-Forward                ",2027.0
423678,Meschack Elia,FC Nantes,27.0,Centre-Forward,5000.0,DR Congo,1.73,None,right,2025.0
384060,Tino Kadewere,FC Nantes,29.0,Centre-Forward,3000.0,Zimbabwe,1.83,None,right,2027.0
912902,Guillaume Restes,Toulouse,20.0,Goalkeeper,20000.0,France,1.88,Classico,left,2028.0
328770,Kjetil Haug,Toulouse,26.0,Goalkeeper,600.0,Norway,1.87,Golden Sports Mgmt,right,2026.0
854988,Justin Lacombe,Toulouse,22.0,Goalkeeper,50.0,France,1.92,SBE Management AG,right,2026.0
597659,Charlie Cresswell,Toulouse,22.0,Centre-Back,7000.0,England,1.9,None,right,2028.0
429259,Mark McKenzie,Toulouse,26.0,Centre-Back,6000.0,United States,1.84,Wasserman,right,2027.0
283227,Rasmus Nicolaisen,Toulouse,28.0,Centre-Back,5000.0,Denmark,1.91,BTAM,left,2025.0
1006411,Jaydee Canvot,Toulouse,18.0,Centre-Back,2500.0,France,1.88,None,right,2029.0
958647,Ümit Akdağ,Toulouse,21.0,Centre-Back,800.0,Romania,1.92,None,left,2025.0
385105,Gabriel Suazo,Toulouse,27.0,Left-Back,4000.0,Chile,1.78,Vibra Futbol,left,2026.0
794758,Warren Kamanzi,Toulouse,24.0,Right-Back,2000.0,Norway,1.77,Solbakken / Player ...,right,2026.0
161869,Djibril Sidibé,Toulouse,32.0,Right-Back,1200.0,France,1.83,None,right,2025.0
467632,Cristian Cásseres Jr.,Toulouse,25.0,Central Midfield,5000.0,Venezuela,1.76,None,right,2027.0
280387,Vincent Sierro,Toulouse,29.0,Central Midfield,4000.0,Switzerland,1.85,Gold Kick SA,right,2026.0
275249,Niklas Schmidt,Toulouse,27.0,Central Midfield,2000.0,Germany,1.84,SEG,both,2027.0
149829,Miha Zajc,Toulouse,30.0,Central Midfield,1800.0,Slovenia,1.78,SEG,right,2025.0
883865,Rafik Messali,Toulouse,22.0,Right Midfield,800.0,Algeria,1.77,None,right,2026.0
476836,Aron Dønnum,Toulouse,27.0,Left Midfield,4000.0,Norway,1.78,Nordic Sky,left,2028.0
463613,Yann Gboho,Toulouse,24.0,Left Winger,8000.0,France,1.78,ND SPORTS MANAGEMENT,right,2026.0
393238,Zakaria Aboukhlal,Toulouse,25.0,Right Winger,12000.0,Morocco,1.79,PANTHERA,both,2026.0
916920,Shavy Babicka,Toulouse,24.0,Right Winger,3000.0,Gabon,1.79,None,right,2027.0
1078326,Noah Edjouma,Toulouse,19.0,Right Winger,500.0,France,1.82,Classico,right,2027.0
807689,Frank Magri,Toulouse,25.0,Centre-Forward,2500.0,Cameroon,1.78,None,right,2026.0
91059,Joshua King,Toulouse,33.0,Centre-Forward,2000.0,Norway,1.8,ROGON,right,2025.0
170911,Donovan Léon,AJ Auxerre,32.0,Goalkeeper,800.0,French Guiana,1.87,None,right,2027.0
695422,Théo De Percin,AJ Auxerre,24.0,Goalkeeper,300.0,France,1.85,Kemari,right,2028.0
419996,Raphaël Adiceam,AJ Auxerre,34.0,Goalkeeper,50.0,France,1.79,None,left,2025.0
702441,Sinaly Diomandé,AJ Auxerre,24.0,Centre-Back,5000.0,Cote d'Ivoire,1.84,None,right,2027.0
364409,Gabriel Osho,AJ Auxerre,26.0,Centre-Back,3000.0,Nigeria,1.85,Wasserman,right,2025.0
806793,Clément Akpa,AJ Auxerre,23.0,Centre-Back,3000.0,Cote d'Ivoire,1.81,PSM,left,2027.0
149928,Jubal,AJ Auxerre,31.0,Centre-Back,2000.0,Brazil,1.9,LEFT Sports,right,2025.0
397171,Gideon Mensah,AJ Auxerre,26.0,Left-Back,3500.0,Ghana,1.78,None,left,2026.0
539665,Fredrik Oppegård,AJ Auxerre,22.0,Left-Back,600.0,Norway,1.75,Keypass AS,left,2028.0
485583,Ki-Jana Hoever,AJ Auxerre,23.0,Right-Back,4500.0,Netherlands,1.83,Wasserman,right,2025.0
806168,Paul Joly,AJ Auxerre,24.0,Right-Back,2000.0,France,1.82,Concept Sport Agency,right,2027.0
855215,Ange Loïc N'Gatta,AJ Auxerre,21.0,Right-Back,100.0,France,1.75,None,right,2025.0
395695,Elisha Owusu,AJ Auxerre,27.0,Defensive Midfield,3000.0,Ghana,1.82,None,right,2027.0
287635,Assane Dioussé,AJ Auxerre,27.0,Defensive Midfield,800.0,Senegal,1.75,LB SPORT & ...,left,2026.0
743523,Nathan Buayi-Kiala,AJ Auxerre,21.0,Defensive Midfield,150.0,France,1.77,None,right,2026.0
536508,Han-Noah Massengo,AJ Auxerre,23.0,Central Midfield,5000.0,France,1.78,Classico,right,2025.0
743496,Kévin Danois,AJ Auxerre,20.0,Central Midfield,4000.0,France,1.83,None,right,2028.0
391065,Hamed Junior Traoré,AJ Auxerre,25.0,Attacking Midfield,18000.0,Cote d'Ivoire,1.77,GG11,right,2025.0
569140,Lassine Sinayoko,AJ Auxerre,25.0,Left Winger,3500.0,Mali,1.86,VV Consulting,right,2026.0
1310513,Aristide Zossou,AJ Auxerre B,19.0,Left Winger,100.0,Cote d'Ivoire,1.78,None,right,2029.0
353404,Gaëtan Perrin,AJ Auxerre,28.0,Right Winger,6000.0,France,1.69,None,right,2026.0
658534,Lasso Coulibaly,AJ Auxerre,22.0,Right Winger,1500.0,Cote d'Ivoire,1.76,None,right,2028.0
412934,Eros Maddy,AJ Auxerre,24.0,Right Winger,200.0,Netherlands,1.77,None,right,2027.0
501709,Theo Bair,AJ Auxerre,25.0,Centre-Forward,1800.0,Canada,1.91,None,right,2028.0
308133,Ado Onaiwu,AJ Auxerre,29.0,Centre-Forward,1800.0,Japan,1.8,None,right,2026.0
372713,Florian Ayé,AJ Auxerre,28.0,Centre-Forward,1500.0,France,1.84,Classico,right,2026.0
379869,Arthur Desmas,Le Havre AC,31.0,Goalkeeper,1500.0,France,1.96,None,right,2025.0
60543,Mathieu Gorgelin,Le Havre AC,34.0,Goalkeeper,200.0,France,1.87,None,left,2025.0
768380,Arouna Sangante,Le Havre AC,23.0,Centre-Back,10000.0,Senegal,1.89,None,right,2026.0
639712,Étienne Youté Kinkoué,Le Havre AC,23.0,Centre-Back,8000.0,France,1.96,WINS,right,2026.0
249636,Gautier Lloris,Le Havre AC,29.0,Centre-Back,3000.0,France,1.91,None,left,2026.0
296422,Fodé Ballo-Touré,Le Havre AC,28.0,Left-Back,1500.0,Senegal,1.82,Horizon,left,2025.0
691841,Yanis Zouaoui,Le Havre AC,27.0,Left-Back,800.0,France,1.83,S.O.M FOOTBALL,left,2027.0
538998,Timothée Pembélé,Le Havre AC,22.0,Right-Back,2500.0,France,1.83,Sport Cover,right,2025.0
122840,Loïc Nego,Le Havre AC,34.0,Right-Back,800.0,Hungary,1.81,Sport Cover,right,2025.0
283127,Oualid El Hajjam,Le Havre AC,34.0,Right-Back,400.0,Morocco,1.81,None,right,2026.0
1011200,Junior Mwanga,Le Havre AC,22.0,Defensive Midfield,6000.0,France,1.84,Sport Cover,both,2025.0
181382,Abdoulaye Touré,Le Havre AC,31.0,Defensive Midfield,3000.0,Guinea,1.88,None,right,2026.0
662242,Rassoul Ndiaye,Le Havre AC,23.0,Defensive Midfield,2500.0,Senegal,1.79,ND SPORTS MANAGEMENT,right,2026.0
292820,Aloïs Confais,Le Havre AC,28.0,Defensive Midfield,200.0,France,1.74,None,right,2025.0
667967,Yassine Kechta,Le Havre AC,23.0,Central Midfield,5000.0,Morocco,1.74,None,left,2026.0
279570,Daler Kuzyaev,Le Havre AC,32.0,Central Midfield,5000.0,Russia,1.82,None,right,2025.0
1053147,Mahamadou Diawara,Le Havre AC,20.0,Central Midfield,2500.0,France,1.87,None,left,2025.0
986286,Ismaïl Bouneb,Le Havre AC,18.0,Attacking Midfield,50.0,France,1.82,None,right,2028.0
568698,Issa Soumaré,Le Havre AC,24.0,Left Winger,1500.0,Senegal,1.82,FAIR SPORT MNG,right,2026.0
763182,Josué Casimir,Le Havre AC,23.0,Right Winger,3500.0,Guadeloupe,1.78,ND SPORTS MANAGEMENT,right,2025.0
825437,Ilyes Housni,Le Havre AC,20.0,Centre-Forward,2000.0,Morocco,1.72,VV Consulting,right,2025.0
184816,Ahmed Hassan,Le Havre AC,32.0,Centre-Forward,900.0,Egypt,1.91,None,"
                    Attack - Centre-Forward                ",2025.0
45403,André Ayew,Le Havre AC,35.0,Centre-Forward,700.0,Ghana,1.75,Wasserman,left,2025.0
770407,Elysée Logbo,Le Havre AC,21.0,Centre-Forward,600.0,France,1.88,None,left,2027.0
395677,Yann Kitala,Le Havre AC,27.0,Centre-Forward,500.0,DR Congo,1.86,HCM Sports ...,left,2025.0
357047,Gautier Larsonneur,Saint-Étienne,28.0,Goalkeeper,3500.0,France,1.81,None,right,2026.0
78047,Brice Maubleu,Saint-Étienne,35.0,Goalkeeper,300.0,France,1.92,None,right,2026.0
836132,Boubacar Fall,Saint-Étienne,24.0,Goalkeeper,100.0,Senegal,1.98,None,left,2025.0
324819,Maxime Bernauer,Saint-Étienne,26.0,Centre-Back,2000.0,France,1.85,One Team Football,right,2025.0
494586,Mickaël Nade,Saint-Étienne,26.0,Centre-Back,1500.0,France,1.93,Horizon,left,2028.0
289432,Dylan Batubinsika,Saint-Étienne,29.0,Centre-Back,1500.0,DR Congo,1.85,None,right,2026.0
199704,Yunis Abdelhamid,Saint-Étienne,37.0,Centre-Back,500.0,Morocco,1.9,None,left,2025.0
190338,Anthony Briançon,Saint-Étienne,30.0,Centre-Back,500.0,France,1.85,Kemari,right,2025.0
536156,Pierre Cornud,Saint-Étienne,28.0,Left-Back,1000.0,France,1.77,None,left,2026.0
412829,Léo Pétrot,Saint-Étienne,28.0,Left-Back,1000.0,France,1.88,None,left,2025.0
580747,Yvann Maçon,Saint-Étienne,26.0,Right-Back,2000.0,Guadeloupe,1.76,Wasserman,right,2025.0
111038,Dennis Appiah,Saint-Étienne,32.0,Right-Back,900.0,France,1.79,None,right,2026.0
538994,Pierre Ekwah,Saint-Étienne,23.0,Defensive Midfield,5000.0,France,1.89,BS Group - BS Law,left,2025.0
391376,Lamine Fomba,Saint-Étienne,27.0,Defensive Midfield,700.0,France,1.88,None,right,2026.0
783094,Benjamin Bouchouari,Saint-Étienne,23.0,Central Midfield,5000.0,Morocco,1.65,PANTHERA,right,2026.0
484992,Aïmen Moueffek,Saint-Étienne,24.0,Central Midfield,2500.0,Morocco,1.79,None,right,2028.0
904662,Louis Mouton,Saint-Étienne,22.0,Central Midfield,800.0,France,1.8,Kemari,right,2025.0
212804,Florian Tardieu,Saint-Étienne,33.0,Central Midfield,700.0,France,1.81,AGJ SP MGMT,right,2026.0
579263,Augustine Boakye,Saint-Étienne,24.0,Attacking Midfield,3000.0,Ghana,1.78,None,left,2028.0
729872,Igor Miladinovic,Saint-Étienne,21.0,Attacking Midfield,1500.0,Serbia,1.66,DV Sports,right,2028.0
427572,Zuriko Davitashvili,Saint-Étienne,24.0,Left Winger,10000.0,Georgia,1.75,None,right,2028.0
617021,Ben Old,Saint-Étienne,22.0,Left Winger,800.0,New Zealand,1.73,None,left,2028.0
655012,Lucas Stassin,Saint-Étienne,20.0,Centre-Forward,7000.0,Belgium,1.83,Libera Sports,right,2028.0
342226,Irvin Cardona,Saint-Étienne,27.0,Centre-Forward,2000.0,France,1.85,Wasserman,right,2025.0
484888,Ibrahim Sissoko,Saint-Étienne,29.0,Centre-Forward,2000.0,Mali,1.92,Sport Cover,right,2026.0
364232,Ibrahima Wadji,Saint-Étienne,30.0,Centre-Forward,800.0,Senegal,1.75,None,right,2025.0
127181,Benjamin Lecomte,Montpellier,34.0,Goalkeeper,2000.0,France,1.86,YSI Football,left,2027.0
371816,Dimitry Bertaud,Montpellier,26.0,Goalkeeper,1200.0,DR Congo,1.8,None,right,2025.0
483007,Belmin Dizdarevic,Montpellier,23.0,Goalkeeper,150.0,Bosnia-Herzegovina,1.89,None,right,2028.0
807165,Bamo Meïté,Montpellier,23.0,Centre-Back,5000.0,Cote d'Ivoire,1.84,None,right,2025.0
507344,Becir Omeragic,Montpellier,23.0,Centre-Back,5000.0,Switzerland,1.87,None,right,2028.0
211637,Kiki Kouyaté,Montpellier,28.0,Centre-Back,3500.0,Mali,1.92,None,right,2026.0
524925,Modibo Sagnan,Montpellier,26.0,Centre-Back,3000.0,Mali,1.87,None,left,2028.0
201737,Christopher Jullien,Montpellier,32.0,Centre-Back,1500.0,Guadeloupe,1.96,Classico,right,2025.0
124715,Nikola Maksimović,Montpellier,33.0,Centre-Back,400.0,Serbia,1.93,None,right,2025.0
970364,Yaël Mouanga,Montpellier,19.0,Centre-Back,300.0,France,1.83,Smartalent,"
                            Nov 1, 2024                        ",2025.0
220878,Issiaga Sylla,Montpellier,31.0,Left-Back,2000.0,Guinea,1.8,None,left,2025.0
982393,Lucas Mincarelli,Montpellier,21.0,Left-Back,900.0,France,1.79,None,left,2027.0
537127,Théo Sainte-Luce,Montpellier,26.0,Left-Back,800.0,France,1.76,One Team Football,left,2027.0
842338,Enzo Tchato,Montpellier,22.0,Right-Back,2500.0,Cameroon,1.82,Wasserman,right,2027.0
364857,Falaye Sacko,Montpellier,30.0,Right-Back,2000.0,Mali,1.8,Sferico Sports ...,right,2026.0
624037,Joris Chotard,Montpellier,23.0,Defensive Midfield,7000.0,France,1.79,FAIR SPORT MNG,right,2026.0
1068110,Rabby Nzingoula,Montpellier,19.0,Defensive Midfield,2500.0,France,1.83,None,right,2025.0
782630,Khalil Fayad,Montpellier,20.0,Central Midfield,4000.0,Morocco,1.72,BS Group - BS Law,right,2027.0
118284,Jordan Ferri,Montpellier,33.0,Central Midfield,2500.0,France,1.73,FAIR SPORT MNG,right,2026.0
127156,Téji Savanier,Montpellier,33.0,Attacking Midfield,3000.0,France,1.72,VV Consulting,right,2026.0
1093482,Nicolas Pays,Montpellier,21.0,Attacking Midfield,700.0,France,1.77,None,left,2025.0
103565,Wahbi Khazri,Montpellier,34.0,Left Winger,1500.0,Tunisia,1.76,None,right,2025.0
618425,Tanguy Coulibaly,Montpellier,24.0,Right Winger,1800.0,France,1.79,None,left,2026.0
1081219,Othmane Maamma,Montpellier,19.0,Right Winger,800.0,Morocco,1.82,None,both,2027.0
122797,Andy Delort,Montpellier,33.0,Centre-Forward,2000.0,Algeria,1.81,None,right,2025.0
986262,Junior Ndiaye,Montpellier,20.0,Centre-Forward,50.0,United Arab Emirates,1.8,None,left,None
418651,Yahia Fofana,Angers SCO,24.0,Goalkeeper,6000.0,Cote d'Ivoire,1.94,None,right,2026.0
548347,Melvin Zinga,Angers SCO,23.0,Goalkeeper,250.0,Congo,1.87,None,left,2026.0
1071956,Emmanuel Biumla,Angers SCO,20.0,Centre-Back,4000.0,France,1.85,None,right,2027.0
198709,Cédric Hountondji,Angers SCO,31.0,Centre-Back,1500.0,Benin,1.94,None,right,2026.0
192492,Jordan Lefort,Angers SCO,31.0,Centre-Back,1200.0,France,1.84,None,left,2026.0
804711,Ousmane Camara,Angers SCO,22.0,Centre-Back,500.0,France,1.97,None,right,2026.0
62351,Abdoulaye Bamba,Angers SCO,35.0,Centre-Back,350.0,Cote d'Ivoire,1.82,None,right,2025.0
970279,Jacques Ekomié,Angers SCO,21.0,Left-Back,800.0,Gabon,1.79,None,right,2027.0
111811,Florent Hanin,Angers SCO,35.0,Left-Back,350.0,France,1.77,None,left,2025.0
371686,Carlens Arcus,Angers SCO,28.0,Right-Back,1500.0,Haiti,1.76,Kemari,right,2026.0
829874,Lilian Raolisoa,Angers SCO,24.0,Right-Back,700.0,France,1.78,None,right,2026.0
422986,Halid Sabanovic,Angers SCO,25.0,Right-Back,200.0,Bosnia-Herzegovina,1.82,FENOMENOW,right,2025.0
178313,Jean-Eudes Aholou,Angers SCO,31.0,Defensive Midfield,2000.0,Cote d'Ivoire,1.86,None,left,2026.0
650104,Zinédine Ould Khaled,Angers SCO,25.0,Defensive Midfield,300.0,France,1.95,Concept Sport Agency,right,2025.0
1075575,Marius Courcoul,Angers SCO,18.0,Defensive Midfield,50.0,France,1.82,None,right,2026.0
138055,Haris Belkebla,Angers SCO,31.0,Central Midfield,2000.0,Algeria,1.77,None,right,2026.0
807688,Yassin Belkhdim,Angers SCO,23.0,Central Midfield,800.0,Morocco,1.75,None,right,2027.0
214532,Pierrick Capelle,Angers SCO,38.0,Central Midfield,200.0,France,1.81,FAIR SPORT MNG,left,2025.0
592979,Himad Abdelli,Angers SCO,25.0,Attacking Midfield,7000.0,Algeria,1.85,None,right,2026.0
425400,Farid El Melali,Angers SCO,27.0,Left Winger,4000.0,Algeria,1.68,None,both,2025.0
646733,Jim Allevinah,Angers SCO,30.0,Right Winger,1800.0,Gabon,1.72,None,right,2027.0
232895,Zinedine Ferhat,Angers SCO,32.0,Right Winger,1200.0,Algeria,1.8,None,right,2025.0
461607,Estéban Lepaul,Angers SCO,25.0,Centre-Forward,5000.0,France,1.81,None,right,2027.0
822458,Bamba Dieng,Angers SCO,25.0,Centre-Forward,3500.0,Senegal,1.78,Classico,right,2025.0
490417,Ibrahima Niane,Angers SCO,26.0,Centre-Forward,1500.0,Senegal,1.87,None,right,2025.0
986288,Sidiki Chérif,Angers SCO,18.0,Centre-Forward,1000.0,France,1.85,Concept Sport Agency,right,2028.0
203507,Adrien Hunou,Angers SCO,31.0,Centre-Forward,500.0,France,1.79,None,right,2025.0
147051,Yvon Mvogo,FC Lorient,30.0,Goalkeeper,3000.0,Switzerland,1.9,Wasserman,right,2025.0
124901,Benjamin Leroy,FC Lorient,36.0,Goalkeeper,150.0,France,1.84,None,right,2026.0
496706,Montassar Talbi,FC Lorient,26.0,Centre-Back,5000.0,Tunisia,1.9,None,right,2027.0
649023,Formose Mendy,FC Lorient,24.0,Centre-Back,3000.0,Senegal,1.91,Wasserman,right,2028.0
646829,Nathaniel Adjei,FC Lorient,22.0,Centre-Back,2000.0,Ghana,1.91,Alpha sports ...,right,2026.0
386057,Julien Laporte,FC Lorient,31.0,Centre-Back,1200.0,France,1.85,None,right,2025.0
1130941,Enzo Genton,FC Lorient,19.0,Centre-Back,100.0,France,1.88,None,right,None
717118,Darlin Yongwa,FC Lorient,24.0,Left-Back,3000.0,Cameroon,1.77,Sport Cover,left,2026.0
746642,Isaac James,FC Lorient,20.0,Left-Back,200.0,Nigeria,1.75,None,left,2025.0
395685,Gédéon Kalulu,FC Lorient,27.0,Right-Back,2500.0,DR Congo,1.79,Classico,right,2026.0
391720,Igor Silva,FC Lorient,28.0,Right-Back,800.0,Brazil,1.73,Think Ball & Sports ...,right,2026.0
238626,Laurent Abergel,FC Lorient,32.0,Defensive Midfield,2500.0,France,1.7,None,right,2029.0
322305,Jean-Victor Makengo,FC Lorient,26.0,Central Midfield,3000.0,France,1.77,Sport Cover,left,2027.0
1074628,Arthur Avom,FC Lorient,20.0,Central Midfield,2000.0,Cameroon,1.73,None,right,2026.0
816308,Panos Katseris,FC Lorient,23.0,Right Midfield,2500.0,Greece,1.87,None,right,2028.0
569390,Julien Ponceau,FC Lorient,24.0,Attacking Midfield,3500.0,France,1.7,None,right,2025.0
590914,Bandiougou Fadiga,FC Lorient,24.0,Attacking Midfield,300.0,France,1.78,SAgency,right,2028.0
700078,Joel Mvuka,FC Lorient,22.0,Right Winger,3000.0,Norway,1.76,Keypass AS,"
                            Jan 31, 2023                        ",2027.0
428954,Stéphane Diarra,FC Lorient,26.0,Right Winger,1000.0,Cote d'Ivoire,1.73,ROGON,left,2025.0
955357,Eli Junior Kroupi,FC Lorient,18.0,Centre-Forward,12000.0,France,1.79,EVOLUTION SC,right,2025.0
619461,Mohamed Bamba,FC Lorient,23.0,Centre-Forward,5000.0,Cote d'Ivoire,1.85,Scoutpush by Dudu ...,"
                            Jan 26, 2024                        ",2028.0
239647,Aiyegun Tosin,FC Lorient,26.0,Centre-Forward,2000.0,Benin,1.79,Binary Sports Group,right,2027.0
704270,Sambou Soumano,FC Lorient,24.0,Centre-Forward,2000.0,Senegal,1.82,None,right,2026.0
810411,Pablo Pagis,FC Lorient,22.0,Centre-Forward,1200.0,France,1.8,Ltma Consulting,both,2027.0
938009,Bassirou N'Diaye,FC Lorient,23.0,Centre-Forward,300.0,Senegal,1.81,VV Consulting,"
                            Jul 1, 2024                        ",2026.0
750878,Obed Nkambadio,Paris FC,22.0,Goalkeeper,4000.0,France,1.9,None,right,2027.0
18940,Rémy Riou,Paris FC,37.0,Goalkeeper,150.0,France,1.91,LB SPORT & ...,right,2025.0
835136,Thomas Himeur,Paris FC,24.0,Goalkeeper,50.0,France,1.92,None,right,2025.0
649026,Moustapha Mbow,Paris FC,25.0,Centre-Back,1500.0,Senegal,1.92,Wasserman,right,2026.0
668167,Samir Chergui,Paris FC,26.0,Centre-Back,800.0,France,1.85,None,right,2025.0
84085,Timothée Kolodziejczak,Paris FC,33.0,Centre-Back,250.0,France,1.83,None,left,2025.0
340177,Thibault De Smet,Paris FC,26.0,Left-Back,2000.0,Belgium,1.83,None,left,2025.0
433887,Tuomas Ollila,Paris FC,25.0,Left-Back,600.0,Finland,1.74,None,left,2027.0
536506,Mathys Tourraine,Paris FC,24.0,Right-Back,1200.0,Morocco,1.72,One Team Football,right,2027.0
434358,Sofiane Alakouch,Paris FC,26.0,Right-Back,300.0,Morocco,1.75,None,right,2026.0
290862,Maxime Lopez,Paris FC,27.0,Defensive Midfield,5000.0,France,1.67,None,right,2027.0
973949,Adama Camara,Paris FC,28.0,Defensive Midfield,1000.0,France,1.8,None,right,2027.0
830265,Lohann Doucet,Paris FC,22.0,Defensive Midfield,700.0,France,1.8,One Team Football,right,2027.0
374040,Vincent Marchetti,Paris FC,27.0,Central Midfield,1500.0,France,1.78,None,left,2026.0
739769,Ilan Kebbal,Paris FC,26.0,Attacking Midfield,3500.0,Algeria,1.69,Playeleven,left,2028.0
435492,Alimami Gory,Paris FC,28.0,Left Winger,1000.0,France,1.82,None,right,2026.0
170506,Julien Lopez,Paris FC,33.0,Left Winger,250.0,Algeria,1.73,None,right,2025.0
399383,Mathieu Cafaro,Paris FC,28.0,Right Winger,2000.0,France,1.75,One Team Football,right,2027.0
568701,Lamine Gueye,Paris FC,27.0,Right Winger,400.0,Senegal,1.78,None,right,2026.0
798893,Andy Pembélé,Paris FC,24.0,Right Winger,100.0,France,1.8,None,right,2026.0
358515,Jean-Philippe Krasso,Paris FC,27.0,Centre-Forward,4000.0,Cote d'Ivoire,1.87,LB SPORT & ...,left,2027.0
203504,Pierre-Yves Hamel,Paris FC,31.0,Centre-Forward,500.0,France,1.89,None,right,2026.0
173750,Nouha Dicko,Paris FC,33.0,Centre-Forward,400.0,Mali,1.73,None,right,2025.0
1132426,Omar Sissoko,Paris FC,18.0,Centre-Forward,100.0,France,1.75,None,right,2027.0
417278,Arnaud Bodart,FC Metz,27.0,Goalkeeper,2500.0,Belgium,1.86,None,right,2025.0
56809,Alexandre Oukidja,FC Metz,36.0,Goalkeeper,300.0,Algeria,1.84,None,right,2025.0
568728,Pape Sy,FC Metz,28.0,Goalkeeper,250.0,Senegal,2.06,None,right,2026.0
1111777,Sadibou Sané,FC Metz,20.0,Centre-Back,3000.0,Senegal,1.82,Wasserman,right,2028.0
1038308,Urie-Michel Mboula,FC Metz,22.0,Centre-Back,600.0,Gabon,1.85,None,"
                            Feb 1, 2025                        ",2025.0
739076,Aboubacar Lô,FC Metz,25.0,Centre-Back,250.0,Senegal,1.87,None,right,2025.0
57216,Ismaël Traoré,FC Metz,38.0,Centre-Back,200.0,Cote d'Ivoire,1.84,None,right,2025.0
344886,Matthieu Udol,FC Metz,29.0,Left-Back,2500.0,France,1.78,None,left,2027.0
481513,Koffi Kouao,FC Metz,27.0,Right-Back,1800.0,Cote d'Ivoire,1.73,Team Anchor,right,2026.0
400680,Kevin Van Den Kerkhof,FC Metz,29.0,Right-Back,1500.0,Algeria,1.9,None,right,2026.0
127160,Benjamin Stambouli,FC Metz,34.0,Defensive Midfield,500.0,France,1.8,Wasserman,right,2026.0
1178489,Alpha Touré,FC Metz,19.0,Defensive Midfield,200.0,Senegal,1.8,None,left,2028.0
539232,Jessy Deminguet,FC Metz,27.0,Central Midfield,1500.0,France,1.78,None,left,2025.0
919620,Joseph Nduquidi,FC Metz,20.0,Central Midfield,500.0,Angola,1.87,CAA Stellar,"
                            Aug 31, 2023                        ",2026.0
568696,Cheikh Sabaly,FC Metz,26.0,Left Winger,3000.0,Senegal,1.68,Wasserman,right,2026.0
1099726,Papa Amadou Diallo,FC Metz,20.0,Left Winger,2000.0,Senegal,1.82,Wasserman,right,2026.0
838562,Morgan Bokele,FC Metz,21.0,Left Winger,400.0,Cameroon,1.75,Sport Cover,right,2026.0
344892,Gauthier Hein,FC Metz,28.0,Right Winger,3000.0,France,1.7,None,left,2028.0
366045,Ablie Jallow,FC Metz,26.0,Right Winger,1500.0,The Gambia,1.66,None,left,2025.0
375391,Joel Asoro,FC Metz,26.0,Right Winger,1200.0,Sweden,1.76,None,right,2027.0
1178488,Idrissa Gueye,FC Metz,18.0,Centre-Forward,1500.0,Senegal,1.85,None,right,2029.0
1111776,Ibou Sané,FC Metz,20.0,Centre-Forward,800.0,Senegal,1.79,Wasserman,right,2028.0
373939,Nicolas Lemaître,Troyes,28.0,Goalkeeper,600.0,France,1.89,SAgency,left,2026.0
111041,Zacharie Boucher,Troyes,33.0,Goalkeeper,200.0,France,1.81,Supernova Management,right,2027.0
1009596,Junior Diaz,Troyes,21.0,Centre-Back,3000.0,Cote d'Ivoire,1.93,None,right,2029.0
487333,Paolo Gozzi,Troyes,24.0,Centre-Back,600.0,Italy,1.82,Scuderia,left,2026.0
281611,Adrien Monfray,Troyes,34.0,Centre-Back,300.0,France,1.85,None,right,2026.0
238584,Mehdi Tahrat,Troyes,35.0,Centre-Back,200.0,Algeria,1.93,None,right,2025.0
770895,Ismaël Boura,Troyes,24.0,Left-Back,900.0,Comoros,1.73,Playeleven,left,2027.0
982864,Mathis Hamdi,Troyes,21.0,Left-Back,150.0,France,1.8,One Team Football,left,2026.0
709482,Thierno Baldé,Troyes,22.0,Right-Back,1500.0,France,1.82,Gestifute,right,2027.0
442552,Houboulang Mendes,Troyes,27.0,Right-Back,1000.0,Guinea-Bissau,1.85,FAIR SPORT MNG,right,2025.0
1091219,Abdoulaye Kanté,Troyes,19.0,Defensive Midfield,2000.0,Cote d'Ivoire,1.8,None,right,2026.0
585951,Alexandre Phliponeau,Troyes,25.0,Defensive Midfield,400.0,France,1.8,None,right,2025.0
814976,Martin Adeline,Troyes,21.0,Central Midfield,900.0,France,1.8,None,right,2027.0
118278,Xavier Chavalerin,Troyes,34.0,Central Midfield,400.0,France,1.79,None,left,2026.0
167472,Youssouf M'Changama,Troyes,34.0,Central Midfield,250.0,Comoros,1.75,None,right,2025.0
933147,Mouhamed Diop,Troyes,24.0,Attacking Midfield,700.0,Senegal,1.82,VV Consulting,right,2028.0
780147,Rafiki Saïd,Troyes,25.0,Left Winger,2000.0,Comoros,1.8,None,both,2027.0
1145064,Cyriaque Irié,Troyes,19.0,Right Winger,5000.0,Burkina Faso,1.85,None,left,2029.0
234802,Renaud Ripart,Troyes,32.0,Right Winger,600.0,France,1.81,None,right,2025.0
982863,Kyliane Dong,Troyes,20.0,Right Winger,600.0,France,1.78,Wasserman,right,2025.0
627163,Mounaïm El Idrissy,Troyes,26.0,Centre-Forward,500.0,France,1.81,None,right,2026.0
1066904,Jaurès Assoumou,Troyes,22.0,Centre-Forward,300.0,Cote d'Ivoire,1.82,None,right,2026.0
565060,Pape Ibnou Ba,Troyes,32.0,Centre-Forward,300.0,Mauritania,1.77,PSM,both,2026.0
122116,Nicolas de Préville,Troyes,34.0,Centre-Forward,200.0,France,1.82,Wasserman,right,2025.0
923757,Ewen Jaouen,USL Dunkerque,19.0,Goalkeeper,400.0,France,2.0,None,right,2025.0
142033,Adrián Ortolá,USL Dunkerque,31.0,Goalkeeper,400.0,Spain,1.87,Goal Management,left,2025.0
70348,Ibrahim Koné,USL Dunkerque,35.0,Goalkeeper,100.0,Guinea,1.9,None,right,2025.0
357148,Diogo Queirós,USL Dunkerque,26.0,Centre-Back,400.0,Portugal,1.85,None,right,2026.0
743495,Nehemiah Fernandez,USL Dunkerque,20.0,Centre-Back,300.0,France,1.84,None,right,2025.0
352448,Opa Sangante,USL Dunkerque,34.0,Centre-Back,300.0,Guinea-Bissau,1.88,None,left,2026.0
122115,Vincent Sasso,USL Dunkerque,34.0,Centre-Back,200.0,France,1.9,None,right,2025.0
290261,Núrio Fortuna,USL Dunkerque,30.0,Left-Back,800.0,Angola,1.77,None,left,2025.0
273455,Felipe Abner,USL Dunkerque,28.0,Left-Back,700.0,Brazil,1.8,LEFT Sports,left,2025.0
1027253,Geoffrey Kondo,USL Dunkerque,23.0,Left-Back,200.0,France,1.8,None,left,2028.0
324800,Alec Georgen,USL Dunkerque,26.0,Right-Back,800.0,France,1.72,None,right,2026.0
635486,Allan Linguet,USL Dunkerque,25.0,Right-Back,500.0,France,1.76,None,right,2026.0
315075,Benjaloud Youssouf,USL Dunkerque,31.0,Right-Back,200.0,Comoros,1.75,None,right,2025.0
412088,Junior Senneville,USL Dunkerque,34.0,Right-Back,50.0,Guadeloupe,1.7,None,right,2025.0
707230,Ugo Raghouber,USL Dunkerque,21.0,Defensive Midfield,3000.0,France,1.88,Horizon,left,2025.0
707222,Enzo Bardeli,USL Dunkerque,24.0,Central Midfield,3000.0,France,1.73,Wasserman,right,2026.0
654412,Abdoullah Ba,USL Dunkerque,21.0,Right Midfield,3000.0,France,1.8,Sport Cover,right,2025.0
567309,Naatan Skyttä,USL Dunkerque,23.0,Attacking Midfield,2500.0,Finland,1.74,YOU FIRST,left,2026.0
1178476,Anto Sekongo,USL Dunkerque,20.0,Attacking Midfield,400.0,Mali,1.78,None,left,2026.0
735700,Maxence Rivera,USL Dunkerque,22.0,Left Winger,1000.0,France,1.68,None,right,2026.0
547822,Alexi Pitu,USL Dunkerque,22.0,Left Winger,700.0,Romania,1.8,None,right,2027.0
628697,Marco Essimi,USL Dunkerque,26.0,Left Winger,200.0,France,1.82,None,right,2026.0
1151929,Gessime Yassine,USL Dunkerque,19.0,Right Winger,1500.0,Morocco,1.72,None,left,2027.0
1185707,Muhanad Al-Saad,USL Dunkerque,21.0,Right Winger,400.0,Saudi Arabia,1.72,Golden Goal Agency,right,2025.0
442885,Kay Tejan,USL Dunkerque,28.0,Centre-Forward,500.0,Netherlands,1.87,None,left,2026.0
276255,Yacine Bammou,USL Dunkerque,33.0,Centre-Forward,300.0,Morocco,1.89,None,right,2025.0
171408,Gaëtan Courtet,USL Dunkerque,36.0,Centre-Forward,200.0,France,1.8,None,both,2025.0
290559,Anthony Mandréa,SM Caen,28.0,Goalkeeper,1500.0,Algeria,1.86,YOU FIRST,right,2027.0
549318,Yannis Clémentia,SM Caen,27.0,Goalkeeper,300.0,Martinique,1.88,YOU FIRST,right,2027.0
743517,Brahim Traoré,SM Caen,21.0,Centre-Back,3000.0,France,1.91,Kemari,both,2026.0
850875,Alex Moucketou-Moussounda,SM Caen,24.0,Centre-Back,450.0,Gabon,1.85,None,right,2025.0
375287,Emmanuel Ntim,SM Caen,29.0,Centre-Back,400.0,Ghana,1.79,Supernova Management,right,2025.0
57467,Romain Thomas,SM Caen,36.0,Centre-Back,200.0,France,1.93,FAIR SPORT MNG,left,2025.0
413111,Jules Gaudin,SM Caen,25.0,Left-Back,800.0,France,1.8,None,right,2025.0
926385,Diabé Bolumbu,SM Caen,20.0,Left-Back,400.0,France,1.8,None,left,2027.0
332142,Quentin Lecoeuche,SM Caen,31.0,Left-Back,400.0,France,1.72,Kemari,left,2025.0
796865,Lamine Sy,SM Caen,22.0,Right-Back,500.0,France,1.71,BS Group - BS Law,right,2025.0
353981,Valentin Henry,SM Caen,31.0,Right-Back,400.0,France,1.8,Kemari,right,2026.0
990790,Héliohdino Tavares,SM Caen B,20.0,Right-Back,50.0,France,1.85,SPORTBOLD,right,2025.0
926389,Noé Lebreton,SM Caen,21.0,Defensive Midfield,1500.0,France,1.78,None,right,2027.0
868793,Dieudonné Gaucho Debohi,SM Caen,24.0,Defensive Midfield,1000.0,Cote d'Ivoire,1.85,None,right,2026.0
60573,Yann M'Vila,SM Caen,34.0,Defensive Midfield,400.0,France,1.83,SEG,right,2026.0
509044,Lorenzo Rajot,SM Caen,27.0,Central Midfield,400.0,France,1.79,None,left,2027.0
789094,Bilal Brahimi,SM Caen,25.0,Attacking Midfield,1500.0,France,1.77,None,left,2027.0
344599,Yassine Benrahou,SM Caen,26.0,Attacking Midfield,1500.0,Morocco,1.72,SAgency,left,2025.0
138171,Mathias Autret,SM Caen,34.0,Attacking Midfield,200.0,France,1.79,One Team Football,right,2025.0
937054,Mohamed Hafid,SM Caen,20.0,Attacking Midfield,100.0,Morocco,1.78,None,left,2027.0
796862,Ilyes Najim,SM Caen,22.0,Left Winger,250.0,France,1.73,None,right,2025.0
432772,Samuel Grandsir,SM Caen,28.0,Right Winger,1000.0,France,1.7,None,right,2027.0
651973,Godson Kyeremeh,SM Caen,24.0,Right Winger,800.0,France,1.75,SPORTBOLD,right,2025.0
364314,Adriel Ba Loua,SM Caen,28.0,Right Winger,450.0,Cote d'Ivoire,1.7,None,left,2027.0
290561,Alexandre Mendy,SM Caen,31.0,Centre-Forward,2500.0,Guinea-Bissau,1.84,S.O.M FOOTBALL,right,2026.0
184935,Kalifa Coulibaly,SM Caen,33.0,Centre-Forward,300.0,Mali,1.97,None,right,2025.0
139018,Mickaël Le Bihan,SM Caen,35.0,Centre-Forward,200.0,France,1.84,None,right,2025.0
242716,Enzo Basilio,Guingamp,30.0,Goalkeeper,800.0,France,1.87,FAIR SPORT MNG,right,2026.0
176573,Babacar Niasse,Guingamp,28.0,Goalkeeper,250.0,Mauritania,1.96,None,right,2025.0
629587,Teddy Bartouche-Selbonne,Guingamp,27.0,Goalkeeper,50.0,Guadeloupe,1.78,BS Group - BS Law,right,2025.0
966312,Sohaib Naïr,Guingamp,23.0,Centre-Back,600.0,Algeria,1.86,None,right,2027.0
806043,Matthis Riou,Guingamp,24.0,Centre-Back,600.0,France,1.81,Kemari,right,2025.0
562576,Donatien Gomis,Guingamp,30.0,Centre-Back,500.0,Senegal,1.88,None,right,2027.0
371148,Lenny Vallier,Guingamp,26.0,Left-Back,500.0,France,1.78,Horizon,left,2025.0
1010044,Dylan Ourega,Guingamp,20.0,Left-Back,300.0,France,1.83,FLM,left,2028.0
594992,Alpha Sissoko,Guingamp,28.0,Right-Back,1200.0,France,1.78,Sport Cover,right,2026.0
536473,Lucas Maronnier,Guingamp,25.0,Right-Back,300.0,France,1.72,None,right,2025.0
629585,Kalidou Sidibé,Guingamp,26.0,Defensive Midfield,1500.0,France,2.02,Scuderia,right,2026.0
291415,Dylan Louiserre,Guingamp,30.0,Defensive Midfield,1200.0,France,1.73,Wasserman,right,2028.0
253316,Lebogang Phiri,Guingamp,30.0,Central Midfield,150.0,South Africa,1.73,None,right,2025.0
944181,Hugo Picard,Guingamp,22.0,Left Midfield,2500.0,France,1.68,None,right,2026.0
766412,Théo Le Bris,Guingamp,22.0,Left Midfield,1500.0,France,1.7,Ltma Consulting,right,2025.0
503291,Rayan Ghrieb,Guingamp,26.0,Attacking Midfield,500.0,France,1.82,None,left,2026.0
649025,Amadou Sagna,Guingamp,25.0,Left Winger,800.0,Senegal,1.72,Wasserman,right,2026.0
510260,Taylor Luvambo,Guingamp,25.0,Left Winger,300.0,France,1.8,None,right,2025.0
796894,Sabri Guendouz,Guingamp,25.0,Left Winger,200.0,France,1.8,Excensy,both,2025.0
967688,Junior Armando Mendes,Guingamp,23.0,Left Winger,200.0,Spain,1.86,None,right,2026.0
804933,Jacques Siwe,Guingamp,23.0,Centre-Forward,1800.0,France,1.87,Niagara Sports ...,right,2027.0
342227,Brighton Labeau,Guingamp,29.0,Centre-Forward,600.0,Martinique,1.83,Excensy,right,2027.0
164904,Mory Diaw,Rodez AF,31.0,Goalkeeper,1000.0,Senegal,1.97,None,right,2025.0
164915,Lionel Mpasi-Nzau,Rodez AF,30.0,Goalkeeper,500.0,DR Congo,1.82,None,right,2025.0
395251,Sébastien Cibois,Rodez AF,27.0,Goalkeeper,250.0,France,1.92,None,right,2025.0
947911,Enzo Crombez,Rodez AF,22.0,Goalkeeper,50.0,France,1.88,None,right,2025.0
395228,Till Cissokho,Rodez AF,25.0,Centre-Back,800.0,France,2.0,SAgency,left,2025.0
961647,Loni Laurent,Rodez AF,24.0,Centre-Back,600.0,France,1.84,None,right,2026.0
591911,Stone Mambo,Rodez AF,26.0,Centre-Back,500.0,France,1.84,None,left,2025.0
213030,Éric Vandenabeele,Rodez AF,33.0,Centre-Back,200.0,France,1.84,One Team Football,right,2025.0
918268,Aurélien Pelon,Rodez AF,21.0,Centre-Back,150.0,France,1.86,FAIR SPORT MNG,right,2027.0
525109,Joris Chougrani,Rodez AF,34.0,Centre-Back,150.0,France,1.85,None,left,2025.0
483460,Akim Abdallah,Rodez AF,27.0,Left-Back,700.0,Comoros,1.7,None,left,2025.0
913323,Raphaël Lipinski,Rodez AF,22.0,Left-Back,300.0,France,1.81,None,left,2025.0
918302,Cheick Doumbia,Rodez AF,20.0,Left-Back,100.0,France,1.75,FAIR SPORT MNG,left,2027.0
546225,Mohamed Bouchouari,Rodez AF,24.0,Right-Back,600.0,Belgium,1.7,VV Consulting,right,2027.0
723416,Ahmad Ngouyamsa,Rodez AF,24.0,Right-Back,500.0,Chad,1.76,None,right,2025.0
855098,Nolan Galves,Rodez AF,21.0,Right-Back,400.0,France,1.8,Scuderia,right,2027.0
804934,Wilitty Younoussa,Rodez AF,23.0,Defensive Midfield,800.0,Cameroon,1.74,None,right,2026.0
691958,Noah Cadiou,Rodez AF,26.0,Central Midfield,1200.0,Guadeloupe,1.91,FAIR SPORT MNG,right,2027.0
482769,Alexis Trouillet,Rodez AF,24.0,Central Midfield,700.0,France,1.75,None,right,2027.0
917104,Derek Mazou-Sacko,Rodez AF,20.0,Central Midfield,400.0,France,1.86,None,right,2027.0
855158,Mohamed Achi,Rodez AF,23.0,Central Midfield,150.0,France,1.81,None,left,2027.0
1134211,Morgan Corredor,Rodez AF B,20.0,Central Midfield,50.0,France,1.83,None,right,None
680447,Waniss Taïbi,Rodez AF,23.0,Attacking Midfield,1200.0,France,1.84,BS Group - BS Law,both,2026.0
879750,Yannis Verdier,Rodez AF,21.0,Left Winger,100.0,France,1.89,ROGON,both,2025.0
522788,Timothé Nkada,Rodez AF,25.0,Centre-Forward,2000.0,France,1.8,FAIR SPORT MNG,right,2027.0
804884,Ibrahima Baldé,Rodez AF,22.0,Centre-Forward,500.0,France,1.85,BS Group - BS Law,right,2027.0
667995,Tawfik Bentayeb,Rodez AF,23.0,Centre-Forward,400.0,Morocco,1.79,None,right,2025.0
51035,Johny Placide,SC Bastia,37.0,Goalkeeper,200.0,Haiti,1.81,None,right,2025.0
238635,Julien Fabri,SC Bastia,31.0,Goalkeeper,150.0,France,1.83,None,right,2026.0
857638,Juan Guevara,SC Bastia,23.0,Centre-Back,800.0,Colombia,1.8,None,right,2025.0
523780,Gustave Akueson,SC Bastia,29.0,Centre-Back,600.0,Togo,1.89,None,right,2027.0
651979,Anthony Roncaglia,SC Bastia,24.0,Centre-Back,400.0,France,1.8,None,right,2026.0
588645,Dumè Guidi,SC Bastia,29.0,Centre-Back,400.0,France,1.77,Soccer Connect,right,2026.0
982403,Zakaria Ariss,SC Bastia,20.0,Left-Back,1200.0,Morocco,1.78,None,left,2028.0
321930,Dylan Tavares,SC Bastia,28.0,Left-Back,300.0,Cape Verde,1.72,Scuderia,left,2025.0
948009,Steevy Mazikou,SC Bastia,21.0,Left-Back,50.0,France,1.8,None,left,2026.0
863038,Tom Meynadier,SC Bastia,25.0,Right-Back,600.0,France,1.76,None,right,2026.0
251448,Florian Bohnert,SC Bastia,27.0,Right-Back,500.0,Luxembourg,1.82,SEG,right,2027.0
652128,Tom Ducrocq,SC Bastia,25.0,Defensive Midfield,1500.0,France,1.76,None,right,2027.0
973852,Jocelyn Janneh,SC Bastia,22.0,Defensive Midfield,1000.0,Sierra Leone,1.84,ROOF,right,2027.0
203324,Christophe Vincent,SC Bastia,32.0,Defensive Midfield,400.0,France,1.78,SBB Global,right,2025.0
666960,Loïc Etoga,SC Bastia,22.0,Defensive Midfield,400.0,Cameroon,1.87,None,right,2026.0
781808,Julien Maggiotti,SC Bastia,29.0,Central Midfield,500.0,France,1.86,None,right,2026.0
1279526,Christ Inao Oulaï,SC Bastia,19.0,Central Midfield,300.0,Cote d'Ivoire,1.73,None,right,2028.0
640488,Félix Tomi,SC Bastia,24.0,Attacking Midfield,200.0,France,1.81,Wasserman,"
                            Jul 1, 2023                        ",2026.0
651977,Amine Boutrah,SC Bastia,24.0,Left Winger,1200.0,France,1.71,None,right,2028.0
999229,Jérémy Sebas,SC Bastia,22.0,Left Winger,800.0,Martinique,1.87,None,right,2025.0
627362,Lamine Cissé,SC Bastia,22.0,Right Winger,1200.0,France,1.79,None,right,2027.0
607227,Lisandru Tramoni,SC Bastia,22.0,Right Winger,700.0,France,1.8,CAA Stellar,left,2025.0
916497,Massamba N'Diaye,Clermont Foot,23.0,Goalkeeper,600.0,Senegal,2.02,None,"
                            Aug 3, 2023                        ",2027.0
358505,Théo Guivarch,Clermont Foot,29.0,Goalkeeper,250.0,France,1.95,None,right,2026.0
920218,Théo Borne,Clermont Foot,22.0,Goalkeeper,50.0,France,1.91,None,right,2025.0
351843,Yoann Salmier,Clermont Foot,32.0,Centre-Back,1000.0,French Guiana,1.88,S.O.M FOOTBALL,right,2026.0
914539,Yoan Koré,Clermont Foot,20.0,Centre-Back,900.0,France,1.87,PSM,right,2025.0
57370,Damien Da Silva,Clermont Foot,37.0,Centre-Back,300.0,France,1.84,None,right,2025.0
1108456,Josué Mwimba Isala,Clermont Foot,22.0,Centre-Back,200.0,DR Congo,1.87,None,right,2027.0
1247360,Ivan M'Bahia,Clermont Foot,20.0,Centre-Back,50.0,Cote d'Ivoire,1.74,None,right,2028.0
857482,Baïla Diallo,Clermont Foot,23.0,Left-Back,800.0,Senegal,1.76,None,left,2025.0
1108145,Cheick Oumar Konaté,Clermont Foot,21.0,Right-Back,2000.0,Mali,1.73,None,right,2026.0
594997,Yohann Magnin,Clermont Foot,27.0,Defensive Midfield,1000.0,France,1.83,None,right,2025.0
1063609,Tidyane Diagouraga,Clermont Foot,22.0,Defensive Midfield,200.0,France,1.8,None,right,2025.0
669000,Habib Keïta,Clermont Foot,23.0,Central Midfield,1500.0,Mali,1.82,None,left,2027.0
978027,Allan Ackra,Clermont Foot,21.0,Central Midfield,500.0,France,1.85,None,right,2027.0
51540,Henri Saivet,Clermont Foot,34.0,Attacking Midfield,300.0,Senegal,1.75,None,right,2026.0
512690,Maïdine Douane,Clermont Foot,22.0,Left Winger,600.0,Algeria,1.77,None,right,2026.0
560725,Abdoul Kader Bamba,Clermont Foot,31.0,Right Winger,750.0,France,1.77,None,right,2026.0
1185046,Ousmane Diop,Clermont Foot,19.0,Right Winger,300.0,Senegal,1.7,BMG,right,2027.0
955360,Mohamed-Amine Bouchenna,Clermont Foot,18.0,Second Striker,100.0,France,1.79,FLM,right,2026.0
391377,Mons Bassouamina,Clermont Foot,26.0,Centre-Forward,700.0,Congo,1.72,FAIR SPORT MNG,right,2027.0
1029955,Marks Inchaud,Clermont Foot,22.0,Centre-Forward,400.0,France,1.89,None,right,2026.0
801566,Mehdi Baaloudj,Clermont Foot,24.0,Centre-Forward,400.0,Algeria,1.83,None,right,2025.0
237125,Famara Diédhiou,Clermont Foot,32.0,Centre-Forward,300.0,Senegal,1.89,None,right,2026.0
333175,Bingourou Kamara,Pau FC,28.0,Goalkeeper,800.0,Senegal,1.95,S.O.M FOOTBALL,right,2025.0
191882,Mehdi Jeannin,Pau FC,34.0,Goalkeeper,150.0,Algeria,1.87,None,right,2025.0
1182322,Tao Paradowski,Pau FC,20.0,Goalkeeper,100.0,France,1.8,None,right,2026.0
345067,Jean Ruiz,Pau FC,27.0,Centre-Back,900.0,France,1.88,LB SPORT & ...,left,2026.0
768439,Daylam Meddah,Pau FC,22.0,Centre-Back,300.0,France,1.87,S.O.M FOOTBALL,right,2025.0
132587,Xavier Kouassi,Pau FC,35.0,Centre-Back,200.0,Cote d'Ivoire,1.73,Wasserman,right,2025.0
528470,Ousmane Kanté,Pau FC,35.0,Centre-Back,200.0,Guinea,1.82,None,right,2025.0
229012,Kenji-Van Boto,Pau FC,29.0,Left-Back,400.0,Madagascar,1.83,Wasserman,left,2025.0
1117092,Joseph Kalulu,Pau FC,20.0,Left-Back,300.0,France,1.8,None,left,2027.0
254358,Johann Obiang,Pau FC,31.0,Left-Back,300.0,Gabon,1.7,None,left,2025.0
543720,Evans Jean-Lambert,Pau FC,26.0,Left-Back,300.0,France,1.8,None,left,2025.0
910176,Thérence Koudou,Pau FC,20.0,Right-Back,1500.0,France,1.78,One Team Football,right,2026.0
353395,Jordy Gaspar,Pau FC,28.0,Right-Back,700.0,Angola,1.79,None,right,2025.0
344575,Antonin Bobichon,Pau FC,29.0,Central Midfield,500.0,France,1.78,Horizon,right,2026.0
807653,Antoine Mille,Pau FC,27.0,Central Midfield,500.0,France,1.81,None,"
                            Jul 1, 2024                        ",2026.0
204585,Joseph Lopy,Pau FC,33.0,Central Midfield,400.0,Senegal,1.81,FAIR SPORT MNG,right,2025.0
468246,Steeve Beusnard,Pau FC,32.0,Central Midfield,400.0,France,1.7,None,left,2026.0
979551,Pathé Mboup,Pau FC,21.0,Left Winger,2000.0,Senegal,1.75,None,right,2027.0
575319,Kandet Diawara,Pau FC,25.0,Left Winger,500.0,Guinea,1.8,None,right,2025.0
358509,Mehdi Chahiri,Pau FC,28.0,Left Winger,250.0,France,1.8,None,right,2025.0
817180,Mamady Bangré,Pau FC,23.0,Right Winger,500.0,Burkina Faso,1.71,Scuderia,left,2025.0
855056,Taïryk Arconte,Pau FC,21.0,Centre-Forward,600.0,Guadeloupe,1.81,None,"
                            Jul 30, 2024                        ",2027.0
231941,Khalid Boutaïb,Pau FC,38.0,Centre-Forward,175.0,Morocco,1.89,None,right,2025.0
72422,Mamadou Samassa,Stade Lavallois,35.0,Goalkeeper,250.0,Mali,1.98,None,right,2026.0
141364,Maxime Hautbois,Stade Lavallois,34.0,Goalkeeper,100.0,France,1.81,None,right,2026.0
654420,Amjhad Nazih,Stade Lavallois,23.0,Goalkeeper,50.0,Morocco,1.92,None,right,2025.0
1057563,Christ-Owen Kouassi,Stade Lavallois,22.0,Centre-Back,1500.0,France,1.87,None,right,2027.0
238716,Théo Pellenard,Stade Lavallois,31.0,Centre-Back,800.0,France,1.84,None,left,2027.0
391375,Peter Ouaneh,Stade Lavallois,27.0,Centre-Back,400.0,France,1.84,Ltma Consulting,right,2026.0
427197,William Bianda,Stade Lavallois,25.0,Centre-Back,250.0,France,1.87,None,left,2027.0
198629,Moïse Adilehou,Stade Lavallois,29.0,Centre-Back,200.0,Benin,1.9,None,right,2027.0
85953,Yohan Tavares,Stade Lavallois,37.0,Centre-Back,150.0,Portugal,1.88,None,right,2026.0
782935,Amin Cherni,Stade Lavallois,23.0,Left-Back,900.0,Tunisia,1.81,None,"
                            Jul 1, 2023                        ",2025.0
510686,William Kokolo,Stade Lavallois,24.0,Left-Back,600.0,France,1.81,None,left,2027.0
126164,Edson Seidou,Stade Lavallois,33.0,Left-Back,100.0,France,1.82,None,left,2025.0
627463,Thibaut Vargas,Stade Lavallois,25.0,Right-Back,1000.0,France,1.75,None,both,2026.0
694549,Sam Sanna,Stade Lavallois,26.0,Defensive Midfield,1000.0,France,1.7,None,right,2029.0
228891,Jordan Adéoti,Stade Lavallois,36.0,Defensive Midfield,100.0,Benin,1.83,None,right,2025.0
1066677,Enzo Montet,Stade Lavallois,22.0,Defensive Midfield,100.0,France,1.8,None,left,2028.0
546884,Titouan Thomas,Stade Lavallois,23.0,Central Midfield,500.0,France,1.83,Horizon,right,2026.0
102998,Jimmy Roye,Stade Lavallois,36.0,Central Midfield,200.0,France,1.75,None,right,2025.0
920222,Loïs Martins,Stade Lavallois,21.0,Central Midfield,100.0,Portugal,1.76,None,right,2027.0
111528,Anthony Gonçalves,Stade Lavallois,39.0,Central Midfield,100.0,France,1.79,None,right,2025.0
811430,Malik Sellouki,Stade Lavallois,25.0,Attacking Midfield,1000.0,France,1.77,None,right,2027.0
857148,Mamadou Camara,Stade Lavallois,24.0,Left Winger,800.0,Mali,1.84,Kemari,right,2027.0
802747,Siriné Doucouré,Stade Lavallois,23.0,Centre-Forward,800.0,Mali,1.95,None,right,2025.0
524929,Kévin Zohi,Stade Lavallois,28.0,Centre-Forward,500.0,Mali,1.77,None,right,2027.0
272644,Jordan Tell,Stade Lavallois,27.0,Centre-Forward,250.0,Guadeloupe,1.85,Kemari,right,2025.0
412085,Malik Tchokounté,Stade Lavallois,36.0,Centre-Forward,200.0,France,1.88,None,right,2026.0
1004502,Aymeric Faurand-Tournaire,Stade Lavallois,21.0,Centre-Forward,50.0,France,1.81,None,right,2028.0
917147,Mamadou Diop,Grenoble,25.0,Goalkeeper,600.0,Mauritania,2.04,None,right,2028.0
314862,Bobby Allain,Grenoble,33.0,Goalkeeper,150.0,France,1.85,None,right,2026.0
288247,Maxime Pattier,Grenoble,29.0,Goalkeeper,100.0,France,1.84,None,right,2026.0
465294,Allan Tchaptchet,Grenoble,23.0,Centre-Back,1000.0,France,1.93,None,right,2026.0
456467,Mamadou Diarra,Grenoble,27.0,Centre-Back,900.0,Senegal,1.84,None,right,2025.0
799936,Loris Mouyokolo,Grenoble,24.0,Centre-Back,500.0,France,1.94,FAIR SPORT MNG,right,2027.0
975729,Efe Sarıkaya,Grenoble,19.0,Centre-Back,200.0,Türkiye,1.85,None,left,2027.0
66490,Loïc Nestor,Grenoble,36.0,Centre-Back,150.0,Guadeloupe,1.79,Wasserman,right,2025.0
744936,Matthéo Xantippe,Grenoble,23.0,Left-Back,400.0,France,1.83,None,left,2026.0
422715,Arial Mendy,Grenoble,30.0,Left-Back,400.0,Senegal,1.8,None,left,2025.0
650809,Shaquil Delos,Grenoble,25.0,Right-Back,500.0,France,1.83,Gestifute,both,2027.0
412092,Gaëtan Paquiez,Grenoble,31.0,Right-Back,450.0,France,1.82,Kemari,right,2025.0
314974,Dante Rigo,Grenoble,26.0,Defensive Midfield,800.0,Belgium,1.8,None,right,2026.0
276768,Nolan Mbemba,Grenoble,30.0,Defensive Midfield,300.0,Congo,1.81,FAIR SPORT MNG,right,2025.0
332047,Jessy Benet,Grenoble,29.0,Central Midfield,800.0,France,1.86,Kemari,right,2026.0
341396,Théo Valls,Grenoble,29.0,Central Midfield,800.0,France,1.78,Horizon,left,2026.0
629566,Eddy Sylvestre,Grenoble,25.0,Central Midfield,400.0,France,1.73,FAIR SPORT MNG,left,2026.0
694402,Saikou Touray,Grenoble,24.0,Central Midfield,300.0,The Gambia,1.75,None,right,2025.0
900938,Junior Olaitan,Grenoble,23.0,Attacking Midfield,350.0,Benin,1.74,Wasserman,right,2027.0
806496,Yadaly Diaby,Grenoble,24.0,Left Winger,400.0,Guinea,1.86,None,right,2027.0
395244,Alan Kerouedan,Grenoble,25.0,Right Winger,500.0,France,1.77,VV Consulting,right,2027.0
794116,Ayoub Jabbari,Grenoble,25.0,Centre-Forward,400.0,Morocco,1.94,None,right,2027.0
862606,Nesta Elphege,Grenoble,24.0,Centre-Forward,250.0,France,1.96,None,left,2025.0
743515,Robin Risser,Red Star FC,20.0,Goalkeeper,800.0,France,1.93,Carmenta,right,2025.0
157484,Quentin Beunardeau,Red Star FC,31.0,Goalkeeper,400.0,France,1.84,Soccer Connect,right,2027.0
691340,William Avognan,Red Star FC,30.0,Goalkeeper,100.0,France,1.96,None,right,2025.0
685086,Pépé Bonet,Red Star FC,22.0,Goalkeeper,50.0,DR Congo,1.95,None,right,2025.0
324798,Bradley Danger,Red Star FC,27.0,Centre-Back,600.0,France,1.8,None,right,2027.0
863891,Blondon Meyapya,Red Star FC,24.0,Centre-Back,500.0,Cameroon,1.85,None,right,2025.0
170477,Pierre Lemonnier,Red Star FC,31.0,Centre-Back,500.0,France,1.84,None,right,2025.0
862972,Josué Escartin,Red Star FC,22.0,Centre-Back,400.0,France,1.93,None,right,2027.0
410061,Loïc Kouagba,Red Star FC,30.0,Centre-Back,400.0,France,1.82,BTFM,left,2025.0
781775,Bissenty Mendy,Red Star FC,33.0,Centre-Back,200.0,France,1.79,None,right,2025.0
465296,Rayane Doucouré,Red Star FC,24.0,Centre-Back,200.0,Guinea,1.83,ND SPORTS MANAGEMENT,right,2026.0
796883,Ryad Hachem,Red Star FC,26.0,Left-Back,700.0,France,1.72,Playeleven,left,2027.0
798925,Fodé Doucouré,Red Star FC,24.0,Right-Back,500.0,Mali,1.72,None,right,2025.0
756171,Dylan Durivaux,Red Star FC,23.0,Right-Back,500.0,France,1.77,None,right,2027.0
271390,Joachim Eickmayer,Red Star FC,32.0,Defensive Midfield,400.0,France,1.79,None,right,2026.0
467571,Fred Dembi,Red Star FC,30.0,Defensive Midfield,300.0,Congo,1.84,Sport Striker,right,2025.0
722739,Samuel Renel,Red Star FC,23.0,Central Midfield,600.0,Martinique,1.78,None,right,2027.0
684062,Hianga'a Mbock,Red Star FC,25.0,Central Midfield,500.0,France,1.86,None,right,2025.0
1226637,Vincent Kany,Red Star FC,22.0,Central Midfield,50.0,France,1.88,None,left,2026.0
1064905,Rayan Slimani,Red Star FC,21.0,Central Midfield,50.0,France,1.74,None,"
                            Jul 1, 2022                        ",2026.0
976861,Merwan Ifnaoui,Red Star FC,26.0,Attacking Midfield,800.0,France,1.78,None,left,2026.0
792328,Damien Durand,Red Star FC,29.0,Left Winger,400.0,France,1.73,None,right,2026.0
806494,Kemo Cissé,Red Star FC,28.0,Right Winger,300.0,France,1.7,Sport Striker,left,2027.0
676187,Hacène Benali,Red Star FC,25.0,Centre-Forward,500.0,Algeria,1.82,None,right,2025.0
292739,Alioune Fall,Red Star FC,30.0,Centre-Forward,150.0,Senegal,1.78,None,right,2025.0
39918,Régis Gurtner,Amiens SC,38.0,Goalkeeper,200.0,France,1.82,None,right,2025.0
844299,Mohamed Jaouab,Amiens SC,23.0,Centre-Back,500.0,Morocco,1.9,None,right,2025.0
986258,Siaka Bakayoko,Amiens SC,19.0,Centre-Back,300.0,France,1.88,Smartalent,right,2027.0
1134251,Abdelhamid Ait Boudlal,Amiens SC,19.0,Centre-Back,200.0,Morocco,1.9,None,right,2028.0
1172908,Amine Chabane,Amiens SC,18.0,Centre-Back,200.0,Morocco,1.83,None,right,2027.0
805835,Rémy Vita,Amiens SC,24.0,Left-Back,800.0,Comoros,1.7,FAIR SPORT MNG,left,2025.0
102744,Sébastien Corchia,Amiens SC,34.0,Right-Back,500.0,France,1.76,SVF FOOT,right,2025.0
612143,Kylian Kaïboue,Amiens SC,26.0,Defensive Midfield,1000.0,France,1.79,None,left,2026.0
127182,Thomas Monconduit,Amiens SC,34.0,Defensive Midfield,300.0,France,1.84,None,right,2025.0
1001788,Ibrahim Fofana,Amiens SC,21.0,Defensive Midfield,300.0,Cote d'Ivoire,1.78,None,"
                            Jul 1, 2022                        ",2026.0
592358,Victor Lobry,Amiens SC,29.0,Attacking Midfield,500.0,France,1.81,None,left,2026.0
954090,Rayan Lutin,Amiens SC,22.0,Attacking Midfield,500.0,Comoros,1.7,Classico,left,2027.0
1248495,Messy Manitu,Amiens SC,19.0,Attacking Midfield,50.0,DR Congo,1.77,None,left,2027.0
891379,Nordine Kandil,Amiens SC,23.0,Left Winger,1000.0,Morocco,1.67,ROGON,left,2027.0
467486,Antoine Leautey,Amiens SC,29.0,Right Winger,1500.0,France,1.72,None,left,2026.0
707063,Malick Mbaye,Amiens SC,21.0,Right Winger,300.0,Senegal,1.73,Wasserman,right,2025.0
708078,Josué Chibozo,Amiens SC,21.0,Second Striker,150.0,Benin,1.75,None,right,2027.0
461790,Louis Mafouta,Amiens SC,30.0,Centre-Forward,1500.0,Central African Republic,1.81,None,"
                            Jul 12, 2023                        ",2026.0
975348,Joan Tincres,Amiens SC,18.0,Centre-Forward,150.0,France,1.82,Classico,right,2025.0
222636,Florian Escales,FC Annecy,29.0,Goalkeeper,600.0,France,1.84,None,left,2025.0
593315,Thomas Callens,FC Annecy,26.0,Goalkeeper,200.0,France,1.82,None,left,2025.0
540643,Tidiane Malbec,FC Annecy,23.0,Goalkeeper,50.0,France,1.87,None,right,2026.0
935507,Axel Drouhin,FC Annecy,25.0,Centre-Back,600.0,France,1.87,None,right,2025.0
1063470,Thibault Delphis,FC Annecy,22.0,Centre-Back,500.0,France,1.83,None,right,2026.0
1000828,Sidi Bane,FC Annecy,21.0,Centre-Back,400.0,Senegal,1.84,PSM,right,2025.0
1020191,Ismaëlo Ganiou,FC Annecy,20.0,Centre-Back,200.0,France,1.85,HD,right,2025.0
86930,Fabrice N'Sakala,FC Annecy,34.0,Left-Back,100.0,DR Congo,1.79,None,left,2026.0
374039,François Lajugie,FC Annecy,29.0,Right-Back,600.0,France,1.9,Soccer and more,right,2026.0
808846,Julien Kouadio,FC Annecy,25.0,Right-Back,400.0,France,1.75,None,right,2025.0
126699,Vincent Pajot,FC Annecy,34.0,Defensive Midfield,250.0,France,1.8,One Team Football,right,2026.0
73120,Ahmed Kashi,FC Annecy,36.0,Defensive Midfield,200.0,Algeria,1.77,None,right,2027.0
289435,Yohan Demoncy,FC Annecy,29.0,Central Midfield,600.0,France,1.81,None,right,2025.0
816124,Noha Lemina,FC Annecy,19.0,Attacking Midfield,300.0,Gabon,1.68,None,right,2027.0
1305235,Josué Tiendrébéogo,FC Annecy,22.0,Attacking Midfield,250.0,Burkina Faso,1.69,Wasserman,"
                            Aug 6, 2024                        ",2026.0
1052288,Karim Cissé,FC Annecy,20.0,Attacking Midfield,150.0,Guinea,1.75,Wasserman,right,2025.0
1273127,Kilyan Jusseron-Veniere,FC Annecy,18.0,Attacking Midfield,50.0,France,1.85,None,left,2028.0
1088110,Anthony Bermont,FC Annecy,20.0,Left Winger,500.0,France,1.87,YOU FIRST,right,2025.0
579205,Clément Billemaz,FC Annecy,26.0,Left Winger,400.0,France,1.75,Soccer Connect,left,2025.0
803839,Goteh Ntignee,FC Annecy,23.0,Left Winger,50.0,Nigeria,1.72,Wasserman,both,2026.0
775330,Antoine Larose,FC Annecy,32.0,Right Winger,600.0,France,1.82,None,left,2026.0
412091,Kapit Djoco,FC Annecy,29.0,Centre-Forward,600.0,France,1.86,None,right,2026.0
984697,Trévis Dago,FC Annecy,20.0,Centre-Forward,400.0,France,1.83,Darren Dein,right,2025.0
923434,Ranjan Neelakandan,FC Annecy,20.0,Centre-Forward,300.0,Switzerland,1.82,None,"
                            Feb 3, 2025                        ",2028.0
1284766,Quentin Paris,FC Annecy,18.0,Centre-Forward,100.0,France,1.87,LF Sport Management,"
                            Nov 16, 2024                        ",2029.0
331977,François-Joseph Sollacaro,AC Ajaccio,31.0,Goalkeeper,400.0,France,1.82,None,right,2025.0
855050,Ghjuvanni Quilichini,AC Ajaccio,22.0,Goalkeeper,100.0,France,1.82,None,right,2025.0
569388,Clément Vidal,AC Ajaccio,24.0,Centre-Back,700.0,France,1.81,None,right,2025.0
545487,Axel Bamba,AC Ajaccio,25.0,Centre-Back,600.0,Cote d'Ivoire,1.85,None,right,2026.0
935843,Jésah Ayessa,AC Ajaccio,25.0,Centre-Back,500.0,France,1.88,SEG,right,2026.0
1088199,Arsène Kouassi,AC Ajaccio,20.0,Left-Back,800.0,Burkina Faso,1.78,None,left,2027.0
588997,Matthieu Huard,AC Ajaccio,27.0,Left-Back,400.0,France,1.78,None,left,2025.0
550572,Stephen Quemper,AC Ajaccio,32.0,Left-Back,250.0,France,1.78,Kemari,left,2025.0
1004681,Tony Strata,AC Ajaccio,20.0,Right-Back,350.0,Romania,1.77,None,right,2027.0
57482,Mohamed Youssouf,AC Ajaccio,37.0,Right-Back,150.0,Comoros,1.69,None,right,2026.0
449223,Thibault Campanini,AC Ajaccio,26.0,Right-Back,100.0,France,1.79,None,right,2025.0
919236,Everson Jr,AC Ajaccio,21.0,Defensive Midfield,300.0,France,1.78,None,right,2026.0
989826,Mehdi Puch-Herrantz,AC Ajaccio,21.0,Defensive Midfield,200.0,Algeria,1.75,None,right,2027.0
520819,Julien Anziani,AC Ajaccio,25.0,Central Midfield,600.0,France,1.76,None,right,2026.0
18934,Thomas Mangani,AC Ajaccio,38.0,Central Midfield,200.0,France,1.83,Kemari,left,2025.0
284526,Valentin Jacob,AC Ajaccio,30.0,Attacking Midfield,300.0,France,1.71,One Team Football,both,2025.0
149518,Michaël Barreto,AC Ajaccio,34.0,Attacking Midfield,200.0,France,1.75,None,right,2025.0
989819,Ivane Chegra,AC Ajaccio,21.0,Right Winger,150.0,Algeria,1.8,None,right,2027.0
1053240,Moussa Soumano,AC Ajaccio,19.0,Centre-Forward,1000.0,France,1.85,None,right,2026.0
989824,Ben Hamed Touré,AC Ajaccio,21.0,Centre-Forward,400.0,Cote d'Ivoire,1.85,None,right,2026.0
315095,Abou Kanté,AC Ajaccio,30.0,Centre-Forward,350.0,The Gambia,1.84,None,left,2026.0
342701,Benjamin Santelli,AC Ajaccio,33.0,Centre-Forward,250.0,France,1.8,Soccer Connect,left,2026.0
68718,Yoann Touzghar,AC Ajaccio,38.0,Centre-Forward,150.0,Tunisia,1.8,AGJ SP MGMT,right,2025.0
746646,Yannick Etile,FC Martigues,24.0,Goalkeeper,200.0,Martinique,1.93,None,right,2025.0
454149,Yan Marillat,FC Martigues,30.0,Goalkeeper,150.0,France,1.83,None,right,2025.0
585950,Nathanaël Saintini,FC Martigues,24.0,Centre-Back,600.0,Guadeloupe,1.88,None,right,2025.0
780990,Steve Solvet,FC Martigues,29.0,Centre-Back,400.0,Guadeloupe,1.91,None,right,2025.0
691354,Léandro Morante,FC Martigues,28.0,Centre-Back,400.0,France,1.94,None,right,2025.0
170927,Simon Falette,FC Martigues,33.0,Centre-Back,200.0,Guinea,1.85,ND SPORTS MANAGEMENT,left,2025.0
1119795,Luan Gautier,FC Martigues,19.0,Centre-Back,50.0,France,1.83,None,right,None
860051,Ayoub Amraoui,FC Martigues,21.0,Left-Back,1000.0,Morocco,1.84,None,left,2025.0
734756,Akim Djaha,FC Martigues,26.0,Right-Back,300.0,Comoros,1.78,Supernova Management,right,2025.0
801569,Yanis Hadjem,FC Martigues,24.0,Right-Back,250.0,Algeria,1.75,Sport Striker,right,2025.0
587646,Mahamé Siby,FC Martigues,28.0,Defensive Midfield,500.0,Mali,1.92,None,right,2025.0
411440,Francis Kembolo,FC Martigues,34.0,Defensive Midfield,100.0,France,1.66,None,right,2025.0
371143,Milan Robin,FC Martigues,25.0,Central Midfield,500.0,France,1.86,Scuderia,right,2025.0
745210,Mohamed Bamba,FC Martigues,22.0,Central Midfield,300.0,France,1.8,None,right,2025.0
805477,Ilyes Zouaoui,FC Martigues,21.0,Central Midfield,200.0,France,1.83,None,right,2025.0
765758,Samir Belloumou,FC Martigues,31.0,Central Midfield,200.0,France,1.76,None,right,2025.0
209937,Oualid Orinel,FC Martigues,34.0,Central Midfield,100.0,France,1.75,None,"
                            Jul 1, 2021                        ",2025.0
808121,Alain Ipiélé,FC Martigues,27.0,Left Winger,300.0,Congo,1.8,Sport Striker,right,2025.0
345225,Steve Shamal,FC Martigues,29.0,Left Winger,150.0,France,1.82,None,right,2025.0
859536,Oucasse Mendy,FC Martigues,23.0,Right Winger,300.0,France,1.82,Wasserman,left,2025.0
491779,Karim Tlili,FC Martigues,35.0,Right Winger,150.0,France,1.8,None,right,2025.0
398509,Romain Montiel,FC Martigues,30.0,Centre-Forward,250.0,France,1.86,None,right,2025.0
364525,Bevic Moussiti-Oko,FC Martigues,30.0,Centre-Forward,200.0,Congo,1.84,None,right,2025.0
171422,Abdoul Diawara,FC Martigues,34.0,Centre-Forward,100.0,France,1.81,None,right,2025.0
108390,Thibaut Courtois,Real Madrid,33.0,Goalkeeper,25000.0,Belgium,2.0,None,left,2026.0
404839,Andriy Lunin,Real Madrid,26.0,Goalkeeper,20000.0,Ukraine,1.91,Gestifute,right,2030.0
1055220,Fran González,RM Castilla,19.0,Goalkeeper,400.0,Spain,1.99,amk,right,2026.0
401530,Éder Militão,Real Madrid,27.0,Centre-Back,40000.0,Brazil,1.86,None,right,2028.0
935245,Raúl Asencio,Real Madrid,22.0,Centre-Back,30000.0,Spain,1.84,DPO Sports,right,2026.0
86202,Antonio Rüdiger,Real Madrid,32.0,Centre-Back,24000.0,Germany,1.9,HCM Sports ...,right,2026.0
59016,David Alaba,Real Madrid,32.0,Centre-Back,10000.0,Austria,1.8,None,left,2026.0
251896,Jesús Vallejo,Real Madrid,28.0,Centre-Back,1000.0,Spain,1.84,None,right,2025.0
291417,Ferland Mendy,Real Madrid,29.0,Left-Back,18000.0,France,1.8,FAIR SPORT MNG,left,2028.0
341264,Fran García,Real Madrid,25.0,Left-Back,15000.0,Spain,1.69,None,left,2027.0
138927,Daniel Carvajal,Real Madrid,33.0,Right-Back,10000.0,Spain,1.73,None,right,2026.0
221316,Lucas Vázquez,Real Madrid,33.0,Right-Back,3500.0,Spain,1.73,AC Talent,right,2025.0
413112,Aurélien Tchouaméni,Real Madrid,25.0,Defensive Midfield,80000.0,France,1.88,None,right,2028.0
369081,Federico Valverde,Real Madrid,26.0,Central Midfield,130000.0,Uruguay,1.82,Wasserman,right,2029.0
640428,Eduardo Camavinga,Real Madrid,22.0,Central Midfield,70000.0,France,1.82,CAA Stellar,left,2029.0
319745,Dani Ceballos,Real Madrid,28.0,Central Midfield,10000.0,Spain,1.79,None,right,2027.0
27992,Luka Modrić,Real Madrid,39.0,Central Midfield,5000.0,Croatia,1.72,Universal Twenty Two,right,2025.0
581678,Jude Bellingham,Real Madrid,21.0,Attacking Midfield,180000.0,England,1.86,None,right,2029.0
371998,Vinicius Junior,Real Madrid,24.0,Left Winger,200000.0,Brazil,1.76,Roc Nation Sports,right,2027.0
412363,Rodrygo,Real Madrid,24.0,Right Winger,100000.0,Brazil,1.74,None,right,2028.0
861410,Arda Güler,Real Madrid,20.0,Right Winger,45000.0,Türkiye,1.75,None,left,2029.0
314678,Brahim Díaz,Real Madrid,25.0,Right Winger,45000.0,Morocco,1.7,None,both,2027.0
342229,Kylian Mbappé,Real Madrid,26.0,Centre-Forward,170000.0,France,1.78,None,right,2029.0
971570,Endrick,Real Madrid,18.0,Centre-Forward,40000.0,Brazil,1.73,Roc Nation Sports,left,2030.0
74857,Marc-André ter Stegen,Barcelona,33.0,Goalkeeper,15000.0,Germany,1.87,ROOF,right,2028.0
283170,Iñaki Peña,Barcelona,26.0,Goalkeeper,10000.0,Spain,1.84,AC Talent,right,2026.0
44058,Wojciech Szczesny,Barcelona,35.0,Goalkeeper,1000.0,Poland,1.95,CAA Stellar,right,2025.0
962110,Pau Cubarsí,Barcelona,18.0,Centre-Back,70000.0,Spain,1.84,None,right,2029.0
480267,Ronald Araujo,Barcelona,26.0,Centre-Back,50000.0,Uruguay,1.92,Excellence Sport,right,2031.0
196948,Andreas Christensen,Barcelona,29.0,Centre-Back,15000.0,Denmark,1.87,None,right,2026.0
158863,Iñigo Martínez,Barcelona,34.0,Centre-Back,5000.0,Spain,1.82,None,left,2026.0
636688,Alejandro Balde,Barcelona,21.0,Left-Back,60000.0,Spain,1.75,Gestifute,left,2028.0
705395,Gerard Martín,Barcelona,23.0,Left-Back,7500.0,Spain,1.86,None,left,2028.0
411975,Jules Koundé,Barcelona,26.0,Right-Back,60000.0,France,1.8,None,right,2027.0
937955,Héctor Fort,Barcelona,18.0,Right-Back,10000.0,Spain,1.85,AC Talent,right,2026.0
636695,Marc Casadó,Barcelona,21.0,Defensive Midfield,30000.0,Spain,1.72,Wasserman,right,2028.0
1018920,Marc Bernal,Barcelona,17.0,Defensive Midfield,5000.0,Spain,1.91,None,left,2026.0
683840,Pedri,Barcelona,22.0,Central Midfield,120000.0,Spain,1.74,LEADERBROCK,right,2030.0
646740,Gavi,Barcelona,20.0,Central Midfield,70000.0,Spain,1.73,None,right,2030.0
326330,Frenkie de Jong,Barcelona,28.0,Central Midfield,45000.0,Netherlands,1.81,HCM Sports ...,right,2026.0
293385,Dani Olmo,Barcelona,27.0,Attacking Midfield,60000.0,Spain,1.79,Niagara Sports ...,right,2030.0
636703,Fermín López,Barcelona,22.0,Attacking Midfield,50000.0,Spain,1.74,CAA Stellar,right,2029.0
720038,Pablo Torre,Barcelona,22.0,Attacking Midfield,7500.0,Spain,1.73,AC Talent,right,2026.0
411295,Raphinha,Barcelona,28.0,Left Winger,80000.0,Brazil,1.76,None,left,2027.0
466810,Ansu Fati,Barcelona,22.0,Left Winger,5000.0,Spain,1.78,None,right,2027.0
937958,Lamine Yamal,Barcelona,17.0,Right Winger,180000.0,Spain,1.8,Is known - player U18,"
                    Attack - Right Winger                ",2026.0
398184,Ferran Torres,Barcelona,25.0,Centre-Forward,28000.0,Spain,1.84,LEADERBROCK,right,2027.0
38253,Robert Lewandowski,Barcelona,36.0,Centre-Forward,15000.0,Poland,1.85,None,right,2026.0
707572,Pau Víctor,Barcelona,23.0,Centre-Forward,5000.0,Spain,1.84,None,right,2029.0
121483,Jan Oblak,Atlético Madrid,32.0,Goalkeeper,25000.0,Slovenia,1.88,None,right,2028.0
242359,Juan Musso,Atlético Madrid,31.0,Goalkeeper,4000.0,Argentina,1.91,None,right,2025.0
351809,Robin Le Normand,Atlético Madrid,28.0,Centre-Back,40000.0,Spain,1.87,AC Talent,right,2029.0
250845,José María Giménez,Atlético Madrid,30.0,Centre-Back,20000.0,Uruguay,1.85,VIDA 11,right,2028.0
182904,Clément Lenglet,Atlético Madrid,29.0,Centre-Back,7500.0,France,1.86,Wasserman,left,2025.0
35047,Axel Witsel,Atlético Madrid,36.0,Centre-Back,2500.0,Belgium,1.86,AS1,right,2025.0
57500,César Azpilicueta,Atlético Madrid,35.0,Centre-Back,1800.0,Spain,1.78,None,right,2025.0
240692,Reinildo Mandava,Atlético Madrid,31.0,Left-Back,8000.0,Mozambique,1.8,None,left,2025.0
448628,Javi Galán,Atlético Madrid,30.0,Left-Back,4000.0,Spain,1.72,YOU FIRST,left,2026.0
424042,Nahuel Molina,Atlético Madrid,27.0,Right-Back,25000.0,Argentina,1.75,None,right,2027.0
775605,Pablo Barrios,Atlético Madrid,21.0,Central Midfield,50000.0,Spain,1.81,CAA Stellar,right,2028.0
488362,Conor Gallagher,Atlético Madrid,25.0,Central Midfield,40000.0,England,1.82,None,right,2029.0
255901,Rodrigo De Paul,Atlético Madrid,30.0,Central Midfield,25000.0,Argentina,1.8,None,right,2026.0
74229,Koke,Atlético Madrid,33.0,Central Midfield,10000.0,Spain,1.76,None,right,2025.0
282411,Marcos Llorente,Atlético Madrid,30.0,Right Midfield,28000.0,Spain,1.84,None,right,2027.0
205562,Thomas Lemar,Atlético Madrid,29.0,Attacking Midfield,5000.0,France,1.71,Kemari,left,2027.0
694928,Samuel Lino,Atlético Madrid,25.0,Left Winger,25000.0,Brazil,1.77,ADM Esporte,right,2027.0
461617,Rodrigo Riquelme,Atlético Madrid,25.0,Left Winger,18000.0,Spain,1.74,Wasserman,right,2028.0
742201,Giuliano Simeone,Atlético Madrid,22.0,Right Winger,25000.0,Argentina,1.73,AC Talent,right,2028.0
266807,Ángel Correa,Atlético Madrid,30.0,Right Winger,15000.0,Argentina,1.71,None,right,2026.0
576024,Julián Alvarez,Atlético Madrid,25.0,Centre-Forward,90000.0,Argentina,1.7,None,right,2030.0
238407,Alexander Sørloth,Atlético Madrid,29.0,Centre-Forward,25000.0,Norway,1.95,Keypass AS,left,2028.0
125781,Antoine Griezmann,Atlético Madrid,34.0,Centre-Forward,22000.0,France,1.76,None,left,2026.0
625657,Unai Marrero,Real Sociedad,23.0,Goalkeeper,600.0,Spain,1.89,None,right,2027.0
361914,Nayef Aguerd,Real Sociedad,29.0,Centre-Back,25000.0,Morocco,1.9,None,left,2025.0
355628,Igor Zubeldia,Real Sociedad,28.0,Centre-Back,18000.0,Spain,1.81,Wasserman,right,2029.0
580560,Jon Pacheco,Real Sociedad,24.0,Centre-Back,7500.0,Spain,1.84,None,left,2030.0
229804,Aritz Elustondo,Real Sociedad,31.0,Centre-Back,4000.0,Spain,1.8,None,right,2026.0
1018938,Jon Martín,Real Sociedad,19.0,Centre-Back,2000.0,Spain,1.87,None,right,2030.0
568158,Javi López,Real Sociedad,23.0,Left-Back,7500.0,Spain,1.83,None,left,2030.0
517842,Aihen Muñoz,Real Sociedad,27.0,Left-Back,5000.0,Spain,1.75,YOU FIRST,left,2027.0
661145,Jon Aramburu,Real Sociedad,22.0,Right-Back,12000.0,Venezuela,1.76,None,right,2030.0
297070,Hamari Traoré,Real Sociedad,33.0,Right-Back,3000.0,Mali,1.75,None,right,2026.0
280730,Álvaro Odriozola,Real Sociedad,29.0,Right-Back,1200.0,Spain,1.76,None,right,2029.0
423440,Martín Zubimendi,Real Sociedad,26.0,Defensive Midfield,60000.0,Spain,1.81,None,right,2027.0
502722,Luka Sucic,Real Sociedad,22.0,Central Midfield,18000.0,Croatia,1.85,None,left,2029.0
634431,Beñat Turrientes,Real Sociedad,23.0,Central Midfield,16000.0,Spain,1.81,None,right,2030.0
625660,Jon Ander Olasagasti,Real Sociedad,24.0,Central Midfield,2500.0,Spain,1.76,None,left,2027.0
309110,Brais Méndez,Real Sociedad,28.0,Attacking Midfield,28000.0,Spain,1.84,InterStarDeporte,left,2028.0
555143,Arsen Zakharyan,Real Sociedad,21.0,Attacking Midfield,15000.0,Russia,1.83,None,right,2029.0
907813,Pablo Marín,Real Sociedad,21.0,Attacking Midfield,3000.0,Spain,1.78,InterStarDeporte,right,2028.0
616369,Ander Barrenetxea,Real Sociedad,23.0,Left Winger,18000.0,Spain,1.75,Wasserman,right,2030.0
188888,Sheraldo Becker,Real Sociedad,30.0,Left Winger,4000.0,Suriname,1.8,Sports360 GmbH,right,2026.0
405398,Takefusa Kubo,Real Sociedad,23.0,Right Winger,40000.0,Japan,1.73,None,left,2029.0
366930,Sergio Gómez,Real Sociedad,24.0,Right Winger,20000.0,Spain,1.71,SEG,left,2030.0
351478,Mikel Oyarzabal,Real Sociedad,28.0,Centre-Forward,30000.0,Spain,1.81,None,left,2028.0
660438,Orri Óskarsson,Real Sociedad,20.0,Centre-Forward,18000.0,Iceland,1.86,CAA Stellar,right,2030.0
262396,Unai Simón,Athletic,27.0,Goalkeeper,28000.0,Spain,1.9,CAA Stellar,right,2029.0
625014,Julen Agirrezabala,Athletic,24.0,Goalkeeper,15000.0,Spain,1.87,YOU FIRST,left,2027.0
524000,Dani Vivian,Athletic,25.0,Centre-Back,40000.0,Spain,1.84,None,right,2032.0
591916,Aitor Paredes,Athletic,25.0,Centre-Back,22000.0,Spain,1.85,CAA Stellar,right,2029.0
255488,Yeray Álvarez,Athletic,30.0,Centre-Back,7500.0,Spain,1.82,None,right,2026.0
338285,Unai Núñez,Athletic,28.0,Centre-Back,3000.0,Spain,1.86,LEADERBROCK,right,2025.0
710671,Adama Boiro,Athletic,22.0,Left-Back,2500.0,Spain,1.83,None,left,2029.0
61812,Yuri Berchiche,Athletic,35.0,Left-Back,1500.0,Spain,1.81,None,left,2026.0
289255,Andoni Gorosabel,Athletic,28.0,Right-Back,5000.0,Spain,1.74,None,right,2028.0
255501,Iñigo Lekue,Athletic,32.0,Right-Back,2500.0,Spain,1.8,None,right,2025.0
96718,Óscar de Marcos,Athletic,36.0,Right-Back,1500.0,Spain,1.82,None,right,2025.0
300168,Mikel Vesga,Athletic,32.0,Defensive Midfield,3000.0,Spain,1.91,None,left,2027.0
625047,Beñat Prados,Athletic,24.0,Central Midfield,18000.0,Spain,1.8,CAA Stellar,right,2031.0
126751,Iñigo Ruiz de Galarreta,Athletic,31.0,Central Midfield,4000.0,Spain,1.75,None,right,2026.0
571020,Oihan Sancet,Athletic,25.0,Attacking Midfield,60000.0,Spain,1.88,None,right,2032.0
834752,Unai Gómez,Athletic,21.0,Attacking Midfield,6000.0,Spain,1.83,None,left,2028.0
1056966,Peio Canales,Bilbao Athletic,20.0,Attacking Midfield,500.0,Spain,1.75,Podium Trade,right,2027.0
709187,Nico Williams,Athletic,22.0,Left Winger,70000.0,Spain,1.81,None,right,2027.0
338425,Álex Berenguer,Athletic,29.0,Left Winger,12000.0,Spain,1.75,YOU FIRST,right,2027.0
671649,Álvaro Djaló,Athletic,25.0,Left Winger,8000.0,Spain,1.75,Niagara Sports ...,right,2029.0
255508,Iñaki Williams,Athletic,30.0,Right Winger,20000.0,Ghana,1.86,None,right,2028.0
340205,Gorka Guruzeta,Athletic,28.0,Centre-Forward,12000.0,Spain,1.88,YOU FIRST,right,2028.0
1054934,Maroan Sannadi,Athletic,24.0,Centre-Forward,5000.0,Spain,1.92,EGGO Asesores ...,right,2029.0
341713,Diego Conde,Villarreal,26.0,Goalkeeper,10000.0,Spain,1.88,None,right,2029.0
712107,Luiz Júnior,Villarreal,24.0,Goalkeeper,5000.0,Brazil,1.92,None,left,2030.0
547248,Iker Álvarez,Villarreal CF B,23.0,Goalkeeper,800.0,Andorra,1.9,AS1,right,2026.0
484988,Logan Costa,Villarreal,24.0,Centre-Back,15000.0,Cape Verde,1.9,None,right,2030.0
780630,Willy Kambwala,Villarreal,20.0,Centre-Back,4000.0,France,1.92,Darren Dein,right,2029.0
286384,Eric Bailly,Villarreal,31.0,Centre-Back,2500.0,Cote d'Ivoire,1.87,LIAN Sports Group,right,2025.0
15452,Raúl Albiol,Villarreal,39.0,Centre-Back,1300.0,Spain,1.9,RGFOOTBALL,right,2025.0
1061336,Pau Navarro,Villarreal,20.0,Centre-Back,1000.0,Spain,1.85,None,right,2030.0
678406,Sergi Cardona,Villarreal,25.0,Left-Back,8000.0,Spain,1.86,Dupla Piqué & ...,both,2027.0
356197,Alfonso Pedraza,Villarreal,29.0,Left-Back,2500.0,Spain,1.84,LEADERBROCK,left,2026.0
480763,Juan Foyth,Villarreal,27.0,Right-Back,10000.0,Argentina,1.87,None,right,2026.0
76467,Kiko Femenía,Villarreal,34.0,Right-Back,1200.0,Spain,1.74,Goal Management,right,2025.0
380598,Santi Comesaña,Villarreal,28.0,Central Midfield,8000.0,Spain,1.88,None,both,2028.0
59561,Dani Parejo,Villarreal,36.0,Central Midfield,2000.0,Spain,1.82,AC Talent,right,2026.0
165007,Denis Suárez,Villarreal,31.0,Attacking Midfield,1300.0,Spain,1.76,None,right,2026.0
548111,Álex Baena,Villarreal,23.0,Left Winger,50000.0,Spain,1.74,CAA Stellar,right,2028.0
568157,Yéremy Pino,Villarreal,22.0,Right Winger,30000.0,Spain,1.72,CAA Stellar,right,2027.0
709969,Ilias Akhomach,Villarreal,21.0,Right Winger,15000.0,Morocco,1.75,None,left,2026.0
638793,Tajon Buchanan,Villarreal,26.0,Right Winger,6000.0,Canada,1.83,None,right,2025.0
343052,Nicolas Pépé,Villarreal,29.0,Right Winger,6000.0,Cote d'Ivoire,1.83,BS Group - BS Law,left,2026.0
937941,Thierno Barry,Villarreal,22.0,Centre-Forward,14000.0,France,1.95,ROOF,right,2029.0
246968,Ayoze Pérez,Villarreal,31.0,Centre-Forward,10000.0,Spain,1.78,BOIM FOOTBALL ...,right,2028.0
177467,Gerard Moreno,Villarreal,33.0,Centre-Forward,5000.0,Spain,1.8,YOU FIRST,left,2027.0
502676,Giorgi Mamardashvili,Valencia,24.0,Goalkeeper,30000.0,Georgia,1.97,Free Football,left,2025.0
165467,Stole Dimitrievski,Valencia,31.0,Goalkeeper,3000.0,North Macedonia,1.88,AS1,right,2026.0
227805,Jaume Doménech,Valencia,34.0,Goalkeeper,600.0,Spain,1.85,Wasserman,right,2025.0
646750,Cristhian Mosquera,Valencia,20.0,Centre-Back,30000.0,Spain,1.91,None,right,2026.0
895334,Yarek Gasiorowski,Valencia,20.0,Centre-Back,12000.0,Spain,1.92,All Iron Sports,left,2027.0
707274,César Tárrega,Valencia,23.0,Centre-Back,6000.0,Spain,1.94,Wasserman,right,2028.0
346289,Mouctar Diakhaby,Valencia,28.0,Centre-Back,2000.0,Guinea,1.92,VV Consulting,right,2027.0
221322,José Gayà,Valencia,29.0,Left-Back,15000.0,Spain,1.72,None,left,2027.0
623024,Jesús Vázquez,Valencia,22.0,Left-Back,3000.0,Spain,1.82,LEADERBROCK,left,2026.0
471690,Max Aarons,Valencia,25.0,Right-Back,12000.0,England,1.77,ROOF,right,2025.0
367466,Thierry Correia,Valencia,26.0,Right-Back,6000.0,Portugal,1.76,Gestifute,right,2026.0
170472,Dimitri Foulquier,Valencia,32.0,Right-Back,2000.0,Guadeloupe,1.83,None,right,2025.0
328480,Pepelu,Valencia,26.0,Defensive Midfield,12000.0,Spain,1.86,Wasserman,right,2028.0
671915,Enzo Barrenechea,Valencia,24.0,Defensive Midfield,7500.0,Argentina,1.86,SP,right,2025.0
495629,Hugo Guillamón,Valencia,25.0,Defensive Midfield,5000.0,Spain,1.78,InterStarDeporte,right,2026.0
834764,Javi Guerra,Valencia,22.0,Central Midfield,20000.0,Spain,1.87,None,right,2027.0
375382,André Almeida,Valencia,24.0,Attacking Midfield,8000.0,Portugal,1.76,All Iron Sports,right,2028.0
610335,Iván Jaime,Valencia,24.0,Attacking Midfield,7000.0,Spain,1.8,CAA Stellar,right,2025.0
941883,Martín Tejón,Valencia B,21.0,Attacking Midfield,500.0,Spain,1.65,AS1,right,2026.0
278837,Luis Rioja,Valencia,31.0,Left Winger,2000.0,Spain,1.76,AS1,left,2026.0
251845,Sergi Canós,Valencia,28.0,Left Winger,1500.0,Spain,1.77,None,right,2027.0
617081,Diego López,Valencia,23.0,Right Winger,10000.0,Spain,1.72,None,right,2027.0
622988,Fran Pérez,Valencia,22.0,Right Winger,4000.0,Spain,1.76,Wasserman,right,2026.0
573775,Hugo Duro,Valencia,25.0,Centre-Forward,10000.0,Spain,1.77,None,left,2028.0
337715,Umar Sadiq,Valencia,28.0,Centre-Forward,5000.0,Nigeria,1.91,AS1,right,2025.0
361254,Rafa Mir,Valencia,27.0,Centre-Forward,800.0,Spain,1.91,None,right,2025.0
195488,Paulo Gazzaniga,Girona,33.0,Goalkeeper,3500.0,Argentina,1.95,None,right,2027.0
1169436,Vladyslav Krapyvtsov,Girona,19.0,Goalkeeper,200.0,Ukraine,1.88,ProStar,right,2029.0
120705,Juan Carlos,Girona,37.0,Goalkeeper,100.0,Spain,1.87,None,"
                            Jul 1, 2019                        ",2025.0
345911,Ladislav Krejci,Girona,26.0,Centre-Back,12000.0,Czech Republic,1.91,SEG,left,2029.0
129444,David López,Girona,35.0,Centre-Back,2000.0,Spain,1.85,None,right,2026.0
12282,Daley Blind,Girona,35.0,Centre-Back,2000.0,Netherlands,1.8,SEG,left,2026.0
115333,Juanpe,Girona,34.0,Centre-Back,900.0,Spain,1.9,None,right,2025.0
525299,Miguel Gutiérrez,Girona,23.0,Left-Back,25000.0,Spain,1.8,Wasserman,left,2027.0
826224,Arnau Martínez,Girona,22.0,Right-Back,10000.0,Spain,1.82,None,right,2027.0
632896,Alejandro Francés,Girona,22.0,Right-Back,2500.0,Spain,1.82,None,right,2029.0
362842,Arthur Melo,Girona,28.0,Defensive Midfield,5000.0,Brazil,1.72,P&P Sport ...,right,2025.0
66100,Oriol Romeu,Girona,33.0,Defensive Midfield,1800.0,Spain,1.83,None,right,2025.0
378293,Yangel Herrera,Girona,27.0,Central Midfield,20000.0,Venezuela,1.84,None,right,2027.0
288255,Donny van de Beek,Girona,28.0,Central Midfield,7500.0,Netherlands,1.84,PUM,right,2028.0
742521,Jhon Solís,Girona,20.0,Central Midfield,3500.0,Colombia,1.86,None,right,2028.0
341278,Iván Martín,Girona,26.0,Attacking Midfield,10000.0,Spain,1.78,Goal Management,left,2028.0
646698,Gabriel Misehouy,Girona,19.0,Attacking Midfield,1000.0,Netherlands,1.73,None,right,2028.0
537382,Bryan Gil,Girona,24.0,Left Winger,15000.0,Spain,1.75,None,left,2025.0
355861,Arnaut Danjuma,Girona,28.0,Left Winger,5000.0,Netherlands,1.78,PANTHERA,right,2025.0
1108203,Min-su Kim,Girona FC B,19.0,Left Winger,1000.0,"Korea, South",1.77,CAA Stellar,right,2027.0
857818,Yáser Asprilla,Girona,21.0,Right Winger,18000.0,Colombia,1.76,None,left,2030.0
99353,Portu,Girona,33.0,Right Winger,2500.0,Spain,1.67,Wasserman,right,2027.0
340376,Abel Ruiz,Girona,25.0,Centre-Forward,6000.0,Spain,1.82,None,right,2029.0
476219,Bojan Miovski,Girona,25.0,Centre-Forward,3000.0,North Macedonia,1.89,None,left,2028.0
59323,Cristhian Stuani,Girona,38.0,Centre-Forward,1200.0,Uruguay,1.84,None,right,2026.0
453704,Álvaro Fernández,Sevilla FC,27.0,Goalkeeper,2500.0,Spain,1.85,Dupla Piqué & ...,right,2026.0
73517,Ørjan Nyland,Sevilla FC,34.0,Goalkeeper,1000.0,Norway,1.92,Solbakken / Player ...,right,2026.0
730581,Loïc Badé,Sevilla FC,25.0,Centre-Back,30000.0,France,1.91,S.O.M FOOTBALL,right,2029.0
766583,Kike Salas,Sevilla FC,23.0,Centre-Back,8000.0,Spain,1.88,YOU FIRST,left,2029.0
439022,Marcão,Sevilla FC,28.0,Centre-Back,3000.0,Brazil,1.85,None,left,2027.0
538996,Tanguy Nianzou,Sevilla FC,22.0,Centre-Back,3000.0,France,1.91,VV Consulting,right,2027.0
882710,Ramón Martínez,Sevilla Atl.,22.0,Centre-Back,250.0,Spain,1.85,YOU FIRST,right,2027.0
501418,Adrià Pedrosa,Sevilla FC,27.0,Left-Back,7000.0,Spain,1.72,None,left,2028.0
711625,José Ángel Carmona,Sevilla FC,23.0,Right-Back,12000.0,Spain,1.84,amk,right,2028.0
676042,Juanlu Sánchez,Sevilla FC,21.0,Right-Back,12000.0,Spain,1.86,AS1,right,2029.0
569384,Lucien Agoumé,Sevilla FC,23.0,Defensive Midfield,7000.0,France,1.85,ND SPORTS MANAGEMENT,right,2028.0
74294,Nemanja Gudelj,Sevilla FC,33.0,Defensive Midfield,3500.0,Serbia,1.87,AS1,right,2026.0
381967,Albert Sambi Lokonga,Sevilla FC,25.0,Central Midfield,9000.0,Belgium,1.83,None,right,2025.0
212723,Djibril Sow,Sevilla FC,28.0,Central Midfield,7500.0,Switzerland,1.84,Signature - ISCM AG,right,2028.0
148928,Saúl Ñíguez,Sevilla FC,30.0,Central Midfield,3500.0,Spain,1.84,CAA Stellar,left,2025.0
766723,Manu Bueno,Sevilla Atl.,20.0,Central Midfield,1500.0,Spain,1.78,YOU FIRST,left,2026.0
743387,Stanis Idumbo,Sevilla FC,19.0,Attacking Midfield,2500.0,Belgium,1.71,None,right,2028.0
345886,Rubén Vargas,Sevilla FC,26.0,Left Winger,7000.0,Switzerland,1.79,ROOF,right,2029.0
500067,Chidera Ejuke,Sevilla FC,27.0,Left Winger,6000.0,Nigeria,1.76,Aneke/PMG,right,2027.0
303259,Dodi Lukébakio,Sevilla FC,27.0,Right Winger,25000.0,Belgium,1.87,None,left,2028.0
111961,Suso,Sevilla FC,31.0,Right Winger,2500.0,Spain,1.77,AS1,left,2025.0
639733,Peque Fernández,Sevilla FC,22.0,Second Striker,3500.0,Spain,1.72,None,right,2028.0
687609,Isaac Romero,Sevilla FC,25.0,Centre-Forward,10000.0,Spain,1.83,AS1,left,2028.0
607034,Akor Adams,Sevilla FC,25.0,Centre-Forward,7500.0,Nigeria,1.9,Aneke/PMG,right,2029.0
1305792,García Pascual,Sevilla Atl.,22.0,Centre-Forward,250.0,Spain,1.9,Niagara Sports ...,right,2025.0
551182,Fran Vieites,Real Betis,26.0,Goalkeeper,800.0,Spain,1.96,None,left,2026.0
71271,Adrián,Real Betis,38.0,Goalkeeper,500.0,Spain,1.9,None,right,2026.0
735568,Natan,Real Betis,24.0,Centre-Back,9000.0,Brazil,1.88,None,left,2025.0
246291,Diego Llorente,Real Betis,31.0,Centre-Back,6000.0,Spain,1.86,None,right,2028.0
99922,Marc Bartra,Real Betis,34.0,Centre-Back,1000.0,Spain,1.84,InterStarDeporte,right,2027.0
318523,Romain Perraud,Real Betis,27.0,Left-Back,5000.0,France,1.73,Unique Sports Group,left,2029.0
86784,Ricardo Rodríguez,Real Betis,32.0,Left-Back,2500.0,Switzerland,1.82,None,left,2026.0
378139,Aitor Ruibal,Real Betis,29.0,Right-Back,3500.0,Spain,1.76,None,right,2028.0
191217,Héctor Bellerín,Real Betis,30.0,Right-Back,3000.0,Spain,1.78,Goal Management,right,2028.0
933908,Ángel Ortiz,Real Betis,20.0,Right-Back,2500.0,Spain,1.67,None,right,2025.0
135492,Youssouf Sabaly,Real Betis,32.0,Right-Back,2000.0,Senegal,1.73,HCM Sports ...,right,2026.0
689505,Johnny Cardoso,Real Betis,23.0,Defensive Midfield,20000.0,United States,1.86,AIS Football,right,2030.0
336869,Marc Roca,Real Betis,28.0,Defensive Midfield,8000.0,Spain,1.84,AS1,left,2029.0
100131,William Carvalho,Real Betis,33.0,Defensive Midfield,2000.0,Portugal,1.87,None,right,2026.0
348795,Giovani Lo Celso,Real Betis,29.0,Central Midfield,20000.0,Argentina,1.77,DCGLOBALSL,left,2028.0
466801,Sergi Altimira,Real Betis,23.0,Central Midfield,10000.0,Spain,1.88,None,right,2029.0
1061283,Mateo Flores,Betis Deportivo,21.0,Central Midfield,1000.0,Spain,1.78,None,"
                            Jul 1, 2023                        ",2029.0
357885,Pablo Fornals,Real Betis,29.0,Attacking Midfield,6000.0,Spain,1.78,None,right,2029.0
85288,Isco,Real Betis,33.0,Attacking Midfield,6000.0,Spain,1.76,Gestifute,right,2027.0
724520,Abde Ezzalzouli,Real Betis,23.0,Left Winger,12000.0,Morocco,1.77,None,right,2029.0
1190411,Jesús Rodríguez,Real Betis,19.0,Left Winger,10000.0,Spain,1.85,All Iron Sports,right,2029.0
602105,Antony,Real Betis,25.0,Right Winger,20000.0,Brazil,1.72,None,left,2025.0
459463,Cucho Hernández,Real Betis,26.0,Centre-Forward,18000.0,Colombia,1.76,YOU FIRST,right,2030.0
167721,Chimy Ávila,Real Betis,31.0,Centre-Forward,2500.0,Argentina,1.72,None,right,2027.0
127048,Cédric Bakambu,Real Betis,34.0,Centre-Forward,1800.0,DR Congo,1.82,AS1,right,2026.0
357770,Dinko Horkas,UD Las Palmas,26.0,Goalkeeper,1200.0,Croatia,1.89,Top Sport Medium,right,2028.0
146227,Jasper Cillessen,UD Las Palmas,36.0,Goalkeeper,900.0,Netherlands,1.87,SEG,right,2026.0
617060,Mika Mármol,UD Las Palmas,23.0,Centre-Back,12000.0,Spain,1.81,None,left,2026.0
255906,Scott McKenna,UD Las Palmas,28.0,Centre-Back,5000.0,Scotland,1.89,Wasserman,left,2027.0
1146029,Juanma Herzog,UD Las Palmas,21.0,Centre-Back,1500.0,Spain,1.86,Niagara Sports ...,right,2025.0
510396,Alex Suárez,UD Las Palmas,32.0,Centre-Back,1000.0,Spain,1.8,Wasserman,right,2026.0
243760,Álex Muñoz,UD Las Palmas,30.0,Left-Back,1200.0,Spain,1.87,None,left,2026.0
494236,Andy Pelmard,UD Las Palmas,25.0,Right-Back,2500.0,France,1.8,Team Raiola,right,2025.0
438971,Viti Rozada,UD Las Palmas,27.0,Right-Back,2500.0,Spain,1.72,None,right,2027.0
603940,Marvin Park,UD Las Palmas,24.0,Right-Back,1500.0,Spain,1.77,None,right,2028.0
864799,Stefan Bajcetic,UD Las Palmas,20.0,Defensive Midfield,9000.0,Spain,1.85,ROOF,right,2025.0
581781,Enzo Loiodice,UD Las Palmas,24.0,Central Midfield,1500.0,France,1.77,SAgency,left,2026.0
120095,José Campaña,UD Las Palmas,31.0,Central Midfield,1000.0,Spain,1.79,None,right,2025.0
733576,Alberto Moleiro,UD Las Palmas,21.0,Attacking Midfield,25000.0,Spain,1.71,BOIM FOOTBALL ...,right,2026.0
566574,Kirian Rodríguez,UD Las Palmas,29.0,Attacking Midfield,12000.0,Spain,1.78,Wasserman,right,2028.0
511021,Manu Fuster,UD Las Palmas,27.0,Left Winger,1500.0,Spain,1.69,None,right,2028.0
282672,Benito Ramírez,UD Las Palmas,29.0,Left Winger,800.0,Spain,1.79,None,left,2025.0
177847,Adnan Januzaj,UD Las Palmas,30.0,Right Winger,1200.0,Belgium,1.86,AS1,left,2025.0
505653,Fábio Silva,UD Las Palmas,22.0,Centre-Forward,20000.0,Portugal,1.85,None,right,2025.0
298477,Oli McBurnie,UD Las Palmas,28.0,Centre-Forward,2500.0,Scotland,1.88,CAA Stellar,right,2027.0
199369,Sandro Ramírez,UD Las Palmas,29.0,Centre-Forward,2500.0,Spain,1.74,Wasserman,right,2026.0
443222,Marc Cardona,UD Las Palmas,29.0,Centre-Forward,900.0,Spain,1.82,Sp international,right,2026.0
227961,Jaime Mata,UD Las Palmas,36.0,Centre-Forward,600.0,Spain,1.86,None,right,2025.0
248738,Sergio Herrera,CA Osasuna,31.0,Goalkeeper,4000.0,Spain,1.92,YOU FIRST,right,2026.0
118997,Aitor Fernández,CA Osasuna,34.0,Goalkeeper,1500.0,Spain,1.82,None,right,2027.0
541555,Enzo Boyomo,CA Osasuna,23.0,Centre-Back,20000.0,Cameroon,1.84,InterStarDeporte,right,2029.0
555500,Jorge Herrando,CA Osasuna,24.0,Centre-Back,4000.0,Spain,1.92,None,left,2027.0
449796,Alejandro Catena,CA Osasuna,30.0,Centre-Back,4000.0,Spain,1.94,None,right,2028.0
197122,Unai García,CA Osasuna,33.0,Centre-Back,1000.0,Spain,1.86,None,right,2025.0
658115,Abel Bretones,CA Osasuna,24.0,Left-Back,3000.0,Spain,1.88,None,left,2029.0
169497,Juan Cruz,CA Osasuna,32.0,Left-Back,1800.0,Spain,1.82,None,left,2026.0
488626,Jesús Areso,CA Osasuna,25.0,Right-Back,8000.0,Spain,1.82,LIAN Sports Group,right,2026.0
238868,Rubén Peña,CA Osasuna,33.0,Right-Back,1800.0,Spain,1.7,None,right,2025.0
213670,Lucas Torró,CA Osasuna,30.0,Defensive Midfield,3500.0,Spain,1.9,None,right,2027.0
710677,Iker Muñoz,CA Osasuna,22.0,Defensive Midfield,3000.0,Spain,1.8,None,right,2027.0
552425,Jon Moncayola,CA Osasuna,27.0,Central Midfield,7000.0,Spain,1.82,None,right,2031.0
785353,Pablo Ibáñez,CA Osasuna,26.0,Central Midfield,2300.0,Spain,1.79,None,right,2025.0
634131,Aimar Oroz,CA Osasuna,23.0,Attacking Midfield,15000.0,Spain,1.77,None,right,2029.0
713644,Bryan Zaragoza,CA Osasuna,23.0,Left Winger,12000.0,Spain,1.64,None,right,2025.0
175449,Moi Gómez,CA Osasuna,30.0,Left Winger,3000.0,Spain,1.76,InterStarDeporte,right,2027.0
364603,José Manuel Arnáiz,CA Osasuna,30.0,Left Winger,1800.0,Spain,1.73,C14 Sport,right,2025.0
213260,Rubén García,CA Osasuna,31.0,Right Winger,2000.0,Spain,1.72,None,left,2026.0
298575,Kike Barja,CA Osasuna,28.0,Right Winger,1800.0,Spain,1.79,YOU FIRST,right,2026.0
46413,Ante Budimir,CA Osasuna,33.0,Centre-Forward,5000.0,Croatia,1.9,None,left,2027.0
631002,Raúl García,CA Osasuna,24.0,Centre-Forward,3500.0,Spain,1.92,None,right,2028.0
297194,Iván Villar,Celta de Vigo,27.0,Goalkeeper,900.0,Spain,1.86,AS1,right,2027.0
64399,Vicente Guaita,Celta de Vigo,38.0,Goalkeeper,800.0,Spain,1.9,None,right,2025.0
1076815,Javi Rodríguez,Celta de Vigo,21.0,Centre-Back,10000.0,Spain,1.78,None,right,2028.0
258987,Carl Starfelt,Celta de Vigo,29.0,Centre-Back,6000.0,Sweden,1.87,None,right,2027.0
636093,Carlos Domínguez,Celta de Vigo,24.0,Centre-Back,2500.0,Spain,1.87,IGdreamsfootball,left,2026.0
939374,Yoel Lago,Celta Fortuna,21.0,Centre-Back,200.0,Spain,1.85,Universal Twenty Two,right,2027.0
112515,Marcos Alonso,Celta de Vigo,34.0,Left-Back,1800.0,Spain,1.88,LIAN Sports Group,left,2025.0
271455,Mihailo Ristic,Celta de Vigo,29.0,Left-Back,900.0,Serbia,1.8,AC Talent,left,2026.0
331505,Óscar Mingueza,Celta de Vigo,26.0,Right-Back,20000.0,Spain,1.84,None,right,2026.0
545647,Sergio Carreira,Celta de Vigo,24.0,Right-Back,3000.0,Spain,1.7,None,right,2025.0
162029,Javier Manquillo,Celta de Vigo,31.0,Right-Back,1800.0,Spain,1.78,CAA Stellar,right,2025.0
715628,Damián Rodríguez,Celta de Vigo,22.0,Defensive Midfield,3000.0,Spain,1.8,Universal Twenty Two,left,2028.0
366948,Jailson,Celta de Vigo,29.0,Defensive Midfield,1500.0,Brazil,1.87,None,right,2025.0
423444,Fran Beltrán,Celta de Vigo,26.0,Central Midfield,6000.0,Spain,1.65,InterStarDeporte,right,2026.0
892221,Hugo Sotelo,Celta de Vigo,21.0,Central Midfield,5000.0,Spain,1.8,LIAN Sports Group,right,2028.0
617074,Ilaix Moriba,Celta de Vigo,22.0,Central Midfield,4000.0,Guinea,1.85,AS1,right,2025.0
892929,Hugo Álvarez,Celta de Vigo,21.0,Left Winger,7500.0,Spain,1.76,ROOF,right,2028.0
764859,Williot Swedberg,Celta de Vigo,21.0,Left Winger,5000.0,Sweden,1.87,Nordic Sky,right,2027.0
357628,Alfon González,Celta de Vigo,26.0,Left Winger,2000.0,Spain,1.72,None,"
                            Jul 1, 2024                        ",2025.0
341110,Franco Cervi,Celta de Vigo,30.0,Left Winger,900.0,Argentina,1.66,Wasserman,left,2026.0
1064471,Fer López,Celta Fortuna,20.0,Right Winger,1500.0,Spain,1.88,Gestifute,left,2028.0
632741,Iker Losada,Celta de Vigo,23.0,Second Striker,1800.0,Spain,1.75,IGdreamsfootball,right,2025.0
905997,Pablo Durán,Celta de Vigo,23.0,Centre-Forward,3500.0,Spain,1.76,None,right,2027.0
278359,Borja Iglesias,Celta de Vigo,32.0,Centre-Forward,3000.0,Spain,1.87,None,right,2025.0
72047,Iago Aspas,Celta de Vigo,37.0,Centre-Forward,2500.0,Spain,1.76,None,left,2026.0
561613,Joan García,Espanyol,24.0,Goalkeeper,20000.0,Spain,1.91,Niagara Sports ...,right,2028.0
172015,Fernando Pacheco,Espanyol,33.0,Goalkeeper,900.0,Spain,1.87,Dupla Piqué & ...,left,2026.0
628487,Ángel Fortuño,Espanyol,23.0,Goalkeeper,300.0,Spain,1.83,None,right,2027.0
371371,Marash Kumbulla,Espanyol,25.0,Centre-Back,6000.0,Albania,1.91,None,right,2025.0
357884,Fernando Calero,Espanyol,29.0,Centre-Back,1500.0,Spain,1.84,None,right,2026.0
102423,Leandro Cabrera,Espanyol,33.0,Centre-Back,1000.0,Uruguay,1.9,None,left,2025.0
92947,Sergi Gómez,Espanyol,33.0,Centre-Back,900.0,Spain,1.85,Unique Sports Group,right,2025.0
629511,Pablo Ramón,Espanyol,23.0,Centre-Back,200.0,Spain,1.84,None,right,2028.0
709372,Carlos Romero,Espanyol,23.0,Left-Back,3000.0,Spain,1.74,LEADERBROCK,left,2025.0
166677,Brian Oliván,Espanyol,31.0,Left-Back,2000.0,Spain,1.75,AS1,left,2025.0
822331,Omar El Hilali,Espanyol,21.0,Right-Back,10000.0,Morocco,1.83,AS1,right,2027.0
290273,Álvaro Tejero,Espanyol,28.0,Right-Back,2000.0,Spain,1.74,None,both,2025.0
625651,Urko González de Zárate,Espanyol,24.0,Defensive Midfield,1500.0,Spain,1.89,None,right,2025.0
337333,Alex Král,Espanyol,27.0,Central Midfield,6000.0,Czech Republic,1.86,None,right,2025.0
412045,Pol Lozano,Espanyol,25.0,Central Midfield,4000.0,Spain,1.76,None,right,2027.0
557147,José Gragera,Espanyol,25.0,Central Midfield,2000.0,Spain,1.86,None,right,2028.0
449496,Álvaro Aguado,Espanyol,29.0,Central Midfield,2000.0,Spain,1.75,YOU FIRST,right,2025.0
506248,Edu Expósito,Espanyol,28.0,Central Midfield,1500.0,Spain,1.78,AS1,right,2027.0
904712,Justin Smith,RCD Espanyol B,22.0,Central Midfield,300.0,Canada,1.89,Wasserman,right,2026.0
1178721,Rafel Bauzà,RCD Espanyol B,20.0,Central Midfield,200.0,Spain,1.83,None,right,2028.0
408471,Javi Puado,Espanyol,26.0,Left Winger,8000.0,Spain,1.77,DCGLOBALSL,right,2025.0
225593,Pere Milla,Espanyol,32.0,Left Winger,1500.0,Spain,1.8,EGGO Asesores ...,left,2027.0
628498,Jofre Carreras,Espanyol,23.0,Right Winger,4000.0,Spain,1.75,LIAN Sports Group,right,2029.0
834744,Antoniu Roca,Espanyol,22.0,Right Winger,1500.0,Spain,1.8,Unique Sports Group,right,2026.0
720518,Roberto Fernández,Espanyol,22.0,Centre-Forward,4000.0,Spain,1.86,Niagara Sports ...,right,2025.0
521407,Walid Cheddira,Espanyol,27.0,Centre-Forward,3000.0,Morocco,1.87,None,right,2025.0
888493,Alejo Veliz,Espanyol,21.0,Centre-Forward,2800.0,Argentina,1.86,None,right,2025.0
316884,Dominik Greif,RCD Mallorca,28.0,Goalkeeper,6000.0,Slovakia,1.97,Stars & Friends,right,2026.0
562742,Leo Román,RCD Mallorca,24.0,Goalkeeper,2500.0,Spain,1.89,None,right,2026.0
27493,Iván Cuéllar,RCD Mallorca,40.0,Goalkeeper,100.0,Spain,1.87,None,left,2025.0
277384,Martin Valjent,RCD Mallorca,29.0,Centre-Back,6000.0,Slovakia,1.87,None,right,2029.0
520840,José Copete,RCD Mallorca,25.0,Centre-Back,2800.0,Spain,1.9,YOU FIRST,left,2026.0
278296,Antonio Raíllo,RCD Mallorca,33.0,Centre-Back,2000.0,Spain,1.87,AS1,"
                            Jul 1, 2016                        ",2026.0
947431,David López,RCD Mallorca,22.0,Centre-Back,500.0,Spain,1.95,LIAN Sports Group,"
                            Jan 31, 2024                        ",2027.0
262939,Johan Mojica,RCD Mallorca,32.0,Left-Back,2200.0,Colombia,1.85,LF Sport Management,left,2027.0
320271,Toni Lato,RCD Mallorca,27.0,Left-Back,2000.0,Spain,1.71,None,left,2027.0
251876,Pablo Maffeo,RCD Mallorca,27.0,Right-Back,5000.0,Argentina,1.72,AS1,right,2027.0
388513,Mateu Morey,RCD Mallorca,25.0,Right-Back,800.0,Spain,1.73,Goal Management,right,2025.0
142031,Omar Mascarell,RCD Mallorca,32.0,Defensive Midfield,900.0,Equatorial Guinea,1.81,LEADERBROCK,right,2026.0
142021,Sergi Darder,RCD Mallorca,31.0,Central Midfield,4000.0,Spain,1.8,LIAN Sports Group,right,2028.0
335225,Manu Morlanes,RCD Mallorca,26.0,Central Midfield,2500.0,Spain,1.78,Goal Management,right,2028.0
513031,Antonio Sánchez,RCD Mallorca,28.0,Central Midfield,2500.0,Spain,1.79,LIAN Sports Group,right,2027.0
563137,Robert Navarro,RCD Mallorca,23.0,Attacking Midfield,6000.0,Spain,1.78,None,right,2025.0
139435,Dani Rodríguez,RCD Mallorca,36.0,Attacking Midfield,900.0,Spain,1.78,None,right,2026.0
695454,Chiquinho,RCD Mallorca,25.0,Left Winger,2500.0,Portugal,1.79,None,right,2025.0
245744,Takuma Asano,RCD Mallorca,30.0,Right Winger,2500.0,Japan,1.73,JEB ENTERTAINMENT ...,right,2026.0
331496,Valery Fernández,RCD Mallorca,25.0,Right Winger,2500.0,Spain,1.82,Unique Sports Group,right,2025.0
256267,Vedat Muriqi,RCD Mallorca,31.0,Centre-Forward,8000.0,Kosovo,1.94,FutureBall,left,2027.0
343463,Cyle Larin,RCD Mallorca,30.0,Centre-Forward,3500.0,Canada,1.88,Axia Sports ...,right,2028.0
177452,Abdón Prats,RCD Mallorca,32.0,Centre-Forward,1500.0,Spain,1.81,None,left,2028.0
1296876,Marc Domènech,RCD Mallorca B,18.0,Centre-Forward,500.0,Spain,1.82,None,left,2029.0
226012,David Soria,Getafe,32.0,Goalkeeper,4000.0,Spain,1.92,AS1,right,2026.0
339079,Jiri Letacek,Getafe,26.0,Goalkeeper,2000.0,Czech Republic,1.96,SPORT INVEST,right,2028.0
353032,Omar Alderete,Getafe,28.0,Centre-Back,8000.0,Paraguay,1.88,None,left,2028.0
221150,Djené,Getafe,33.0,Centre-Back,2000.0,Togo,1.78,None,right,2025.0
461843,Juan Berrocal,Getafe,26.0,Centre-Back,1800.0,Spain,1.87,None,both,2027.0
257376,Domingos Duarte,Getafe,30.0,Centre-Back,800.0,Portugal,1.92,ROOF,right,2026.0
126719,Juan Bernat,Getafe,32.0,Left-Back,2500.0,Spain,1.7,InterStarDeporte,left,2025.0
249513,Diego Rico,Getafe,32.0,Left-Back,1300.0,Spain,1.83,None,left,2026.0
390688,Juan Iglesias,Getafe,26.0,Right-Back,3500.0,Spain,1.87,ADM PRO,right,2026.0
111508,Allan Nyom,Getafe,37.0,Right-Back,400.0,Cameroon,1.89,None,right,2025.0
290249,Mauro Arambarri,Getafe,29.0,Central Midfield,7000.0,Uruguay,1.75,None,right,2028.0
783396,Ramón Terrats,Getafe,24.0,Central Midfield,4000.0,Spain,1.81,None,left,2025.0
281989,Luis Milla,Getafe,30.0,Central Midfield,3500.0,Spain,1.75,AS1,right,2027.0
941869,Yellu Santiago,Getafe,20.0,Central Midfield,1000.0,Spain,1.92,LEADERBROCK,right,2025.0
1124005,Christantus Uche,Getafe,22.0,Attacking Midfield,8000.0,Nigeria,1.9,PINTEX SPORTS AGENCY,both,2028.0
1033005,Coba da Costa,Getafe,22.0,Left Winger,3000.0,Spain,1.82,Wasserman,right,2026.0
126737,Juanmi,Getafe,32.0,Left Winger,2800.0,Spain,1.72,None,right,2025.0
434990,Álex Sola,Getafe,25.0,Right Winger,3000.0,Spain,1.78,LEADERBROCK,right,2027.0
282810,Carles Pérez,Getafe,27.0,Right Winger,2500.0,Spain,1.73,None,left,2025.0
710004,Peter Federico,Getafe,22.0,Right Winger,1500.0,Dominican Republic,1.8,None,left,2028.0
298976,Borja Mayoral,Getafe,28.0,Centre-Forward,9000.0,Spain,1.82,Footfeel ISM,right,2027.0
672803,Bertuğ Yıldırım,Getafe,22.0,Centre-Forward,2500.0,Türkiye,1.91,FutureBall,right,2025.0
948275,Álvaro Rodríguez,Getafe,20.0,Centre-Forward,2500.0,Uruguay,1.93,Footfeel ISM,left,2025.0
298197,Antonio Sivera,Alavés,28.0,Goalkeeper,6000.0,Spain,1.85,Wasserman,right,2027.0
631693,Jesús Owono,Alavés,24.0,Goalkeeper,1000.0,Equatorial Guinea,1.86,Wasserman,both,2026.0
608382,Adrián Rodríguez,Alavés,24.0,Goalkeeper,100.0,Argentina,1.95,InterStarDeporte,right,2027.0
559979,Abdel Abqar,Alavés,26.0,Centre-Back,7500.0,Morocco,1.88,MANGMT,right,2025.0
953901,Santiago Mouriño,Alavés,23.0,Centre-Back,2000.0,Uruguay,1.86,None,right,2029.0
694509,Moussa Diarra,Alavés,24.0,Centre-Back,2000.0,Mali,1.85,None,left,2028.0
895458,Adrián Pica,Alavés,23.0,Centre-Back,1500.0,Spain,1.9,None,"
                            Sep 1, 2024                        ",2026.0
533354,Facundo Garcés,Alavés,25.0,Centre-Back,1200.0,Argentina,1.89,MSG Team,right,2028.0
237499,Aleksandar Sedlar,Alavés,33.0,Centre-Back,400.0,Serbia,1.8,MIV GESTFUT,right,2025.0
618809,Manu Sánchez,Alavés,24.0,Left-Back,6000.0,Spain,1.71,LIAN Sports Group,left,2025.0
533568,Nahuel Tenaglia,Alavés,29.0,Right-Back,3000.0,Argentina,1.81,Universal Twenty Two,right,2027.0
668276,Hugo Novoa,Alavés,22.0,Right-Back,2000.0,Spain,1.82,ROOF,right,2029.0
495621,Antonio Blanco,Alavés,24.0,Defensive Midfield,7500.0,Spain,1.76,None,right,2027.0
431190,Carlos Protesoni,Alavés,27.0,Defensive Midfield,1500.0,Uruguay,1.85,None,right,2026.0
465967,Ander Guevara,Alavés,27.0,Central Midfield,4000.0,Spain,1.8,YOU FIRST,right,2027.0
289257,Jon Guridi,Alavés,30.0,Central Midfield,3000.0,Spain,1.79,None,left,2026.0
284854,Carles Aleñá,Alavés,27.0,Central Midfield,2500.0,Spain,1.8,None,left,2025.0
263727,Joan Jordán,Alavés,30.0,Central Midfield,2500.0,Spain,1.85,LEADERBROCK,right,2025.0
618813,Carlos Martín,Alavés,23.0,Left Winger,3000.0,Spain,1.8,None,right,2025.0
401571,Tomás Conechny,Alavés,27.0,Left Winger,2000.0,Argentina,1.76,None,left,2028.0
540536,Carlos Vicente,Alavés,26.0,Right Winger,8000.0,Spain,1.79,None,right,2027.0
302371,Toni Martínez,Alavés,27.0,Centre-Forward,2800.0,Spain,1.87,LEADERBROCK,right,2028.0
251897,Asier Villalibre,Alavés,27.0,Centre-Forward,1800.0,Spain,1.82,UNIQUE DIMENSION,left,2028.0
93936,Kike García,Alavés,35.0,Centre-Forward,900.0,Spain,1.86,None,right,2025.0
1063553,Pau Cabanes,Alavés,20.0,Centre-Forward,800.0,Spain,1.79,B1G Talent,right,2025.0
275218,Augusto Batalla,Rayo Vallecano,29.0,Goalkeeper,6000.0,Argentina,1.86,Hernan Berman,right,2025.0
397676,Dani Cárdenas,Rayo Vallecano,28.0,Goalkeeper,1800.0,Spain,1.86,Niagara Sports ...,right,2027.0
451801,Abdul Mumin,Rayo Vallecano,26.0,Centre-Back,5000.0,Ghana,1.88,None,right,2026.0
127108,Florian Lejeune,Rayo Vallecano,34.0,Centre-Back,2800.0,France,1.9,Wasserman,right,2027.0
692208,Pelayo Fernández,Rayo Vallecano,22.0,Centre-Back,500.0,Spain,1.93,None,right,2028.0
82503,Aridane Hernández,Rayo Vallecano,36.0,Centre-Back,400.0,Spain,1.88,None,right,2025.0
596122,Pep Chavarría,Rayo Vallecano,27.0,Left-Back,3500.0,Spain,1.74,AS1,left,2027.0
311044,Alfonso Espino,Rayo Vallecano,33.0,Left-Back,1500.0,Uruguay,1.72,GBG Global Business ...,left,2026.0
527966,Andrei Rațiu,Rayo Vallecano,26.0,Right-Back,12000.0,Romania,1.83,LEADERBROCK,right,2028.0
85295,Iván Balliu,Rayo Vallecano,33.0,Right-Back,1500.0,Albania,1.72,None,right,2027.0
268670,Gerard Gumbau,Rayo Vallecano,30.0,Defensive Midfield,2000.0,Spain,1.88,None,left,2025.0
517753,Óscar Valentín,Rayo Vallecano,30.0,Central Midfield,3500.0,Spain,1.77,None,right,2027.0
192009,Unai López,Rayo Vallecano,29.0,Central Midfield,2800.0,Spain,1.7,None,right,2026.0
363057,Pedro Díaz,Rayo Vallecano,26.0,Central Midfield,2500.0,Spain,1.8,Wasserman,right,2028.0
525578,Pathé Ciss,Rayo Vallecano,31.0,Central Midfield,2000.0,Senegal,1.86,None,right,2027.0
560483,Randy Nteka,Rayo Vallecano,27.0,Attacking Midfield,1500.0,Angola,1.89,None,left,2028.0
343273,Joni Montiel,Rayo Vallecano,26.0,Attacking Midfield,900.0,Spain,1.73,None,left,2025.0
30321,Oscar Trejo,Rayo Vallecano,37.0,Attacking Midfield,800.0,Argentina,1.8,Eleven Talent Group,right,2025.0
257062,Álvaro García,Rayo Vallecano,32.0,Left Winger,2500.0,Spain,1.67,YOU FIRST,both,2028.0
455181,Jorge de Frutos,Rayo Vallecano,28.0,Right Winger,4000.0,Spain,1.73,Niagara Sports ...,right,2028.0
288318,Adrián Embarba,Rayo Vallecano,33.0,Right Winger,1500.0,Spain,1.73,None,right,2025.0
362086,Isi Palazón,Rayo Vallecano,30.0,Second Striker,4000.0,Spain,1.69,None,left,2028.0
505674,Sergio Camello,Rayo Vallecano,24.0,Centre-Forward,3500.0,Spain,1.82,None,right,2027.0
162038,Raúl de Tomás,Rayo Vallecano,30.0,Centre-Forward,800.0,Spain,1.8,None,right,2027.0
256429,Sergi Guardiola,Rayo Vallecano,33.0,Centre-Forward,600.0,Spain,1.85,None,left,2025.0
493513,Karl Hein,Real Valladolid,23.0,Goalkeeper,3000.0,Estonia,1.93,Wasserman,right,2025.0
290346,André Ferreira,Real Valladolid,28.0,Goalkeeper,800.0,Portugal,1.93,None,right,2027.0
298583,Eray Cömert,Real Valladolid,27.0,Centre-Back,2500.0,Switzerland,1.83,Wasserman,right,2025.0
340853,Javi Sánchez,Real Valladolid,28.0,Centre-Back,1800.0,Spain,1.89,LEADERBROCK,right,2026.0
615350,Cenk Özkacar,Real Valladolid,24.0,Centre-Back,1500.0,Türkiye,1.9,SEG,left,2025.0
857832,David Torres,Real Valladolid,22.0,Centre-Back,1400.0,Spain,1.82,None,left,2026.0
358250,Joseph Aidoo,Real Valladolid,29.0,Centre-Back,1400.0,Ghana,1.81,None,right,2025.0
938146,Adam Aznou,Real Valladolid,18.0,Left-Back,3000.0,Morocco,1.78,Footfeel ISM,left,2025.0
204072,Henrique Silva,Real Valladolid,31.0,Left-Back,600.0,Brazil,1.73,Carlos Leite,left,2025.0
392881,Antonio Candela,Real Valladolid,25.0,Right-Back,2000.0,Italy,1.85,None,right,2025.0
358115,Luis Pérez,Real Valladolid,30.0,Right-Back,1500.0,Spain,1.73,None,right,2025.0
195736,Florian Grillitsch,Real Valladolid,29.0,Defensive Midfield,3000.0,Austria,1.87,YOU FIRST,right,2025.0
948273,Mario Martín,Real Valladolid,21.0,Defensive Midfield,1500.0,Spain,1.77,None,right,2025.0
388125,Stanko Juric,Real Valladolid,28.0,Defensive Midfield,1500.0,Croatia,1.88,None,right,2027.0
633056,Tamás Nikitscher,Real Valladolid,25.0,Central Midfield,1000.0,Hungary,1.93,None,right,2028.0
377219,Selim Amallah,Real Valladolid,28.0,Attacking Midfield,1800.0,Morocco,1.85,None,right,2027.0
926763,Chuki,Real Valladolid,21.0,Attacking Midfield,1000.0,Spain,1.76,LEADERBROCK,left,2025.0
624942,Raúl Moro,Real Valladolid,22.0,Left Winger,5000.0,Spain,1.69,YOU FIRST,right,2028.0
211251,Darwin Machís,Real Valladolid,32.0,Left Winger,1000.0,Venezuela,1.71,YOU FIRST,right,2026.0
281404,Kenedy,Real Valladolid,29.0,Left Winger,300.0,Brazil,1.8,None,"
                    Attack - Left Winger                ",2027.0
339820,Amath Ndiaye,Real Valladolid,28.0,Right Winger,1000.0,Senegal,1.73,None,right,2027.0
327126,Anuar,Real Valladolid,30.0,Right Winger,900.0,Morocco,1.73,None,"
                    Attack - Right Winger                ",2025.0
221311,Iván Sánchez,Real Valladolid,32.0,Right Winger,600.0,Spain,1.69,None,left,2025.0
623521,Juanmi Latasa,Real Valladolid,24.0,Centre-Forward,2500.0,Spain,1.92,Niagara Sports ...,left,2029.0
166683,Mamadou Sylla,Real Valladolid,31.0,Centre-Forward,1500.0,Senegal,1.8,None,right,2026.0
481084,Marcos André,Real Valladolid,28.0,Centre-Forward,1200.0,Brazil,1.85,ADM PRO,right,2029.0
251892,Juan Soriano,CD Leganés,27.0,Goalkeeper,1200.0,Spain,1.85,RR-Soccer ...,right,2027.0
94308,Marko Dmitrovic,CD Leganés,33.0,Goalkeeper,800.0,Serbia,1.89,None,left,2025.0
308989,Sergio González,CD Leganés,33.0,Centre-Back,1500.0,Spain,1.89,None,right,2025.0
340339,Jorge Sáenz,CD Leganés,28.0,Centre-Back,1200.0,Spain,1.88,RR-Soccer ...,right,2025.0
143559,Matija Nastasić,CD Leganés,32.0,Centre-Back,1000.0,Serbia,1.87,LIAN Sports Group,left,2026.0
422466,Javi Hernández,CD Leganés,27.0,Left-Back,2000.0,Spain,1.8,Wasserman,left,2027.0
282700,Enric Franquesa,CD Leganés,28.0,Left-Back,1500.0,Spain,1.75,AC Talent,left,2026.0
39125,Borna Barisic,CD Leganés,32.0,Left-Back,1000.0,Croatia,1.86,ARGENTUM SPORT,left,2025.0
441170,Valentin Rosier,CD Leganés,28.0,Right-Back,3000.0,France,1.75,None,right,2025.0
466807,Adrià Altimira,CD Leganés,24.0,Right-Back,1500.0,Spain,1.7,IGdreamsfootball,right,2025.0
277137,Renato Tapia,CD Leganés,29.0,Defensive Midfield,3500.0,Peru,1.85,None,right,2026.0
469669,Yvan Neyou,CD Leganés,28.0,Defensive Midfield,2500.0,Cameroon,1.8,None,right,2025.0
401583,Julián Chicco,CD Leganés,27.0,Defensive Midfield,600.0,Argentina,1.87,DCGLOBALSL,right,2025.0
543537,Seydouba Cissé,CD Leganés,24.0,Central Midfield,3000.0,Guinea,1.78,ROOF,right,2026.0
284884,Óscar Rodríguez,CD Leganés,26.0,Attacking Midfield,2000.0,Spain,1.74,Wasserman,right,2026.0
569866,Roberto López,CD Leganés,25.0,Attacking Midfield,1500.0,Spain,1.79,None,left,2027.0
585700,Juan Cruz,CD Leganés,25.0,Left Winger,4000.0,Spain,1.8,AS1,left,2028.0
535959,Duk,CD Leganés,25.0,Left Winger,1200.0,Cape Verde,1.82,None,right,2025.0
413262,Dani Raba,CD Leganés,29.0,Right Winger,1800.0,Spain,1.85,None,left,2025.0
223725,Munir El Haddadi,CD Leganés,29.0,Right Winger,1500.0,Morocco,1.77,LIAN Sports Group,left,2026.0
480883,Miguel de la Fuente,CD Leganés,25.0,Centre-Forward,2000.0,Spain,1.82,None,right,2028.0
852727,Diego García,CD Leganés,25.0,Centre-Forward,1500.0,Spain,1.88,YOU FIRST,right,2027.0
367464,Luís Maximiano,UD Almería,26.0,Goalkeeper,4000.0,Portugal,1.9,AS1,both,2029.0
81997,Fernando Martínez,UD Almería,34.0,Goalkeeper,400.0,Spain,1.83,None,right,2025.0
401624,Edgar González,UD Almería,28.0,Centre-Back,2000.0,Spain,1.92,InterStarDeporte,right,2028.0
333361,Chumi,UD Almería,26.0,Centre-Back,1800.0,Spain,1.83,None,right,2025.0
743589,Kaiky,UD Almería,21.0,Centre-Back,1500.0,Brazil,1.82,Bertolucci Sports,right,2028.0
339501,Aleksandar Radovanovic,UD Almería,31.0,Centre-Back,600.0,Serbia,1.9,None,left,2025.0
631472,Bruno Langa,UD Almería,27.0,Left-Back,1500.0,Mozambique,1.78,None,left,2028.0
423443,Álex Centelles,UD Almería,25.0,Left-Back,1400.0,Spain,1.85,Players First,left,2026.0
844637,Marc Pubill,UD Almería,21.0,Right-Back,4000.0,Spain,1.9,LIAN Sports Group,right,2029.0
341272,Álex Pozo,UD Almería,26.0,Right-Back,1500.0,Spain,1.72,None,right,2027.0
649033,Dion Lopy,UD Almería,23.0,Defensive Midfield,6000.0,Senegal,1.84,CAA Stellar,right,2029.0
1061660,Selvi Clua,UD Almería,20.0,Defensive Midfield,300.0,Spain,1.89,LIAN Sports Group,left,2030.0
457221,Lucas Robertone,UD Almería,28.0,Central Midfield,5000.0,Argentina,1.69,B1G Talent,right,2028.0
442805,Iddrisu Baba,UD Almería,29.0,Central Midfield,1800.0,Ghana,1.82,LIAN Sports Group,right,2027.0
536030,Arnau Puigmal,UD Almería,24.0,Central Midfield,1500.0,Spain,1.73,None,right,2026.0
162056,Gonzalo Melero,UD Almería,31.0,Central Midfield,1000.0,Spain,1.83,None,right,2026.0
696506,Gui Guedes,UD Almería,23.0,Central Midfield,600.0,Portugal,1.84,Universal Twenty Two,right,2028.0
537762,Sergio Arribas,UD Almería,23.0,Attacking Midfield,8000.0,Spain,1.74,Footfeel ISM,left,2029.0
570421,Nico Melamed,UD Almería,24.0,Attacking Midfield,4000.0,Spain,1.73,Players First,right,2030.0
574772,Lázaro,UD Almería,23.0,Left Winger,2500.0,Brazil,1.81,Roc Nation Sports,right,2028.0
424784,Luis Suárez,UD Almería,27.0,Centre-Forward,6000.0,Colombia,1.81,LIAN Sports Group,right,2029.0
221899,Léo Baptistão,UD Almería,32.0,Centre-Forward,1000.0,Brazil,1.83,None,right,2026.0
845568,Marko Milovanovic,UD Almería,21.0,Centre-Forward,600.0,Serbia,1.97,AS1,right,2028.0
891310,Rachad Fettal,UD Almería,20.0,Centre-Forward,500.0,Morocco,1.84,AS1,left,2026.0
379548,Jokin Ezkieta,Racing,28.0,Goalkeeper,2500.0,Spain,1.93,None,right,2027.0
242301,Miquel Parera,Racing,29.0,Goalkeeper,700.0,Spain,1.82,LIAN Sports Group,right,2025.0
396333,Javi Montero,Racing,26.0,Centre-Back,2000.0,Spain,1.85,None,left,2026.0
396161,Manu Hernando,Racing,26.0,Centre-Back,1600.0,Spain,1.83,YOU FIRST,right,2028.0
740253,Javi Castro,Racing,24.0,Centre-Back,1500.0,Spain,1.83,YOU FIRST,right,2026.0
636116,Álvaro Mantilla,Racing,25.0,Centre-Back,700.0,Spain,1.82,None,right,2028.0
274540,Pol Moreno,Racing,31.0,Centre-Back,400.0,Spain,1.87,None,right,2025.0
889459,Mario García,Racing,21.0,Left-Back,700.0,Spain,1.72,None,left,2027.0
249471,Saúl García,Racing,30.0,Left-Back,500.0,Spain,1.82,None,left,2026.0
318520,Clément Michelin,Racing,28.0,Right-Back,1500.0,France,1.79,FAIR SPORT MNG,right,2026.0
933795,Maguette Gueye,Racing,22.0,Defensive Midfield,1000.0,Senegal,1.88,YOU FIRST,left,2029.0
610083,Unai Vencedor,Racing,24.0,Central Midfield,2200.0,Spain,1.76,None,right,2025.0
663258,Aritz Aldasoro,Racing,25.0,Central Midfield,2000.0,Spain,1.76,None,right,2026.0
658269,Víctor Meseguer,Racing,25.0,Central Midfield,2000.0,Spain,1.84,None,right,2025.0
522730,Íñigo Sainz-Maza,Racing,26.0,Central Midfield,1000.0,Spain,1.84,Niagara Sports ...,right,2028.0
971663,Jeremy Arévalo,Racing,20.0,Attacking Midfield,200.0,Ecuador,1.82,None,left,2026.0
335216,Iñigo Vicente,Racing,27.0,Left Winger,3000.0,Spain,1.78,None,right,2030.0
100722,Lago Júnior,Racing,34.0,Left Winger,300.0,Cote d'Ivoire,1.8,None,right,2025.0
531277,Andrés Martín,Racing,25.0,Right Winger,3200.0,Spain,1.78,DCGLOBALSL,left,2028.0
505675,Rober González,Racing,24.0,Right Winger,2000.0,Spain,1.69,Wasserman,both,2025.0
537765,Pablo Rodríguez,Racing,23.0,Second Striker,1800.0,Spain,1.78,YOU FIRST,right,2025.0
512070,Ekain Zenitagoia,Racing,31.0,Second Striker,500.0,Spain,1.79,None,right,2025.0
461631,Juan Carlos Arana,Racing,25.0,Centre-Forward,2500.0,Spain,1.82,None,right,2028.0
711382,Jon Karrikaburu,Racing,22.0,Centre-Forward,2500.0,Spain,1.83,None,right,2025.0
396337,Miguel San Román,Elche CF,27.0,Goalkeeper,600.0,Spain,1.87,None,right,2025.0
144128,Matías Dituro,Elche CF,38.0,Goalkeeper,200.0,Argentina,1.91,Vibra Futbol,right,2025.0
452483,David Affengruber,Elche CF,24.0,Centre-Back,4000.0,Austria,1.85,WINS,right,2026.0
435493,Bambo Diaby,Elche CF,27.0,Centre-Back,800.0,Spain,1.88,None,right,2027.0
627290,John Donald,Elche CF,24.0,Centre-Back,800.0,Spain,1.82,None,right,2028.0
73250,Mario Gaspar,Elche CF,34.0,Centre-Back,500.0,Spain,1.8,None,right,2025.0
203043,Pedro Bigas,Elche CF,35.0,Centre-Back,500.0,Spain,1.81,None,left,2025.0
345083,Álex Martín,Elche CF,27.0,Centre-Back,400.0,Spain,1.83,AS1,right,2025.0
819590,José Salinas,Elche CF,24.0,Left-Back,2000.0,Spain,1.78,CAA Stellar,left,2025.0
337946,Jairo Izquierdo,Elche CF,31.0,Left-Back,800.0,Spain,1.65,None,left,2026.0
626953,Álvaro Núñez,Elche CF,24.0,Right-Back,1000.0,Spain,1.77,YOU FIRST,right,2026.0
531404,Marc Aguado,Elche CF,25.0,Defensive Midfield,1400.0,Spain,1.78,Footfeel ISM,right,2027.0
217144,Aleix Febas,Elche CF,29.0,Central Midfield,2200.0,Spain,1.72,None,right,2026.0
961297,Rodrigo Mendoza,Elche CF,20.0,Central Midfield,1000.0,Spain,1.82,Footfeel ISM,right,2026.0
565899,Nicolás Castro,Elche CF,24.0,Attacking Midfield,3000.0,Argentina,1.82,SP,right,2028.0
739315,Nicolás Fernández Mercau,Elche CF,25.0,Attacking Midfield,2500.0,Argentina,1.72,None,left,2027.0
149579,Elbasan Rashani,Elche CF,32.0,Left Winger,800.0,Kosovo,1.81,RGFOOTBALL,left,2025.0
706947,Yago Santiago,Elche CF,22.0,Left Winger,800.0,Spain,1.8,None,right,2026.0
548188,Germán Valera,Elche CF,23.0,Right Winger,1500.0,Spain,1.7,Excellence Sport,left,2025.0
534379,Pejiño,Elche CF,28.0,Right Winger,1000.0,Spain,1.78,None,left,2025.0
221309,Óscar Plano,Elche CF,34.0,Right Winger,600.0,Spain,1.79,None,both,2025.0
277533,Josan,Elche CF,35.0,Right Winger,500.0,Spain,1.76,None,right,2025.0
1064506,Adam Boayar,Elche CF,19.0,Second Striker,500.0,Morocco,1.8,None,right,2027.0
812625,Agustín Álvarez,Elche CF,24.0,Centre-Forward,4000.0,Uruguay,1.77,None,right,2025.0
527972,Mourad El Ghezouani,Elche CF,26.0,Centre-Forward,1400.0,Morocco,1.89,None,right,2027.0
355689,Sory Kaba,Elche CF,29.0,Centre-Forward,1000.0,Guinea,1.91,CAA Stellar,right,2025.0
283489,Luca Zidane,Granada CF,27.0,Goalkeeper,1500.0,France,1.83,None,right,2027.0
129374,Marc Martínez,Granada CF,35.0,Goalkeeper,300.0,Spain,1.86,None,right,2025.0
59349,Diego Mariño,Granada CF,35.0,Goalkeeper,300.0,Spain,1.85,None,right,2025.0
583510,Miguel Rubio,Granada CF,27.0,Centre-Back,1500.0,Spain,1.91,None,right,2025.0
171362,Pablo Insua,Granada CF,31.0,Centre-Back,800.0,Spain,1.87,None,right,2026.0
707272,Loïc Williams,Granada CF,23.0,Centre-Back,800.0,Spain,1.88,BOIM FOOTBALL ...,left,2028.0
628464,Manu Lama,Granada CF,24.0,Centre-Back,200.0,Spain,1.92,None,right,2027.0
448844,Carlos Neva,Granada CF,28.0,Left-Back,1500.0,Spain,1.74,None,left,2025.0
713649,Miguel Ángel Brau,Granada CF,23.0,Left-Back,1000.0,Spain,1.83,None,left,2025.0
388545,Ricard Sánchez,Granada CF,25.0,Right-Back,2500.0,Spain,1.75,None,right,2025.0
705813,Rubén Sánchez,Granada CF,24.0,Right-Back,700.0,Spain,1.85,None,right,2025.0
398808,Martin Hongla,Granada CF,27.0,Defensive Midfield,2000.0,Cameroon,1.82,None,right,2027.0
398163,Gonzalo Villar,Granada CF,27.0,Central Midfield,2000.0,Spain,1.81,None,right,2027.0
394694,Sergio Ruiz,Granada CF,30.0,Central Midfield,2000.0,Spain,1.76,None,right,2026.0
188854,Manu Trigueros,Granada CF,33.0,Central Midfield,600.0,Spain,1.78,None,right,2026.0
627226,Reinier,Granada CF,23.0,Attacking Midfield,2000.0,Brazil,1.85,Bertolucci Sports,right,2025.0
289167,Kamil Jóźwiak,Granada CF,27.0,Left Winger,1200.0,Poland,1.76,Fabryka Futbolu,right,2025.0
1064103,Sergio Rodelas,Granada CF,20.0,Left Winger,800.0,Spain,1.68,None,left,2028.0
718034,Abde Rebbach,Granada CF,26.0,Left Winger,700.0,Algeria,1.76,None,right,2025.0
419067,Georgiy Tsitaishvili,Granada CF,24.0,Right Winger,1500.0,Georgia,1.71,None,left,2025.0
271021,Stoichkov,Granada CF,31.0,Second Striker,2000.0,Spain,1.78,AS1,right,2027.0
334222,Lucas Boyé,Granada CF,29.0,Centre-Forward,3500.0,Argentina,1.83,Universal Twenty Two,right,2027.0
984708,Siren Diao,Granada CF,20.0,Centre-Forward,1500.0,Spain,1.89,GR Sports,left,2025.0
85324,Borja Bastón,Granada CF,32.0,Centre-Forward,1000.0,Spain,1.86,None,right,2025.0
284430,Aarón Escandell,Real Oviedo,29.0,Goalkeeper,1000.0,Spain,1.84,None,right,2026.0
390942,Quentin Braat,Real Oviedo,27.0,Goalkeeper,500.0,France,1.94,None,right,2025.0
276111,David Costas,Real Oviedo,30.0,Centre-Back,1400.0,Spain,1.84,None,right,2026.0
326416,Dani Calvo,Real Oviedo,31.0,Centre-Back,1200.0,Spain,1.93,Wasserman,right,2025.0
447823,Oier Luengo,Real Oviedo,27.0,Centre-Back,1000.0,Spain,1.85,None,right,2027.0
929899,Rahim Alhassane,Real Oviedo,23.0,Left-Back,1000.0,Niger,1.84,ROOF,left,2027.0
216870,Nacho Vidal,Real Oviedo,30.0,Right-Back,1500.0,Spain,1.8,AS1,right,2027.0
349884,Lucas Ahijado,Real Oviedo,30.0,Right-Back,800.0,Spain,1.74,Wasserman,right,2025.0
230222,Álvaro Lemos,Real Oviedo,32.0,Right-Back,500.0,Spain,1.77,None,right,2025.0
395122,Santiago Colombatto,Real Oviedo,28.0,Defensive Midfield,3000.0,Argentina,1.78,B1G Talent,left,2025.0
226261,César de la Hoz,Real Oviedo,33.0,Defensive Midfield,400.0,Spain,1.79,Dupla Piqué & ...,right,2026.0
340867,Jaime Seoane,Real Oviedo,28.0,Central Midfield,2000.0,Spain,1.77,Footfeel ISM,right,2027.0
538006,Kwasi Sibo,Real Oviedo,26.0,Central Midfield,1000.0,Ghana,1.83,None,right,2026.0
15799,Santi Cazorla,Real Oviedo,40.0,Central Midfield,300.0,Spain,1.68,None,both,2025.0
719737,Álex Cardero,Real Oviedo,21.0,Attacking Midfield,200.0,Spain,1.74,None,"
                            Jul 1, 2023                        ",2026.0
620164,Haissem Hassan,Real Oviedo,23.0,Right Winger,2000.0,France,1.75,FAIR SPORT MNG,right,2027.0
292617,Sebas Moyano,Real Oviedo,28.0,Right Winger,1600.0,Spain,1.73,IGdreamsfootball,right,2025.0
261502,Paulino de la Fuente,Real Oviedo,27.0,Right Winger,1400.0,Spain,1.84,LEADERBROCK,left,2026.0
138803,Francisco Portillo,Real Oviedo,34.0,Right Winger,300.0,Spain,1.69,None,right,2025.0
560417,Alemão,Real Oviedo,27.0,Centre-Forward,3500.0,Brazil,1.82,Marcio Bittencourt ...,right,2025.0
578419,Federico Viñas,Real Oviedo,26.0,Centre-Forward,3000.0,Uruguay,1.81,None,left,2025.0
605543,Daniel Paraschiv,Real Oviedo,26.0,Centre-Forward,1000.0,Romania,1.85,None,right,2027.0
344591,Gaëtan Poussin,Real Zaragoza,26.0,Goalkeeper,800.0,France,1.86,Kemari,right,2026.0
455363,Joan Femenías,Real Zaragoza,28.0,Goalkeeper,500.0,Spain,1.89,Goal Management,right,2026.0
690273,Bernardo Vital,Real Zaragoza,24.0,Centre-Back,1500.0,Portugal,1.87,None,right,2026.0
582429,Sebastian Kosa,Real Zaragoza,21.0,Centre-Back,600.0,Slovakia,1.91,Stars & Friends,right,2028.0
262391,Lluís López,Real Zaragoza,28.0,Centre-Back,500.0,Spain,1.82,None,right,2025.0
487951,Enrique Clemente,Real Zaragoza,26.0,Centre-Back,400.0,Spain,1.82,None,left,2025.0
128479,Jair Amador,Real Zaragoza,35.0,Centre-Back,200.0,Portugal,1.9,None,left,2025.0
627282,Dani Tasende,Real Zaragoza,24.0,Left-Back,1200.0,Spain,1.72,None,left,2028.0
340682,Carlos Nieto,Real Zaragoza,29.0,Left-Back,400.0,Spain,1.81,None,left,2025.0
212849,Iván Calero,Real Zaragoza,30.0,Right-Back,900.0,Spain,1.74,Footfeel ISM,right,2027.0
718876,Marcos Luna,Real Zaragoza,22.0,Right-Back,500.0,Spain,1.8,None,right,2029.0
526050,Kervin Arriaga,Real Zaragoza,27.0,Defensive Midfield,1500.0,Honduras,1.91,Wasserman,right,2025.0
632930,Francho Serrano,Real Zaragoza,23.0,Central Midfield,3500.0,Spain,1.8,LEADERBROCK,right,2025.0
295622,Keidi Bare,Real Zaragoza,27.0,Central Midfield,2500.0,Albania,1.74,Niagara Sports ...,right,2027.0
330352,Raúl Guti,Real Zaragoza,28.0,Central Midfield,1500.0,Spain,1.78,None,right,2026.0
295065,Toni Moya,Real Zaragoza,27.0,Central Midfield,1500.0,Spain,1.85,None,right,2026.0
1061122,Adrián Liso,Real Zaragoza,20.0,Left Winger,2000.0,Spain,1.82,Goal Management,left,2029.0
895480,Adu Ares,Real Zaragoza,23.0,Right Winger,1600.0,Spain,1.83,None,right,2025.0
158057,Ager Aketxe,Real Zaragoza,31.0,Right Winger,1000.0,Spain,1.74,EGGO Asesores ...,left,2026.0
710969,Samed Bazdar,Real Zaragoza,21.0,Centre-Forward,3000.0,Bosnia-Herzegovina,1.86,None,right,2029.0
522110,Mario Soberón,Real Zaragoza,28.0,Centre-Forward,2000.0,Spain,1.78,None,right,2026.0
634105,Alberto Marí,Real Zaragoza,23.0,Centre-Forward,1200.0,Spain,1.83,None,right,2025.0
422460,Dani Gómez,Real Zaragoza,26.0,Centre-Forward,1000.0,Spain,1.78,None,right,2028.0
1061123,Pau Sans,Real Zaragoza,20.0,Centre-Forward,800.0,Spain,1.77,MSSports,right,2029.0
246335,Rubén Yáñez,Sporting Gijón,31.0,Goalkeeper,1800.0,Spain,1.88,Niagara Sports ...,right,2026.0
531373,Christian Joel,Sporting Gijón,25.0,Goalkeeper,800.0,Cuba,1.93,None,left,2026.0
387129,Róber Pier,Sporting Gijón,30.0,Centre-Back,1200.0,Spain,1.82,None,right,2025.0
258475,Nikola Maras,Sporting Gijón,29.0,Centre-Back,1000.0,Serbia,1.89,AS1,right,2025.0
825184,Diego Sánchez,Sporting Gijón,21.0,Centre-Back,600.0,Spain,1.86,None,left,2027.0
390823,Eric Curbelo,Sporting Gijón,31.0,Centre-Back,600.0,Spain,1.8,None,right,2026.0
620163,Yann Kembo,Sporting Gijón,23.0,Centre-Back,100.0,France,1.96,YOU FIRST,left,2025.0
636300,Pablo García,Sporting Gijón,24.0,Left-Back,600.0,Spain,1.78,LIAN Sports Group,left,2028.0
87469,Cote,Sporting Gijón,35.0,Left-Back,300.0,Spain,1.82,Dupla Piqué & ...,left,2025.0
557146,Guille Rosas,Sporting Gijón,25.0,Right-Back,1500.0,Spain,1.75,AS1,right,2028.0
221315,Kevin Vázquez,Sporting Gijón,32.0,Right-Back,600.0,Spain,1.75,None,right,2026.0
503837,Nacho Méndez,Sporting Gijón,27.0,Central Midfield,1500.0,Spain,1.78,YOU FIRST,left,2025.0
623524,Carlos Dotor,Sporting Gijón,24.0,Central Midfield,1200.0,Spain,1.8,Footfeel ISM,right,2025.0
509483,Jesús Bernal,Sporting Gijón,28.0,Central Midfield,1000.0,Spain,1.82,None,right,2027.0
719722,Nacho Martín,Sporting Gijón,23.0,Central Midfield,900.0,Spain,1.75,None,right,2027.0
377795,Lander Olaetxea,Sporting Gijón,32.0,Central Midfield,600.0,Spain,1.79,None,right,2025.0
505308,César Gelabert,Sporting Gijón,24.0,Attacking Midfield,1500.0,Spain,1.82,YOU FIRST,right,2025.0
628621,Jonathan Dubasin,Sporting Gijón,25.0,Left Winger,2500.0,Spain,1.81,AS1,right,2025.0
580525,Gaspar Campos,Sporting Gijón,25.0,Left Winger,2200.0,Spain,1.75,LIAN Sports Group,right,2028.0
719726,Dani Queipo,Sporting Gijón,23.0,Left Winger,1200.0,Spain,1.68,None,right,2027.0
668183,Nico Serrano,Sporting Gijón,22.0,Left Winger,1200.0,Spain,1.76,None,left,2025.0
332305,Juan Otero,Sporting Gijón,29.0,Right Winger,2000.0,Colombia,1.82,None,right,2027.0
870139,Álex Oyón,Sporting Atlco.,22.0,Second Striker,100.0,Spain,1.71,None,both,2025.0
360412,Jordy Caicedo,Sporting Gijón,27.0,Centre-Forward,1600.0,Ecuador,1.87,AS1,right,2025.0
394285,Víctor Campuzano,Sporting Gijón,27.0,Centre-Forward,1000.0,Spain,1.74,YOU FIRST,left,2025.0
57522,Andrés Fernández,Levante,38.0,Goalkeeper,300.0,Spain,1.85,None,right,2025.0
537367,Alfonso Pastor,Levante,24.0,Goalkeeper,200.0,Spain,1.9,None,right,2026.0
341263,Adrián de la Fuente,Levante,26.0,Centre-Back,1000.0,Spain,1.79,None,right,2026.0
255495,Unai Elgezabal,Levante,32.0,Centre-Back,700.0,Spain,1.85,None,right,2025.0
1063333,Jorge Cabello,Levante,21.0,Centre-Back,700.0,Spain,1.83,LIAN Sports Group,left,2028.0
70245,Ignasi Miquel,Levante,32.0,Centre-Back,600.0,Spain,1.89,None,left,2025.0
505493,Diego Pampín,Levante,25.0,Left-Back,900.0,Spain,1.75,Excellence Sport,left,2025.0
1063331,Marcos Navarro,Levante,20.0,Left-Back,300.0,Spain,1.72,InterStarDeporte,left,2025.0
374142,Manu Sánchez,Levante,29.0,Right-Back,400.0,Spain,1.83,RGFOOTBALL,right,2026.0
947115,Xavi Grande,Levante,20.0,Right-Back,200.0,Spain,1.75,None,right,2028.0
405564,Giorgi Kochorashvili,Levante,25.0,Defensive Midfield,4000.0,Georgia,1.78,None,right,2027.0
293388,Oriol Rey,Levante,27.0,Defensive Midfield,1600.0,Spain,1.77,Unique Sports Group,left,2025.0
638589,Ángel Algobia,Levante,25.0,Defensive Midfield,800.0,Spain,1.8,None,right,2025.0
65467,Vicente Iborra,Levante,37.0,Defensive Midfield,200.0,Spain,1.9,Wasserman,right,2025.0
568835,Pablo Martínez,Levante,27.0,Central Midfield,2000.0,Spain,1.82,None,right,2026.0
341277,Sergio Lozano,Levante,26.0,Central Midfield,1500.0,Spain,1.75,InterStarDeporte,right,2026.0
557057,Roger Brugué,Levante,28.0,Left Winger,1500.0,Spain,1.74,None,left,2026.0
668179,Carlos Álvarez,Levante,21.0,Right Winger,4000.0,Spain,1.68,None,left,2027.0
1063338,Carlos Espí,Levante,19.0,Centre-Forward,1000.0,Spain,1.94,InterStarDeporte,right,2027.0
252677,José Luis Morales,Levante,37.0,Centre-Forward,700.0,Spain,1.8,None,right,2025.0
709380,Álex Forés,Levante,24.0,Centre-Forward,600.0,Spain,1.79,ROOF,right,2025.0
268946,José Antonio Caro,Cádiz CF,31.0,Goalkeeper,800.0,Spain,1.84,None,left,2026.0
162027,David Gil,Cádiz CF,31.0,Goalkeeper,700.0,Spain,1.86,None,right,2027.0
495625,Víctor Chust,Cádiz CF,25.0,Centre-Back,2000.0,Spain,1.84,None,both,2028.0
845563,Bojan Kovacevic,Cádiz CF,21.0,Centre-Back,1200.0,Serbia,1.93,INTERNATIONAL ...,right,2025.0
252667,Fali,Cádiz CF,31.0,Centre-Back,1000.0,Spain,1.86,AS1,right,2028.0
62945,Luis Hernández,Cádiz CF,36.0,Centre-Back,200.0,Spain,1.82,None,right,2026.0
628461,Iker Recio,Cádiz CF,23.0,Centre-Back,200.0,Spain,1.84,None,left,2028.0
268957,José Matos,Cádiz CF,30.0,Left-Back,1200.0,Spain,1.68,None,left,2026.0
720526,Mario Climent,Cádiz CF,23.0,Left-Back,500.0,Spain,1.79,RGFOOTBALL,left,2028.0
254037,Iza Carcelén,Cádiz CF,32.0,Right-Back,1000.0,Spain,1.7,None,right,2025.0
307519,Fede San Emeterio,Cádiz CF,28.0,Central Midfield,1000.0,Spain,1.76,None,right,2026.0
89733,Álex Fernández,Cádiz CF,32.0,Central Midfield,1000.0,Spain,1.83,None,right,2025.0
266795,Gonzalo Escalante,Cádiz CF,32.0,Central Midfield,800.0,Argentina,1.82,Hernan Berman,right,2026.0
247250,Rubén Alcaraz,Cádiz CF,34.0,Central Midfield,700.0,Spain,1.8,LEADERBROCK,right,2026.0
448344,Óscar Melendo,Cádiz CF,27.0,Attacking Midfield,1000.0,Spain,1.67,None,left,2027.0
298983,Javi Ontiveros,Cádiz CF,27.0,Left Winger,2500.0,Spain,1.75,None,right,2028.0
598765,Brian Ocampo,Cádiz CF,25.0,Left Winger,1000.0,Uruguay,1.72,None,right,2026.0
1027993,José Antonio de la Rosa,Cádiz CF,20.0,Left Winger,300.0,Spain,1.74,None,right,2027.0
538810,Chris Ramos,Cádiz CF,28.0,Centre-Forward,3000.0,Spain,1.9,YOU FIRST,right,2028.0
216464,Carlos Fernández,Cádiz CF,29.0,Centre-Forward,1200.0,Spain,1.85,None,left,2025.0
85383,Rubén Sobrino,Cádiz CF,32.0,Centre-Forward,1000.0,Spain,1.85,LEADERBROCK,right,2026.0
212391,Roger Martí,Cádiz CF,34.0,Centre-Forward,700.0,Spain,1.79,AS1,right,2026.0
632872,Francisco Mwepu,Cádiz CF,25.0,Centre-Forward,500.0,Zambia,1.78,MANagement,right,2026.0
199325,Ander Cantero,Burgos CF,30.0,Goalkeeper,1000.0,Spain,1.92,None,left,2027.0
88397,Tomeu Nadal,Burgos CF,36.0,Goalkeeper,200.0,Spain,1.88,None,right,2025.0
350197,Aitor Córdoba,Burgos CF,30.0,Centre-Back,1200.0,Spain,1.91,None,right,2026.0
253905,Grego Sierra,Burgos CF,32.0,Centre-Back,700.0,Spain,1.86,None,left,2026.0
854804,Nikola Milicic,Burgos CF,20.0,Centre-Back,500.0,Serbia,1.86,None,right,2027.0
422850,Ghislain Konan,Burgos CF,29.0,Left-Back,2000.0,Cote d'Ivoire,1.76,None,left,2025.0
347594,Florian Miguel,Burgos CF,28.0,Left-Back,1000.0,France,1.79,Horizon,left,2026.0
423166,Pipa,Burgos CF,27.0,Right-Back,1600.0,Spain,1.76,Pro Evolution ...,right,2025.0
426326,Anderson Arroyo,Burgos CF,25.0,Right-Back,800.0,Colombia,1.76,None,right,2027.0
268959,Raúl Navarro,Burgos CF,31.0,Right-Back,500.0,Spain,1.67,AS1,right,2025.0
484743,Gabriel Barès,Burgos CF,24.0,Defensive Midfield,400.0,Switzerland,1.87,Binary Sports Group,left,2026.0
480955,Miguel Atienza,Burgos CF,25.0,Central Midfield,1000.0,Spain,1.86,None,right,2026.0
342223,Kévin Appin,Burgos CF,27.0,Central Midfield,1000.0,Martinique,1.76,None,right,2027.0
548109,Iván Morante,Burgos CF,24.0,Central Midfield,700.0,Spain,1.82,Players First,left,2026.0
634267,David González,Burgos CF,22.0,Central Midfield,200.0,Spain,1.8,Universal Twenty Two,left,2027.0
251848,Iñigo Córdoba,Burgos CF,28.0,Left Winger,1500.0,Spain,1.78,None,left,2026.0
111621,Dani Ojeda,Burgos CF,30.0,Left Winger,1200.0,Spain,1.78,YOU FIRST,both,2025.0
217155,Borja Sánchez,Burgos CF,29.0,Left Winger,1000.0,Spain,1.86,None,right,2025.0
240849,Elady Zorrilla,Burgos CF,34.0,Left Winger,200.0,Spain,1.76,None,right,2025.0
208116,Curro Sánchez,Burgos CF,29.0,Right Winger,2200.0,Spain,1.76,None,left,2027.0
560705,Álex Sancris,Burgos CF,28.0,Right Winger,1500.0,Spain,1.81,None,both,2025.0
627294,Fer Niño,Burgos CF,24.0,Centre-Forward,2000.0,Spain,1.91,YOU FIRST,right,2026.0
1073078,Fernando Mimbacas,Burgos CF,23.0,Centre-Forward,500.0,Uruguay,1.95,None,left,2028.0
175383,Helton Leite,Dep. La Coruña,34.0,Goalkeeper,900.0,Brazil,1.96,None,right,2026.0
126746,Germán Parreño,Dep. La Coruña,32.0,Goalkeeper,300.0,Spain,1.91,José Vicente Simeón,right,2026.0
446516,Pablo Vázquez,Dep. La Coruña,30.0,Centre-Back,500.0,Spain,1.85,None,right,2026.0
857949,Dani Barcia,Dep. La Coruña,22.0,Centre-Back,300.0,Spain,1.86,YOU FIRST,left,2028.0
282900,Pablo Martínez,Dep. La Coruña,36.0,Centre-Back,200.0,France,1.82,Wasserman,left,2025.0
212863,Jaime Sánchez,Dep. La Coruña,30.0,Centre-Back,200.0,Spain,1.85,Wasserman,right,2025.0
440737,Nemanja Tosic,Dep. La Coruña,28.0,Left-Back,1000.0,Serbia,1.89,None,left,2025.0
646747,Rafa Obrador,Dep. La Coruña,21.0,Left-Back,500.0,Spain,1.81,None,left,2025.0
93935,Sergio Escudero,Dep. La Coruña,35.0,Left-Back,200.0,Spain,1.76,None,left,2026.0
527838,Álex Petxarroman,Dep. La Coruña,28.0,Right-Back,500.0,Spain,1.8,None,right,2028.0
184767,Ximo Navarro,Dep. La Coruña,35.0,Right-Back,200.0,Spain,1.76,CAA Stellar,right,2026.0
203516,Nuke Mfulu,Dep. La Coruña,31.0,Defensive Midfield,700.0,DR Congo,1.83,InterStarDeporte,right,2026.0
581674,Charlie Patiño,Dep. La Coruña,21.0,Central Midfield,1000.0,England,1.82,None,left,2028.0
590687,Diego Villares,Dep. La Coruña,28.0,Central Midfield,700.0,Spain,1.8,None,right,2027.0
187673,José Ángel Jurado,Dep. La Coruña,32.0,Central Midfield,300.0,Spain,1.83,None,left,2026.0
568148,Mario Soriano,Dep. La Coruña,23.0,Attacking Midfield,1800.0,Spain,1.63,Wasserman,right,2028.0
470618,Denis Genreau,Dep. La Coruña,26.0,Attacking Midfield,800.0,Australia,1.75,Kemari,right,2027.0
510329,Hugo Rama,Dep. La Coruña,28.0,Attacking Midfield,400.0,Spain,1.77,Niagara Sports ...,right,2025.0
636385,Yeremay Hernández,Dep. La Coruña,22.0,Left Winger,5000.0,Spain,1.7,None,right,2030.0
741256,David Mella,Dep. La Coruña,19.0,Right Winger,4000.0,Spain,1.69,None,left,2029.0
847283,Juan Carlos Gauto,Dep. La Coruña,20.0,Right Winger,1500.0,Argentina,1.72,None,right,2025.0
941104,Diego Gómez,Dep. La Coruña,20.0,Right Winger,200.0,Spain,1.77,None,left,2030.0
211628,Mohamed Bouldini,Dep. La Coruña,29.0,Centre-Forward,800.0,Morocco,1.87,None,right,2028.0
519651,Zakaria Eddahchouri,Dep. La Coruña,25.0,Centre-Forward,600.0,Netherlands,1.87,None,right,2028.0
514514,Iván Barbero,Dep. La Coruña,26.0,Centre-Forward,500.0,Spain,1.86,None,right,2026.0
237617,Cristian Herrera,Dep. La Coruña,34.0,Centre-Forward,300.0,Spain,1.82,CAA Stellar,both,2025.0
606848,Jonmi Magunagoitia,SD Eibar,24.0,Goalkeeper,600.0,Spain,1.83,None,right,2026.0
524937,Álex Domínguez,SD Eibar,26.0,Goalkeeper,300.0,Spain,1.87,Wasserman,left,2025.0
388542,Arnau Comas,SD Eibar,25.0,Centre-Back,500.0,Spain,1.91,Wasserman,right,2025.0
434602,Aritz Arambarri,SD Eibar,27.0,Centre-Back,500.0,Spain,1.86,None,right,2027.0
652330,Álvaro Carrillo,SD Eibar,23.0,Centre-Back,400.0,Spain,1.82,None,right,2026.0
248330,Chema Rodríguez,SD Eibar,33.0,Centre-Back,200.0,Spain,1.89,None,left,2025.0
71548,Anaitz Arbilla,SD Eibar,38.0,Centre-Back,200.0,Spain,1.78,None,right,2025.0
566575,Cristian Gutiérrez,SD Eibar,24.0,Left-Back,1200.0,Spain,1.77,AS1,left,2027.0
1112214,Hodei Arrillaga,SD Eibar,21.0,Left-Back,500.0,Spain,1.75,None,left,2027.0
684253,Sergio Cubero,SD Eibar,25.0,Right-Back,600.0,Spain,1.87,YOU FIRST,right,2027.0
447052,Peru Nolaskoain,SD Eibar,26.0,Defensive Midfield,1000.0,Spain,1.86,CAA Stellar,right,2027.0
138935,Sergio Álvarez,SD Eibar,33.0,Defensive Midfield,700.0,Spain,1.83,None,right,2026.0
323934,Matheus Pereira,SD Eibar,27.0,Central Midfield,1200.0,Brazil,1.83,None,left,2025.0
611075,Iván Gil,SD Eibar,25.0,Attacking Midfield,800.0,Spain,1.68,None,right,2025.0
471474,Javi Martínez,SD Eibar,25.0,Attacking Midfield,800.0,Spain,1.81,CAA Stellar,right,2027.0
337066,Toni Villa,SD Eibar,30.0,Left Winger,1000.0,Spain,1.72,None,right,2026.0
289272,Martín Merquelanz,SD Eibar,29.0,Left Winger,600.0,Spain,1.76,None,left,2025.0
572271,Xeber Alkain,SD Eibar,27.0,Right Winger,1500.0,Spain,1.74,None,right,2026.0
262365,Antonio Puertas,SD Eibar,33.0,Right Winger,1500.0,Spain,1.83,AS1,right,2026.0
379534,José Corpas,SD Eibar,33.0,Right Winger,800.0,Spain,1.78,AS1,right,2026.0
625064,Jon Guruzeta,SD Eibar,25.0,Right Winger,500.0,Spain,1.85,YOU FIRST,right,2026.0
669511,Jorge Pascual,SD Eibar,22.0,Centre-Forward,1200.0,Spain,1.87,None,left,2025.0
298613,Juan Pérez,SD Huesca,28.0,Goalkeeper,600.0,Spain,1.91,None,right,2026.0
126509,Dani Jiménez,SD Huesca,35.0,Goalkeeper,300.0,Spain,1.79,None,right,2027.0
517845,Jérémy Blasco,SD Huesca,26.0,Centre-Back,800.0,France,1.85,UNIQUE DIMENSION,right,2025.0
67546,Jorge Pulido,SD Huesca,34.0,Centre-Back,700.0,Spain,1.86,YOU FIRST,right,2026.0
603969,Rubén Pulido,SD Huesca,24.0,Centre-Back,600.0,Spain,1.84,YOU FIRST,right,2025.0
513441,Diego González,SD Huesca,26.0,Centre-Back,500.0,Spain,1.79,None,left,2026.0
581701,Ignasi Vilarrasa,SD Huesca,25.0,Left-Back,1000.0,Spain,1.83,MSSports,left,2025.0
537763,Jordi Martín,SD Huesca,24.0,Left-Back,800.0,Spain,1.76,None,left,2026.0
260230,Moi Delgado,SD Huesca,31.0,Left-Back,300.0,Spain,1.72,None,left,2025.0
400104,Miguel Loureiro,SD Huesca,28.0,Right-Back,1000.0,Spain,1.82,None,right,2026.0
595357,Toni Abad,SD Huesca,28.0,Right-Back,600.0,Spain,1.74,Wasserman,right,2026.0
67550,Óscar Sielva,SD Huesca,33.0,Central Midfield,800.0,Spain,1.8,IGdreamsfootball,right,2029.0
625653,Iker Kortajarena,SD Huesca,24.0,Central Midfield,700.0,Spain,1.82,None,left,2026.0
353018,Javi Mier,SD Huesca,26.0,Central Midfield,600.0,Spain,1.76,None,right,2025.0
350208,Javi Pérez,SD Huesca,29.0,Central Midfield,500.0,Spain,1.85,None,right,2025.0
628301,Hugo Vallejo,SD Huesca,25.0,Left Winger,500.0,Spain,1.81,CAA Stellar,right,2025.0
396334,Joaquín Muñoz,SD Huesca,26.0,Right Winger,1000.0,Spain,1.72,None,both,2025.0
524197,Patrick Soko,SD Huesca,27.0,Right Winger,1000.0,Cameroon,1.76,None,right,2025.0
278651,Gerard Valentín,SD Huesca,31.0,Right Winger,900.0,Spain,1.77,AS1,right,2026.0
605466,Iker Unzueta,SD Huesca,26.0,Centre-Forward,500.0,Spain,1.84,None,right,2026.0
81988,Sergi Enrich,SD Huesca,35.0,Centre-Forward,300.0,Spain,1.83,None,right,2025.0
1137080,Ayman Arguigue,SD Huesca,20.0,Centre-Forward,200.0,Morocco,1.84,None,right,2026.0
631049,Gonzalo Crettaz,Castellón,25.0,Goalkeeper,800.0,Argentina,1.84,Players First,right,2025.0
218431,Amir Abedzadeh,Castellón,32.0,Goalkeeper,400.0,Iran,1.86,None,right,2025.0
353034,Juan Escobar,Castellón,29.0,Centre-Back,1000.0,Paraguay,1.77,None,right,2025.0
611816,Daijiro Chirino,Castellón,23.0,Centre-Back,800.0,Curacao,1.85,None,right,2028.0
199341,Óscar Gil,Castellón,29.0,Centre-Back,300.0,Spain,1.84,None,right,2025.0
265289,Alberto Jiménez,Castellón,32.0,Centre-Back,200.0,Spain,1.86,None,right,2026.0
765467,Jozhua Vertrouwd,Castellón,20.0,Left-Back,600.0,Netherlands,1.87,None,left,2027.0
146258,Jetro Willems,Castellón,31.0,Left-Back,400.0,Netherlands,1.77,H2 Agency,left,2025.0
162063,Salva Ruiz,Castellón,30.0,Left-Back,400.0,Spain,1.77,None,left,2026.0
160285,Milos Jojic,Castellón,33.0,Central Midfield,500.0,Serbia,1.77,None,right,2025.0
408472,Josep Calavera,Castellón,25.0,Central Midfield,500.0,Spain,1.81,IGdreamsfootball,right,2025.0
208022,Giovanni Zarfino,Castellón,33.0,Central Midfield,300.0,Uruguay,1.85,YOU FIRST,right,2025.0
540659,Albert Lottin,Castellón,23.0,Central Midfield,200.0,France,1.81,None,right,2027.0
352223,Israel Suero,Castellón,31.0,Attacking Midfield,400.0,Spain,1.72,None,left,2027.0
361878,Sergio Moyita,Castellón,32.0,Attacking Midfield,200.0,Spain,1.74,None,right,2025.0
536619,Raúl Sánchez,Castellón,27.0,Left Winger,700.0,Spain,1.88,None,left,2027.0
700565,Brian Cipenga,Castellón,27.0,Left Winger,500.0,DR Congo,1.72,None,right,2026.0
255729,Awer Mabil,Castellón,29.0,Left Winger,300.0,Australia,1.78,None,right,2026.0
461959,Douglas Aurélio,Castellón,26.0,Right Winger,800.0,Brazil,1.83,None,left,2025.0
633111,Álex Calatrava,Castellón,24.0,Right Winger,800.0,Spain,1.75,None,left,2028.0
776579,Kenneth Mamah,Castellón,27.0,Right Winger,700.0,Nigeria,1.82,None,right,2027.0
972764,Nick Markanich,Castellón,25.0,Right Winger,500.0,United States,1.85,None,"
                            Jan 1, 2025                        ",2027.0
543390,Mamadou Traoré,Castellón,23.0,Right Winger,100.0,Mali,1.7,None,"
                            Jan 7, 2025                        ",2028.0
598611,Jesús de Miguel,Castellón,28.0,Centre-Forward,600.0,Spain,1.89,None,left,2026.0
827950,Ousmane Camara,Castellón,23.0,Centre-Forward,500.0,Guinea,1.76,LIAN Sports Group,left,2027.0
102146,Edgar Badia,CD Tenerife,33.0,Goalkeeper,700.0,Spain,1.8,Wasserman,right,2025.0
635929,Salvi Carrasco,CD Tenerife,24.0,Goalkeeper,500.0,Spain,1.92,None,"
                            Jul 1, 2024                        ",2026.0
281773,José León,CD Tenerife,30.0,Centre-Back,700.0,Spain,1.85,None,left,2026.0
410696,Anthony Landázuri,CD Tenerife,28.0,Centre-Back,500.0,Ecuador,1.79,None,right,2027.0
465317,Juande Rivas,CD Tenerife,25.0,Centre-Back,400.0,Spain,1.87,None,right,2027.0
311454,José Amo,CD Tenerife,27.0,Centre-Back,400.0,Spain,1.82,Goal Management,right,2026.0
461619,Fernando Medrano,CD Tenerife,25.0,Left-Back,500.0,Spain,1.72,None,left,2026.0
282724,Adrián Guerrero,CD Tenerife,27.0,Left-Back,500.0,Spain,1.74,Footfeel ISM,left,2026.0
525113,Jérémy Mellot,CD Tenerife,31.0,Right-Back,1000.0,France,1.78,None,right,2027.0
820375,David Rodríguez,CD Tenerife,24.0,Right-Back,400.0,Spain,1.79,AS1,right,2026.0
290533,Yann Bodiger,CD Tenerife,30.0,Defensive Midfield,500.0,France,1.88,None,left,2026.0
524008,Yussi Diarra,CD Tenerife,26.0,Central Midfield,1000.0,Mali,1.74,None,right,2027.0
1270449,Aarón Martin,CD Tenerife,18.0,Central Midfield,1000.0,Spain,1.75,None,right,2025.0
435500,Sergio González,CD Tenerife,28.0,Central Midfield,800.0,Spain,1.84,None,both,2026.0
531062,Fabio González,CD Tenerife,28.0,Central Midfield,500.0,Spain,1.76,None,right,2025.0
71834,Aitor Sanz,CD Tenerife,40.0,Central Midfield,100.0,Spain,1.81,None,right,2025.0
197576,Maikel Mesa,CD Tenerife,33.0,Attacking Midfield,500.0,Spain,1.88,YOU FIRST,right,2027.0
638235,Alejandro Cantero,CD Tenerife,24.0,Left Winger,800.0,Spain,1.84,None,right,2026.0
404688,Waldo Rubio,CD Tenerife,29.0,Left Winger,700.0,Spain,1.83,AS1,right,2027.0
345654,Marlos Moreno,CD Tenerife,28.0,Left Winger,500.0,Colombia,1.73,None,right,2026.0
610461,Luismi Cruz,CD Tenerife,23.0,Right Winger,1000.0,Spain,1.66,YOU FIRST,left,2027.0
963613,Teto Martín,CD Tenerife,23.0,Right Winger,700.0,Spain,1.75,Footfeel ISM,right,2027.0
726030,Jorge Padilla,CD Tenerife,24.0,Centre-Forward,200.0,Spain,1.75,None,right,2026.0
51510,Ángel Rodríguez,CD Tenerife,38.0,Centre-Forward,200.0,Spain,1.71,None,right,2025.0
114060,Enric Gallego,CD Tenerife,38.0,Centre-Forward,200.0,Spain,1.89,None,left,2025.0
623525,Luis López,CD Mirandés,24.0,Goalkeeper,300.0,Spain,1.97,None,left,2025.0
54217,Raúl Fernández,CD Mirandés,37.0,Goalkeeper,200.0,Spain,1.95,None,right,2025.0
892685,Pablo Tomeo,CD Mirandés,25.0,Centre-Back,800.0,Spain,1.86,Wasserman,right,2025.0
354697,Tachi,CD Mirandés,27.0,Centre-Back,600.0,Spain,1.84,None,right,2025.0
531121,Juan Gutiérrez,CD Mirandés,25.0,Centre-Back,600.0,Spain,1.88,None,right,2026.0
834485,Unai Egiluz,CD Mirandés,23.0,Centre-Back,400.0,Spain,1.86,None,right,2025.0
158791,Sergio Postigo,CD Mirandés,36.0,Centre-Back,200.0,Spain,1.84,None,right,2025.0
521455,Julio Alonso,CD Mirandés,26.0,Left-Back,600.0,Spain,1.7,None,left,2025.0
591957,Victor Parada,CD Mirandés,23.0,Left-Back,300.0,Spain,1.85,None,left,2025.0
834487,Hugo Rincón,CD Mirandés,22.0,Right-Back,1200.0,Spain,1.83,LEADERBROCK,right,2025.0
711374,Jon Gorrotxategi,CD Mirandés,23.0,Defensive Midfield,1500.0,Spain,1.77,None,right,2025.0
860669,Mathis Lachuer,CD Mirandés,24.0,Defensive Midfield,700.0,France,1.85,None,left,2025.0
603696,Alberto Reina,CD Mirandés,27.0,Central Midfield,900.0,Spain,1.79,RR-Soccer ...,right,2025.0
627287,Carlo García,CD Mirandés,24.0,Central Midfield,400.0,Spain,1.82,AS1,right,2025.0
895326,Joel Roca,CD Mirandés,19.0,Left Winger,500.0,Spain,1.76,Wasserman,right,2025.0
710679,Iker Benito,CD Mirandés,22.0,Right Winger,800.0,Spain,1.76,None,right,2025.0
1064699,Álex Calvo,CD Mirandés,21.0,Right Winger,500.0,Spain,1.7,DCGLOBALSL,left,2025.0
625658,Ander Martín,CD Mirandés,24.0,Right Winger,400.0,Spain,1.77,YOU FIRST,left,2025.0
711377,Alberto Dadie,CD Mirandés,22.0,Right Winger,200.0,Spain,1.7,None,right,2025.0
1064871,Joaquín Panichelli,CD Mirandés,22.0,Centre-Forward,2000.0,Argentina,1.87,None,right,2025.0
610622,Urko Izeta,CD Mirandés,25.0,Centre-Forward,800.0,Spain,1.75,None,right,2025.0
596884,Adrián Butzke,CD Mirandés,26.0,Centre-Forward,300.0,Spain,1.93,RGFOOTBALL,right,2025.0
335221,Dani Martín,Eldense,26.0,Goalkeeper,600.0,Spain,1.87,None,right,2025.0
710474,Álvaro Aceves,Eldense,21.0,Goalkeeper,400.0,Spain,1.9,ROOF,right,2025.0
88917,Ian Mackay,Eldense,38.0,Goalkeeper,100.0,Spain,1.81,None,right,2025.0
1060456,Matia Barzic,Eldense,20.0,Centre-Back,500.0,Croatia,1.9,None,right,2025.0
78818,Dario Dumic,Eldense,33.0,Centre-Back,400.0,Bosnia-Herzegovina,1.93,People In Sport,right,2025.0
277500,Piña,Eldense,30.0,Centre-Back,300.0,Spain,1.88,None,right,2025.0
281990,Nacho Monsalve,Eldense,31.0,Centre-Back,200.0,Spain,1.88,None,both,2025.0
96539,Marc Mateu,Eldense,34.0,Left-Back,600.0,Spain,1.8,None,left,2025.0
406773,Iván Martos,Eldense,28.0,Left-Back,400.0,Spain,1.83,None,left,2025.0
590690,Víctor García,Eldense,27.0,Right-Back,600.0,Spain,1.8,None,right,2026.0
442816,Fran Gámez,Eldense,33.0,Right-Back,300.0,Spain,1.74,None,right,2026.0
784719,Raúl Parra,Eldense,25.0,Right-Back,200.0,Spain,1.87,None,right,2025.0
355501,Amadou Diawara,Eldense,27.0,Defensive Midfield,700.0,Guinea,1.83,Goal Management,right,2025.0
158795,David Timor,Eldense,35.0,Defensive Midfield,300.0,Spain,1.85,None,left,2025.0
263856,Víctor Camarasa,Eldense,30.0,Central Midfield,700.0,Spain,1.83,AS1,right,2025.0
199131,Álex Bernal,Eldense,34.0,Central Midfield,100.0,Spain,1.75,None,right,2025.0
932349,Diego Méndez,Eldense,21.0,Central Midfield,100.0,Spain,1.82,None,right,2025.0
162079,Fede Vico,Eldense,30.0,Attacking Midfield,500.0,Spain,1.79,Unique Sports Group,left,2025.0
536826,Nacho Quintana,Eldense,24.0,Attacking Midfield,400.0,Spain,1.78,None,right,2026.0
706138,Javi Llabrés,Eldense,22.0,Left Winger,600.0,Spain,1.74,LIAN Sports Group,both,2025.0
566965,Diego Collado,Eldense,24.0,Left Winger,400.0,Spain,1.83,LEADERBROCK,right,2025.0
537375,Simo Bouzaidi,Eldense,25.0,Left Winger,300.0,Morocco,1.71,AS1,right,2026.0
412046,Iván Chapela,Eldense,26.0,Right Winger,1200.0,Spain,1.81,None,right,2025.0
718029,Unai Ropero,Eldense,23.0,Right Winger,500.0,Spain,1.88,None,right,2025.0
606720,Masca,Eldense,25.0,Centre-Forward,800.0,Portugal,1.82,None,right,2025.0
213875,Juanto Ortuño,Eldense,33.0,Centre-Forward,400.0,Spain,1.77,José Vicente Simeón,right,2026.0
337070,Sekou Gassama,Eldense,30.0,Centre-Forward,350.0,Senegal,1.89,None,left,2025.0
167228,Raúl Lizoain,Albacete,34.0,Goalkeeper,300.0,Spain,1.88,None,left,2026.0
398131,Cristian Rivero,Albacete,27.0,Goalkeeper,200.0,Spain,1.88,None,right,2025.0
715679,Lalo Aguilar,Albacete,22.0,Centre-Back,300.0,Spain,1.9,None,right,2025.0
156817,Jon García,Albacete,33.0,Centre-Back,200.0,Spain,1.77,None,right,2026.0
500191,Pepe Sánchez,Albacete,25.0,Centre-Back,200.0,Spain,1.85,None,right,2026.0
628923,Juan María Alcedo,Albacete,24.0,Left-Back,400.0,Spain,1.79,None,left,2025.0
65318,Jaume Costa,Albacete,37.0,Left-Back,100.0,Spain,1.71,None,left,2025.0
560107,Álvaro Rodríguez,Albacete,30.0,Right-Back,600.0,Spain,1.81,None,right,2026.0
652331,Javi Rueda,Albacete,23.0,Right-Back,600.0,Spain,1.77,DCGLOBALSL,right,2025.0
336051,Agus Medina,Albacete,30.0,Central Midfield,1000.0,Spain,1.76,None,right,2026.0
596899,Riki Rodríguez,Albacete,27.0,Central Midfield,1000.0,Spain,1.75,None,right,2026.0
568156,Antonio Pacheco,Albacete,23.0,Central Midfield,600.0,Spain,1.84,Wasserman,right,2027.0
234866,Rai Marchán,Albacete,31.0,Central Midfield,200.0,Spain,1.83,None,right,2025.0
689639,Javi Villar,Albacete,22.0,Central Midfield,200.0,Spain,1.87,Footfeel ISM,right,2027.0
455349,Jon Morcillo,Albacete,26.0,Left Winger,1200.0,Spain,1.83,None,left,2026.0
149231,Fidel,Albacete,35.0,Left Winger,400.0,Spain,1.8,Wasserman,left,2025.0
315312,Juanma García,Albacete,32.0,Right Winger,700.0,Spain,1.67,None,"
                            Jul 23, 2022                        ",2025.0
821820,Pablo Sáenz,Albacete,24.0,Right Winger,500.0,Spain,1.75,AS1,left,2025.0
242882,Higinio Marín,Albacete,31.0,Centre-Forward,1000.0,Spain,1.84,None,right,2025.0
711394,Javi Martón,Albacete,26.0,Centre-Forward,500.0,Spain,1.81,None,right,2025.0
487180,Nabil Touaizi,Albacete,24.0,Centre-Forward,200.0,Morocco,1.83,IGdreamsfootball,right,2026.0
1364454,Christian Kofane,Albacete,18.0,Centre-Forward,200.0,Cameroon,1.89,None,right,2028.0
129478,Alfonso Herrero,Málaga CF,31.0,Goalkeeper,400.0,Spain,1.83,CAA Stellar,right,2028.0
1004298,Carlos López,Málaga CF,20.0,Goalkeeper,100.0,Spain,1.84,None,right,2029.0
332615,Nélson Monte,Málaga CF,29.0,Centre-Back,500.0,Portugal,1.87,None,right,2026.0
251046,Einar Galilea,Málaga CF,31.0,Centre-Back,400.0,Spain,1.85,None,left,2025.0
398056,Álex Pastor,Málaga CF,25.0,Centre-Back,300.0,Spain,1.85,Footfeel ISM,right,2026.0
635930,Diego Murillo,Málaga CF,24.0,Centre-Back,100.0,Spain,1.82,None,right,2027.0
281588,Víctor García,Málaga CF,30.0,Left-Back,300.0,Spain,1.8,None,left,2025.0
622951,Dani Sánchez,Málaga CF,25.0,Left-Back,200.0,Spain,1.71,None,left,2027.0
711388,Jokin Gabilondo,Málaga CF,26.0,Right-Back,400.0,Spain,1.76,None,right,2025.0
776703,Carlos Puga,Málaga CF,24.0,Right-Back,300.0,Spain,1.75,YOU FIRST,right,2026.0
207922,Luismi Sánchez,Málaga CF,33.0,Defensive Midfield,400.0,Spain,1.79,None,right,2026.0
1078436,Izan Merino,Málaga CF,19.0,Central Midfield,500.0,Spain,1.82,None,right,2028.0
960562,Dani Lorenzo,Málaga CF,22.0,Central Midfield,400.0,Spain,1.76,CAA Stellar,right,2027.0
160671,Manu Molina,Málaga CF,33.0,Central Midfield,300.0,Spain,1.77,None,right,2025.0
455066,Juanpe,Málaga CF,29.0,Central Midfield,200.0,Spain,1.84,None,right,2026.0
289286,Luca Sangalli,Málaga CF,30.0,Central Midfield,200.0,Spain,1.67,YOU FIRST,right,2025.0
1109577,Aarón Ochoa,Málaga CF,18.0,Attacking Midfield,500.0,Ireland,1.67,None,right,2027.0
1178393,Antoñito Cordero,Málaga CF,18.0,Left Winger,2000.0,Spain,1.78,None,right,2025.0
625654,Julen Lobete,Málaga CF,24.0,Left Winger,1200.0,Spain,1.77,Wasserman,right,2027.0
635904,Kevin Medina,Málaga CF,24.0,Left Winger,800.0,Spain,1.73,Footfeel ISM,both,2025.0
255506,Yanis Rahmani,Málaga CF,30.0,Left Winger,500.0,France,1.78,IGdreamsfootball,left,2025.0
635939,David Larrubia,Málaga CF,23.0,Right Winger,500.0,Spain,1.72,None,left,2027.0
667996,Haitam Abaida,Málaga CF,22.0,Right Winger,200.0,Morocco,1.72,None,left,2027.0
371008,Roko Baturina,Málaga CF,24.0,Centre-Forward,600.0,Croatia,1.87,None,left,2025.0
164402,Dioni,Málaga CF,35.0,Centre-Forward,300.0,Spain,1.84,AS1,left,2025.0
251877,Carlos Marín,Córdoba CF,28.0,Goalkeeper,600.0,Spain,1.87,None,right,2028.0
624905,Ramón Vila,Córdoba CF,23.0,Goalkeeper,200.0,Spain,1.91,None,right,2027.0
423614,Gabriele Corbo,Córdoba CF,25.0,Centre-Back,700.0,Italy,1.86,Team Raiola,right,2025.0
379743,Rubén Alves,Córdoba CF,30.0,Centre-Back,600.0,Spain,1.84,None,left,2025.0
935229,Marvel,Córdoba CF,22.0,Centre-Back,500.0,Spain,1.84,None,"
                    Defender - Centre-Back                ",2025.0
569876,Xavi Sintes,Córdoba CF,23.0,Centre-Back,300.0,Spain,1.9,CAA Stellar,right,2026.0
630998,José Calderón,Córdoba CF,25.0,Left-Back,300.0,Spain,1.7,AS1,left,2026.0
396324,Carlos Isaac,Córdoba CF,27.0,Right-Back,500.0,Spain,1.84,None,right,2025.0
286375,Carlos Albarrán,Córdoba CF,31.0,Right-Back,200.0,Spain,1.87,None,"
                            Jul 1, 2023                        ",2026.0
396109,Genaro Rodríguez,Córdoba CF,27.0,Defensive Midfield,500.0,Spain,1.85,RR-Soccer ...,right,2025.0
582664,Álex Sala,Córdoba CF,24.0,Central Midfield,800.0,Spain,1.85,None,right,2026.0
635347,Alberto del Moral,Córdoba CF,24.0,Central Midfield,800.0,Spain,1.85,InterStarDeporte,right,2025.0
337917,Théo Zidane,Córdoba CF,23.0,Central Midfield,500.0,France,1.96,None,right,2026.0
610238,Pedro Ortiz,Córdoba CF,24.0,Central Midfield,400.0,Spain,1.84,None,left,2026.0
631221,Isma Ruiz,Córdoba CF,24.0,Central Midfield,400.0,Spain,1.8,None,right,2028.0
625655,Jon Magunazelaia,Córdoba CF,23.0,Attacking Midfield,1000.0,Spain,1.8,None,right,2025.0
294388,Cristian Carracedo,Córdoba CF,29.0,Left Winger,500.0,Spain,1.79,None,right,2028.0
635581,Ander Yoldi,Córdoba CF,24.0,Left Winger,400.0,Spain,1.87,None,right,2025.0
442794,Adilson,Córdoba CF,28.0,Left Winger,300.0,Portugal,1.69,None,both,2025.0
340870,Jacobo González,Córdoba CF,28.0,Right Winger,800.0,Spain,1.79,None,right,2026.0
537767,Antonio Casas,Córdoba CF,25.0,Centre-Forward,700.0,Spain,1.83,None,right,2025.0
281914,Nikolay Obolskiy,Córdoba CF,28.0,Centre-Forward,500.0,Russia,1.86,None,left,2026.0
617059,Pablo Cuñat,FC Cartagena,23.0,Goalkeeper,1000.0,Spain,1.88,InterStarDeporte,left,2025.0
623526,Toni Fuidias,FC Cartagena,24.0,Goalkeeper,300.0,Spain,1.95,None,right,2025.0
311146,Nikola Sipcic,FC Cartagena,30.0,Centre-Back,600.0,Montenegro,1.92,MIV GESTFUT,right,2025.0
717957,Jorge Moreno,FC Cartagena,23.0,Centre-Back,500.0,Spain,1.84,RGFOOTBALL,right,2025.0
51663,Pedro Alcalá,FC Cartagena,36.0,Centre-Back,200.0,Spain,1.96,None,right,2026.0
51667,Kiko Olivas,FC Cartagena,36.0,Centre-Back,200.0,Spain,1.84,YOU FIRST,right,2025.0
294987,Andrija Vukcevic,FC Cartagena,28.0,Left-Back,600.0,Montenegro,1.8,None,left,2025.0
127554,Nacho Martínez,FC Cartagena,36.0,Left-Back,200.0,Spain,1.74,Niagara Sports ...,left,2025.0
483573,Martín Aguirregabiria,FC Cartagena,29.0,Right-Back,800.0,Spain,1.78,None,right,2025.0
509484,Julián Delmás,FC Cartagena,30.0,Right-Back,500.0,Spain,1.74,CAA Stellar,right,2025.0
355624,Luis Muñoz,FC Cartagena,28.0,Central Midfield,1000.0,Spain,1.82,None,right,2025.0
396340,Óscar Clemente,FC Cartagena,26.0,Central Midfield,600.0,Spain,1.76,None,left,2025.0
355104,Pepín Machín,FC Cartagena,28.0,Central Midfield,500.0,Equatorial Guinea,1.84,Team Raiola,right,2025.0
606570,Sergio Guerrero,FC Cartagena,26.0,Central Midfield,400.0,Spain,1.74,None,right,2026.0
252686,Andy Rodríguez,FC Cartagena,35.0,Central Midfield,100.0,Spain,1.85,None,left,2025.0
857830,Daniel Luna,FC Cartagena,22.0,Attacking Midfield,300.0,Colombia,1.78,None,left,2025.0
935457,Salim El Jebari,FC Cartagena,21.0,Left Winger,400.0,Morocco,1.78,None,right,2025.0
589456,Rafa Núñez,FC Cartagena,23.0,Left Winger,300.0,Dominican Republic,1.78,Wasserman,right,2025.0
1033478,Gastón Valles,FC Cartagena,24.0,Centre-Forward,600.0,Uruguay,1.92,None,left,2025.0
531829,Dani Escriche,FC Cartagena,27.0,Centre-Forward,600.0,Spain,1.78,None,right,2025.0
412041,Álex Millán,FC Cartagena,25.0,Centre-Forward,500.0,Spain,1.82,AS1,right,2025.0
96540,Alfredo Ortuño,FC Cartagena,34.0,Centre-Forward,400.0,Spain,1.84,None,left,2026.0
408288,Jesús Ruiz,Racing Ferrol,28.0,Goalkeeper,500.0,Spain,1.82,LIAN Sports Group,right,2025.0
480966,Emilio Bernad,Racing Ferrol,25.0,Goalkeeper,300.0,Spain,1.84,None,left,2025.0
58115,Yoel Rodríguez,Racing Ferrol,36.0,Goalkeeper,100.0,Spain,1.84,YOU FIRST,right,2025.0
699233,Aleksa Puric,Racing Ferrol,21.0,Centre-Back,700.0,Serbia,1.96,IGdreamsfootball,right,2027.0
513526,David Castro,Racing Ferrol,29.0,Centre-Back,500.0,Spain,1.92,None,left,2025.0
302991,Erick Cabaco,Racing Ferrol,30.0,Centre-Back,500.0,Uruguay,1.85,InterStarDeporte,right,2025.0
148666,Naldo,Racing Ferrol,36.0,Centre-Back,100.0,Brazil,1.88,None,right,2025.0
638138,Brais Martínez,Racing Ferrol,23.0,Left-Back,500.0,Spain,1.75,None,left,2025.0
226006,Emanuel Insúa,Racing Ferrol,34.0,Left-Back,200.0,Argentina,1.81,INSUA GROUP,left,2025.0
374081,Aitor Buñuel,Racing Ferrol,27.0,Right-Back,500.0,Spain,1.72,Footfeel ISM,right,2025.0
223890,Rober Correa,Racing Ferrol,32.0,Right-Back,300.0,Spain,1.8,None,right,2025.0
466806,Álvaro Sanz,Racing Ferrol,24.0,Defensive Midfield,800.0,Spain,1.7,Wasserman,right,2026.0
396328,Luis Perea,Racing Ferrol,27.0,Defensive Midfield,500.0,Spain,1.91,LIAN Sports Group,right,2025.0
385084,Fran Manzanara,Racing Ferrol,28.0,Central Midfield,400.0,Spain,1.82,InterStarDeporte,right,2025.0
652329,Aitor Gelardo,Racing Ferrol,22.0,Central Midfield,300.0,Spain,1.8,CAA Stellar,right,2025.0
161267,Josep Señé,Racing Ferrol,33.0,Attacking Midfield,300.0,Spain,1.84,None,right,2025.0
636096,Raúl Blanco,Racing Ferrol,23.0,Attacking Midfield,300.0,Spain,1.73,Footfeel ISM,left,2025.0
275020,Héber Pena,Racing Ferrol,35.0,Left Winger,100.0,Spain,1.76,None,left,2025.0
483453,Josué Dorrio,Racing Ferrol,31.0,Right Winger,600.0,Spain,1.7,None,right,2025.0
715683,Naim García,Racing Ferrol,22.0,Right Winger,400.0,Spain,1.8,CAA Stellar,left,2025.0
391047,Nacho Sánchez,Racing Ferrol,32.0,Right Winger,400.0,Spain,1.77,AS1,right,2025.0
527350,Manu Vallejo,Racing Ferrol,28.0,Second Striker,500.0,Spain,1.67,YOU FIRST,right,2025.0
511030,Christian Borrego,Racing Ferrol,28.0,Centre-Forward,500.0,Spain,1.7,None,right,2025.0
57935,Álvaro Giménez,Racing Ferrol,34.0,Centre-Forward,400.0,Spain,1.83,None,left,2025.0
