player_id,name,player_club,age,position,market_value,nationality,player_height,player_agent,strong_foot,contract_value_time,appearances,PPG,goals,assists,own_goals,substitutions_on,substitutions_off,yellow_cards,second_yellow_cards,red_cards,penalty_goals,minutes_per_goal,minutes_played
258004,Rúben Dias,Man City,28.0,Centre-Back,70000.0,Portugal,1.87,Gestifute,right,2027.0,40.0,1.9,0.0,0.0,1.0,5.0,3.0,7.0,0.0,0.0,0.0,0.0,3.125
763079,Abdukodir Khusanov,Man City,21.0,Centre-Back,35000.0,Uzbekistan,1.86,Football Group LLC,right,2029.0,25.0,1.6,1.0,1.0,1.0,4.0,3.0,4.0,0.0,1.0,0.0,1.903,1.903
177476,Nathan Aké,Man City,30.0,Centre-Back,32000.0,Netherlands,1.8,Wasserman,left,2027.0,18.0,1.5,0.0,0.0,0.0,4.0,12.0,0.0,0.0,0.0,0.0,0.0,1.133
284730,Manuel Akanji,Man City,29.0,Centre-Back,32000.0,Switzerland,1.88,Wasserman,right,2027.0,36.0,1.86,0.0,1.0,0.0,4.0,5.0,3.0,0.0,0.0,0.0,0.0,2.794
186590,John Stones,Man City,30.0,Centre-Back,30000.0,England,1.88,Wasserman,right,2026.0,20.0,1.85,3.0,2.0,0.0,7.0,5.0,2.0,0.0,0.0,0.0,378.0,1.134
1005575,Vitor Reis,Man City,19.0,Centre-Back,30000.0,Brazil,1.86,P&P Sport ...,right,2029.0,4.0,2.25,0.0,0.0,0.0,1.0,1.0,0.0,0.0,0.0,0.0,0.0,226.0
475959,Josko Gvardiol,Man City,23.0,Left-Back,75000.0,Croatia,1.85,Marjan Sisic,left,2028.0,52.0,1.75,6.0,2.0,0.0,4.0,5.0,2.0,0.0,0.0,0.0,737.0,4.423
701057,Rico Lewis,Man City,20.0,Right-Back,40000.0,England,1.7,,right,2028.0,,,,,,,,,,,,,
357565,Rodri,Man City,28.0,Defensive Midfield,130000.0,Spain,1.91,,right,2027.0,4.0,2.0,0.0,0.0,0.0,2.0,1.0,0.0,0.0,0.0,0.0,0.0,163.0
466805,Nico González,Man City,23.0,Central Midfield,40000.0,Spain,1.88,Gestifute,right,2029.0,44.0,2.07,9.0,6.0,0.0,7.0,15.0,14.0,0.0,1.0,0.0,352.0,3.164
601883,Matheus Nunes,Man City,26.0,Central Midfield,35000.0,Portugal,1.83,Gestifute,right,2028.0,,,,,,,,,,,,,
51471,Mateo Kovacic,Man City,31.0,Central Midfield,25000.0,Croatia,1.77,VPA SPORTS ...,right,2027.0,,,,,,,,,,,,,
53622,İlkay Gündoğan,Man City,34.0,Central Midfield,7000.0,Germany,1.8,ROOF,right,2026.0,49.0,1.78,2.0,6.0,0.0,14.0,18.0,2.0,0.0,0.0,0.0,1.543,3.086
241641,Bernardo Silva,Man City,30.0,Attacking Midfield,45000.0,Portugal,1.73,Gestifute,left,2026.0,48.0,1.65,5.0,4.0,0.0,7.0,6.0,10.0,0.0,0.0,0.0,762.0,3.812
88755,Kevin De Bruyne,Man City,33.0,Attacking Midfield,27000.0,Belgium,1.81,Roc Nation Sports,right,2025.0,39.0,1.67,6.0,8.0,0.0,12.0,16.0,3.0,0.0,0.0,0.0,398.0,2.386
994536,Claudio Echeverri,Man City,19.0,Attacking Midfield,18000.0,Argentina,1.7,,right,2028.0,1.0,,0.0,0.0,0.0,1.0,0.0,1.0,0.0,0.0,0.0,0.0,14.0
583199,James McAtee,Man City,22.0,Attacking Midfield,18000.0,England,1.8,YMU Management Ltd.,left,2026.0,,,,,,,,,,,,,
743413,Nico O'Reilly,Man City,20.0,Attacking Midfield,7000.0,England,1.93,SEG,left,2028.0,29.0,2.34,7.0,3.0,0.0,5.0,9.0,5.0,0.0,0.0,0.0,295.0,2.067
486049,Jérémy Doku,Man City,22.0,Left Winger,55000.0,Belgium,1.73,Elevate,right,2028.0,37.0,1.84,6.0,9.0,0.0,16.0,13.0,1.0,0.0,0.0,1.0,319.0,1.912
203460,Jack Grealish,Man City,29.0,Left Winger,35000.0,England,1.8,CAA Stellar,right,2027.0,32.0,1.97,3.0,5.0,0.0,16.0,8.0,5.0,0.0,0.0,1.0,507.0,1.521
406635,Phil Foden,Man City,24.0,Right Winger,130000.0,England,1.71,,left,2027.0,44.0,1.57,10.0,6.0,0.0,13.0,16.0,2.0,0.0,0.0,0.0,284.0,2.837
743591,Savinho,Man City,21.0,Right Winger,55000.0,Brazil,1.76,Promanager,left,2029.0,44.0,1.61,2.0,12.0,0.0,11.0,22.0,4.0,0.0,0.0,0.0,1.386,2.771
661207,Oscar Bobb,Man City,21.0,Right Winger,25000.0,Norway,1.75,CAA Stellar,left,2029.0,5.0,2.4,0.0,1.0,0.0,3.0,2.0,0.0,0.0,0.0,0.0,0.0,166.0
418560,Erling Haaland,Man City,24.0,Centre-Forward,200000.0,Norway,1.95,Rafaela Pimenta,left,2034.0,43.0,1.67,30.0,4.0,0.0,1.0,8.0,2.0,0.0,0.0,4.0,123.0,3.701
445939,Omar Marmoush,Man City,26.0,Centre-Forward,75000.0,Egypt,1.83,CAA Stellar,right,2029.0,,,,,,,,,,,,,
495666,William Saliba,Arsenal,24.0,Centre-Back,80000.0,France,1.92,ND SPORTS MANAGEMENT,right,2027.0,,,,,,,,,,,,,
435338,Gabriel Magalhães,Arsenal,27.0,Centre-Back,75000.0,Brazil,1.9,Bertolucci Sports,left,2027.0,42.0,1.98,5.0,3.0,0.0,2.0,4.0,6.0,0.0,0.0,0.0,700.0,3.5
425918,Jakub Kiwior,Arsenal,25.0,Centre-Back,22000.0,Poland,1.89,FairSport,left,2028.0,29.0,2.03,1.0,2.0,0.0,9.0,2.0,2.0,0.0,0.0,0.0,2.065,2.065
502821,Riccardo Calafiori,Arsenal,23.0,Left-Back,40000.0,Italy,1.88,,left,2029.0,29.0,2.03,3.0,2.0,0.0,13.0,12.0,7.0,0.0,0.0,0.0,499.0,1.497
890721,Myles Lewis-Skelly,Arsenal,18.0,Left-Back,28000.0,England,1.78,,left,,41.0,1.93,1.0,3.0,0.0,12.0,15.0,7.0,0.0,2.0,0.0,2.523,2.523
203853,Oleksandr Zinchenko,Arsenal,28.0,Left-Back,22000.0,Ukraine,1.75,,left,2026.0,22.0,1.86,1.0,1.0,0.0,15.0,6.0,2.0,0.0,0.0,0.0,719.0,719.0
300716,Kieran Tierney,Arsenal,27.0,Left-Back,10000.0,Scotland,1.8,CAA Stellar,left,2025.0,19.0,2.11,0.0,0.0,0.0,16.0,3.0,0.0,0.0,0.0,0.0,0.0,384.0
335721,Ben White,Arsenal,27.0,Right-Back,50000.0,England,1.86,,right,2028.0,25.0,1.44,0.0,1.0,0.0,9.0,5.0,3.0,0.0,0.0,0.0,0.0,1.441
420243,Jurrien Timber,Arsenal,23.0,Right-Back,50000.0,Netherlands,1.79,Forza Sports Group,right,2028.0,,,,,,,,,,,,,
331560,Takehiro Tomiyasu,Arsenal,26.0,Right-Back,25000.0,Japan,1.88,UDN SPORTS,right,2026.0,1.0,3.0,0.0,0.0,0.0,1.0,0.0,0.0,0.0,0.0,0.0,0.0,6.0
230784,Thomas Partey,Arsenal,31.0,Defensive Midfield,15000.0,Ghana,1.85,,right,2025.0,51.0,1.92,4.0,3.0,0.0,7.0,13.0,7.0,0.0,0.0,0.0,964.0,3.856
102017,Jorginho,Arsenal,33.0,Defensive Midfield,8000.0,Italy,1.78,,right,2025.0,,,,,,,,,,,,,
357662,Declan Rice,Arsenal,26.0,Central Midfield,110000.0,England,1.88,,right,2028.0,51.0,1.88,9.0,10.0,0.0,4.0,15.0,8.0,1.0,0.0,0.0,449.0,4.038
338424,Mikel Merino,Arsenal,28.0,Central Midfield,35000.0,Spain,1.89,,left,2028.0,43.0,1.81,9.0,5.0,0.0,15.0,10.0,3.0,1.0,0.0,0.0,283.0,2.545
316264,Martin Ødegaard,Arsenal,26.0,Attacking Midfield,100000.0,Norway,1.78,Nordic Sky,left,2028.0,,,,,,,,,,,,,
655488,Gabriel Martinelli,Arsenal,23.0,Left Winger,55000.0,Brazil,1.78,Roc Nation Sports,right,2027.0,50.0,1.86,10.0,6.0,0.0,11.0,21.0,3.0,0.0,0.0,0.0,349.0,3.493
144028,Leandro Trossard,Arsenal,30.0,Left Winger,30000.0,Belgium,1.72,,right,2026.0,55.0,1.87,10.0,9.0,0.0,18.0,19.0,3.0,1.0,0.0,0.0,343.0,3.428
433177,Bukayo Saka,Arsenal,23.0,Right Winger,150000.0,England,1.78,,left,2027.0,36.0,1.97,12.0,14.0,0.0,6.0,18.0,5.0,0.0,0.0,2.0,216.0,2.592
890719,Ethan Nwaneri,Arsenal,18.0,Right Winger,55000.0,England,1.76,Unique Sports Group,left,2030.0,36.0,1.92,9.0,2.0,0.0,21.0,13.0,1.0,0.0,0.0,0.0,145.0,1.303
134425,Raheem Sterling,Arsenal,30.0,Right Winger,15000.0,England,1.7,,right,2025.0,,,,,,,,,,,,,
309400,Kai Havertz,Arsenal,25.0,Centre-Forward,70000.0,Germany,1.93,ROOF,left,2028.0,35.0,2.03,15.0,5.0,0.0,5.0,5.0,7.0,0.0,0.0,0.0,186.0,2.79
363205,Gabriel Jesus,Arsenal,28.0,Centre-Forward,40000.0,Brazil,1.75,Energy Sports,right,2027.0,27.0,1.93,7.0,2.0,0.0,14.0,8.0,4.0,0.0,0.0,0.0,172.0,1.204
357119,Ibrahima Konaté,Liverpool,25.0,Centre-Back,60000.0,France,1.94,CAA Stellar,right,2026.0,,,,,,,,,,,,,
139208,Virgil van Dijk,Liverpool,33.0,Centre-Back,28000.0,Netherlands,1.95,ROOF,right,2027.0,,,,,,,,,,,,,
256178,Joe Gomez,Liverpool,27.0,Centre-Back,25000.0,England,1.88,Wasserman,right,2027.0,17.0,2.59,0.0,0.0,0.0,6.0,4.0,2.0,0.0,0.0,0.0,0.0,874.0
632349,Jarell Quansah,Liverpool,22.0,Centre-Back,22000.0,England,1.9,,right,2029.0,25.0,1.92,0.0,0.0,2.0,12.0,3.0,3.0,0.0,0.0,0.0,0.0,1.29
338070,Konstantinos Tsimikas,Liverpool,29.0,Left-Back,20000.0,Greece,1.79,Prosport ...,left,2027.0,29.0,2.17,0.0,2.0,0.0,11.0,8.0,3.0,0.0,0.0,0.0,0.0,1.674
234803,Andrew Robertson,Liverpool,31.0,Left-Back,20000.0,Scotland,1.78,,left,2026.0,44.0,2.3,0.0,2.0,1.0,7.0,13.0,5.0,0.0,1.0,0.0,0.0,3.235
314353,Trent Alexander-Arnold,Liverpool,26.0,Right-Back,75000.0,England,1.75,,right,2025.0,43.0,2.35,4.0,8.0,0.0,6.0,23.0,5.0,0.0,0.0,0.0,761.0,3.044
624258,Conor Bradley,Liverpool,21.0,Right-Back,25000.0,Northern Ireland,1.81,,right,2029.0,28.0,2.07,0.0,4.0,0.0,15.0,9.0,4.0,0.0,0.0,0.0,0.0,1.34
478573,Ryan Gravenberch,Liverpool,23.0,Defensive Midfield,70000.0,Netherlands,1.9,Team Raiola,right,2028.0,,,,,,,,,,,,,
146310,Wataru Endo,Liverpool,32.0,Defensive Midfield,10000.0,Japan,1.78,,right,2027.0,31.0,2.35,0.0,0.0,0.0,24.0,4.0,1.0,0.0,0.0,0.0,0.0,844.0
618494,Tyler Morton,Liverpool,22.0,Defensive Midfield,8000.0,England,1.85,SEG,right,,11.0,2.36,3.0,2.0,0.0,2.0,4.0,3.0,0.0,0.0,0.0,254.0,761.0
534033,Alexis Mac Allister,Liverpool,26.0,Central Midfield,90000.0,Argentina,1.76,,right,2028.0,,,,,,,,,,,,,
433188,Curtis Jones,Liverpool,24.0,Central Midfield,50000.0,England,1.85,Wasserman,right,2027.0,,,,,,,,,,,,,
451276,Dominik Szoboszlai,Liverpool,24.0,Attacking Midfield,80000.0,Hungary,1.87,,right,2028.0,48.0,2.33,8.0,9.0,0.0,9.0,16.0,6.0,0.0,0.0,0.0,421.0,3.368
565822,Harvey Elliott,Liverpool,22.0,Attacking Midfield,35000.0,England,1.7,ROOF,left,2027.0,27.0,2.0,5.0,3.0,0.0,21.0,1.0,4.0,0.0,0.0,0.0,163.0,817.0
480692,Luis Díaz,Liverpool,28.0,Left Winger,85000.0,Colombia,1.8,AS1,right,2027.0,49.0,2.24,17.0,8.0,0.0,12.0,26.0,3.0,0.0,0.0,0.0,192.0,3.267
434675,Cody Gakpo,Liverpool,26.0,Left Winger,70000.0,Netherlands,1.93,SEG,right,2028.0,48.0,2.21,18.0,6.0,0.0,17.0,24.0,5.0,0.0,0.0,1.0,145.0,2.606
148455,Mohamed Salah,Liverpool,32.0,Right Winger,55000.0,Egypt,1.75,,left,2027.0,51.0,2.27,33.0,23.0,0.0,2.0,13.0,1.0,0.0,0.0,11.0,134.0,4.411
341092,Federico Chiesa,Liverpool,27.0,Right Winger,18000.0,Italy,1.75,LIAN Sports Group,right,2028.0,14.0,1.71,2.0,2.0,0.0,10.0,2.0,1.0,0.0,0.0,0.0,233.0,466.0
546543,Darwin Núñez,Liverpool,25.0,Centre-Forward,50000.0,Uruguay,1.87,,right,2028.0,,,,,,,,,,,,,
340950,Diogo Jota,Liverpool,28.0,Centre-Forward,45000.0,Portugal,1.78,Gestifute,right,2027.0,36.0,2.08,9.0,4.0,0.0,14.0,18.0,2.0,0.0,0.0,0.0,200.0,1.804
614258,Levi Colwill,Chelsea,22.0,Centre-Back,55000.0,England,1.87,,left,2029.0,36.0,1.81,1.0,1.0,0.0,2.0,1.0,9.0,0.0,0.0,0.0,3.15,3.15
475411,Wesley Fofana,Chelsea,24.0,Centre-Back,27000.0,France,1.85,,right,2029.0,14.0,2.0,0.0,0.0,0.0,0.0,4.0,7.0,0.0,0.0,0.0,0.0,1.176
463603,Benoît Badiashile,Chelsea,24.0,Centre-Back,25000.0,France,1.94,,left,2030.0,,,,,,,,,,,,,
258878,Tosin Adarabioyo,Chelsea,27.0,Centre-Back,20000.0,England,1.97,,right,2028.0,36.0,1.97,4.0,1.0,0.0,7.0,3.0,6.0,0.0,0.0,0.0,655.0,2.62
346314,Trevoh Chalobah,Chelsea,25.0,Centre-Back,17000.0,England,1.92,,right,2028.0,32.0,1.72,3.0,1.0,0.0,4.0,5.0,3.0,0.0,0.0,0.0,830.0,2.489
1145504,Aarón Anselmino,Chelsea,20.0,Centre-Back,8000.0,Argentina,1.86,,right,2031.0,1.0,3.0,0.0,0.0,0.0,0.0,1.0,0.0,0.0,0.0,0.0,0.0,62.0
284857,Marc Cucurella,Chelsea,26.0,Left-Back,30000.0,Spain,1.73,Dupla Piqué & ...,left,2028.0,46.0,1.93,7.0,4.0,0.0,7.0,8.0,9.0,1.0,0.0,0.0,514.0,3.597
620322,Malo Gusto,Chelsea,22.0,Right-Back,35000.0,France,1.78,Wasserman,right,2030.0,39.0,1.74,0.0,2.0,0.0,15.0,9.0,4.0,0.0,0.0,0.0,0.0,2.26
472423,Reece James,Chelsea,25.0,Right-Back,30000.0,England,1.8,Unique Sports Group,right,2028.0,25.0,1.84,2.0,2.0,0.0,8.0,11.0,1.0,0.0,0.0,0.0,692.0,1.383
1004708,Josh Acheampong,Chelsea,19.0,Right-Back,5000.0,England,1.85,,right,2029.0,,,,,,,,,,,,,
687626,Moisés Caicedo,Chelsea,23.0,Defensive Midfield,80000.0,Ecuador,1.78,AS1,right,2031.0,43.0,1.81,1.0,5.0,0.0,2.0,8.0,12.0,0.0,0.0,0.0,3.635,3.635
628451,Roméo Lavia,Chelsea,21.0,Defensive Midfield,40000.0,Belgium,1.81,,right,2030.0,17.0,1.94,0.0,1.0,0.0,5.0,12.0,4.0,0.0,0.0,0.0,0.0,825.0
648195,Enzo Fernández,Chelsea,24.0,Central Midfield,75000.0,Argentina,1.78,,right,2032.0,44.0,1.77,7.0,13.0,0.0,7.0,11.0,9.0,0.0,0.0,0.0,475.0,3.327
475188,Kiernan Dewsbury-Hall,Chelsea,26.0,Central Midfield,22000.0,England,1.76,Wasserman,left,2029.0,29.0,2.21,4.0,3.0,0.0,11.0,7.0,2.0,0.0,0.0,0.0,413.0,1.653
1010854,Mathis Amougou,Chelsea,19.0,Central Midfield,10000.0,France,1.77,Classico,right,2033.0,20.0,0.9,0.0,0.0,0.0,10.0,6.0,2.0,0.0,0.0,0.0,0.0,969.0
568177,Cole Palmer,Chelsea,23.0,Attacking Midfield,130000.0,England,1.85,,left,2033.0,,,,,,,,,,,,,
926135,Omari Kellyman,Chelsea,19.0,Attacking Midfield,1500.0,England,1.91,,left,2030.0,4.0,1.75,0.0,0.0,0.0,2.0,2.0,1.0,0.0,0.0,0.0,0.0,158.0
537860,Mykhaylo Mudryk,Chelsea,24.0,Left Winger,30000.0,Ukraine,1.75,ProStar,right,2031.0,15.0,2.07,3.0,5.0,0.0,6.0,2.0,0.0,0.0,0.0,0.0,283.0,849.0
401173,Jadon Sancho,Chelsea,25.0,Left Winger,30000.0,England,1.8,,right,2025.0,40.0,1.88,4.0,10.0,0.0,15.0,16.0,2.0,0.0,0.0,0.0,584.0,2.335
936874,Tyrique George,Chelsea,19.0,Left Winger,3500.0,England,1.81,,right,2027.0,36.0,2.22,6.0,11.0,0.0,15.0,12.0,4.0,0.0,0.0,0.0,334.0,2.004
487465,Pedro Neto,Chelsea,25.0,Right Winger,50000.0,Portugal,1.74,Gestifute,left,2031.0,43.0,1.81,6.0,8.0,0.0,12.0,16.0,8.0,0.0,0.0,0.0,452.0,2.713
503987,Noni Madueke,Chelsea,23.0,Right Winger,40000.0,England,1.82,,left,2030.0,39.0,1.85,11.0,5.0,0.0,10.0,23.0,3.0,0.0,0.0,0.0,207.0,2.272
776890,Nicolas Jackson,Chelsea,23.0,Centre-Forward,55000.0,Senegal,1.87,Epic Jackson,right,2033.0,,,,,,,,,,,,,
344381,Christopher Nkunku,Chelsea,27.0,Centre-Forward,45000.0,France,1.77,,right,2029.0,,,,,,,,,,,,,
787232,David Datro Fofana,Chelsea,22.0,Centre-Forward,8500.0,Cote d'Ivoire,1.82,Unique Sports Group,right,2029.0,9.0,1.67,2.0,0.0,0.0,6.0,4.0,1.0,0.0,0.0,0.0,141.0,282.0
938158,Marc Guiu,Chelsea,19.0,Centre-Forward,8000.0,Spain,1.87,,right,2029.0,13.0,2.38,6.0,0.0,0.0,6.0,6.0,0.0,0.0,0.0,0.0,96.0,577.0
355915,Cristian Romero,Tottenham,27.0,Centre-Back,55000.0,Argentina,1.85,,right,2027.0,26.0,1.62,1.0,2.0,0.0,0.0,6.0,5.0,0.0,0.0,0.0,2.102,2.102
557459,Micky van de Ven,Tottenham,24.0,Centre-Back,55000.0,Netherlands,1.93,Team Raiola,left,2029.0,21.0,1.86,0.0,2.0,0.0,1.0,7.0,5.0,0.0,0.0,0.0,0.0,1.612
263236,Kevin Danso,Tottenham,26.0,Centre-Back,25000.0,Austria,1.9,HD,right,2025.0,28.0,1.39,0.0,0.0,0.0,3.0,1.0,4.0,0.0,0.0,0.0,0.0,2.299
568559,Radu Drăgușin,Tottenham,23.0,Centre-Back,25000.0,Romania,1.91,GG11,right,2030.0,28.0,1.54,0.0,0.0,0.0,3.0,5.0,4.0,0.0,1.0,0.0,0.0,2.18
192765,Ben Davies,Tottenham,32.0,Centre-Back,8000.0,Wales,1.81,CAA Stellar,left,2025.0,27.0,1.56,0.0,0.0,0.0,4.0,2.0,4.0,0.0,0.0,0.0,0.0,2.152
556385,Destiny Udogie,Tottenham,22.0,Left-Back,45000.0,Italy,1.88,,left,2030.0,35.0,1.54,0.0,1.0,1.0,3.0,14.0,2.0,0.0,0.0,0.0,0.0,2.732
483348,Djed Spence,Tottenham,24.0,Left-Back,15000.0,England,1.84,,right,2028.0,34.0,1.35,2.0,3.0,1.0,9.0,2.0,2.0,1.0,0.0,0.0,1.206,2.412
282429,Sergio Reguilón,Tottenham,28.0,Left-Back,8000.0,Spain,1.78,,left,2025.0,6.0,1.17,0.0,0.0,0.0,4.0,1.0,2.0,0.0,0.0,0.0,0.0,316.0
553875,Pedro Porro,Tottenham,25.0,Right-Back,45000.0,Spain,1.73,,right,2028.0,50.0,1.46,4.0,9.0,0.0,7.0,4.0,6.0,0.0,0.0,0.0,1.01,4.04
922693,Archie Gray,Tottenham,19.0,Right-Back,35000.0,England,1.87,,right,2030.0,45.0,1.53,0.0,0.0,1.0,11.0,3.0,2.0,0.0,0.0,0.0,0.0,3.154
354362,Rodrigo Bentancur,Tottenham,27.0,Defensive Midfield,30000.0,Uruguay,1.87,,right,2026.0,,,,,,,,,,,,,
410425,Yves Bissouma,Tottenham,28.0,Defensive Midfield,28000.0,Mali,1.82,,right,2026.0,43.0,1.53,2.0,0.0,0.0,16.0,15.0,12.0,0.0,0.0,0.0,1.246,2.491
568693,Pape Matar Sarr,Tottenham,22.0,Central Midfield,40000.0,Senegal,1.84,,right,2030.0,54.0,1.37,6.0,3.0,0.0,22.0,21.0,8.0,0.0,0.0,0.0,480.0,2.88
866246,Lucas Bergvall,Tottenham,19.0,Central Midfield,25000.0,Sweden,1.87,Nordic Sky,right,2031.0,,,,,,,,,,,,,
431755,Dejan Kulusevski,Tottenham,25.0,Attacking Midfield,60000.0,Sweden,1.86,,left,2028.0,,,,,,,,,,,,,
294057,James Maddison,Tottenham,28.0,Attacking Midfield,50000.0,England,1.75,,right,2028.0,45.0,1.42,12.0,11.0,0.0,13.0,30.0,8.0,0.0,0.0,0.0,226.0,2.717
91845,Heung-min Son,Tottenham,32.0,Left Winger,30000.0,"Korea, South",1.84,,both,2026.0,46.0,1.39,11.0,12.0,0.0,9.0,21.0,1.0,0.0,0.0,2.0,290.0,3.19
1011147,Mikey Moore,Tottenham,17.0,Left Winger,15000.0,England,1.8,,right,2027.0,22.0,1.68,3.0,4.0,0.0,11.0,8.0,1.0,0.0,0.0,0.0,343.0,1.029
170527,Timo Werner,Tottenham,29.0,Left Winger,10000.0,Germany,1.8,Sports360 GmbH,right,2025.0,27.0,1.41,1.0,3.0,0.0,17.0,10.0,0.0,0.0,0.0,0.0,946.0,946.0
470607,Brennan Johnson,Tottenham,23.0,Right Winger,50000.0,Wales,1.86,Unique Sports Group,right,2028.0,,,,,,,,,,,,,
743498,Wilson Odobert,Tottenham,20.0,Right Winger,18000.0,France,1.82,,right,2029.0,21.0,1.38,4.0,0.0,0.0,9.0,9.0,0.0,0.0,0.0,0.0,263.0,1.053
258889,Dominic Solanke,Tottenham,27.0,Centre-Forward,45000.0,England,1.86,,right,2030.0,44.0,1.5,15.0,8.0,1.0,8.0,12.0,0.0,0.0,0.0,2.0,222.0,3.327
801734,Mathys Tel,Tottenham,20.0,Centre-Forward,40000.0,France,1.83,,right,2025.0,33.0,1.48,3.0,2.0,0.0,16.0,10.0,3.0,0.0,0.0,1.0,544.0,1.631
378710,Richarlison,Tottenham,28.0,Centre-Forward,25000.0,Brazil,1.84,,right,2027.0,,,,,,,,,,,,,
670883,Dane Scarlett,Tottenham,21.0,Centre-Forward,1800.0,England,1.8,,right,2027.0,27.0,0.85,5.0,3.0,0.0,18.0,7.0,2.0,0.0,0.0,0.0,203.0,1.017
923831,Leny Yoro,Man Utd,19.0,Centre-Back,55000.0,France,1.9,Gestifute,right,2029.0,33.0,1.21,1.0,1.0,0.0,11.0,10.0,7.0,0.0,0.0,0.0,2.055,2.055
480762,Lisandro Martínez,Man Utd,27.0,Centre-Back,45000.0,Argentina,1.75,Score Futbol,left,2027.0,32.0,1.59,2.0,2.0,0.0,1.0,7.0,9.0,0.0,0.0,0.0,1.355,2.71
326031,Matthijs de Ligt,Man Utd,25.0,Centre-Back,40000.0,Netherlands,1.89,Rafaela Pimenta,right,2029.0,42.0,1.6,2.0,0.0,0.0,6.0,13.0,6.0,0.0,0.0,0.0,1.558,3.116
177907,Harry Maguire,Man Utd,32.0,Centre-Back,15000.0,England,1.94,,right,2026.0,39.0,1.28,4.0,1.0,0.0,10.0,11.0,9.0,0.0,0.0,0.0,674.0,2.694
184573,Victor Lindelöf,Man Utd,30.0,Centre-Back,10000.0,Sweden,1.87,HCM Sports ...,right,2025.0,24.0,1.33,0.0,0.0,0.0,13.0,4.0,1.0,0.0,0.0,0.0,0.0,1.134
1078163,Ayden Heaven,Man Utd,18.0,Centre-Back,1500.0,England,1.89,,left,2029.0,21.0,1.19,0.0,0.0,0.0,4.0,5.0,5.0,0.0,0.0,0.0,0.0,1.458
42412,Jonny Evans,Man Utd,37.0,Centre-Back,1500.0,Northern Ireland,1.88,,both,2025.0,12.0,2.0,1.0,0.0,0.0,6.0,3.0,2.0,0.0,0.0,0.0,623.0,623.0
926952,Patrick Dorgu,Man Utd,20.0,Left-Back,25000.0,Denmark,1.85,,left,2030.0,42.0,1.07,3.0,2.0,1.0,2.0,10.0,6.0,0.0,2.0,0.0,1.144,3.432
183288,Luke Shaw,Man Utd,29.0,Left-Back,16000.0,England,1.78,CAA Stellar,left,2027.0,12.0,1.42,0.0,0.0,1.0,7.0,3.0,1.0,0.0,0.0,0.0,0.0,587.0
357147,Diogo Dalot,Man Utd,26.0,Right-Back,35000.0,Portugal,1.83,Proeleven S.A.,right,2028.0,,,,,,,,,,,,,
340456,Noussair Mazraoui,Man Utd,27.0,Right-Back,32000.0,Morocco,1.83,Rafaela Pimenta,right,2028.0,56.0,1.43,0.0,3.0,0.0,5.0,17.0,6.0,0.0,0.0,0.0,0.0,4.47
476701,Manuel Ugarte,Man Utd,24.0,Defensive Midfield,50000.0,Uruguay,1.82,Gestifute,right,2029.0,45.0,1.56,2.0,6.0,1.0,9.0,24.0,15.0,0.0,0.0,0.0,1.447,2.894
16306,Casemiro,Man Utd,33.0,Defensive Midfield,12000.0,Brazil,1.85,,right,2026.0,41.0,1.59,5.0,3.0,0.0,11.0,14.0,7.0,0.0,0.0,0.0,542.0,2.709
654253,Toby Collyer,Man Utd,21.0,Defensive Midfield,5000.0,England,1.8,,right,2027.0,,,,,,,,,,,,,
820374,Kobbie Mainoo,Man Utd,20.0,Central Midfield,55000.0,England,1.8,CAA Stellar,right,2027.0,,,,,,,,,,,,,
69633,Christian Eriksen,Man Utd,33.0,Central Midfield,6000.0,Denmark,1.82,,right,2025.0,34.0,1.32,4.0,5.0,0.0,15.0,11.0,4.0,0.0,0.0,0.0,427.0,1.708
240306,Bruno Fernandes,Man Utd,30.0,Attacking Midfield,55000.0,Portugal,1.79,AS1,right,2027.0,56.0,1.46,19.0,19.0,0.0,2.0,5.0,6.0,2.0,1.0,7.0,255.0,4.842
811779,Alejandro Garnacho,Man Utd,20.0,Attacking Midfield,45000.0,Argentina,1.8,,right,2028.0,,,,,,,,,,,,,
346483,Mason Mount,Man Utd,26.0,Attacking Midfield,28000.0,England,1.81,,right,2028.0,25.0,1.16,3.0,0.0,0.0,15.0,11.0,5.0,0.0,0.0,0.0,295.0,885.0
536835,Amad Diallo,Man Utd,22.0,Right Winger,40000.0,Cote d'Ivoire,1.73,,left,2030.0,42.0,1.45,10.0,9.0,0.0,15.0,10.0,5.0,0.0,0.0,0.0,267.0,2.667
610442,Rasmus Højlund,Man Utd,22.0,Centre-Forward,45000.0,Denmark,1.91,SEG,left,2028.0,51.0,1.39,10.0,4.0,0.0,14.0,24.0,2.0,0.0,0.0,0.0,324.0,3.242
435648,Joshua Zirkzee,Man Utd,24.0,Centre-Forward,35000.0,Netherlands,1.93,,right,2029.0,,,,,,,,,,,,,
1042886,Chido Obi,Man Utd U18,17.0,Centre-Forward,5000.0,Denmark,1.88,,right,,22.0,1.73,14.0,2.0,0.0,9.0,6.0,4.0,0.0,0.0,1.0,91.0,1.275
361093,Sven Botman,Newcastle,25.0,Centre-Back,45000.0,Netherlands,1.93,Muy Manero,left,2027.0,10.0,2.2,0.0,0.0,0.0,2.0,6.0,1.0,0.0,0.0,0.0,0.0,582.0
135343,Fabian Schär,Newcastle,33.0,Centre-Back,9000.0,Switzerland,1.86,Sports360 GmbH,right,2026.0,41.0,1.88,6.0,1.0,0.0,2.0,4.0,11.0,0.0,1.0,1.0,591.0,3.543
134270,Dan Burn,Newcastle,33.0,Centre-Back,7000.0,England,2.01,,left,2026.0,45.0,2.0,2.0,1.0,2.0,2.0,1.0,12.0,0.0,0.0,0.0,1.942,3.884
183318,Jamaal Lascelles,Newcastle,31.0,Centre-Back,6000.0,England,1.88,Unique Sports Group,right,2025.0,0.0,,0.0,0.0,0.0,0.0,0.0,0.0,0.0,0.0,0.0,0.0,0.0
670858,Lewis Hall,Newcastle,20.0,Left-Back,30000.0,England,1.79,Wasserman,left,,,,,,,,,,,,,,
250478,Matt Targett,Newcastle,29.0,Left-Back,8000.0,England,1.83,,left,2026.0,,,,,,,,,,,,,
346018,Jamal Lewis,Newcastle,27.0,Left-Back,3000.0,Northern Ireland,1.78,,left,2025.0,,,,,,,,,,,,90.0,67.0
503981,Tino Livramento,Newcastle,22.0,Right-Back,35000.0,England,1.82,Wasserman,right,2028.0,44.0,1.91,0.0,1.0,0.0,7.0,7.0,3.0,0.0,0.0,0.0,0.0,3.369
95810,Kieran Trippier,Newcastle,34.0,Right-Back,5000.0,England,1.73,,right,2026.0,31.0,1.81,0.0,4.0,0.0,11.0,15.0,1.0,0.0,0.0,0.0,0.0,1.741
184528,Emil Krafth,Newcastle,30.0,Right-Back,2500.0,Sweden,1.84,,right,2026.0,18.0,2.28,0.0,0.0,0.0,12.0,1.0,2.0,0.0,0.0,0.0,0.0,677.0
520624,Bruno Guimarães,Newcastle,27.0,Defensive Midfield,80000.0,Brazil,1.82,Bertolucci Sports,right,2028.0,46.0,1.96,5.0,8.0,0.0,5.0,19.0,10.0,0.0,0.0,0.0,754.0,3.768
397033,Sandro Tonali,Newcastle,25.0,Central Midfield,45000.0,Italy,1.81,GR Sports,right,2028.0,44.0,1.95,6.0,3.0,0.0,10.0,9.0,6.0,0.0,0.0,0.0,537.0,3.219
333241,Joelinton,Newcastle,28.0,Central Midfield,40000.0,Brazil,1.86,ROGON,right,2028.0,37.0,2.0,4.0,3.0,0.0,0.0,15.0,12.0,0.0,0.0,0.0,743.0,2.972
340329,Joe Willock,Newcastle,25.0,Central Midfield,28000.0,England,1.86,,right,2027.0,,,,,,,,,,,,,
346707,Sean Longstaff,Newcastle,27.0,Central Midfield,22000.0,England,1.87,,right,2026.0,32.0,2.13,0.0,1.0,0.0,20.0,5.0,4.0,0.0,0.0,0.0,0.0,1.203
922769,Lewis Miley,Newcastle,19.0,Central Midfield,22000.0,England,1.89,Unique Sports Group,right,2029.0,21.0,2.29,2.0,0.0,0.0,15.0,3.0,0.0,0.0,0.0,0.0,333.0,666.0
503733,Anthony Gordon,Newcastle,24.0,Left Winger,65000.0,England,1.83,Unique Sports Group,right,,,,,,,,,,,,,,
398065,Harvey Barnes,Newcastle,27.0,Left Winger,30000.0,England,1.82,Wasserman,right,2028.0,39.0,2.0,9.0,5.0,0.0,18.0,14.0,0.0,0.0,0.0,0.0,226.0,2.033
199527,Jacob Murphy,Newcastle,30.0,Right Winger,16000.0,England,1.79,Wasserman,right,2027.0,40.0,1.85,9.0,14.0,0.0,6.0,28.0,4.0,0.0,0.0,0.0,301.0,2.711
349066,Alexander Isak,Newcastle,25.0,Centre-Forward,100000.0,Sweden,1.92,Universal Twenty Two,right,2028.0,41.0,2.07,27.0,6.0,0.0,1.0,25.0,1.0,0.0,0.0,5.0,120.0,3.234
123682,Callum Wilson,Newcastle,33.0,Centre-Forward,11000.0,England,1.8,Unique Sports Group,right,2025.0,21.0,1.71,1.0,0.0,0.0,18.0,3.0,1.0,0.0,0.0,0.0,438.0,438.0
609556,William Osula,Newcastle,21.0,Centre-Forward,7000.0,Denmark,1.91,CAA Stellar,right,2029.0,18.0,1.83,2.0,2.0,0.0,15.0,2.0,1.0,0.0,0.0,0.0,206.0,411.0
399776,Pau Torres,Aston Villa,28.0,Centre-Back,40000.0,Spain,1.92,InterStarDeporte,left,2028.0,,,,,,,,,,,,,
413403,Ezri Konsa,Aston Villa,27.0,Centre-Back,35000.0,England,1.83,CAA Stellar,right,2028.0,49.0,1.96,3.0,0.0,0.0,1.0,2.0,2.0,0.0,0.0,0.0,1.408,4.224
253677,Tyrone Mings,Aston Villa,32.0,Centre-Back,6000.0,England,1.96,Wasserman,left,2026.0,22.0,2.0,0.0,1.0,0.0,2.0,6.0,3.0,0.0,0.0,0.0,0.0,1.748
233124,Kortney Hause,Aston Villa,29.0,Centre-Back,2000.0,England,1.91,,left,2025.0,,,,,,,,,,,,,
485585,Ian Maatsen,Aston Villa,23.0,Left-Back,28000.0,Netherlands,1.78,Epic Maatsen,left,2030.0,,,,,,,,,,,,,
126664,Lucas Digne,Aston Villa,31.0,Left-Back,12000.0,France,1.78,,left,2026.0,45.0,1.76,0.0,7.0,0.0,5.0,22.0,6.0,0.0,0.0,0.0,0.0,3.345
425334,Matty Cash,Aston Villa,27.0,Right-Back,28000.0,Poland,1.85,Two Touch Agency,right,2027.0,37.0,1.89,1.0,2.0,0.0,4.0,14.0,8.0,0.0,0.0,0.0,2.745,2.745
386047,Axel Disasi,Aston Villa,27.0,Right-Back,25000.0,France,1.91,,right,2025.0,27.0,2.11,2.0,2.0,1.0,6.0,6.0,5.0,0.0,0.0,0.0,949.0,1.898
1063329,Andrés García,Aston Villa,22.0,Right-Back,7000.0,Spain,1.85,InterStarDeporte,right,,,,,,,,,,,,,,
485706,Amadou Onana,Aston Villa,23.0,Defensive Midfield,55000.0,Belgium,1.95,BTFM,right,2029.0,33.0,2.03,5.0,0.0,0.0,9.0,16.0,4.0,0.0,0.0,0.0,396.0,1.979
394327,Boubacar Kamara,Aston Villa,25.0,Defensive Midfield,38000.0,France,1.84,,right,2027.0,41.0,1.76,1.0,0.0,0.0,8.0,12.0,5.0,0.0,0.0,0.0,2.802,2.802
645686,Lamare Bogarde,Aston Villa,21.0,Defensive Midfield,5000.0,Netherlands,1.85,Wasserman,right,,18.0,1.83,0.0,0.0,0.0,7.0,5.0,2.0,0.0,0.0,0.0,0.0,1.036
249565,Youri Tielemans,Aston Villa,28.0,Central Midfield,35000.0,Belgium,1.77,,right,2027.0,52.0,1.87,5.0,10.0,0.0,0.0,14.0,5.0,0.0,0.0,0.0,897.0,4.483
193116,John McGinn,Aston Villa,30.0,Central Midfield,18000.0,Scotland,1.78,,left,2027.0,48.0,1.9,4.0,6.0,0.0,9.0,23.0,8.0,0.0,0.0,0.0,811.0,3.244
131978,Ross Barkley,Aston Villa,31.0,Central Midfield,8000.0,England,1.89,Wasserman,right,2026.0,,,,,,,,,,,,,
503749,Jacob Ramsey,Aston Villa,23.0,Left Midfield,32000.0,England,1.8,Unique Sports Group,right,2027.0,45.0,2.02,4.0,7.0,0.0,20.0,19.0,2.0,1.0,0.0,0.0,573.0,2.292
503743,Morgan Rogers,Aston Villa,22.0,Attacking Midfield,50000.0,England,1.87,Footwork,right,2030.0,53.0,1.89,14.0,15.0,0.0,1.0,23.0,11.0,0.0,0.0,0.0,315.0,4.412
296622,Marco Asensio,Aston Villa,29.0,Attacking Midfield,20000.0,Spain,1.82,Gestifute,left,2025.0,36.0,2.17,10.0,5.0,0.0,15.0,16.0,2.0,0.0,0.0,1.0,183.0,1.829
258923,Marcus Rashford,Aston Villa,27.0,Left Winger,50000.0,England,1.85,,right,2025.0,41.0,1.83,11.0,9.0,0.0,12.0,24.0,4.0,0.0,0.0,2.0,222.0,2.44
387626,Leon Bailey,Aston Villa,27.0,Right Winger,32000.0,Jamaica,1.78,,left,2027.0,38.0,1.71,2.0,4.0,0.0,13.0,21.0,4.0,0.0,0.0,0.0,1.036,2.072
326029,Donyell Malen,Aston Villa,26.0,Right Winger,25000.0,Netherlands,1.76,Wasserman,right,,37.0,1.78,8.0,1.0,0.0,24.0,12.0,2.0,0.0,0.0,0.0,168.0,1.343
324358,Ollie Watkins,Aston Villa,29.0,Centre-Forward,50000.0,England,1.8,Two Touch Agency,right,2028.0,53.0,1.89,17.0,14.0,0.0,11.0,28.0,2.0,0.0,0.0,2.0,205.0,3.488
576314,Jan Paul van Hecke,Brighton,24.0,Centre-Back,32000.0,Netherlands,1.89,,right,2027.0,38.0,1.58,1.0,1.0,0.0,1.0,3.0,6.0,1.0,0.0,0.0,3.359,3.359
380350,Igor,Brighton,27.0,Centre-Back,22000.0,Brazil,1.88,,left,2027.0,,,,,,,,,,,,,
212847,Adam Webster,Brighton,30.0,Centre-Back,12000.0,England,1.9,,right,2026.0,19.0,2.32,1.0,1.0,0.0,4.0,5.0,3.0,0.0,0.0,0.0,1.304,1.304
148153,Lewis Dunk,Brighton,33.0,Centre-Back,8000.0,England,1.92,CAA Stellar,right,2026.0,27.0,1.26,0.0,0.0,1.0,3.0,3.0,5.0,0.0,0.0,0.0,0.0,2.159
581330,Eiran Cashin,Brighton,23.0,Centre-Back,8000.0,Ireland,1.84,,left,2030.0,24.0,1.08,1.0,0.0,0.0,2.0,3.0,5.0,0.0,0.0,0.0,1.867,1.867
369316,Ferdi Kadıoğlu,Brighton,25.0,Left-Back,30000.0,Türkiye,1.74,Wasserman,right,2028.0,13.0,1.62,3.0,0.0,0.0,4.0,7.0,2.0,0.0,0.0,0.0,246.0,739.0
349599,Pervis Estupiñán,Brighton,27.0,Left-Back,30000.0,Ecuador,1.75,Gestifute,left,2027.0,36.0,1.64,1.0,1.0,0.0,6.0,5.0,7.0,0.0,0.0,0.0,2.847,2.847
504148,Tariq Lamptey,Brighton,24.0,Right-Back,12000.0,Ghana,1.63,AC Talent,right,2025.0,20.0,1.65,3.0,2.0,0.0,6.0,6.0,0.0,1.0,0.0,0.0,406.0,1.218
111195,Joël Veltman,Brighton,33.0,Right-Back,7000.0,Netherlands,1.84,,right,2026.0,23.0,1.78,0.0,2.0,0.0,2.0,6.0,5.0,0.0,0.0,0.0,0.0,1.858
973085,Carlos Baleba,Brighton,21.0,Defensive Midfield,35000.0,Cameroon,1.79,,left,2028.0,39.0,1.77,4.0,2.0,0.0,3.0,18.0,7.0,1.0,0.0,0.0,773.0,3.09
415381,Mats Wieffer,Brighton,25.0,Defensive Midfield,27000.0,Netherlands,1.88,,right,2029.0,27.0,1.59,1.0,5.0,0.0,17.0,5.0,6.0,0.0,0.0,0.0,1.075,1.075
867688,Jack Hinshelwood,Brighton,20.0,Central Midfield,24000.0,England,1.82,CAA Stellar,right,2028.0,,,,,,,,,,,,,
406634,Matt O'Riley,Brighton,24.0,Central Midfield,22000.0,Denmark,1.89,,left,2029.0,,,,,,,,,,,,,
667287,Yasin Ayari,Brighton,21.0,Central Midfield,17000.0,Sweden,1.72,Universal Twenty Two,right,2027.0,38.0,1.74,2.0,1.0,0.0,14.0,14.0,4.0,0.0,0.0,0.0,1.109,2.217
996897,Diego Gómez,Brighton,22.0,Central Midfield,13000.0,Paraguay,1.85,,right,,,,,,,,,,,,,,
3333,James Milner,Brighton,39.0,Central Midfield,1000.0,England,1.75,,right,2025.0,3.0,2.33,0.0,0.0,0.0,0.0,3.0,1.0,0.0,0.0,0.0,0.0,172.0
504849,Kaoru Mitoma,Brighton,28.0,Left Winger,45000.0,Japan,1.78,,right,2027.0,40.0,1.63,11.0,3.0,0.0,8.0,16.0,1.0,0.0,0.0,0.0,266.0,2.921
658536,Simon Adingra,Brighton,23.0,Left Winger,30000.0,Cote d'Ivoire,1.75,Fidus Sports,right,2026.0,32.0,1.53,5.0,2.0,0.0,18.0,10.0,0.0,0.0,0.0,0.0,273.0,1.366
1012534,Yankuba Minteh,Brighton,20.0,Right Winger,30000.0,The Gambia,1.8,,left,2029.0,36.0,1.67,7.0,5.0,0.0,12.0,19.0,5.0,0.0,0.0,0.0,312.0,2.186
700106,Brajan Gruda,Brighton,20.0,Right Winger,25000.0,Germany,1.78,Robert Schneider,left,2028.0,24.0,1.33,1.0,5.0,0.0,16.0,8.0,1.0,0.0,0.0,0.0,803.0,803.0
209212,Solly March,Brighton,30.0,Right Winger,8000.0,England,1.8,,left,2026.0,,,,,,,,,,,,,
626724,João Pedro,Brighton,23.0,Centre-Forward,50000.0,Brazil,1.88,Promanager,right,2028.0,,,,,,,,,,,,,
538977,Georginio Rutter,Brighton,23.0,Centre-Forward,32000.0,France,1.82,ROGON,left,2028.0,34.0,1.59,8.0,5.0,0.0,10.0,20.0,3.0,0.0,0.0,0.0,260.0,2.076
67063,Danny Welbeck,Brighton,34.0,Centre-Forward,5000.0,England,1.85,,right,2026.0,36.0,1.75,11.0,4.0,0.0,10.0,15.0,4.0,0.0,0.0,1.0,217.0,2.39
525247,Maximilian Kilman,West Ham,27.0,Centre-Back,30000.0,England,1.94,Wasserman,left,2031.0,40.0,1.08,0.0,2.0,0.0,0.0,1.0,4.0,0.0,0.0,0.0,0.0,3.529
605184,Jean-Clair Todibo,West Ham,25.0,Centre-Back,28000.0,France,1.9,,right,2025.0,28.0,1.32,0.0,0.0,0.0,7.0,11.0,4.0,0.0,0.0,0.0,0.0,1.878
415912,Konstantinos Mavropanos,West Ham,27.0,Centre-Back,17000.0,Greece,1.94,Konstantinos Farras,right,2028.0,34.0,1.12,0.0,0.0,0.0,13.0,4.0,4.0,1.0,0.0,0.0,0.0,2.077
845321,Kaelan Casey,West Ham U21,20.0,Centre-Back,1000.0,England,1.85,,"
                            Jul 1, 2023                        ",2027.0,16.0,1.63,2.0,0.0,0.0,1.0,3.0,4.0,0.0,0.0,0.0,639.0,1.278
181778,Emerson,West Ham,30.0,Left-Back,12000.0,Italy,1.76,Bertolucci Sports,left,2026.0,32.0,1.22,2.0,1.0,0.0,6.0,19.0,5.0,0.0,0.0,0.0,1.071,2.141
922563,Oliver Scarles,West Ham,19.0,Left-Back,4000.0,England,1.8,CAA Stellar,left,2028.0,25.0,1.04,3.0,2.0,0.0,9.0,7.0,2.0,0.0,0.0,0.0,498.0,1.495
92571,Aaron Cresswell,West Ham,35.0,Left-Back,700.0,England,1.7,Unique Sports Group,left,2025.0,19.0,1.53,0.0,0.0,0.0,8.0,6.0,3.0,0.0,0.0,0.0,0.0,925.0
477758,Aaron Wan-Bissaka,West Ham,27.0,Right-Back,22000.0,DR Congo,1.83,Unique Sports Group,right,2031.0,37.0,1.14,2.0,4.0,1.0,1.0,2.0,2.0,0.0,0.0,0.0,1.623,3.245
157672,Vladimír Coufal,West Ham,32.0,Right-Back,7000.0,Czech Republic,1.74,,right,2025.0,,,,,,,,,,,,,
401356,Edson Álvarez,West Ham,27.0,Defensive Midfield,30000.0,Mexico,1.9,Muy Manero,right,2028.0,30.0,1.17,0.0,1.0,0.0,8.0,16.0,7.0,2.0,0.0,0.0,0.0,1.923
283628,Tomas Soucek,West Ham,30.0,Defensive Midfield,22000.0,Czech Republic,1.92,Int. Sport ...,right,2027.0,37.0,1.16,9.0,2.0,0.0,5.0,11.0,8.0,0.0,0.0,0.0,302.0,2.72
342385,Guido Rodríguez,West Ham,31.0,Defensive Midfield,12000.0,Argentina,1.85,,right,2027.0,23.0,1.43,0.0,0.0,0.0,7.0,13.0,6.0,0.0,0.0,0.0,0.0,1.175
372246,Carlos Soler,West Ham,28.0,Central Midfield,20000.0,Spain,1.8,AS1,right,2025.0,33.0,1.09,1.0,1.0,0.0,18.0,14.0,6.0,0.0,0.0,0.0,1.487,1.487
181579,James Ward-Prowse,West Ham,30.0,Central Midfield,10000.0,England,1.77,CAA Stellar,right,2027.0,,,,,,,,,,,,,
430310,Andrew Irving,West Ham,25.0,Central Midfield,5000.0,Scotland,1.9,DC International ...,left,2026.0,,,,,,,,,,,,,
444523,Lucas Paquetá,West Ham,27.0,Attacking Midfield,35000.0,Brazil,1.8,Roc Nation Sports,left,2027.0,35.0,0.89,5.0,0.0,0.0,7.0,11.0,10.0,0.0,0.0,2.0,505.0,2.526
474701,Crysencio Summerville,West Ham,23.0,Left Winger,22000.0,Netherlands,1.74,Wasserman,right,2029.0,22.0,1.05,1.0,2.0,0.0,12.0,8.0,2.0,0.0,0.0,0.0,989.0,989.0
543499,Mohammed Kudus,West Ham,24.0,Right Winger,50000.0,Ghana,1.77,ROOF,left,2028.0,34.0,1.06,4.0,4.0,0.0,2.0,16.0,3.0,0.0,1.0,0.0,676.0,2.704
314875,Jarrod Bowen,West Ham,28.0,Right Winger,45000.0,England,1.76,,left,2030.0,,,,,,,,,,,,,
991800,Luis Guilherme,West Ham,19.0,Right Winger,18000.0,Brazil,1.75,,left,2029.0,13.0,0.46,0.0,0.0,0.0,12.0,1.0,0.0,0.0,0.0,0.0,0.0,144.0
648046,Evan Ferguson,West Ham,20.0,Centre-Forward,32000.0,Ireland,1.88,YMU Management Ltd.,right,2025.0,23.0,1.04,1.0,0.0,0.0,18.0,4.0,1.0,0.0,0.0,0.0,541.0,541.0
75489,Niclas Füllkrug,West Ham,32.0,Centre-Forward,12000.0,Germany,1.89,ROOF,right,2028.0,19.0,0.89,3.0,2.0,0.0,12.0,6.0,2.0,0.0,0.0,0.0,268.0,804.0
134294,Danny Ings,West Ham,32.0,Centre-Forward,7000.0,England,1.77,,right,2025.0,17.0,0.94,1.0,2.0,0.0,15.0,2.0,0.0,0.0,0.0,0.0,405.0,405.0
104124,Michail Antonio,West Ham,35.0,Centre-Forward,1000.0,Jamaica,1.8,Unique Sports Group,right,2025.0,15.0,1.0,1.0,1.0,0.0,4.0,11.0,1.0,0.0,0.0,0.0,874.0,874.0
1005649,Murillo,Forest,22.0,Centre-Back,55000.0,Brazil,1.8,,left,2029.0,38.0,1.76,2.0,0.0,0.0,0.0,3.0,6.0,0.0,0.0,0.0,1.716,3.431
413507,Nikola Milenković,Forest,27.0,Centre-Back,28000.0,Serbia,1.95,LIAN Sports Group,right,2029.0,39.0,1.72,5.0,2.0,0.0,1.0,0.0,4.0,0.0,0.0,0.0,696.0,3.48
673492,Morato,Forest,23.0,Centre-Back,15000.0,Brazil,1.92,Bertolucci Sports,left,2029.0,30.0,2.17,0.0,0.0,0.0,21.0,2.0,5.0,0.0,0.0,0.0,0.0,1.193
142310,Willy Boly,Forest,34.0,Centre-Back,2000.0,Cote d'Ivoire,1.95,Sport Cover,right,2025.0,9.0,2.11,0.0,0.0,0.0,5.0,0.0,1.0,0.0,0.0,0.0,0.0,446.0
193098,Álex Moreno,Forest,31.0,Left-Back,11000.0,Spain,1.79,,left,2025.0,,,,,,,,,,,,,
198516,Harry Toffolo,Forest,29.0,Left-Back,4000.0,England,1.83,Wasserman,left,2025.0,7.0,2.29,0.0,0.0,0.0,3.0,0.0,1.0,0.0,0.0,0.0,0.0,435.0
503680,Neco Williams,Forest,24.0,Right-Back,20000.0,Wales,1.83,Unique Sports Group,right,2026.0,38.0,1.87,1.0,3.0,0.0,10.0,5.0,9.0,0.0,0.0,0.0,2.713,2.713
236490,Ola Aina,Forest,28.0,Right-Back,20000.0,Nigeria,1.84,,right,2026.0,36.0,1.89,2.0,1.0,0.0,0.0,6.0,4.0,0.0,0.0,0.0,1.58,3.159
375885,Ibrahim Sangaré,Forest,27.0,Defensive Midfield,28000.0,Cote d'Ivoire,1.91,,right,2028.0,16.0,1.56,0.0,3.0,0.0,8.0,7.0,4.0,0.0,0.0,0.0,0.0,713.0
567576,Elliot Anderson,Forest,22.0,Central Midfield,30000.0,England,1.79,CAA Stellar,right,2029.0,,,,,,,,,,,,,
497291,Nicolás Domínguez,Forest,26.0,Central Midfield,17000.0,Argentina,1.79,,right,2028.0,38.0,1.82,0.0,1.0,0.0,13.0,19.0,11.0,0.0,0.0,0.0,0.0,2.248
425902,Ryan Yates,Forest,27.0,Central Midfield,13000.0,England,1.9,,right,2028.0,38.0,1.87,4.0,1.0,0.0,16.0,7.0,12.0,0.0,0.0,0.0,567.0,2.267
897481,Eric da Silva Moreira,Forest,19.0,Right Midfield,1000.0,Germany,1.85,Gestifute,right,2028.0,9.0,1.67,0.0,1.0,0.0,2.0,3.0,1.0,0.0,0.0,0.0,0.0,646.0
429014,Morgan Gibbs-White,Forest,25.0,Attacking Midfield,50000.0,England,1.71,CAA Stellar,right,2027.0,,,,,,,,,,,,,
392768,Callum Hudson-Odoi,Forest,24.0,Left Winger,24000.0,England,1.78,,right,2026.0,35.0,1.8,5.0,3.0,0.0,8.0,17.0,2.0,0.0,0.0,0.0,496.0,2.478
745191,Ramón Sosa,Forest,25.0,Left Winger,13000.0,Paraguay,1.79,,right,2029.0,23.0,1.57,3.0,1.0,0.0,19.0,3.0,2.0,0.0,0.0,0.0,183.0,550.0
583189,Anthony Elanga,Forest,23.0,Right Winger,35000.0,Sweden,1.78,CAA Stellar,right,2028.0,42.0,1.76,6.0,12.0,0.0,11.0,20.0,1.0,0.0,0.0,0.0,444.0,2.662
663244,Jota Silva,Forest,25.0,Right Winger,14000.0,Portugal,1.79,Sferico Sports ...,right,2028.0,,,,,,,,,,,,,
295313,Taiwo Awoniyi,Forest,27.0,Centre-Forward,18000.0,Nigeria,1.83,,right,2027.0,32.0,1.94,2.0,0.0,0.0,24.0,7.0,0.0,0.0,0.0,0.0,408.0,815.0
108725,Chris Wood,Forest,33.0,Centre-Forward,10000.0,New Zealand,1.91,,right,2027.0,39.0,1.82,20.0,3.0,0.0,4.0,22.0,1.0,0.0,0.0,3.0,152.0,3.045
392757,Marc Guéhi,Crystal Palace,24.0,Centre-Back,45000.0,England,1.82,Unique Sports Group,right,2026.0,44.0,1.66,3.0,2.0,3.0,0.0,1.0,8.0,1.0,0.0,0.0,1.31,3.931
434224,Maxence Lacroix,Crystal Palace,25.0,Centre-Back,22000.0,France,1.9,Unique Sports Group,right,2029.0,43.0,1.74,1.0,1.0,0.0,0.0,4.0,6.0,0.0,0.0,0.0,3.794,3.794
689637,Chadi Riad,Crystal Palace,21.0,Centre-Back,15000.0,Morocco,1.87,Roc Nation Sports,left,2029.0,,,,,,,,,,,,,
578539,Chris Richards,Crystal Palace,25.0,Centre-Back,12000.0,United States,1.88,Roc Nation Sports,right,2027.0,31.0,1.94,1.0,1.0,0.0,3.0,3.0,4.0,1.0,0.0,0.0,2.545,2.545
730893,Tyrick Mitchell,Crystal Palace,25.0,Left-Back,25000.0,England,1.81,ROOF,left,2025.0,44.0,1.59,0.0,5.0,0.0,0.0,15.0,3.0,0.0,0.0,0.0,0.0,3.678
316125,Ben Chilwell,Crystal Palace,28.0,Left-Back,18000.0,England,1.8,CAA Stellar,left,2025.0,12.0,2.33,1.0,0.0,0.0,10.0,0.0,1.0,0.0,0.0,0.0,440.0,440.0
493003,Daniel Muñoz,Crystal Palace,28.0,Right-Back,25000.0,Colombia,1.81,,right,2028.0,,,,,,,,,,,,,
85177,Nathaniel Clyne,Crystal Palace,34.0,Right-Back,1500.0,England,1.75,ROOF,right,2025.0,19.0,1.68,0.0,1.0,0.0,12.0,5.0,2.0,0.0,0.0,0.0,0.0,699.0
92572,Joel Ward,Crystal Palace,35.0,Right-Back,600.0,England,1.86,,right,2025.0,3.0,3.0,0.0,0.0,0.0,2.0,1.0,1.0,0.0,0.0,0.0,0.0,83.0
744149,Adam Wharton,Crystal Palace,21.0,Defensive Midfield,35000.0,England,1.82,OmniSports,left,2029.0,27.0,1.7,0.0,2.0,0.0,6.0,18.0,3.0,0.0,0.0,0.0,0.0,1.706
543387,Cheick Doucouré,Crystal Palace,25.0,Defensive Midfield,30000.0,Mali,1.8,,right,2029.0,,,,,,,,,,,,,
262980,Jefferson Lerma,Crystal Palace,30.0,Defensive Midfield,12000.0,Colombia,1.79,,right,2026.0,,,,,,,,,,,,,
207014,Will Hughes,Crystal Palace,30.0,Central Midfield,9000.0,England,1.85,Two Touch Agency,left,2027.0,40.0,1.7,0.0,5.0,0.0,12.0,23.0,12.0,0.0,0.0,0.0,0.0,2.457
747009,Justin Devenny,Crystal Palace,21.0,Central Midfield,3000.0,Northern Ireland,1.84,,"
                            Jul 1, 2024                        ",2027.0,36.0,1.75,4.0,2.0,0.0,22.0,6.0,3.0,0.0,0.0,0.0,338.0,1.352
479999,Eberechi Eze,Crystal Palace,26.0,Attacking Midfield,55000.0,England,1.78,,right,2027.0,,,,,,,,,,,,,
410225,Ismaïla Sarr,Crystal Palace,27.0,Attacking Midfield,22000.0,Senegal,1.85,Teranga Sports,right,2029.0,,,,,,,,,,,,,
356141,Daichi Kamada,Crystal Palace,28.0,Attacking Midfield,15000.0,Japan,1.8,,right,2026.0,42.0,1.67,2.0,3.0,0.0,22.0,10.0,6.0,0.0,1.0,0.0,1.053,2.106
743597,Matheus França,Crystal Palace,21.0,Attacking Midfield,10000.0,Brazil,1.84,LIFEPRO,right,2028.0,,,,,,,,,,,,,
967319,Romain Esse,Crystal Palace,20.0,Right Winger,12000.0,England,1.78,Unique Sports Group,left,2030.0,34.0,1.44,6.0,2.0,0.0,8.0,12.0,4.0,0.0,0.0,0.0,391.0,2.343
512354,Malcolm Ebiowei,Crystal Palace,21.0,Right Winger,1200.0,England,1.85,,left,2027.0,8.0,1.25,0.0,1.0,0.0,6.0,2.0,1.0,0.0,0.0,0.0,0.0,258.0
420002,Jean-Philippe Mateta,Crystal Palace,27.0,Centre-Forward,30000.0,France,1.92,,right,2026.0,,,,,,,,,,,,,
340324,Eddie Nketiah,Crystal Palace,25.0,Centre-Forward,22000.0,England,1.75,,right,2029.0,36.0,1.78,7.0,3.0,0.0,24.0,9.0,4.0,1.0,0.0,0.0,198.0,1.389
890290,Dean Huijsen,Bournemouth,20.0,Centre-Back,42000.0,Spain,1.97,,both,2030.0,,,,,,,,,,,,,
659089,Ilya Zabarnyi,Bournemouth,22.0,Centre-Back,40000.0,Ukraine,1.89,Wasserman,right,2029.0,38.0,1.53,0.0,0.0,0.0,1.0,4.0,4.0,0.0,1.0,0.0,0.0,3.294
469781,Marcos Senesi,Bournemouth,28.0,Centre-Back,24000.0,Argentina,1.85,ROOF,left,2026.0,18.0,1.22,0.0,0.0,0.0,4.0,6.0,5.0,0.0,0.0,0.0,0.0,1.204
611793,James Hill,Bournemouth,23.0,Centre-Back,2000.0,England,1.84,SMI Sports ...,right,2026.0,14.0,1.36,0.0,1.0,0.0,5.0,5.0,2.0,0.0,0.0,0.0,0.0,782.0
994604,Matai Akinmboni,Bournemouth,18.0,Centre-Back,1000.0,United States,1.88,CAA Stellar,left,,0.0,,0.0,0.0,0.0,0.0,0.0,0.0,0.0,0.0,0.0,0.0,0.0
730861,Milos Kerkez,Bournemouth,21.0,Left-Back,35000.0,Hungary,1.8,LIAN Sports Group,left,2028.0,,,,,,,,,,,,,
1009658,Julio Soler,Bournemouth,20.0,Left-Back,8000.0,Argentina,1.75,,left,,4.0,1.5,0.0,0.0,0.0,2.0,1.0,0.0,0.0,0.0,0.0,0.0,155.0
513970,Julián Araujo,Bournemouth,23.0,Right-Back,10000.0,Mexico,1.76,CAA Stellar,right,2029.0,,,,,,,,,,,,,
61841,Adam Smith,Bournemouth,34.0,Right-Back,1000.0,England,1.74,CAA Stellar,right,2026.0,26.0,1.31,0.0,0.0,0.0,7.0,12.0,7.0,0.0,0.0,0.0,0.0,1.612
332705,Tyler Adams,Bournemouth,26.0,Defensive Midfield,18000.0,United States,1.75,YMU Management Ltd.,right,2028.0,31.0,1.52,0.0,3.0,0.0,7.0,7.0,8.0,0.0,0.0,0.0,0.0,2.264
188077,Ryan Christie,Bournemouth,30.0,Defensive Midfield,12000.0,Scotland,1.78,,left,2027.0,32.0,1.47,2.0,3.0,0.0,2.0,19.0,10.0,0.0,0.0,0.0,1.192,2.384
855256,Alex Scott,Bournemouth,21.0,Central Midfield,20000.0,England,1.78,,right,2028.0,,,,,,,,,,,,,
249089,Lewis Cook,Bournemouth,28.0,Central Midfield,15000.0,England,1.75,CAA Stellar,right,2028.0,40.0,1.4,1.0,3.0,0.0,5.0,1.0,9.0,0.0,1.0,0.0,3.289,3.289
330659,Justin Kluivert,Bournemouth,26.0,Attacking Midfield,35000.0,Netherlands,1.72,Team Raiola,both,2028.0,,,,,,,,,,,,,
583255,Antoine Semenyo,Bournemouth,25.0,Left Winger,35000.0,Ghana,1.85,,right,2029.0,,,,,,,,,,,,,
823231,Dango Ouattara,Bournemouth,23.0,Left Winger,25000.0,Burkina Faso,1.77,PSM,left,2028.0,37.0,1.59,9.0,4.0,0.0,14.0,16.0,3.0,0.0,0.0,0.0,254.0,2.285
399434,Marcus Tavernier,Bournemouth,26.0,Left Winger,20000.0,England,1.78,,left,2028.0,31.0,1.45,3.0,6.0,0.0,9.0,10.0,6.0,0.0,0.0,0.0,705.0,2.116
512385,Luis Sinisterra,Bournemouth,25.0,Left Winger,17000.0,Colombia,1.72,Wasserman,right,,14.0,1.29,1.0,1.0,0.0,12.0,3.0,0.0,0.0,0.0,0.0,334.0,334.0
277033,David Brooks,Bournemouth,27.0,Right Winger,12000.0,Wales,1.73,Unique Sports Group,left,2026.0,32.0,1.47,2.0,2.0,0.0,21.0,11.0,4.0,0.0,0.0,0.0,549.0,1.098
711337,Evanilson,Bournemouth,25.0,Centre-Forward,35000.0,Brazil,1.83,,both,,34.0,1.41,12.0,5.0,0.0,5.0,21.0,2.0,0.0,1.0,0.0,203.0,2.438
251106,Enes Ünal,Bournemouth,28.0,Centre-Forward,13000.0,Türkiye,1.87,FutureBall,right,2028.0,17.0,1.65,2.0,1.0,0.0,15.0,2.0,2.0,0.0,0.0,0.0,166.0,332.0
746740,Daniel Jebbison,Bournemouth,21.0,Centre-Forward,4000.0,Canada,1.9,,right,2028.0,33.0,1.36,3.0,0.0,0.0,28.0,5.0,3.0,0.0,0.0,0.0,208.0,624.0
469050,Nathan Collins,Brentford,24.0,Centre-Back,28000.0,Ireland,1.93,,right,2029.0,41.0,1.49,2.0,5.0,0.0,2.0,0.0,6.0,0.0,0.0,0.0,1.773,3.545
541231,Sepp van den Berg,Brentford,23.0,Centre-Back,20000.0,Netherlands,1.92,Key United,right,2029.0,34.0,1.65,0.0,1.0,0.0,2.0,6.0,3.0,0.0,0.0,0.0,0.0,2.826
328658,Kristoffer Ajer,Brentford,27.0,Centre-Back,18000.0,Norway,1.98,Wasserman,right,2028.0,,,,,,,,,,,,,
442248,Ethan Pinnock,Brentford,31.0,Centre-Back,8000.0,Jamaica,1.94,Two Touch Agency,left,2027.0,,,,,,,,,,,,,
74810,Ben Mee,Brentford,35.0,Centre-Back,900.0,England,1.8,,left,2025.0,,,,,,,,,,,,,
709767,Ji-soo Kim,Brentford,20.0,Centre-Back,600.0,"Korea, South",1.92,Proeleven S.A.,both,2027.0,11.0,1.27,0.0,0.0,0.0,4.0,2.0,1.0,0.0,0.0,0.0,0.0,598.0
644401,Keane Lewis-Potter,Brentford,24.0,Left-Back,23000.0,England,1.7,,right,2031.0,42.0,1.52,2.0,4.0,0.0,4.0,11.0,8.0,0.0,0.0,0.0,1.653,3.305
339556,Rico Henry,Brentford,27.0,Left-Back,17000.0,England,1.7,,left,2026.0,6.0,1.67,0.0,0.0,0.0,5.0,1.0,0.0,0.0,0.0,0.0,0.0,158.0
591949,Aaron Hickey,Brentford,22.0,Right-Back,18000.0,Scotland,1.85,,both,2028.0,,,,,,,,,,,,,
823486,Michael Kayode,Brentford,20.0,Right-Back,18000.0,Italy,1.79,,right,2025.0,23.0,2.04,0.0,2.0,0.0,12.0,6.0,2.0,0.0,0.0,0.0,0.0,1.004
270171,Vitaly Janelt,Brentford,27.0,Defensive Midfield,22000.0,Germany,1.84,Wasserman,left,2026.0,35.0,1.4,1.0,3.0,2.0,5.0,19.0,3.0,0.0,0.0,0.0,2.493,2.493
148367,Christian Nørgaard,Brentford,31.0,Defensive Midfield,12000.0,Denmark,1.87,,right,2027.0,34.0,1.65,6.0,3.0,0.0,0.0,12.0,9.0,0.0,1.0,0.0,467.0,2.803
1141628,Yunus Emre Konak,Brentford,19.0,Defensive Midfield,4500.0,Türkiye,1.81,FutureBall,right,2029.0,15.0,2.13,0.0,0.0,0.0,12.0,3.0,2.0,0.0,0.0,0.0,0.0,298.0
319859,Mathias Jensen,Brentford,29.0,Central Midfield,16000.0,Denmark,1.8,CAA Stellar,right,2026.0,26.0,1.77,0.0,2.0,0.0,16.0,7.0,2.0,0.0,0.0,0.0,0.0,1.015
717411,Yegor Yarmolyuk,Brentford,21.0,Central Midfield,12000.0,Ukraine,1.8,ProStar,right,2028.0,34.0,1.53,0.0,0.0,0.0,16.0,10.0,6.0,0.0,0.0,0.0,0.0,1.686
470596,Paris Maghoma,Brentford,24.0,Central Midfield,600.0,England,1.84,Unique Sports Group,right,2027.0,12.0,0.92,0.0,1.0,0.0,9.0,1.0,0.0,0.0,0.0,0.0,0.0,379.0
540941,Mikkel Damsgaard,Brentford,24.0,Attacking Midfield,25000.0,Denmark,1.8,BTAM,right,2030.0,42.0,1.52,3.0,11.0,0.0,6.0,24.0,2.0,0.0,0.0,0.0,1.047,3.141
559263,Fábio Carvalho,Brentford,22.0,Attacking Midfield,15000.0,Portugal,1.7,,right,2029.0,24.0,1.54,3.0,3.0,0.0,16.0,6.0,1.0,0.0,0.0,0.0,279.0,836.0
473050,Kevin Schade,Brentford,23.0,Left Winger,27000.0,Germany,1.85,,right,2028.0,,,,,,,,,,,,,
1086375,Gustavo Nunes,Brentford,19.0,Left Winger,10000.0,Brazil,1.73,Talents Sports,right,2030.0,3.0,2.33,0.0,0.0,0.0,3.0,0.0,0.0,0.0,0.0,0.0,0.0,11.0
413039,Bryan Mbeumo,Brentford,25.0,Right Winger,50000.0,Cameroon,1.71,,left,2026.0,41.0,1.49,19.0,9.0,0.0,3.0,3.0,3.0,0.0,0.0,5.0,184.0,3.487
388165,Yoane Wissa,Brentford,28.0,Centre-Forward,30000.0,DR Congo,1.76,,right,2026.0,,,,,,,,,,,,,
739443,Igor Thiago,Brentford,23.0,Centre-Forward,22000.0,Brazil,1.91,,right,2029.0,7.0,1.86,0.0,0.0,0.0,6.0,1.0,0.0,0.0,0.0,0.0,0.0,159.0
606718,Toti,Wolves,26.0,Centre-Back,25000.0,Portugal,1.87,,left,2029.0,33.0,1.39,0.0,1.0,0.0,2.0,3.0,7.0,0.0,0.0,0.0,0.0,2.763
683895,Emmanuel Agbadou,Wolves,27.0,Centre-Back,17000.0,Cote d'Ivoire,1.92,Aneke/PMG,right,2029.0,,,,,,,,,,,,,
862297,Nasser Djiga,Wolves,22.0,Centre-Back,10000.0,Burkina Faso,1.92,,right,2030.0,,,,,,,,,,,,,
438001,Santiago Bueno,Wolves,26.0,Centre-Back,8000.0,Uruguay,1.9,GBG Global Business ...,right,2028.0,33.0,1.39,0.0,1.0,0.0,10.0,5.0,3.0,0.0,0.0,0.0,0.0,2.114
716276,Yerson Mosquera,Wolves,24.0,Centre-Back,8000.0,Colombia,1.88,,right,2030.0,5.0,0.2,0.0,0.0,0.0,0.0,1.0,2.0,0.0,0.0,0.0,0.0,442.0
955253,Bastien Meupiyou,Wolves,19.0,Centre-Back,2500.0,France,1.91,Gestifute,left,2029.0,10.0,1.2,0.0,0.0,0.0,0.0,4.0,1.0,0.0,0.0,0.0,0.0,837.0
121477,Craig Dawson,Wolves,35.0,Centre-Back,2000.0,England,1.88,Unique Sports Group,right,2025.0,16.0,1.0,0.0,0.0,2.0,5.0,2.0,2.0,0.0,0.0,0.0,0.0,1.032
578391,Rayan Aït-Nouri,Wolves,23.0,Left-Back,35000.0,Algeria,1.8,CAA Stellar,left,2026.0,40.0,1.18,5.0,7.0,0.0,1.0,19.0,6.0,1.0,0.0,0.0,668.0,3.342
231572,Nélson Semedo,Wolves,31.0,Right-Back,10000.0,Portugal,1.77,Gestifute,right,2025.0,,,,,,,,,,,,,
1193867,Pedro Lima,Wolves,18.0,Right-Back,5000.0,Brazil,1.74,,right,2029.0,6.0,1.5,0.0,1.0,0.0,3.0,2.0,0.0,0.0,0.0,0.0,0.0,225.0
171679,Matt Doherty,Wolves,33.0,Right-Back,2500.0,Ireland,1.85,Gestifute,right,2026.0,34.0,1.41,2.0,2.0,1.0,8.0,8.0,6.0,0.0,0.0,0.0,1.163,2.326
800176,André,Wolves,23.0,Defensive Midfield,25000.0,Brazil,1.76,Carlos Leite,right,2029.0,,,,,,,,,,,,,
649020,Boubacar Traoré,Wolves,23.0,Defensive Midfield,6000.0,Mali,1.83,,right,2027.0,,,,,,,,,,,,,
735570,João Gomes,Wolves,24.0,Central Midfield,40000.0,Brazil,1.76,Carlos Leite,right,2030.0,39.0,1.13,4.0,2.0,0.0,1.0,18.0,9.0,1.0,0.0,0.0,804.0,3.215
450050,Jean-Ricner Bellegarde,Wolves,26.0,Central Midfield,18000.0,France,1.72,,right,2028.0,38.0,1.21,2.0,7.0,0.0,16.0,21.0,3.0,0.0,0.0,0.0,933.0,1.866
414908,Marshall Munetsi,Wolves,28.0,Central Midfield,15000.0,Zimbabwe,1.88,Wasserman,right,2028.0,,,,,,,,,,,,,
433183,Tommy Doyle,Wolves,23.0,Central Midfield,10000.0,England,1.72,Unique Sports Group,right,2028.0,26.0,1.0,1.0,1.0,0.0,21.0,2.0,2.0,0.0,0.0,0.0,656.0,656.0
667121,Rodrigo Gomes,Wolves,21.0,Right Midfield,15000.0,Portugal,1.75,,right,2029.0,27.0,1.3,3.0,0.0,0.0,17.0,7.0,0.0,0.0,0.0,0.0,348.0,1.043
225122,Gonçalo Guedes,Wolves,28.0,Left Winger,13000.0,Portugal,1.79,Gestifute,right,2027.0,32.0,1.09,5.0,5.0,0.0,19.0,12.0,1.0,0.0,0.0,0.0,244.0,1.221
742451,Carlos Forbs,Wolves,21.0,Left Winger,8000.0,Portugal,1.69,,left,2025.0,17.0,1.41,0.0,1.0,0.0,11.0,7.0,2.0,0.0,0.0,0.0,0.0,617.0
1060740,Enso González,Wolves,20.0,Left Winger,4000.0,Paraguay,1.69,,left,2029.0,,,,,,2.0,,,,,,,
74230,Pablo Sarabia,Wolves,33.0,Right Winger,7000.0,Spain,1.74,,left,2025.0,28.0,1.39,3.0,2.0,0.0,18.0,10.0,4.0,0.0,0.0,0.0,354.0,1.062
517894,Matheus Cunha,Wolves,25.0,Centre-Forward,55000.0,Brazil,1.83,Bertolucci Sports,right,2029.0,35.0,0.97,17.0,6.0,0.0,5.0,10.0,3.0,0.0,1.0,0.0,161.0,2.742
429983,Jørgen Strand Larsen,Wolves,25.0,Centre-Forward,27000.0,Norway,1.93,,right,2025.0,37.0,1.11,14.0,4.0,0.0,5.0,19.0,5.0,0.0,0.0,0.0,200.0,2.796
292246,Hee-chan Hwang,Wolves,29.0,Centre-Forward,17000.0,"Korea, South",1.77,P&P Sport ...,right,2028.0,25.0,1.08,2.0,1.0,0.0,17.0,7.0,0.0,0.0,0.0,0.0,434.0,868.0
369567,Sasa Kalajdzic,Wolves,27.0,Centre-Forward,5000.0,Austria,2.0,,right,2027.0,,,,,,2.0,,,,,,,
863741,Nathan Fraser,Wolves,20.0,Centre-Forward,600.0,Ireland,1.88,,right,2028.0,7.0,2.29,0.0,0.0,0.0,5.0,2.0,0.0,0.0,0.0,0.0,0.0,185.0
661053,Jarrad Branthwaite,Everton,22.0,Centre-Back,50000.0,England,1.95,,left,2027.0,33.0,1.39,0.0,1.0,0.0,2.0,1.0,4.0,0.0,0.0,0.0,0.0,2.78
173504,James Tarkowski,Everton,32.0,Centre-Back,10000.0,England,1.85,,right,2026.0,34.0,1.12,1.0,1.0,0.0,0.0,2.0,6.0,0.0,0.0,0.0,3.014,3.014
118534,Michael Keane,Everton,32.0,Centre-Back,6000.0,England,1.88,,right,2025.0,17.0,1.24,3.0,1.0,0.0,4.0,0.0,5.0,0.0,0.0,0.0,411.0,1.232
404842,Vitaliy Mykolenko,Everton,25.0,Left-Back,28000.0,Ukraine,1.8,ProStar,left,2026.0,36.0,1.33,1.0,2.0,0.0,0.0,2.0,3.0,0.0,0.0,0.0,3.174,3.174
424015,Nathan Patterson,Everton,23.0,Right-Back,15000.0,Scotland,1.89,,right,2027.0,15.0,1.27,0.0,2.0,0.0,7.0,6.0,2.0,1.0,0.0,0.0,0.0,691.0
711544,Jake O'Brien,Everton,24.0,Right-Back,15000.0,Ireland,1.97,Unique Sports Group,right,2028.0,,,,,,,,,,,,,
68390,Séamus Coleman,Everton,36.0,Right-Back,500.0,Ireland,1.77,,right,2025.0,6.0,1.83,0.0,0.0,0.0,2.0,3.0,1.0,0.0,0.0,0.0,0.0,282.0
289592,Orel Mangala,Everton,27.0,Defensive Midfield,20000.0,Belgium,1.78,M-Soccermanagement,right,2025.0,,,,,,,,,,,,,
505219,James Garner,Everton,24.0,Defensive Midfield,20000.0,England,1.82,,right,2026.0,22.0,1.5,0.0,1.0,0.0,4.0,8.0,4.0,0.0,0.0,0.0,0.0,1.646
126665,Idrissa Gueye,Everton,35.0,Defensive Midfield,2000.0,Senegal,1.74,Roc Nation Sports,right,2025.0,39.0,1.28,0.0,3.0,0.0,3.0,11.0,7.0,0.0,0.0,0.0,0.0,3.177
748319,Carlos Alcaraz,Everton,22.0,Central Midfield,14000.0,Argentina,1.76,Rol Sports ...,right,2025.0,17.0,1.29,2.0,3.0,0.0,10.0,5.0,5.0,0.0,0.0,0.0,405.0,809.0
696589,Tim Iroegbunam,Everton,21.0,Central Midfield,10000.0,England,1.83,,right,2027.0,21.0,1.0,0.0,2.0,0.0,15.0,3.0,5.0,0.0,0.0,0.0,0.0,676.0
127187,Abdoulaye Doucouré,Everton,32.0,Central Midfield,8000.0,Mali,1.83,,right,2025.0,,,,,,,,,,,,,
584769,Dwight McNeil,Everton,25.0,Left Winger,25000.0,England,1.83,Unique Sports Group,left,2027.0,22.0,1.23,5.0,8.0,0.0,5.0,5.0,1.0,0.0,0.0,0.0,307.0,1.537
513245,Jesper Lindstrøm,Everton,25.0,Right Winger,20000.0,Denmark,1.82,,right,2025.0,,,,,,,,,,,,,
417346,Jack Harrison,Everton,28.0,Right Winger,16000.0,England,1.75,,left,2025.0,37.0,1.19,1.0,1.0,0.0,14.0,16.0,1.0,0.0,0.0,0.0,2.091,2.091
306024,Dominic Calvert-Lewin,Everton,28.0,Centre-Forward,20000.0,England,1.89,Wasserman,right,2025.0,25.0,1.2,3.0,2.0,0.0,6.0,11.0,2.0,0.0,0.0,0.0,537.0,1.611
595809,Beto,Everton,27.0,Centre-Forward,20000.0,Guinea-Bissau,1.94,,right,2027.0,34.0,1.12,12.0,1.0,0.0,15.0,10.0,3.0,0.0,0.0,0.0,153.0,1.84
571743,Armando Broja,Everton,23.0,Centre-Forward,13000.0,Albania,1.91,,right,2025.0,,,,,,,,,,,,,
670688,Chermiti,Everton,20.0,Centre-Forward,9000.0,Portugal,1.92,CAA Stellar,right,2027.0,6.0,0.5,0.0,0.0,0.0,4.0,2.0,1.0,0.0,0.0,0.0,0.0,178.0
260827,Joachim Andersen,Fulham,28.0,Centre-Back,32000.0,Denmark,1.92,SEG,right,2029.0,33.0,1.55,1.0,1.0,1.0,0.0,1.0,8.0,0.0,1.0,0.0,2.95,2.95
461883,Calvin Bassey,Fulham,25.0,Centre-Back,25000.0,Nigeria,1.85,Unique Sports Group,left,2027.0,37.0,1.51,2.0,0.0,0.0,1.0,0.0,7.0,0.0,0.0,0.0,1.642,3.284
272622,Issa Diop,Fulham,28.0,Centre-Back,16000.0,France,1.94,,right,2027.0,24.0,1.58,0.0,0.0,1.0,7.0,2.0,3.0,0.0,0.0,0.0,0.0,1.539
494880,Jorge Cuenca,Fulham,25.0,Centre-Back,6000.0,Spain,1.9,InterStarDeporte,left,2028.0,11.0,1.91,0.0,0.0,0.0,4.0,1.0,1.0,0.0,0.0,0.0,0.0,620.0
349701,Antonee Robinson,Fulham,27.0,Left-Back,35000.0,United States,1.83,Wasserman,left,2028.0,37.0,1.46,0.0,10.0,0.0,1.0,2.0,8.0,0.0,0.0,0.0,0.0,3.268
392775,Ryan Sessegnon,Fulham,25.0,Left-Back,9000.0,England,1.78,Unique Sports Group,left,2026.0,21.0,1.76,4.0,4.0,0.0,10.0,6.0,1.0,0.0,0.0,0.0,239.0,956.0
206746,Kenny Tete,Fulham,29.0,Right-Back,15000.0,Netherlands,1.8,HCM Sports ...,right,2025.0,,,,,,,,,,,,,
262226,Timothy Castagne,Fulham,29.0,Right-Back,15000.0,Belgium,1.85,,right,2027.0,,,,,,,,,,,,,
333014,Sander Berge,Fulham,27.0,Defensive Midfield,25000.0,Norway,1.95,Keypass AS,right,2029.0,35.0,1.57,0.0,0.0,0.0,5.0,11.0,6.0,0.0,0.0,0.0,0.0,2.593
245056,Saša Lukić,Fulham,28.0,Central Midfield,10000.0,Serbia,1.82,,right,2027.0,34.0,1.47,0.0,2.0,0.0,4.0,20.0,12.0,0.0,0.0,0.0,0.0,2.528
226973,Harrison Reed,Fulham,30.0,Central Midfield,7000.0,England,1.81,Unique Sports Group,right,2027.0,17.0,1.94,0.0,0.0,0.0,14.0,2.0,3.0,0.0,0.0,0.0,0.0,384.0
123275,Tom Cairney,Fulham,34.0,Central Midfield,2000.0,Scotland,1.85,Unique Sports Group,left,2025.0,28.0,1.29,2.0,0.0,0.0,23.0,6.0,3.0,0.0,1.0,0.0,398.0,796.0
1011131,Josh King,Fulham,18.0,Central Midfield,1000.0,England,1.73,,"
                            Jul 1, 2024                        ",,20.0,1.8,2.0,3.0,0.0,8.0,9.0,0.0,0.0,0.0,0.0,531.0,1.062
392765,Emile Smith Rowe,Fulham,24.0,Attacking Midfield,32000.0,England,1.82,,right,2029.0,39.0,1.51,6.0,3.0,0.0,13.0,26.0,3.0,0.0,0.0,0.0,369.0,2.211
242631,Alex Iwobi,Fulham,29.0,Attacking Midfield,25000.0,Nigeria,1.83,,right,2028.0,43.0,1.53,9.0,6.0,0.0,5.0,24.0,1.0,0.0,0.0,0.0,363.0,3.264
203394,Andreas Pereira,Fulham,29.0,Attacking Midfield,20000.0,Brazil,1.78,Bertolucci Sports,right,2026.0,36.0,1.53,2.0,7.0,0.0,8.0,24.0,8.0,0.0,0.0,0.0,1.142,2.283
52769,Willian,Fulham,36.0,Left Winger,1000.0,Brazil,1.75,,right,2025.0,,,,,,,,,,,,,
992686,Martial Godo,Fulham,22.0,Left Winger,600.0,England,1.69,,"
                            Jan 1, 2025                        ",2028.0,11.0,1.27,4.0,1.0,0.0,4.0,2.0,2.0,0.0,0.0,0.0,174.0,695.0
340325,Reiss Nelson,Fulham,25.0,Right Winger,18000.0,England,1.75,,right,2025.0,13.0,1.62,2.0,1.0,0.0,7.0,6.0,1.0,0.0,0.0,0.0,287.0,574.0
279455,Harry Wilson,Fulham,28.0,Right Winger,17000.0,Wales,1.73,Unique Sports Group,left,2026.0,26.0,1.35,6.0,2.0,0.0,13.0,12.0,2.0,0.0,0.0,0.0,210.0,1.262
204103,Adama Traoré,Fulham,29.0,Right Winger,10000.0,Spain,1.78,AS1,right,2026.0,40.0,1.63,2.0,9.0,0.0,21.0,14.0,3.0,0.0,0.0,0.0,942.0,1.884
735571,Rodrigo Muniz,Fulham,24.0,Centre-Forward,20000.0,Brazil,1.86,,right,2026.0,,,,,,,,,,,,,
206040,Raúl Jiménez,Fulham,34.0,Centre-Forward,5000.0,Mexico,1.87,,right,2026.0,42.0,1.5,14.0,3.0,0.0,12.0,21.0,4.0,0.0,0.0,5.0,186.0,2.606
525287,Carlos Vinícius,Fulham,30.0,Centre-Forward,4000.0,Brazil,1.9,,left,2025.0,4.0,1.75,0.0,0.0,0.0,4.0,0.0,0.0,0.0,0.0,0.0,0.0,14.0
693095,Jacob Greaves,Ipswich,24.0,Centre-Back,20000.0,England,1.93,CAA Stellar,left,2029.0,,,,,,,,,,,,,
401320,Dara O'Shea,Ipswich,26.0,Centre-Back,14000.0,Ireland,1.89,Unique Sports Group,right,2029.0,38.0,0.71,1.0,2.0,0.0,1.0,1.0,6.0,0.0,0.0,0.0,3.378,3.378
343475,Ben Godfrey,Ipswich,27.0,Centre-Back,8000.0,England,1.84,,right,2025.0,10.0,1.8,0.0,0.0,0.0,6.0,3.0,1.0,0.0,0.0,0.0,0.0,415.0
255788,Cameron Burgess,Ipswich,29.0,Centre-Back,2500.0,Australia,1.94,,left,2025.0,22.0,0.86,0.0,3.0,0.0,2.0,1.0,1.0,0.0,0.0,0.0,0.0,1.855
527425,Luke Woolfenden,Ipswich,26.0,Centre-Back,2000.0,England,1.93,Refuel Performance ...,right,2027.0,,,,,,,,,,,,,
596446,Leif Davis,Ipswich,25.0,Left-Back,25000.0,England,1.82,Two Touch Agency,left,2028.0,32.0,0.53,1.0,3.0,0.0,1.0,4.0,5.0,0.0,1.0,0.0,2.656,2.656
146509,Conor Townsend,Ipswich,32.0,Left-Back,1200.0,England,1.83,,left,2026.0,10.0,1.1,0.0,2.0,0.0,3.0,1.0,1.0,0.0,0.0,0.0,0.0,725.0
468002,Ben Johnson,Ipswich,25.0,Right-Back,9000.0,England,1.84,,right,2028.0,27.0,0.85,1.0,3.0,0.0,11.0,3.0,3.0,1.0,0.0,0.0,1.615,1.615
342046,Axel Tuanzebe,Ipswich,27.0,Right-Back,5000.0,DR Congo,1.85,Unique Sports Group,right,2025.0,22.0,0.64,0.0,1.0,1.0,2.0,8.0,3.0,1.0,0.0,0.0,0.0,1.672
351749,Kalvin Phillips,Ipswich,29.0,Defensive Midfield,15000.0,England,1.79,CAA Stellar,right,2025.0,,,,,,,,,,,,,
468066,Jens Cajuste,Ipswich,25.0,Defensive Midfield,12000.0,Sweden,1.88,,right,2025.0,32.0,0.72,1.0,0.0,0.0,7.0,22.0,2.0,0.0,0.0,0.0,2.03,2.03
458178,Jack Taylor,Ipswich,26.0,Central Midfield,3000.0,Ireland,1.85,Unique Sports Group,right,2026.0,35.0,0.63,2.0,0.0,0.0,28.0,6.0,4.0,0.0,0.0,0.0,561.0,1.122
123551,Sam Morsy,Ipswich,33.0,Central Midfield,900.0,Egypt,1.75,,right,2026.0,33.0,0.64,1.0,1.0,1.0,2.0,7.0,10.0,0.0,0.0,0.0,2.789,2.789
181687,Massimo Luongo,Ipswich,32.0,Central Midfield,500.0,Australia,1.76,,right,2025.0,14.0,0.86,0.0,0.0,0.0,10.0,3.0,1.0,0.0,0.0,0.0,0.0,397.0
660867,Julio Enciso,Ipswich,21.0,Attacking Midfield,22000.0,Paraguay,1.73,,right,2025.0,29.0,1.14,3.0,4.0,0.0,11.0,16.0,3.0,0.0,0.0,0.0,486.0,1.458
741238,Omari Hutchinson,Ipswich,21.0,Attacking Midfield,22000.0,England,1.74,,left,2029.0,31.0,0.55,3.0,2.0,0.0,2.0,12.0,5.0,0.0,0.0,0.0,838.0,2.515
292139,Sammie Szmodics,Ipswich,29.0,Attacking Midfield,12000.0,Ireland,1.68,,right,2028.0,22.0,1.0,7.0,2.0,0.0,7.0,15.0,2.0,0.0,0.0,0.0,159.0,1.113
665390,Jaden Philogene,Ipswich,23.0,Left Winger,18000.0,England,1.81,,right,2029.0,26.0,1.23,3.0,0.0,0.0,16.0,6.0,3.0,1.0,0.0,0.0,362.0,1.087
559794,Jack Clarke,Ipswich,24.0,Left Winger,15000.0,England,1.81,SMI Sports ...,right,2029.0,,,,,,,,,,,,,
344009,Nathan Broadhead,Ipswich,27.0,Left Winger,5000.0,Wales,1.78,,right,2026.0,20.0,0.7,1.0,1.0,0.0,13.0,6.0,1.0,0.0,0.0,0.0,758.0,758.0
392591,Chiedozie Ogbene,Ipswich,28.0,Right Winger,8000.0,Ireland,1.81,,right,2028.0,9.0,0.44,0.0,0.0,0.0,2.0,5.0,0.0,0.0,0.0,0.0,0.0,531.0
255731,Wes Burns,Ipswich,30.0,Right Winger,2500.0,Wales,1.73,CAA Stellar,right,2026.0,19.0,0.79,0.0,1.0,0.0,6.0,13.0,1.0,0.0,0.0,0.0,0.0,979.0
349503,Conor Chaplin,Ipswich,28.0,Second Striker,8000.0,England,1.68,CAA Stellar,left,2026.0,22.0,0.41,2.0,1.0,0.0,12.0,8.0,2.0,0.0,0.0,0.0,437.0,874.0
610849,Liam Delap,Ipswich,22.0,Centre-Forward,35000.0,England,1.86,CAA Stellar,right,2029.0,,,,,,,,,,,,,
420808,George Hirst,Ipswich,26.0,Centre-Forward,5000.0,Scotland,1.91,Footwork,right,2027.0,28.0,0.68,5.0,2.0,0.0,22.0,6.0,3.0,0.0,0.0,1.0,153.0,763.0
503977,Taylor Harwood-Bellis,Southampton,23.0,Centre-Back,25000.0,England,1.88,Unique Sports Group,right,2028.0,38.0,0.55,3.0,0.0,0.0,2.0,5.0,9.0,0.0,0.0,0.0,1.063,3.188
467563,Armel Bella-Kotchap,Southampton,23.0,Centre-Back,12000.0,Germany,1.9,,right,2026.0,5.0,0.6,0.0,0.0,0.0,3.0,0.0,0.0,0.0,0.0,0.0,0.0,355.0
243028,Jan Bednarek,Southampton,29.0,Centre-Back,11000.0,Poland,1.89,Fabryka Futbolu,right,2027.0,34.0,0.5,2.0,0.0,0.0,0.0,7.0,7.0,0.0,0.0,0.0,1.432,2.863
503990,Nathan Wood,Southampton,22.0,Centre-Back,3800.0,England,1.88,,right,2028.0,15.0,0.67,0.0,0.0,0.0,3.0,3.0,3.0,0.0,0.0,0.0,0.0,1.059
163744,Jack Stephens,Southampton,31.0,Centre-Back,2000.0,England,1.85,CAA Stellar,right,2025.0,19.0,0.53,1.0,0.0,0.0,2.0,4.0,2.0,0.0,2.0,0.0,1.394,1.394
986298,Joachim Kayi Sanda,Southampton,18.0,Centre-Back,1500.0,France,1.86,,right,2029.0,31.0,1.81,3.0,1.0,0.0,2.0,2.0,15.0,0.0,0.0,0.0,901.0,2.703
262300,Ryan Manning,Southampton,28.0,Left-Back,3500.0,Ireland,1.73,Wasserman,left,2027.0,28.0,0.36,0.0,1.0,0.0,6.0,13.0,3.0,0.0,0.0,0.0,0.0,1.828
729264,Welington,Southampton,24.0,Left-Back,3500.0,Brazil,1.7,,left,,11.0,0.82,0.0,0.0,0.0,4.0,5.0,1.0,0.0,0.0,0.0,0.0,525.0
195633,Charlie Taylor,Southampton,31.0,Left-Back,2800.0,England,1.83,,left,2026.0,,,,,,,,,,,,,
341051,Kyle Walker-Peters,Southampton,28.0,Right-Back,18000.0,England,1.73,,right,2025.0,35.0,0.37,0.0,2.0,0.0,0.0,4.0,5.0,0.0,0.0,0.0,0.0,3.102
405385,Yukinari Sugawara,Southampton,24.0,Right-Back,12000.0,Japan,1.79,Sports360 GmbH,right,2028.0,31.0,0.42,1.0,1.0,0.0,15.0,10.0,4.0,0.0,0.0,0.0,1.586,1.586
324223,James Bree,Southampton,27.0,Right-Back,2500.0,England,1.78,Wasserman,right,2026.0,23.0,0.74,2.0,1.0,0.0,4.0,7.0,2.0,0.0,0.0,0.0,792.0,1.584
711999,Lesley Ugochukwu,Southampton,21.0,Defensive Midfield,20000.0,France,1.9,Wasserman,right,2025.0,30.0,0.77,1.0,2.0,0.0,8.0,17.0,7.0,0.0,0.0,0.0,1.942,1.942
506189,Flynn Downes,Southampton,26.0,Defensive Midfield,15000.0,England,1.78,Wasserman,right,2028.0,28.0,0.43,1.0,0.0,0.0,3.0,8.0,13.0,0.0,0.0,0.0,2.166,2.166
880245,Mateus Fernandes,Southampton,20.0,Central Midfield,15000.0,Portugal,1.78,Gestifute,right,2029.0,,,,,,,,,,,,,
468198,Joe Aribo,Southampton,28.0,Central Midfield,6000.0,Nigeria,1.83,,left,2026.0,37.0,0.54,3.0,0.0,0.0,11.0,15.0,1.0,0.0,0.0,0.0,820.0,2.46
503866,Albert Grønbæk,Southampton,23.0,Attacking Midfield,12000.0,Denmark,1.81,Nine Group,right,2025.0,,,,,,,,,,,,,
43530,Adam Lallana,Southampton,37.0,Attacking Midfield,900.0,England,1.72,CAA Stellar,both,2025.0,18.0,0.89,0.0,2.0,0.0,12.0,6.0,4.0,0.0,0.0,0.0,0.0,436.0
746695,Kamaldeen Sulemana,Southampton,23.0,Left Winger,13000.0,Ghana,1.75,,right,2027.0,29.0,0.45,2.0,3.0,0.0,11.0,13.0,3.0,0.0,0.0,0.0,753.0,1.506
146795,Ryan Fraser,Southampton,31.0,Left Winger,3000.0,Scotland,1.63,Wasserman,right,2026.0,,,,,,,,,,,,,
866655,Tyler Dibling,Southampton,19.0,Right Winger,25000.0,England,1.78,ROOF,left,2027.0,38.0,0.47,4.0,3.0,0.0,14.0,15.0,7.0,0.0,0.0,0.0,554.0,2.215
533662,Cameron Archer,Southampton,23.0,Centre-Forward,14000.0,England,1.75,Unique Sports Group,right,2028.0,,,,,,,,,,,,,
272855,Paul Onuachu,Southampton,30.0,Centre-Forward,8000.0,Nigeria,2.01,,right,2026.0,27.0,0.44,4.0,1.0,0.0,16.0,7.0,4.0,0.0,0.0,0.0,272.0,1.088
447995,Ross Stewart,Southampton,28.0,Centre-Forward,4500.0,Scotland,1.88,,right,2026.0,,,,,,,,,,,,,
292808,Wout Faes,Leicester,27.0,Centre-Back,20000.0,Belgium,1.87,,right,2027.0,36.0,0.83,2.0,0.0,0.0,4.0,1.0,4.0,0.0,0.0,0.0,1.487,2.974
461833,Caleb Okoli,Leicester,23.0,Centre-Back,12000.0,Italy,1.91,,right,2029.0,23.0,0.7,1.0,0.0,0.0,7.0,5.0,6.0,0.0,0.0,0.0,1.465,1.465
298091,Harry Souttar,Leicester,26.0,Centre-Back,8000.0,Australia,1.98,,right,2028.0,22.0,2.23,0.0,0.0,0.0,1.0,0.0,3.0,1.0,0.0,0.0,0.0,1.858
128901,Conor Coady,Leicester,32.0,Centre-Back,3000.0,England,1.85,,right,2026.0,25.0,1.0,2.0,0.0,0.0,4.0,3.0,2.0,0.0,0.0,0.0,956.0,1.912
99331,Jannik Vestergaard,Leicester,32.0,Centre-Back,3000.0,Denmark,1.99,Unique Sports Group,both,2027.0,,,,,,,,,,,,,
564529,Victor Kristiansen,Leicester,22.0,Left-Back,16000.0,Denmark,1.81,BTAM,left,2028.0,30.0,0.7,0.0,1.0,1.0,1.0,8.0,1.0,0.0,0.0,0.0,0.0,2.49
505194,Luke Thomas,Leicester,23.0,Left-Back,6000.0,England,1.81,Wasserman,left,2026.0,,,,,,,,,,,,,
413220,James Justin,Leicester,27.0,Right-Back,15000.0,England,1.83,CAA Stellar,both,2026.0,38.0,0.71,4.0,2.0,0.0,2.0,11.0,6.0,0.0,0.0,0.0,775.0,3.101
215876,Ricardo Pereira,Leicester,31.0,Right-Back,5000.0,Portugal,1.75,Gestifute,right,2026.0,,,,,,,,,,,,,
592975,Woyo Coulibaly,Leicester,25.0,Right-Back,2000.0,France,1.82,,both,2029.0,20.0,0.85,0.0,2.0,1.0,6.0,2.0,2.0,0.0,1.0,0.0,0.0,1.314
274839,Wilfred Ndidi,Leicester,28.0,Defensive Midfield,18000.0,Nigeria,1.83,HCM Sports ...,right,2027.0,30.0,0.83,1.0,5.0,1.0,0.0,15.0,8.0,0.0,0.0,0.0,2.467,2.467
344605,Boubakary Soumaré,Leicester,26.0,Defensive Midfield,14000.0,France,1.88,,right,2026.0,34.0,0.76,0.0,0.0,0.0,6.0,6.0,8.0,0.0,0.0,0.0,0.0,2.44
406638,Oliver Skipp,Leicester,24.0,Defensive Midfield,12000.0,England,1.75,ARETÉ,right,2029.0,,,,,,,,,,,,,
249126,Harry Winks,Leicester,29.0,Defensive Midfield,10000.0,England,1.78,CAA Stellar,right,2026.0,25.0,0.64,1.0,3.0,0.0,6.0,6.0,4.0,0.0,0.0,0.0,1.722,1.722
936842,Michael Golding,Leicester,18.0,Central Midfield,2000.0,England,1.8,Unique Sports Group,right,2028.0,11.0,1.45,1.0,1.0,0.0,1.0,7.0,1.0,0.0,0.0,0.0,696.0,696.0
654982,Bilal El Khannouss,Leicester,21.0,Attacking Midfield,30000.0,Morocco,1.8,,right,2028.0,,,,,,,,,,,,,
983989,Facundo Buonanotte,Leicester,20.0,Attacking Midfield,22000.0,Argentina,1.74,CAA Stellar,left,2025.0,34.0,0.65,6.0,3.0,0.0,18.0,10.0,9.0,0.0,0.0,0.0,281.0,1.683
340328,Stephy Mavididi,Leicester,26.0,Left Winger,11000.0,England,1.82,,right,2028.0,33.0,0.64,6.0,1.0,0.0,15.0,14.0,2.0,0.0,0.0,1.0,299.0,1.791
864121,Issahaku Fatawu,Leicester,21.0,Right Winger,13000.0,Ghana,1.77,PINTEX SPORTS AGENCY,left,2029.0,13.0,1.23,0.0,2.0,0.0,6.0,1.0,0.0,0.0,0.0,0.0,0.0,674.0
186186,Bobby De Cordova-Reid,Leicester,32.0,Right Winger,4000.0,Jamaica,1.7,,right,2027.0,,,,,,,,,,,,,
108354,Jordan Ayew,Leicester,33.0,Right Winger,3500.0,Ghana,1.82,Wasserman,right,2026.0,35.0,0.91,6.0,1.0,0.0,14.0,17.0,6.0,0.0,0.0,1.0,310.0,1.859
621193,Kasey McAteer,Leicester,23.0,Right Winger,900.0,Ireland,1.77,Two Touch Agency,right,2028.0,22.0,1.05,1.0,1.0,0.0,12.0,9.0,3.0,0.0,0.0,0.0,973.0,973.0
365172,Patson Daka,Leicester,26.0,Centre-Forward,12000.0,Zambia,1.83,Wasserman,right,2026.0,24.0,0.71,1.0,1.0,0.0,18.0,5.0,0.0,0.0,0.0,0.0,760.0,760.0
344152,Odsonne Edouard,Leicester,27.0,Centre-Forward,10000.0,France,1.87,,right,2025.0,8.0,0.88,0.0,0.0,0.0,6.0,2.0,0.0,0.0,0.0,0.0,0.0,229.0
197838,Jamie Vardy,Leicester,38.0,Centre-Forward,1000.0,England,1.79,Wasserman,right,2025.0,36.0,0.78,10.0,4.0,0.0,0.0,16.0,5.0,0.0,0.0,2.0,290.0,2.899
842341,Maxime Estève,Burnley,22.0,Centre-Back,18000.0,France,1.93,,left,2029.0,48.0,2.15,1.0,0.0,0.0,1.0,2.0,3.0,0.0,0.0,0.0,4.179,4.179
581669,CJ Egan-Riley,Burnley,22.0,Centre-Back,14000.0,England,1.85,,right,2025.0,43.0,2.14,1.0,1.0,0.0,1.0,3.0,7.0,0.0,0.0,0.0,3.705,3.705
403898,Jordan Beyer,Burnley,25.0,Centre-Back,8000.0,Germany,1.87,Robert Schneider,right,2027.0,,,,,,,,,,,,,
415970,Joe Worrall,Burnley,28.0,Centre-Back,5500.0,England,1.9,,right,2028.0,13.0,2.38,0.0,1.0,0.0,6.0,1.0,2.0,0.0,0.0,0.0,0.0,661.0
612517,Bashir Humphreys,Burnley,22.0,Left-Back,6500.0,England,1.86,Unique Sports Group,left,2025.0,28.0,2.0,1.0,2.0,0.0,6.0,3.0,1.0,1.0,0.0,0.0,1.988,1.988
927768,Lucas Pires,Burnley,24.0,Left-Back,4000.0,Brazil,1.82,Roc Nation Sports,left,2028.0,38.0,2.13,0.0,2.0,0.0,3.0,8.0,8.0,0.0,0.0,0.0,0.0,3.145
214666,Connor Roberts,Burnley,29.0,Right-Back,4500.0,Wales,1.75,OmniSports,right,2027.0,42.0,2.07,2.0,3.0,0.0,2.0,2.0,5.0,0.0,0.0,0.0,1.842,3.683
541628,Oliver Sonne,Burnley,24.0,Right-Back,3000.0,Peru,1.84,Nine Group,right,2029.0,,,,,,,,,,,,,
412937,Shurandy Sambo,Burnley,23.0,Right-Back,2000.0,Netherlands,1.74,,right,2028.0,2.0,,0.0,0.0,0.0,1.0,0.0,0.0,0.0,0.0,0.0,0.0,108.0
293569,Josh Brownhill,Burnley,29.0,Central Midfield,13000.0,England,1.79,,right,2025.0,44.0,2.05,18.0,6.0,0.0,3.0,13.0,5.0,0.0,0.0,3.0,201.0,3.618
242606,Josh Cullen,Burnley,29.0,Central Midfield,6500.0,Ireland,1.75,CAA Stellar,right,2027.0,,,,,,,,,,,,,
314241,Josh Laurent,Burnley,30.0,Central Midfield,1800.0,England,1.88,,right,2026.0,48.0,2.13,2.0,2.0,0.0,20.0,6.0,7.0,0.0,0.0,0.0,1.385,2.769
71292,Jonjo Shelvey,Burnley,33.0,Central Midfield,1300.0,England,1.84,CAA Stellar,right,2025.0,10.0,1.7,0.0,0.0,0.0,6.0,4.0,1.0,0.0,0.0,0.0,0.0,330.0
646658,Aaron Ramsey,Burnley,22.0,Attacking Midfield,10000.0,England,1.81,Unique Sports Group,right,2028.0,1.0,3.0,0.0,0.0,0.0,1.0,0.0,0.0,0.0,0.0,0.0,0.0,6.0
607224,Hannibal,Burnley,22.0,Attacking Midfield,9000.0,Tunisia,1.83,ROGON,"
                    Midfield - Attacking Midfield                ",2028.0,39.0,2.18,1.0,5.0,0.0,14.0,23.0,8.0,0.0,1.0,0.0,2.068,2.068
411537,Zian Flemming,Burnley,26.0,Attacking Midfield,4000.0,Netherlands,1.85,Wasserman,right,2025.0,,,,,,,,,,,,,
381963,Mike Trésor,Burnley,25.0,Left Winger,8000.0,Belgium,1.72,,right,2028.0,1.0,3.0,0.0,1.0,0.0,1.0,0.0,0.0,0.0,0.0,0.0,0.0,33.0
568005,Jeremy Sarmiento,Burnley,22.0,Left Winger,7000.0,Ecuador,1.78,,right,2025.0,39.0,2.23,5.0,0.0,0.0,25.0,13.0,4.0,0.0,0.0,0.0,278.0,1.392
684210,Jaidon Anthony,Burnley,25.0,Left Winger,5500.0,England,1.83,,right,2025.0,43.0,2.19,8.0,7.0,0.0,1.0,15.0,4.0,0.0,0.0,0.0,459.0,3.675
706889,Jaydon Banel,Burnley,20.0,Left Winger,1000.0,Netherlands,1.73,More Than Goals,right,2029.0,19.0,1.26,3.0,1.0,0.0,4.0,8.0,2.0,0.0,0.0,1.0,410.0,1.231
314367,Marcus Edwards,Burnley,26.0,Right Winger,15000.0,England,1.68,Wasserman,left,2025.0,,,,,,,,,,,,,
745461,Luca Koleosho,Burnley,20.0,Right Winger,12000.0,Italy,1.75,CAA Stellar,right,2029.0,30.0,2.0,2.0,0.0,0.0,8.0,16.0,4.0,0.0,0.0,0.0,914.0,1.828
322702,Benson Manuel,Burnley,28.0,Right Winger,4500.0,Angola,1.66,Youonegoal,left,2027.0,5.0,2.0,1.0,0.0,0.0,3.0,2.0,1.0,0.0,0.0,0.0,160.0,160.0
129078,Nathan Redmond,Burnley,31.0,Right Winger,2500.0,England,1.73,ARETÉ,right,2025.0,3.0,3.0,0.0,1.0,0.0,3.0,0.0,0.0,0.0,0.0,0.0,0.0,20.0
724041,Enock Agyei,Burnley,20.0,Right Winger,800.0,Belgium,1.72,CAA Stellar,"
                            Jul 1, 2024                        ",2027.0,4.0,2.0,0.0,0.0,0.0,3.0,1.0,0.0,0.0,0.0,0.0,0.0,100.0
467623,Lyle Foster,Burnley,24.0,Centre-Forward,7000.0,South Africa,1.85,CAA Stellar,right,2028.0,,,,,,,,,,,,,
63200,Ashley Barnes,Burnley,35.0,Centre-Forward,350.0,England,1.85,,right,2025.0,24.0,2.0,1.0,1.0,0.0,20.0,3.0,1.0,0.0,0.0,0.0,511.0,511.0
392771,Ethan Ampadu,Leeds,24.0,Centre-Back,16000.0,Wales,1.82,,right,2027.0,32.0,2.22,0.0,0.0,0.0,3.0,5.0,7.0,0.0,0.0,0.0,0.0,2.549
410708,Pascal Struijk,Leeds,25.0,Centre-Back,16000.0,Netherlands,1.9,Forza Sports Group,left,2027.0,,,,,,,,,,,,,
297212,Joe Rodon,Leeds,27.0,Centre-Back,10000.0,Wales,1.93,CAA Stellar,right,2028.0,48.0,2.15,1.0,0.0,0.0,1.0,1.0,5.0,0.0,0.0,0.0,4.251,4.251
263361,Maximilian Wöber,Leeds,27.0,Centre-Back,8000.0,Austria,1.88,Forza Sports Group,left,2027.0,,,,,,,,,,,,,
374139,Junior Firpo,Leeds,28.0,Left-Back,6500.0,Dominican Republic,1.84,YOU FIRST,left,2025.0,35.0,2.03,4.0,10.0,1.0,4.0,10.0,8.0,0.0,0.0,0.0,680.0,2.719
236953,Sam Byram,Leeds,31.0,Left-Back,1000.0,England,1.83,,right,2025.0,39.0,2.23,1.0,1.0,1.0,20.0,13.0,5.0,0.0,0.0,0.0,1.617,1.617
465717,Jayden Bogle,Leeds,24.0,Right-Back,5500.0,England,1.78,CAA Stellar,right,2028.0,45.0,2.09,6.0,4.0,0.0,1.0,12.0,12.0,0.0,0.0,0.0,644.0,3.862
449597,Isaac Schmidt,Leeds,25.0,Right-Back,2200.0,Switzerland,1.72,SBE Management AG,right,2028.0,23.0,2.43,2.0,2.0,0.0,14.0,4.0,0.0,0.0,0.0,0.0,388.0,775.0
489359,Ao Tanaka,Leeds,26.0,Defensive Midfield,8000.0,Japan,1.8,,right,2028.0,,,,,,,,,,,,,
381753,Ilia Gruev,Leeds,25.0,Defensive Midfield,5000.0,Bulgaria,1.85,feel soccer GmbH,left,2027.0,25.0,2.32,0.0,2.0,0.0,5.0,8.0,3.0,0.0,0.0,0.0,0.0,1.73
93704,Josuha Guilavogui,Leeds,34.0,Defensive Midfield,400.0,France,1.88,,right,2025.0,18.0,2.61,0.0,0.0,0.0,16.0,1.0,2.0,0.0,0.0,0.0,0.0,216.0
183293,Joe Rothwell,Leeds,30.0,Central Midfield,2000.0,England,1.85,,right,2025.0,39.0,1.97,0.0,4.0,0.0,12.0,17.0,2.0,0.0,0.0,0.0,0.0,2.5
393323,Brenden Aaronson,Leeds,24.0,Attacking Midfield,14000.0,United States,1.77,Wasserman,right,2027.0,,,,,,,,,,,,,
396638,Manor Solomon,Leeds,25.0,Left Winger,12000.0,Israel,1.7,,right,2025.0,41.0,2.2,10.0,13.0,0.0,10.0,27.0,3.0,0.0,0.0,0.0,271.0,2.705
518644,Largie Ramazani,Leeds,24.0,Left Winger,7500.0,Belgium,1.68,,right,2028.0,32.0,2.19,8.0,2.0,0.0,22.0,7.0,3.0,0.0,0.0,0.0,132.0,1.053
319301,Daniel James,Leeds,27.0,Right Winger,18000.0,Wales,1.71,CAA Stellar,right,2026.0,,,,,,,,,,,,,
627626,Wilfried Gnonto,Leeds,21.0,Right Winger,18000.0,Italy,1.7,CAA Stellar,right,2028.0,46.0,2.13,9.0,6.0,0.0,18.0,25.0,5.0,0.0,0.0,0.0,276.0,2.48
369962,Joël Piroe,Leeds,25.0,Centre-Forward,16000.0,Netherlands,1.85,,left,2027.0,48.0,2.08,19.0,7.0,0.0,11.0,23.0,2.0,0.0,0.0,1.0,168.0,3.193
183334,Patrick Bamford,Leeds,31.0,Centre-Forward,3500.0,England,1.85,CAA Stellar,left,2026.0,18.0,1.72,0.0,0.0,0.0,17.0,0.0,0.0,0.0,0.0,0.0,0.0,325.0
834742,Mateo Joseph,Leeds,21.0,Centre-Forward,3500.0,Spain,1.85,Wasserman,right,2028.0,41.0,2.1,3.0,3.0,0.0,28.0,10.0,0.0,0.0,0.0,0.0,483.0,1.45
480987,Chris Mepham,Sunderland,27.0,Centre-Back,6000.0,Wales,1.9,Unique Sports Group,right,2026.0,39.0,1.56,1.0,0.0,0.0,2.0,4.0,10.0,0.0,1.0,0.0,3.281,3.281
503686,Daniel Ballard,Sunderland,25.0,Centre-Back,4000.0,Northern Ireland,1.87,General Sports ...,right,2028.0,23.0,1.65,3.0,1.0,1.0,8.0,3.0,4.0,0.0,0.0,0.0,459.0,1.378
617755,Jenson Seelt,Sunderland,21.0,Centre-Back,2000.0,Netherlands,1.92,Key United,right,2028.0,3.0,1.0,0.0,0.0,0.0,1.0,1.0,0.0,0.0,0.0,0.0,0.0,183.0
502065,Aji Alese,Sunderland,24.0,Centre-Back,1000.0,England,1.92,Unique Sports Group,left,2027.0,13.0,1.85,0.0,0.0,0.0,4.0,4.0,2.0,0.0,0.0,0.0,0.0,759.0
568006,Dennis Cirkin,Sunderland,23.0,Left-Back,6000.0,England,1.82,Wasserman,left,2026.0,,,,,,,,,,,,,
661208,Leo Fuhr Hjelde,Sunderland,21.0,Left-Back,1500.0,Norway,1.9,CAA Stellar,left,2028.0,18.0,1.72,0.0,1.0,0.0,11.0,5.0,4.0,0.0,0.0,0.0,0.0,602.0
515544,Trai Hume,Sunderland,23.0,Right-Back,10000.0,Northern Ireland,1.8,,right,2027.0,,,,,,,,,,,,,
559801,Niall Huggins,Sunderland,24.0,Right-Back,800.0,Wales,1.73,SMI Sports ...,right,2026.0,,,,,,2.0,,,,,,,
688707,Salis Abdul Samed,Sunderland,25.0,Defensive Midfield,5500.0,Ghana,1.79,Supernova Management,right,2025.0,11.0,1.0,0.0,0.0,0.0,8.0,3.0,0.0,0.0,0.0,0.0,0.0,320.0
796297,Jobe Bellingham,Sunderland,19.0,Central Midfield,22000.0,England,1.91,,right,2028.0,,,,,,,,,,,,,
633992,Enzo Le Fée,Sunderland,25.0,Central Midfield,18000.0,France,1.73,,right,2025.0,27.0,1.26,1.0,3.0,0.0,8.0,9.0,4.0,0.0,0.0,0.0,1.67,1.67
570336,Dan Neil,Sunderland,23.0,Central Midfield,6500.0,England,1.85,Wasserman,left,2026.0,47.0,1.64,2.0,3.0,0.0,0.0,4.0,2.0,1.0,0.0,0.0,2.106,4.212
277697,Alan Browne,Sunderland,30.0,Central Midfield,2800.0,Ireland,1.79,,right,2027.0,,,,,,,,,,,,,
942738,Milan Aleksic,Sunderland,19.0,Central Midfield,700.0,Serbia,1.79,WINS,right,2028.0,,,,,,,,,,,,,
947411,Chris Rigg,Sunderland,17.0,Attacking Midfield,16000.0,England,1.77,,left,2027.0,46.0,1.59,4.0,1.0,0.0,8.0,25.0,10.0,0.0,0.0,0.0,813.0,3.253
933018,Tom Watson,Sunderland,19.0,Left Winger,500.0,England,1.9,Unique Sports Group,right,2026.0,29.0,1.21,8.0,3.0,0.0,10.0,9.0,2.0,0.0,0.0,0.0,199.0,1.593
225452,Patrick Roberts,Sunderland,28.0,Right Winger,3500.0,England,1.67,,left,2026.0,47.0,1.68,2.0,7.0,0.0,7.0,22.0,9.0,0.0,0.0,1.0,1.738,3.475
392763,Ian Poveda,Sunderland,25.0,Right Winger,900.0,Colombia,1.67,,left,2027.0,,,,,,,,,,,,,
494237,Wilson Isidor,Sunderland,24.0,Centre-Forward,9000.0,France,1.86,,right,2028.0,52.0,1.65,15.0,2.0,0.0,14.0,22.0,11.0,0.0,0.0,0.0,236.0,3.535
967346,Eliezer Mayenda,Sunderland,20.0,Centre-Forward,4000.0,Spain,1.8,SBE Management AG,left,2028.0,40.0,1.63,9.0,5.0,0.0,15.0,13.0,2.0,0.0,0.0,0.0,275.0,2.472
939290,Jayden Danns,Sunderland,19.0,Centre-Forward,800.0,England,1.83,,right,2025.0,7.0,1.57,2.0,0.0,0.0,4.0,3.0,0.0,0.0,0.0,1.0,137.0,274.0
253341,Rob Holding,Sheff Utd,29.0,Centre-Back,4000.0,England,1.89,CAA Stellar,right,2025.0,18.0,2.06,0.0,1.0,0.0,7.0,2.0,2.0,0.0,0.0,0.0,0.0,1.058
128909,Jack Robinson,Sheff Utd,31.0,Centre-Back,800.0,England,1.8,Unique Sports Group,left,2025.0,37.0,2.0,0.0,0.0,0.0,4.0,2.0,8.0,0.0,0.0,0.0,0.0,3.043
533980,Harrison Burrows,Sheff Utd,23.0,Left-Back,10000.0,England,1.8,,left,2028.0,47.0,1.96,6.0,6.0,1.0,5.0,8.0,2.0,0.0,0.0,3.0,625.0,3.751
543164,Rhys Norrington-Davies,Sheff Utd,26.0,Left-Back,2500.0,Wales,1.81,,left,2027.0,18.0,2.06,0.0,0.0,0.0,13.0,4.0,1.0,0.0,0.0,0.0,0.0,470.0
618901,Sam McCallum,Sheff Utd,24.0,Left-Back,1200.0,England,1.77,Wasserman,left,2028.0,36.0,2.19,2.0,0.0,0.0,25.0,10.0,1.0,0.0,0.0,0.0,607.0,1.213
790992,Alfie Gilchrist,Sheff Utd,21.0,Right-Back,8000.0,England,1.83,,right,2025.0,32.0,2.0,0.0,2.0,0.0,4.0,21.0,5.0,0.0,0.0,0.0,0.0,2.268
528892,Harry Clarke,Sheff Utd,24.0,Right-Back,5000.0,England,1.8,CAA Stellar,right,2025.0,14.0,1.29,0.0,0.0,0.0,4.0,2.0,4.0,1.0,0.0,0.0,0.0,868.0
534700,Jamie Shackleton,Sheff Utd,25.0,Right-Back,1500.0,England,1.68,,right,2027.0,13.0,2.23,0.0,0.0,0.0,10.0,3.0,0.0,0.0,0.0,0.0,0.0,349.0
638649,Femi Seriki,Sheff Utd,23.0,Right-Back,300.0,England,1.83,,right,2027.0,27.0,2.19,0.0,1.0,0.0,17.0,7.0,2.0,0.0,0.0,0.0,0.0,1.166
663581,Vini Souza,Sheff Utd,25.0,Defensive Midfield,14000.0,Brazil,1.87,Bertolucci Sports,right,2027.0,37.0,2.03,0.0,2.0,0.0,3.0,9.0,7.0,0.0,0.0,0.0,0.0,2.961
341501,Hamza Choudhury,Sheff Utd,27.0,Defensive Midfield,4500.0,Bangladesh,1.78,Wasserman,right,2025.0,,,,,,,,,,,,,
322985,Gustavo Hamer,Sheff Utd,27.0,Central Midfield,15000.0,Netherlands,1.69,CAA Stellar,right,2027.0,45.0,1.98,10.0,7.0,0.0,7.0,19.0,13.0,0.0,0.0,0.0,333.0,3.33
314210,Tom Davies,Sheff Utd,26.0,Central Midfield,4500.0,England,1.8,,right,2026.0,15.0,2.13,1.0,1.0,0.0,9.0,2.0,4.0,0.0,0.0,0.0,702.0,702.0
746739,Andre Brooks,Sheff Utd,21.0,Central Midfield,2500.0,England,1.8,,left,2027.0,27.0,1.96,4.0,2.0,0.0,15.0,10.0,3.0,0.0,0.0,0.0,290.0,1.159
874066,Oliver Arblaster,Sheff Utd,21.0,Central Midfield,1200.0,England,1.8,YMU Management Ltd.,right,2028.0,,,,,,,,,,,,,
745851,Sydie Peck,Sheff Utd,20.0,Central Midfield,200.0,England,1.73,,"
                            Jul 1, 2024                        ",2028.0,,,,,,,,,,,,,
371262,Callum O'Hare,Sheff Utd,27.0,Attacking Midfield,2800.0,England,1.73,Wasserman,right,2028.0,46.0,2.07,4.0,6.0,0.0,8.0,25.0,2.0,0.0,0.0,0.0,803.0,3.21
832216,Jefferson Cáceres,Sheff Utd,22.0,Left Winger,1000.0,Peru,1.7,CAA Stellar,right,2027.0,0.0,,0.0,0.0,0.0,0.0,0.0,0.0,0.0,0.0,0.0,0.0,0.0
1239794,Christian Nwachukwu,Sheff Utd,19.0,Left Winger,800.0,Nigeria,1.69,,"
                            Feb 3, 2025                        ",2027.0,25.0,1.88,4.0,3.0,0.0,5.0,15.0,8.0,0.0,0.0,0.0,437.0,1.747
586834,Jesurun Rak-Sakyi,Sheff Utd,22.0,Right Winger,3000.0,England,1.78,Seven Sports ...,left,2025.0,36.0,1.92,7.0,2.0,0.0,13.0,22.0,1.0,0.0,0.0,0.0,259.0,1.812
669366,Tom Cannon,Sheff Utd,22.0,Centre-Forward,10000.0,Ireland,1.8,,right,2029.0,41.0,1.34,12.0,2.0,0.0,9.0,15.0,3.0,0.0,0.0,4.0,231.0,2.767
426192,Ben Brereton Díaz,Sheff Utd,26.0,Centre-Forward,8000.0,Chile,1.85,Wasserman,right,2025.0,31.0,1.26,4.0,3.0,0.0,13.0,14.0,6.0,0.0,0.0,0.0,396.0,1.585
382554,Tyrese Campbell,Sheff Utd,25.0,Centre-Forward,4000.0,England,1.85,,left,2027.0,36.0,1.97,10.0,2.0,0.0,15.0,21.0,2.0,0.0,0.0,0.0,171.0,1.712
406560,Rhian Brewster,Sheff Utd,25.0,Centre-Forward,3000.0,England,1.8,ROOF,right,2025.0,,,,,,,,,,,,,
275590,Kieffer Moore,Sheff Utd,32.0,Centre-Forward,1200.0,Wales,1.96,Unique Sports Group,right,2027.0,29.0,1.83,6.0,0.0,0.0,9.0,11.0,0.0,0.0,0.0,1.0,320.0,1.92
1031293,Ryan Oné,Sheff Utd,18.0,Centre-Forward,200.0,Scotland,1.88,,left,2029.0,15.0,2.0,1.0,0.0,0.0,11.0,2.0,3.0,0.0,0.0,0.0,485.0,485.0
817688,Callum Doyle,Norwich,21.0,Centre-Back,15000.0,England,1.9,,left,2025.0,43.0,1.21,1.0,7.0,0.0,4.0,5.0,11.0,0.0,0.0,0.0,3.548,3.548
698415,José Córdoba,Norwich,23.0,Centre-Back,4800.0,Panama,1.85,,left,2028.0,,,,,,,,,,,,,
119269,Shane Duffy,Norwich,33.0,Centre-Back,800.0,Ireland,1.93,,right,2026.0,,,,,,,,,,,,,
670846,Ben Chrisene,Norwich,21.0,Left-Back,1500.0,England,1.83,ARETÉ,left,2028.0,28.0,1.36,1.0,0.0,0.0,14.0,13.0,2.0,0.0,0.0,0.0,1.286,1.286
249356,Jack Stacey,Norwich,29.0,Right-Back,2800.0,England,1.8,Unique Sports Group,right,2026.0,44.0,1.23,2.0,6.0,0.0,22.0,6.0,5.0,0.0,0.0,0.0,1.16,2.319
855298,Kellen Fisher,Norwich,21.0,Right-Back,800.0,England,1.82,,right,2028.0,41.0,1.2,0.0,4.0,0.0,5.0,22.0,10.0,0.0,0.0,0.0,0.0,2.921
390664,Jacob Lungi Sørensen,Norwich,27.0,Defensive Midfield,1000.0,Denmark,1.84,Elite Consulting,right,2025.0,,,,,,,,,,,,,
983702,Jacob Wright,Norwich,19.0,Defensive Midfield,800.0,England,1.78,Roc Nation Sports,right,2025.0,32.0,1.59,6.0,9.0,0.0,7.0,10.0,4.0,1.0,0.0,2.0,373.0,2.237
715558,Marcelino Núñez,Norwich,25.0,Central Midfield,5000.0,Chile,1.73,Vibra Futbol,right,2026.0,,,,,,,,,,,,,
650944,Amankwah Forson,Norwich,22.0,Central Midfield,4500.0,Ghana,1.73,HAGMAYR ...,left,2028.0,26.0,1.23,2.0,3.0,1.0,13.0,13.0,2.0,0.0,0.0,0.0,465.0,929.0
546712,Anis Slimane,Norwich,24.0,Central Midfield,2500.0,Tunisia,1.88,,both,2028.0,37.0,1.3,3.0,2.0,0.0,11.0,21.0,6.0,0.0,0.0,0.0,746.0,2.238
724785,Liam Gibbs,Norwich,22.0,Central Midfield,2200.0,England,1.78,,right,2028.0,,,,,,,,,,,,,
126600,Kenny McLean,Norwich,33.0,Central Midfield,800.0,Scotland,1.8,,left,2026.0,37.0,1.35,0.0,4.0,0.0,2.0,1.0,6.0,0.0,1.0,0.0,0.0,3.242
948932,Gabe Forsyth,Norwich,18.0,Central Midfield,100.0,Scotland,1.84,Unique Sports Group,left,2028.0,,,,,,,,,,,,,
800925,Oscar Schwartau,Norwich,19.0,Attacking Midfield,2200.0,Denmark,1.86,BTAM,right,2028.0,50.0,1.34,2.0,1.0,0.0,30.0,14.0,4.0,0.0,0.0,0.0,988.0,1.975
634461,Borja Sainz,Norwich,24.0,Left Winger,12000.0,Spain,1.74,Wasserman,right,2026.0,,,,,,,,,,,,,
627248,Lewis Dobbin,Norwich,22.0,Left Winger,2500.0,England,1.75,,right,2025.0,29.0,1.62,2.0,0.0,0.0,18.0,7.0,1.0,0.0,0.0,0.0,565.0,1.129
109751,Onel Hernández,Norwich,32.0,Left Winger,700.0,Cuba,1.72,LIEBERAM.GROUP,right,2025.0,26.0,1.27,2.0,4.0,0.0,19.0,6.0,2.0,0.0,0.0,0.0,419.0,837.0
726714,Matej Jurasek,Norwich,21.0,Right Winger,7000.0,Czech Republic,1.81,,left,2030.0,,,,,,,,,,,,,
570864,Tony Springett,Norwich,22.0,Right Winger,500.0,Ireland,1.74,,left,2026.0,2.0,,0.0,0.0,0.0,0.0,2.0,0.0,0.0,0.0,0.0,0.0,116.0
393325,Josh Sargent,Norwich,25.0,Centre-Forward,15000.0,United States,1.85,Wasserman,right,2028.0,33.0,1.18,15.0,5.0,0.0,5.0,9.0,3.0,0.0,0.0,1.0,168.0,2.516
580635,Ante Crnac,Norwich,21.0,Centre-Forward,8000.0,Croatia,1.9,Love Players,left,2028.0,45.0,1.31,8.0,6.0,1.0,9.0,25.0,3.0,0.0,0.0,0.0,390.0,3.12
561454,Mark McGuinness,Luton,24.0,Centre-Back,9000.0,Ireland,1.94,Unique Sports Group,right,,45.0,1.13,4.0,2.0,1.0,2.0,3.0,5.0,0.0,0.0,0.0,980.0,3.921
548470,Teden Mengi,Luton,23.0,Centre-Back,8000.0,England,1.86,CAA Stellar,right,,20.0,1.2,1.0,1.0,0.0,3.0,3.0,3.0,0.0,0.0,0.0,1.57,1.57
407021,Mads Andersen,Luton,27.0,Centre-Back,3000.0,Denmark,1.94,BTAM,right,,9.0,0.67,0.0,0.0,0.0,4.0,4.0,3.0,0.0,0.0,0.0,0.0,455.0
264220,Reece Burke,Luton,28.0,Centre-Back,1800.0,England,1.89,CAA Stellar,right,,,,,,,,,,,,,,
207742,Tom Lockyer,Luton,30.0,Centre-Back,1500.0,Wales,1.85,Wasserman,right,,,,,,,2.0,,,,,,,
1113528,Christ Makosso,Luton,21.0,Centre-Back,800.0,Congo,1.92,,right,2029.0,28.0,1.68,1.0,1.0,0.0,2.0,6.0,6.0,0.0,0.0,0.0,2.231,2.231
61011,Kal Naismith,Luton,33.0,Centre-Back,600.0,Scotland,1.86,SMI Sports ...,right,2025.0,17.0,1.18,0.0,0.0,0.0,9.0,2.0,1.0,1.0,0.0,0.0,0.0,834.0
278166,Amari'i Bell,Luton,31.0,Left-Back,2200.0,Jamaica,1.8,Wasserman,left,,33.0,0.97,0.0,0.0,0.0,0.0,6.0,1.0,0.0,0.0,0.0,0.0,2.844
1088818,Joe Johnson,Luton,19.0,Left-Back,300.0,England,1.8,Unique Sports Group,left,,11.0,0.91,0.0,0.0,0.0,3.0,2.0,1.0,1.0,0.0,0.0,0.0,740.0
878160,Reuell Walters,Luton,20.0,Right-Back,4000.0,England,1.86,,right,,17.0,0.35,0.0,0.0,0.0,3.0,5.0,3.0,0.0,0.0,0.0,0.0,1.251
387191,Daiki Hashioka,Luton,26.0,Right-Back,2000.0,Japan,1.84,CAA Stellar,right,,,,,,,,,,,,,,
324882,Marvelous Nakamba,Luton,31.0,Defensive Midfield,4000.0,Zimbabwe,1.77,CAA Stellar,left,2026.0,23.0,0.96,0.0,0.0,0.0,6.0,11.0,2.0,0.0,0.0,0.0,0.0,1.431
1126888,Lamine Fanne,Luton,21.0,Defensive Midfield,4000.0,Spain,1.85,,right,2029.0,14.0,1.36,0.0,0.0,0.0,6.0,6.0,1.0,0.0,0.0,0.0,0.0,722.0
533916,Shandon Baptiste,Luton,27.0,Central Midfield,2500.0,Grenada,1.8,,right,,17.0,0.88,1.0,0.0,0.0,10.0,8.0,2.0,0.0,0.0,0.0,746.0,746.0
184129,Jordan Clark,Luton,31.0,Central Midfield,800.0,England,1.83,,right,,42.0,1.0,6.0,6.0,0.0,4.0,9.0,10.0,0.0,0.0,0.0,557.0,3.344
314998,Liam Walsh,Luton,27.0,Central Midfield,500.0,England,1.68,Wasserman,right,2026.0,,,,,,,,,,,,,
608175,Alfie Doughty,Luton,25.0,Left Midfield,8000.0,England,1.83,Refuel Performance ...,left,,27.0,1.04,1.0,4.0,0.0,1.0,9.0,5.0,0.0,0.0,0.0,2.135,2.135
647384,Thelo Aasgaard,Luton,23.0,Attacking Midfield,2000.0,Norway,1.88,CAA Stellar,right,,48.0,1.35,14.0,3.0,0.0,4.0,9.0,2.0,0.0,0.0,1.0,290.0,4.054
344830,Tahith Chong,Luton,25.0,Right Winger,6000.0,Netherlands,1.85,,left,,31.0,1.1,2.0,1.0,0.0,6.0,11.0,5.0,0.0,0.0,0.0,1.061,2.122
696631,Isaiah Jones,Luton,25.0,Right Winger,5000.0,Guyana,1.76,Seven Sports ...,right,,41.0,1.39,2.0,0.0,0.0,15.0,16.0,5.0,0.0,0.0,0.0,1.141,2.281
506470,Josh Bowler,Luton,26.0,Right Winger,1200.0,England,1.84,,left,2025.0,,,,,,,,,,,,,
59866,Victor Moses,Luton,34.0,Right Winger,800.0,Nigeria,1.77,ROOF,right,2025.0,18.0,0.89,1.0,0.0,0.0,6.0,5.0,0.0,0.0,0.0,0.0,1.135,1.135
246963,Carlton Morris,Luton,29.0,Centre-Forward,8000.0,England,1.85,CAA Stellar,right,,43.0,1.09,8.0,3.0,0.0,4.0,18.0,10.0,0.0,0.0,2.0,413.0,3.301
319900,Elijah Adebayo,Luton,27.0,Centre-Forward,8000.0,England,1.93,CAA Stellar,"
                            Feb 1, 2021                        ",,41.0,0.93,5.0,0.0,0.0,9.0,21.0,1.0,0.0,0.0,0.0,510.0,2.551
469958,Jacob Brown,Luton,27.0,Centre-Forward,3500.0,Scotland,1.78,,right,2027.0,30.0,0.93,4.0,1.0,0.0,19.0,11.0,4.0,0.0,0.0,0.0,311.0,1.243
781270,Lasse Nordås,Luton,23.0,Centre-Forward,2500.0,Norway,1.94,Tempo Sports Group,left,,14.0,1.21,2.0,2.0,0.0,8.0,5.0,0.0,0.0,0.0,0.0,294.0,587.0
916542,Millenic Alli,Luton,25.0,Centre-Forward,1000.0,Ireland,1.76,,right,,49.0,1.49,16.0,2.0,0.0,18.0,13.0,4.0,0.0,0.0,0.0,193.0,3.08
534701,Liam Kitching,Coventry,25.0,Centre-Back,3800.0,England,1.86,,left,2027.0,33.0,1.85,1.0,1.0,1.0,1.0,3.0,9.0,0.0,0.0,0.0,2.885,2.885
412823,Joel Latibeaudiere,Coventry,25.0,Centre-Back,3000.0,Jamaica,1.8,Wasserman,right,2027.0,,,,,,,,,,,,,
788283,Bobby Thomas,Coventry,24.0,Centre-Back,2500.0,England,1.86,,right,2027.0,45.0,1.51,5.0,1.0,1.0,1.0,3.0,6.0,0.0,0.0,0.0,800.0,3.998
471004,Luis Binks,Coventry,23.0,Centre-Back,2200.0,England,1.9,Darren Dein,left,2028.0,,,,,,,,,,,,,
258915,Jay Dasilva,Coventry,27.0,Left-Back,2200.0,Wales,1.7,Darren Dein,left,2027.0,37.0,1.35,0.0,1.0,0.0,11.0,7.0,3.0,0.0,1.0,0.0,0.0,2.363
121250,Jake Bidwell,Coventry,32.0,Left-Back,1200.0,England,1.83,Wasserman,left,2027.0,,,,,,,,,,,,,
587335,Milan van Ewijk,Coventry,24.0,Right-Back,9000.0,Netherlands,1.75,,right,2027.0,51.0,1.55,2.0,4.0,0.0,2.0,3.0,2.0,0.0,0.0,0.0,2.244,4.487
314384,Ben Sheaf,Coventry,27.0,Defensive Midfield,7000.0,England,1.85,,right,2026.0,,,,,,,,,,,,,
265471,Matt Grimes,Coventry,29.0,Defensive Midfield,6000.0,England,1.78,CAA Stellar,left,2028.0,,,,,,,,,,,,,
662476,Jack Rudoni,Coventry,23.0,Central Midfield,8000.0,England,1.85,Unique Sports Group,left,2028.0,50.0,1.46,10.0,13.0,0.0,5.0,13.0,4.0,0.0,0.0,0.0,401.0,4.01
618903,Josh Eccles,Coventry,25.0,Central Midfield,7000.0,England,1.81,Quantum Sport,right,2028.0,45.0,1.58,3.0,3.0,0.0,16.0,15.0,7.0,0.0,0.0,0.0,898.0,2.693
403692,Victor Torp,Coventry,25.0,Central Midfield,2000.0,Denmark,1.78,BTAM,right,2028.0,41.0,1.51,6.0,4.0,0.0,14.0,21.0,2.0,0.0,0.0,1.0,394.0,2.366
257727,Jamie Allen,Coventry,30.0,Central Midfield,800.0,England,1.8,Unique Sports Group,right,2025.0,28.0,1.64,0.0,0.0,0.0,12.0,9.0,3.0,0.0,0.0,0.0,0.0,1.384
920790,Ryan Howley,Coventry,21.0,Central Midfield,125.0,Wales,1.87,,right,2025.0,,,,,,,,,,,,,
617408,Tatsuhiro Sakamoto,Coventry,28.0,Right Midfield,2500.0,Japan,1.7,UDN SPORTS,left,2026.0,,,,,,,,,,,,,
630076,Jack Burroughs,Coventry,24.0,Right Midfield,375.0,Scotland,1.88,,right,2025.0,,,,,,,,,,,,,
156886,Jamie Paterson,Coventry,33.0,Attacking Midfield,400.0,England,1.75,Unique Sports Group,right,2025.0,8.0,2.0,1.0,0.0,0.0,8.0,0.0,1.0,0.0,0.0,0.0,73.0,73.0
466637,Ephron Mason-Clark,Coventry,25.0,Left Winger,4500.0,England,1.78,,right,2028.0,34.0,1.41,6.0,5.0,0.0,15.0,16.0,2.0,0.0,0.0,0.0,312.0,1.873
704398,Raphael Borges Rodrigues,Coventry,21.0,Left Winger,400.0,Australia,1.73,,right,2028.0,6.0,1.33,0.0,0.0,0.0,5.0,1.0,0.0,0.0,0.0,0.0,0.0,119.0
315291,Haji Wright,Coventry,27.0,Centre-Forward,8500.0,United States,1.93,Quadrans,right,2027.0,31.0,1.26,12.0,1.0,0.0,6.0,12.0,1.0,0.0,0.0,1.0,191.0,2.293
511550,Ellis Simms,Coventry,24.0,Centre-Forward,6500.0,England,1.91,P&P Sport ...,right,2027.0,,,,,,,,,,,,,
451747,Brandon Thomas-Asante,Coventry,26.0,Centre-Forward,3000.0,Ghana,1.82,,right,2028.0,,,,,,,,,,,,,
802997,Norman Bassette,Coventry,20.0,Centre-Forward,2000.0,Belgium,1.86,CAA Stellar,left,2028.0,29.0,1.48,2.0,1.0,0.0,16.0,12.0,5.0,0.0,0.0,0.0,549.0,1.097
348623,Mason Holgate,West Brom,28.0,Centre-Back,4500.0,Jamaica,1.87,,right,2025.0,,,,,,,,,,,,,
251912,Semi Ajayi,West Brom,31.0,Centre-Back,1200.0,Nigeria,1.93,Wasserman,right,2025.0,16.0,1.88,0.0,0.0,0.0,1.0,4.0,4.0,0.0,0.0,0.0,0.0,1.275
464469,Torbjørn Heggem,West Brom,26.0,Centre-Back,1000.0,Norway,1.92,Nordic Sky,left,2027.0,45.0,1.42,1.0,2.0,1.0,0.0,4.0,3.0,0.0,0.0,0.0,4.014,4.014
67421,Kyle Bartley,West Brom,34.0,Centre-Back,300.0,England,1.94,CAA Stellar,right,2026.0,31.0,1.48,0.0,0.0,0.0,1.0,3.0,5.0,0.0,1.0,0.0,0.0,2.612
386755,Gianluca Frabotta,West Brom,25.0,Left-Back,1200.0,Italy,1.87,,left,2027.0,11.0,1.45,1.0,0.0,0.0,6.0,3.0,1.0,0.0,0.0,0.0,438.0,438.0
351755,Darnell Furlong,West Brom,29.0,Right-Back,3000.0,England,1.83,,right,2027.0,43.0,1.42,1.0,3.0,1.0,0.0,1.0,9.0,0.0,1.0,0.0,3.798,3.798
402007,Ousmane Diakité,West Brom,24.0,Defensive Midfield,700.0,Mali,1.89,MANagement,"
                            Jul 1, 2024                        ",2026.0,24.0,1.42,0.0,0.0,0.0,14.0,5.0,1.0,0.0,0.0,0.0,0.0,981.0
283514,Alex Mowatt,West Brom,30.0,Central Midfield,3500.0,England,1.77,,left,2026.0,44.0,1.34,7.0,2.0,0.0,4.0,13.0,5.0,0.0,0.0,0.0,487.0,3.412
357656,Jayson Molumby,West Brom,25.0,Central Midfield,3000.0,Ireland,1.76,,right,2028.0,38.0,1.37,4.0,1.0,0.0,8.0,12.0,11.0,0.0,1.0,0.0,687.0,2.746
197693,John Swift,West Brom,29.0,Central Midfield,3000.0,England,1.82,,right,2025.0,37.0,1.19,3.0,1.0,0.0,17.0,14.0,4.0,0.0,0.0,0.0,601.0,1.804
612749,Isaac Price,West Brom,21.0,Central Midfield,3000.0,Northern Ireland,1.88,,right,2029.0,39.0,1.44,1.0,1.0,0.0,5.0,15.0,5.0,0.0,0.0,0.0,2.949,2.949
626319,Tom Fellows,West Brom,21.0,Right Midfield,8000.0,England,1.83,Wasserman,right,2027.0,46.0,1.37,4.0,14.0,0.0,10.0,27.0,4.0,0.0,0.0,0.0,737.0,2.949
435062,Callum Styles,West Brom,25.0,Left Midfield,2500.0,Hungary,1.67,Wasserman,left,2028.0,36.0,1.31,3.0,1.0,0.0,5.0,6.0,10.0,1.0,0.0,0.0,921.0,2.764
297257,Mikey Johnston,West Brom,26.0,Left Winger,3000.0,Ireland,1.76,Wasserman,right,2028.0,42.0,1.26,3.0,5.0,0.0,17.0,24.0,3.0,0.0,0.0,0.0,707.0,2.121
342048,Grady Diangana,West Brom,27.0,Right Winger,3800.0,DR Congo,1.8,Unique Sports Group,left,2025.0,,,,,,,,,,,,,
198358,Jed Wallace,West Brom,31.0,Right Winger,2800.0,England,1.78,,right,2026.0,,,,,,,,,,,,,
250426,Adam Armstrong,West Brom,28.0,Centre-Forward,14000.0,England,1.73,CAA Stellar,right,2025.0,39.0,0.9,6.0,2.0,0.0,10.0,24.0,6.0,0.0,0.0,2.0,409.0,2.453
453824,Josh Maja,West Brom,26.0,Centre-Forward,10000.0,Nigeria,1.81,,right,2026.0,26.0,1.54,12.0,2.0,0.0,0.0,21.0,2.0,0.0,0.0,0.0,173.0,2.077
314183,Karlan Grant,West Brom,27.0,Centre-Forward,3800.0,England,1.83,CAA Stellar,right,2026.0,44.0,1.32,7.0,2.0,0.0,9.0,23.0,2.0,0.0,0.0,0.0,431.0,3.02
638741,Daryl Dike,West Brom,24.0,Centre-Forward,3200.0,United States,1.87,,right,2026.0,12.0,1.33,1.0,1.0,0.0,10.0,2.0,1.0,0.0,0.0,0.0,250.0,250.0
879768,Will Lankshear,West Brom,20.0,Centre-Forward,3000.0,England,1.89,,right,2025.0,19.0,1.32,2.0,0.0,0.0,11.0,7.0,1.0,1.0,0.0,0.0,313.0,625.0
186924,Devante Cole,West Brom,30.0,Centre-Forward,800.0,Jamaica,1.84,,right,2026.0,18.0,1.44,2.0,2.0,0.0,15.0,2.0,0.0,0.0,0.0,0.0,203.0,405.0
801989,Tammer Bany,West Brom,21.0,Centre-Forward,250.0,Denmark,1.81,football scouting ...,"
                            Feb 3, 2025                        ",2028.0,21.0,1.62,2.0,6.0,0.0,12.0,9.0,4.0,0.0,0.0,0.0,431.0,862.0
340990,Alfie Jones,Hull City,27.0,Centre-Back,4000.0,England,1.91,Wasserman,right,2026.0,,,,,,,,,,,,,
746357,Charlie Hughes,Hull City,21.0,Centre-Back,3500.0,England,1.85,CAA Stellar,right,2028.0,28.0,0.93,1.0,1.0,0.0,2.0,3.0,10.0,0.0,0.0,0.0,2.365,2.365
121324,John Egan,Hull City,32.0,Centre-Back,1800.0,Ireland,1.85,,right,2026.0,,,,,,,,,,,,,
524210,Sean McLoughlin,Hull City,28.0,Centre-Back,1500.0,Ireland,1.91,,left,2026.0,,,,,,,,,,,,,
581681,Finley Burns,Hull City,21.0,Centre-Back,1000.0,England,1.96,Unique Sports Group,right,2025.0,11.0,1.36,0.0,0.0,0.0,5.0,5.0,1.0,0.0,0.0,0.0,0.0,427.0
729940,Matty Jacob,Hull City,23.0,Left-Back,100.0,England,1.8,,left,2027.0,8.0,1.0,1.0,0.0,0.0,4.0,2.0,2.0,0.0,0.0,0.0,445.0,445.0
531957,Cody Drameh,Hull City,23.0,Right-Back,3000.0,England,1.81,,right,2027.0,,,,,,,,,,,,,
413402,Lewie Coyle,Hull City,29.0,Right-Back,1600.0,England,1.73,,right,2026.0,,,,,,,,,,,,,
893658,Óscar Zambrano,Hull City,21.0,Defensive Midfield,2800.0,Ecuador,1.76,AS1,"
                            Aug 16, 2024                        ",2025.0,,,,,,,,,,,,,
476237,Steven Alzate,Hull City,26.0,Central Midfield,4000.0,Colombia,1.8,Wasserman,right,2026.0,29.0,1.24,0.0,1.0,0.0,7.0,10.0,2.0,0.0,0.0,0.0,0.0,1.989
936981,Gustavo Puerta,Hull City,21.0,Central Midfield,3500.0,Colombia,1.73,,right,2028.0,,,,,,,,,,,,,
473080,Regan Slater,Hull City,25.0,Central Midfield,3500.0,England,1.71,,right,2026.0,46.0,1.04,1.0,1.0,0.0,8.0,15.0,6.0,0.0,0.0,0.0,3.182,3.182
535834,Eliot Matazo,Hull City,23.0,Central Midfield,3000.0,Belgium,1.7,SEG,right,2028.0,13.0,1.69,1.0,0.0,0.0,7.0,5.0,1.0,0.0,0.0,0.0,484.0,484.0
351738,Lincoln,Hull City,26.0,Attacking Midfield,4000.0,Brazil,1.78,Roc Nation Sports,left,2025.0,11.0,1.18,0.0,1.0,0.0,7.0,3.0,0.0,0.0,0.0,0.0,0.0,415.0
169416,Matt Crooks,Hull City,31.0,Attacking Midfield,1500.0,England,1.91,Wasserman,right,2027.0,18.0,1.11,3.0,0.0,0.0,9.0,7.0,2.0,1.0,0.0,0.0,263.0,788.0
258216,Kasey Palmer,Hull City,28.0,Attacking Midfield,1000.0,Jamaica,1.82,Unique Sports Group,right,2027.0,31.0,1.13,2.0,4.0,0.0,18.0,10.0,4.0,0.0,0.0,0.0,656.0,1.312
487417,Liam Millar,Hull City,25.0,Left Winger,3500.0,Canada,1.81,,right,2027.0,12.0,1.08,1.0,2.0,0.0,5.0,6.0,3.0,0.0,0.0,0.0,685.0,685.0
370833,Doğukan Sinik,Hull City,26.0,Left Winger,2000.0,Türkiye,1.8,F-F SPORT,right,2025.0,,,,,,,,,,,,,
581670,Louie Barry,Hull City,21.0,Left Winger,1800.0,England,1.74,,right,2025.0,,,,,,,,,,,,,
857079,Mohamed Belloumi,Hull City,22.0,Right Winger,5000.0,Algeria,1.77,,left,2028.0,13.0,0.92,2.0,2.0,0.0,0.0,6.0,1.0,0.0,0.0,0.0,546.0,1.091
696764,Abu Kamara,Hull City,21.0,Right Winger,4000.0,England,1.83,OmniSports,left,2028.0,40.0,1.03,6.0,4.0,0.0,13.0,20.0,1.0,0.0,0.0,0.0,415.0,2.489
55619,Nordin Amrabat,Hull City,38.0,Right Winger,250.0,Morocco,1.79,MANGMT,right,2025.0,,,,,,,,,,,,,
503980,Joe Gelhardt,Hull City,23.0,Centre-Forward,3500.0,England,1.79,,left,2025.0,23.0,1.3,5.0,0.0,0.0,3.0,10.0,4.0,0.0,0.0,2.0,334.0,1.672
129129,João Pedro,Hull City,33.0,Centre-Forward,2500.0,Italy,1.84,,right,2026.0,,,,,,,,,,,,,
874080,Mason Burstow,Hull City,21.0,Centre-Forward,2000.0,England,1.87,,right,2028.0,32.0,1.19,2.0,1.0,0.0,24.0,7.0,1.0,0.0,0.0,0.0,500.0,1.0
647395,Kyle Joseph,Hull City,23.0,Centre-Forward,600.0,Scotland,1.86,,right,2028.0,45.0,1.36,7.0,2.0,0.0,5.0,28.0,3.0,0.0,0.0,0.0,462.0,3.236
467599,Ben Wilmot,Stoke City,25.0,Centre-Back,4800.0,England,1.88,General Sports ...,right,2026.0,42.0,1.12,3.0,0.0,1.0,4.0,5.0,9.0,0.0,0.0,0.0,1.168,3.503
859951,Ashley Phillips,Stoke City,19.0,Centre-Back,2200.0,England,1.96,Wasserman,right,2025.0,39.0,1.31,1.0,0.0,0.0,0.0,6.0,6.0,0.0,0.0,0.0,3.409,3.409
724540,Bosun Lawal,Stoke City,21.0,Centre-Back,1800.0,Ireland,1.9,,right,2028.0,,,,,,,,,,,,,
128904,Ben Gibson,Stoke City,32.0,Centre-Back,1000.0,England,1.85,SMI Sports ...,left,2027.0,25.0,0.92,3.0,0.0,2.0,2.0,3.0,7.0,0.0,0.0,0.0,689.0,2.067
154219,Michael Rose,Stoke City,29.0,Centre-Back,500.0,Scotland,1.88,,right,2025.0,25.0,1.08,1.0,0.0,0.0,9.0,2.0,3.0,0.0,0.0,0.0,1.592,1.592
1011139,Jaden Dixon,Stoke U21,18.0,Centre-Back,300.0,England,1.88,,"Jun 30, 2027",2027.0,,,,,,,,,,,,,
576121,Josh Wilson-Esbrand,Stoke City,22.0,Left-Back,4000.0,England,1.76,ROOF,left,2025.0,,,,,,,,,,,,,
740529,Eric-Junior Bocat,Stoke City,25.0,Left-Back,2200.0,France,1.84,,left,2028.0,,,,,,,,,,,,,
85706,Enda Stevens,Stoke City,34.0,Left-Back,250.0,Ireland,1.83,,left,2025.0,21.0,1.43,0.0,2.0,0.0,6.0,6.0,3.0,0.0,0.0,0.0,0.0,1.332
851991,Junior Tchamadeu,Stoke City,21.0,Right-Back,800.0,Cameroon,1.8,Wasserman,right,2027.0,45.0,1.18,1.0,2.0,1.0,6.0,8.0,12.0,0.0,0.0,0.0,3.56,3.56
412953,Wouter Burger,Stoke City,24.0,Defensive Midfield,4500.0,Netherlands,1.91,SEG,left,2027.0,45.0,1.31,1.0,2.0,0.0,4.0,21.0,11.0,0.0,0.0,0.0,3.421,3.421
183302,Ben Pearson,Stoke City,30.0,Defensive Midfield,1800.0,England,1.76,Wasserman,right,2027.0,15.0,1.2,0.0,0.0,0.0,6.0,6.0,6.0,0.0,0.0,0.0,0.0,663.0
962019,Souleymane Sidibé,Stoke City,18.0,Central Midfield,1200.0,England,1.84,Premier Sports ...,right,2027.0,15.0,1.2,0.0,2.0,0.0,6.0,5.0,2.0,0.0,0.0,0.0,0.0,873.0
321169,Jordan Thompson,Stoke City,28.0,Central Midfield,900.0,Northern Ireland,1.8,,left,2025.0,26.0,1.35,0.0,1.0,0.0,11.0,8.0,8.0,0.0,0.0,0.0,0.0,1.559
683269,Tatsuki Seko,Stoke City,27.0,Central Midfield,700.0,Japan,1.75,UDN SPORTS,right,2027.0,,,,,,,,,,,,,
724537,Andrew Moran,Stoke City,21.0,Attacking Midfield,3000.0,Ireland,1.77,YMU Management Ltd.,right,2025.0,39.0,1.08,4.0,6.0,0.0,10.0,12.0,10.0,0.0,0.0,0.0,657.0,2.629
912081,Jun-ho Bae,Stoke City,21.0,Attacking Midfield,1500.0,"Korea, South",1.8,Route 1 Sports,right,2027.0,49.0,1.16,3.0,5.0,0.0,10.0,21.0,6.0,0.0,0.0,0.0,1.162,3.486
426624,André Vidigal,Stoke City,26.0,Left Winger,1500.0,Angola,1.76,,right,2026.0,16.0,1.25,2.0,1.0,0.0,10.0,6.0,1.0,0.0,0.0,0.0,280.0,559.0
922462,Lewis Koumas,Stoke City,19.0,Left Winger,1500.0,Wales,1.82,CAA Stellar,right,2025.0,49.0,1.14,6.0,3.0,0.0,18.0,19.0,5.0,0.0,0.0,0.0,477.0,2.861
564449,Million Manhoef,Stoke City,23.0,Right Winger,3500.0,Netherlands,1.79,SeiSei Football,left,2027.0,38.0,1.21,7.0,4.0,0.0,8.0,21.0,2.0,0.0,0.0,0.0,373.0,2.61
307781,Lynden Gooch,Stoke City,29.0,Right Winger,1200.0,United States,1.73,Unique Sports Group,right,2025.0,,,,,,,,,,,,,
610581,Ali Al-Hamadi,Stoke City,23.0,Centre-Forward,2500.0,Iraq,1.87,Wasserman,right,2025.0,28.0,1.11,3.0,1.0,0.0,15.0,13.0,5.0,0.0,0.0,0.0,370.0,1.111
249543,Ryan Mmaee,Stoke City,27.0,Centre-Forward,2000.0,Morocco,1.85,MMPIRE AGENCY,right,2026.0,,,,,,,,,,,,,
227183,Sam Gallagher,Stoke City,29.0,Centre-Forward,1600.0,England,1.93,,right,2027.0,,,,,,,,,,,,,
812397,Emre Tezgel,Stoke City,19.0,Centre-Forward,500.0,England,1.82,CAA Stellar,right,2025.0,22.0,1.73,13.0,0.0,0.0,13.0,3.0,3.0,0.0,0.0,2.0,76.0,988.0
980417,Nathan Lowe,Stoke City,19.0,Centre-Forward,250.0,England,1.93,,both,2028.0,42.0,1.98,22.0,7.0,0.0,10.0,14.0,3.0,0.0,0.0,0.0,135.0,2.959
364803,Scott Wharton,Blackburn,27.0,Centre-Back,2500.0,England,1.82,OmniSports,left,2027.0,,,,,,,,,,,,,
503780,Hayden Carter,Blackburn,25.0,Centre-Back,2500.0,England,1.88,OmniSports,right,2027.0,18.0,1.28,0.0,1.0,0.0,0.0,4.0,5.0,0.0,0.0,0.0,0.0,1.501
495993,Dion Sanderson,Blackburn,25.0,Centre-Back,2500.0,England,1.88,,right,2025.0,19.0,2.0,0.0,1.0,0.0,9.0,2.0,2.0,1.0,0.0,0.0,0.0,1.071
263268,Dominic Hyam,Blackburn,29.0,Centre-Back,2000.0,Scotland,1.88,,right,2026.0,49.0,1.41,2.0,2.0,0.0,1.0,0.0,5.0,0.0,0.0,0.0,2.172,4.344
129049,Danny Batth,Blackburn,34.0,Centre-Back,250.0,England,1.91,,right,2025.0,41.0,1.49,2.0,0.0,0.0,3.0,5.0,5.0,0.0,0.0,0.0,1.674,3.347
426412,Harry Pickering,Blackburn,26.0,Left-Back,4000.0,England,1.73,,left,2027.0,17.0,1.71,0.0,2.0,0.0,3.0,4.0,2.0,0.0,0.0,0.0,0.0,1.195
551001,Owen Beck,Blackburn,22.0,Left-Back,1300.0,Wales,1.77,SEG,left,2025.0,26.0,1.46,1.0,2.0,0.0,3.0,1.0,4.0,0.0,1.0,0.0,2.053,2.053
258032,Yuri Ribeiro,Blackburn,28.0,Left-Back,1200.0,Portugal,1.78,,left,2027.0,,,,,,,,,,,,,
416368,Callum Brittain,Blackburn,27.0,Right-Back,2500.0,England,1.79,,right,2026.0,35.0,1.57,2.0,5.0,0.0,3.0,5.0,5.0,0.0,0.0,0.0,1.397,2.794
411229,Joe Rankin-Costello,Blackburn,25.0,Right-Back,1500.0,England,1.83,,right,2027.0,32.0,1.16,2.0,2.0,0.0,16.0,5.0,4.0,0.0,0.0,0.0,754.0,1.507
372802,Lewis Travis,Blackburn,27.0,Defensive Midfield,3500.0,England,1.83,SEG,right,2026.0,39.0,1.56,2.0,1.0,0.0,2.0,10.0,11.0,0.0,0.0,0.0,1.626,3.252
503781,John Buckley,Blackburn,25.0,Central Midfield,2200.0,England,1.73,SMI Sports ...,right,2027.0,27.0,1.3,0.0,2.0,0.0,15.0,6.0,6.0,0.0,0.0,0.0,0.0,1.207
210348,Sondre Tronstad,Blackburn,29.0,Central Midfield,1800.0,Norway,1.74,GOLDBAEK SPORT GmbH,right,2026.0,,,,,,,,,,,,,
121257,Adam Forshaw,Blackburn,33.0,Central Midfield,300.0,England,1.75,Wasserman,right,2025.0,34.0,1.18,1.0,0.0,0.0,21.0,9.0,4.0,1.0,0.0,0.0,1.332,1.332
332341,Todd Cantwell,Blackburn,27.0,Attacking Midfield,3500.0,England,1.8,Players First,right,2027.0,39.0,1.38,3.0,7.0,0.0,10.0,18.0,6.0,0.0,0.0,2.0,875.0,2.625
49693,Andreas Weimann,Blackburn,33.0,Attacking Midfield,800.0,Austria,1.79,Wasserman,right,2025.0,34.0,1.26,9.0,2.0,0.0,16.0,16.0,2.0,0.0,0.0,0.0,184.0,1.652
647435,Tyrhys Dolan,Blackburn,23.0,Right Winger,6000.0,England,1.7,Wasserman,right,2025.0,47.0,1.34,7.0,6.0,0.0,7.0,30.0,12.0,0.0,0.0,1.0,467.0,3.269
878150,Amario Cozier-Duberry,Blackburn,19.0,Right Winger,2000.0,England,1.7,,left,2025.0,,,,,,,,,,,,,
326230,Ryan Hedges,Blackburn,29.0,Right Winger,1000.0,Wales,1.85,,left,2026.0,44.0,1.5,1.0,2.0,0.0,11.0,30.0,4.0,0.0,0.0,0.0,2.615,2.615
606849,Makhtar Gueye,Blackburn,27.0,Centre-Forward,3000.0,Senegal,1.95,,right,2027.0,48.0,1.38,8.0,6.0,0.0,24.0,13.0,8.0,1.0,0.0,1.0,290.0,2.32
448854,Emmanuel Dennis,Blackburn,27.0,Centre-Forward,3000.0,Nigeria,1.75,HCM Sports ...,right,2025.0,7.0,0.71,0.0,1.0,0.0,5.0,2.0,1.0,1.0,0.0,0.0,0.0,222.0
592116,Yuki Ohashi,Blackburn,28.0,Centre-Forward,1500.0,Japan,1.81,Athleteplus,right,2027.0,39.0,1.54,10.0,4.0,0.0,11.0,23.0,3.0,0.0,0.0,0.0,239.0,2.393
549791,Augustus Kargbo,Blackburn,25.0,Centre-Forward,1200.0,Sierra Leone,1.72,,right,2027.0,30.0,1.13,5.0,4.0,0.0,14.0,13.0,5.0,0.0,1.0,0.0,287.0,1.435
672526,Harry Leonard,Blackburn,21.0,Centre-Forward,1000.0,England,1.84,CAA Stellar,"
                            Jul 1, 2023                        ",2027.0,14.0,0.79,5.0,0.0,0.0,9.0,4.0,0.0,0.0,0.0,3.0,108.0,541.0
169801,Cauley Woodrow,Blackburn,30.0,Centre-Forward,800.0,England,1.84,CAA Stellar,right,2025.0,26.0,0.46,0.0,1.0,0.0,23.0,3.0,1.0,0.0,0.0,0.0,0.0,515.0
732165,Ronnie Edwards,QPR,22.0,Centre-Back,3800.0,England,1.85,Two Touch Agency,right,2025.0,26.0,1.15,2.0,0.0,1.0,2.0,2.0,2.0,0.0,0.0,0.0,1.094,2.187
396174,Jimmy Dunne,QPR,27.0,Centre-Back,3500.0,Ireland,1.91,,right,2025.0,,,,,,,,,,,,,
316551,Jake Clarke-Salter,QPR,27.0,Centre-Back,1200.0,England,1.88,,left,2026.0,14.0,1.64,0.0,0.0,0.0,4.0,0.0,3.0,0.0,0.0,0.0,0.0,976.0
90836,Steve Cook,QPR,34.0,Centre-Back,500.0,England,1.85,Unique Sports Group,right,2026.0,33.0,1.06,2.0,0.0,0.0,0.0,7.0,4.0,0.0,0.0,0.0,1.378,2.756
567114,Liam Morrison,QPR,22.0,Centre-Back,300.0,Scotland,1.83,,right,,21.0,1.71,0.0,0.0,0.0,5.0,4.0,3.0,0.0,0.0,0.0,0.0,1.482
1004737,Esquerdinha,QPR,19.0,Left-Back,3000.0,Brazil,1.83,Roc Nation Sports,left,,6.0,1.83,0.0,0.0,0.0,3.0,1.0,1.0,0.0,0.0,0.0,0.0,293.0
247596,Kenneth Paal,QPR,27.0,Left-Back,2800.0,Suriname,1.74,PURE,left,2025.0,43.0,1.23,1.0,3.0,0.0,5.0,13.0,4.0,0.0,0.0,0.0,3.229,3.229
250277,Morgan Fox,QPR,31.0,Left-Back,500.0,Wales,1.85,,left,2025.0,26.0,1.46,1.0,0.0,2.0,14.0,1.0,3.0,0.0,0.0,0.0,1.333,1.333
559130,Harrison Ashby,QPR,23.0,Right-Back,1200.0,Scotland,1.79,Wasserman,right,2025.0,31.0,1.23,0.0,1.0,0.0,12.0,11.0,7.0,0.0,0.0,0.0,0.0,1.74
387331,Sam Field,QPR,27.0,Defensive Midfield,3200.0,England,1.91,,left,,38.0,1.26,4.0,0.0,0.0,1.0,11.0,9.0,0.0,0.0,0.0,780.0,3.119
61644,Jack Colback,QPR,35.0,Defensive Midfield,200.0,England,1.77,Wasserman,left,2025.0,26.0,1.35,1.0,1.0,0.0,9.0,9.0,7.0,1.0,0.0,0.0,1.542,1.542
464599,Nicolas Madsen,QPR,25.0,Central Midfield,3500.0,Denmark,1.92,,right,2029.0,38.0,1.37,4.0,4.0,0.0,12.0,22.0,2.0,0.0,0.0,2.0,577.0,2.309
812902,Jonathan Varane,QPR,23.0,Central Midfield,1200.0,Martinique,1.9,UTOPIA,right,2028.0,43.0,1.42,1.0,2.0,0.0,10.0,9.0,9.0,0.0,1.0,0.0,2.931,2.931
1047344,Kieran Morgan,QPR,19.0,Central Midfield,400.0,England,1.85,,right,,33.0,1.48,2.0,2.0,0.0,12.0,16.0,6.0,0.0,0.0,0.0,897.0,1.793
380473,Ilias Chair,QPR,27.0,Attacking Midfield,6000.0,Morocco,1.71,PANTHERA,right,,,,,,,,,,,,,,
581675,Harvey Vale,QPR,21.0,Attacking Midfield,1500.0,England,1.81,,left,2028.0,15.0,1.8,8.0,8.0,0.0,2.0,0.0,2.0,0.0,0.0,0.0,155.0,1.238
466602,Karamoko Dembélé,QPR,22.0,Attacking Midfield,1000.0,England,1.67,,left,,25.0,0.92,3.0,4.0,0.0,10.0,14.0,2.0,0.0,0.0,0.0,417.0,1.252
148344,Lucas Andersen,QPR,30.0,Attacking Midfield,400.0,Denmark,1.84,,right,2025.0,35.0,1.06,2.0,0.0,0.0,21.0,13.0,2.0,0.0,0.0,0.0,605.0,1.21
501743,Koki Saito,QPR,23.0,Left Winger,4000.0,Japan,1.7,,right,2025.0,,,,,,,,,,,,,
1104713,Daniel Bennie,QPR,19.0,Left Winger,250.0,Australia,1.81,,both,,15.0,1.53,0.0,0.0,0.0,12.0,3.0,3.0,0.0,0.0,0.0,0.0,332.0
1004327,Min-hyeok Yang,QPR,19.0,Right Winger,3500.0,"Korea, South",1.76,,right,2025.0,14.0,1.0,2.0,1.0,0.0,6.0,8.0,1.0,0.0,0.0,0.0,347.0,694.0
408872,Paul Smyth,QPR,27.0,Right Winger,500.0,Northern Ireland,1.75,Sports Group Murdock,right,2026.0,47.0,1.26,2.0,4.0,0.0,15.0,26.0,7.0,0.0,0.0,0.0,1.49,2.979
340427,Zan Celar,QPR,26.0,Centre-Forward,4500.0,Slovenia,1.86,CAA Stellar,right,,22.0,1.09,2.0,0.0,0.0,10.0,6.0,2.0,0.0,0.0,0.0,567.0,1.134
867699,Rayan Kolli,QPR,20.0,Centre-Forward,1500.0,Algeria,1.8,,right,,22.0,1.55,5.0,3.0,0.0,11.0,11.0,2.0,0.0,0.0,0.0,187.0,936.0
147043,Michael Frey,QPR,30.0,Centre-Forward,800.0,Switzerland,1.88,ONEANDTEN,right,2026.0,31.0,1.16,9.0,1.0,0.0,9.0,16.0,6.0,0.0,0.0,1.0,208.0,1.876
838926,Alfie Lloyd,QPR,22.0,Centre-Forward,300.0,England,1.8,,right,,,,,,,,,,,,,,
418553,Jesper Daland,Cardiff,25.0,Centre-Back,4000.0,Norway,1.91,,right,2028.0,28.0,1.39,0.0,0.0,0.0,5.0,7.0,3.0,0.0,0.0,0.0,0.0,2.062
215118,Calum Chambers,Cardiff,30.0,Centre-Back,2800.0,England,1.82,,right,2027.0,42.0,1.02,2.0,1.0,1.0,1.0,6.0,8.0,0.0,1.0,0.0,1.792,3.583
191829,Dimitrios Goutas,Cardiff,31.0,Centre-Back,2000.0,Greece,1.89,Prosport ...,right,2025.0,,,,,,,,,,,,,
640245,Will Fish,Cardiff,22.0,Centre-Back,550.0,England,1.85,,right,2028.0,24.0,0.92,0.0,0.0,1.0,7.0,1.0,5.0,0.0,0.0,0.0,0.0,1.672
742163,Joel Bagan,Cardiff,23.0,Left-Back,350.0,Ireland,1.88,CAA Stellar,left,2026.0,36.0,1.08,0.0,2.0,0.0,15.0,6.0,4.0,0.0,1.0,0.0,0.0,2.02
322677,Perry Ng,Cardiff,28.0,Right-Back,3500.0,England,1.8,,right,2026.0,,,,,,,,,,,,,
510310,Sivert Mannsverk,Cardiff,23.0,Defensive Midfield,5000.0,Norway,1.85,Solbakken / Player ...,right,2025.0,20.0,1.2,0.0,1.0,0.0,2.0,12.0,5.0,0.0,0.0,0.0,0.0,1.403
609887,Alex Robertson,Cardiff,22.0,Central Midfield,1500.0,Australia,1.82,Republic Sports Mgt,right,2028.0,39.0,1.0,4.0,3.0,0.0,9.0,18.0,7.0,0.0,0.0,0.0,644.0,2.577
195680,Joe Ralls,Cardiff,31.0,Central Midfield,1000.0,England,1.78,Unique Sports Group,left,2025.0,23.0,1.09,0.0,1.0,0.0,7.0,10.0,6.0,0.0,0.0,0.0,0.0,1.298
50057,Aaron Ramsey,Cardiff,34.0,Central Midfield,800.0,Wales,1.78,,right,2025.0,11.0,0.82,0.0,1.0,1.0,2.0,4.0,1.0,0.0,0.0,0.0,0.0,729.0
368862,Andy Rinomhota,Cardiff,28.0,Central Midfield,800.0,Zimbabwe,1.75,Unique Sports Group,right,2025.0,34.0,1.44,0.0,1.0,0.0,7.0,7.0,6.0,0.0,0.0,0.0,0.0,2.421
255679,Callum O'Dowda,Cardiff,30.0,Left Midfield,1500.0,Ireland,1.8,Classico,left,2028.0,43.0,0.93,2.0,3.0,0.0,2.0,8.0,8.0,0.0,0.0,0.0,1.805,3.61
626474,Rubin Colwill,Cardiff,23.0,Attacking Midfield,1200.0,Wales,1.89,Unique Sports Group,right,2027.0,48.0,1.02,5.0,4.0,0.0,19.0,12.0,5.0,0.0,0.0,0.0,588.0,2.94
667521,Cian Ashford,Cardiff,20.0,Attacking Midfield,1000.0,Wales,1.79,,both,2027.0,32.0,0.91,3.0,3.0,0.0,12.0,15.0,0.0,0.0,0.0,0.0,597.0,1.791
314341,Chris Willock,Cardiff,27.0,Left Winger,1800.0,England,1.78,,right,2027.0,34.0,1.0,2.0,2.0,0.0,15.0,16.0,0.0,0.0,0.0,0.0,875.0,1.75
289433,Yakou Méïté,Cardiff,29.0,Left Winger,1500.0,Cote d'Ivoire,1.85,,left,2025.0,34.0,1.06,3.0,0.0,0.0,23.0,10.0,1.0,0.0,0.0,0.0,396.0,1.189
183720,Anwar El Ghazi,Cardiff,30.0,Right Winger,1800.0,Netherlands,1.89,,right,2025.0,27.0,1.04,3.0,2.0,0.0,11.0,15.0,0.0,0.0,0.0,0.0,450.0,1.349
700405,Ollie Tanner,Cardiff,23.0,Right Winger,1500.0,England,1.77,,left,2027.0,31.0,1.16,2.0,3.0,0.0,15.0,12.0,1.0,0.0,0.0,0.0,754.0,1.507
658693,Roko Simic,Cardiff,21.0,Centre-Forward,3500.0,Croatia,1.9,,right,2028.0,6.0,0.67,1.0,0.0,0.0,3.0,2.0,2.0,0.0,0.0,0.0,308.0,308.0
701226,Yousef Salech,Cardiff,23.0,Centre-Forward,3000.0,Denmark,1.95,,right,2029.0,,,,,,,,,,,,,
183299,Callum Robinson,Cardiff,30.0,Centre-Forward,1800.0,Ireland,1.78,Wasserman,right,2027.0,35.0,1.06,12.0,1.0,0.0,10.0,18.0,1.0,0.0,1.0,0.0,173.0,2.076
547039,Isaak Davies,Cardiff,23.0,Centre-Forward,1500.0,Wales,1.75,,right,2026.0,10.0,1.0,2.0,0.0,0.0,7.0,3.0,1.0,0.0,0.0,0.0,146.0,292.0
371436,Francisco Sierralta,Watford,28.0,Centre-Back,1500.0,Chile,1.92,Vibra Futbol,right,2027.0,,,,,,,,,,,,,
624948,Mattie Pollock,Watford,23.0,Centre-Back,900.0,England,1.9,,right,2029.0,47.0,1.28,3.0,4.0,0.0,4.0,2.0,7.0,0.0,0.0,0.0,1.307,3.92
648032,James Abankwah,Watford,21.0,Centre-Back,800.0,Ireland,1.88,Wasserman,right,2025.0,,,,,,,,,,,,,
855014,Kévin Keben,Watford,21.0,Centre-Back,700.0,Cameroon,1.87,CAA Stellar,right,2028.0,6.0,1.67,0.0,0.0,0.0,3.0,1.0,0.0,0.0,1.0,0.0,0.0,256.0
48002,Angelo Ogbonna,Watford,36.0,Centre-Back,300.0,Italy,1.91,,left,2025.0,8.0,1.13,0.0,0.0,0.0,1.0,2.0,0.0,0.0,0.0,0.0,0.0,579.0
746833,Caleb Wiley,Watford,20.0,Left-Back,8000.0,United States,1.8,,left,2025.0,17.0,0.88,0.0,2.0,0.0,5.0,6.0,1.0,0.0,0.0,0.0,0.0,1.08
554251,Yasser Larouci,Watford,24.0,Left-Back,3200.0,Algeria,1.76,Tim Pole,left,2025.0,42.0,1.29,0.0,3.0,0.0,14.0,21.0,3.0,0.0,0.0,0.0,0.0,2.325
610621,James Morris,Watford,23.0,Left-Back,300.0,England,1.83,,"
                            Jan 1, 2023                        ",2026.0,21.0,1.67,0.0,0.0,0.0,5.0,6.0,4.0,0.0,0.0,0.0,0.0,1.358
503795,Jeremy Ngakia,Watford,24.0,Right-Back,1500.0,DR Congo,1.84,,right,2027.0,29.0,1.17,1.0,0.0,0.0,6.0,15.0,5.0,0.0,0.0,0.0,1.893,1.893
486477,Edo Kayembe,Watford,26.0,Defensive Midfield,3000.0,DR Congo,1.83,,left,2026.0,46.0,1.3,8.0,1.0,0.0,8.0,12.0,9.0,1.0,0.0,2.0,420.0,3.358
635336,Imrân Louza,Watford,26.0,Central Midfield,6000.0,Morocco,1.78,,left,2028.0,37.0,1.27,2.0,5.0,0.0,4.0,7.0,11.0,0.0,0.0,0.0,1.468,2.936
652803,Pierre Dwomoh,Watford,20.0,Central Midfield,2500.0,Belgium,1.88,,right,2028.0,,,,,,,,,,,,,
346472,Tom Dele-Bashiru,Watford,25.0,Central Midfield,1200.0,Nigeria,1.78,,right,2026.0,,,,,,,,,,,,,
46001,Moussa Sissoko,Watford,35.0,Central Midfield,800.0,France,1.87,,right,2026.0,40.0,1.2,6.0,1.0,0.0,7.0,12.0,4.0,1.0,0.0,0.0,482.0,2.894
412616,Giorgi Chakvetadze,Watford,25.0,Attacking Midfield,4000.0,Georgia,1.83,Vision Foot,right,2029.0,,,,,,,,,,,,,
711247,Kwadwo Baah,Watford,22.0,Left Winger,300.0,Germany,1.82,,right,2029.0,31.0,1.42,5.0,3.0,0.0,13.0,13.0,4.0,0.0,1.0,0.0,331.0,1.655
157368,Tom Ince,Watford,33.0,Right Winger,800.0,England,1.78,,left,2026.0,36.0,1.22,5.0,2.0,0.0,19.0,11.0,1.0,0.0,0.0,1.0,324.0,1.62
741229,Rocco Vata,Watford,20.0,Second Striker,1000.0,Ireland,1.84,,right,2028.0,37.0,1.0,4.0,4.0,0.0,20.0,12.0,0.0,0.0,0.0,0.0,424.0,1.697
375877,Vakoun Bayo,Watford,28.0,Centre-Forward,4500.0,Cote d'Ivoire,1.84,Unique Sports Group,right,2025.0,42.0,1.19,10.0,0.0,0.0,16.0,18.0,5.0,0.0,1.0,1.0,231.0,2.305
1101539,Mamadou Doumbia,Watford,19.0,Centre-Forward,250.0,Mali,1.92,RHODES,"
                            Jul 1, 2024                        ",2029.0,22.0,0.95,2.0,0.0,0.0,9.0,12.0,2.0,0.0,0.0,0.0,552.0,1.104
535927,Luke McNally,Bristol City,25.0,Centre-Back,3200.0,Ireland,1.93,Unique Sports Group,right,2028.0,,,,,,,,,,,,,
417955,Zak Vyner,Bristol City,28.0,Centre-Back,2800.0,Kenya,1.87,Wasserman,right,2026.0,50.0,1.36,1.0,0.0,0.0,0.0,0.0,3.0,0.0,0.0,0.0,4.5,4.5
257437,Rob Dickie,Bristol City,29.0,Centre-Back,2800.0,England,1.91,CAA Stellar,right,2026.0,37.0,1.46,2.0,1.0,0.0,1.0,1.0,5.0,0.0,2.0,0.0,1.584,3.167
547382,Cameron Pring,Bristol City,27.0,Left-Back,2500.0,England,1.85,Unique Sports Group,left,2026.0,33.0,1.42,0.0,3.0,0.0,5.0,9.0,8.0,0.0,0.0,0.0,0.0,2.298
533523,Haydon Roberts,Bristol City,23.0,Left-Back,700.0,England,1.84,OmniSports,left,2026.0,,,,,,,,,,,,,
420811,George Tanner,Bristol City,25.0,Right-Back,2500.0,England,1.81,,right,2026.0,36.0,1.5,2.0,0.0,0.0,9.0,6.0,2.0,0.0,0.0,0.0,1.18,2.36
293746,Ross McCrorie,Bristol City,27.0,Right-Back,1800.0,Scotland,1.87,,right,2026.0,26.0,1.38,5.0,0.0,0.0,5.0,14.0,8.0,1.0,0.0,0.0,351.0,1.756
340320,Marcus McGuane,Bristol City,26.0,Defensive Midfield,500.0,England,1.78,Unique Sports Group,right,2026.0,24.0,1.42,0.0,0.0,0.0,12.0,4.0,2.0,0.0,0.0,0.0,0.0,1.173
530780,Jason Knight,Bristol City,24.0,Central Midfield,5000.0,Ireland,1.73,,right,2027.0,50.0,1.36,3.0,6.0,0.0,0.0,2.0,6.0,0.0,0.0,0.0,1.477,4.43
486464,Max Bird,Bristol City,24.0,Central Midfield,2800.0,England,1.83,Wasserman,left,2027.0,49.0,1.39,1.0,8.0,0.0,4.0,25.0,1.0,0.0,0.0,0.0,3.656,3.656
268185,Joe Williams,Bristol City,28.0,Central Midfield,1200.0,England,1.85,Wasserman,right,2027.0,26.0,1.65,0.0,4.0,0.0,7.0,8.0,6.0,0.0,1.0,0.0,0.0,1.504
433818,Scott Twine,Bristol City,25.0,Attacking Midfield,4500.0,England,1.74,,right,2028.0,37.0,1.32,6.0,3.0,0.0,9.0,22.0,5.0,0.0,0.0,0.0,380.0,2.277
697280,George Earthy,Bristol City,20.0,Attacking Midfield,1400.0,England,1.8,,right,2025.0,,,,,,,,,,,,,
530813,Anis Mehmeti,Bristol City,24.0,Left Winger,3500.0,Albania,1.8,,right,2026.0,46.0,1.3,12.0,1.0,0.0,15.0,25.0,3.0,0.0,0.0,2.0,231.0,2.771
801425,Sam Bell,Bristol City,22.0,Left Winger,1200.0,England,1.78,SMI Sports ...,right,2025.0,23.0,1.13,0.0,0.0,0.0,22.0,1.0,0.0,0.0,0.0,0.0,0.0,496.0
936237,Yu Hirakawa,Bristol City,24.0,Right Winger,900.0,Japan,1.72,,right,2025.0,39.0,1.28,2.0,2.0,0.0,21.0,14.0,0.0,0.0,0.0,0.0,877.0,1.753
724532,Sinclair Armstrong,Bristol City,21.0,Centre-Forward,2200.0,Ireland,1.82,,right,2028.0,38.0,1.32,3.0,0.0,0.0,21.0,18.0,2.0,0.0,0.0,0.0,537.0,1.612
255703,Harry Cornick,Bristol City,30.0,Centre-Forward,1000.0,England,1.8,,right,2026.0,5.0,0.8,1.0,0.0,0.0,5.0,0.0,1.0,0.0,0.0,0.0,91.0,91.0
173483,Nahki Wells,Bristol City,34.0,Centre-Forward,300.0,Bermuda,1.7,,right,2025.0,43.0,1.33,10.0,4.0,0.0,14.0,28.0,3.0,0.0,0.0,1.0,227.0,2.269
496659,Ben Cabango,Swansea,24.0,Centre-Back,9000.0,Wales,1.86,Wasserman,right,2028.0,,,,,,,,,,,,,
338635,Hannes Delcroix,Swansea,26.0,Centre-Back,4000.0,Belgium,1.83,Wasserman,left,,12.0,1.17,0.0,0.0,0.0,2.0,2.0,2.0,0.0,0.0,0.0,0.0,888.0
475554,Harry Darling,Swansea,25.0,Centre-Back,2500.0,England,1.89,,right,2025.0,,,,,,,,,,,,,
419929,Josh Tymon,Swansea,26.0,Left-Back,3200.0,England,1.8,,left,2026.0,,,,,,,,,,,,,
331779,Kristian Pedersen,Swansea,30.0,Left-Back,800.0,Denmark,1.89,BTAM,left,2025.0,2.0,1.5,0.0,0.0,0.0,0.0,0.0,1.0,0.0,0.0,0.0,0.0,180.0
606023,Nathan Tjoe-A-On,Swansea,23.0,Left-Back,350.0,Indonesia,1.82,Sports360 GmbH,left,2026.0,,,,,,,,,,,,,
533912,Josh Key,Swansea,25.0,Right-Back,800.0,England,1.78,Two Touch Agency,right,2026.0,47.0,1.36,1.0,4.0,0.0,7.0,8.0,3.0,0.0,0.0,0.0,3.583,3.583
158623,Cyrus Christie,Swansea,32.0,Right-Back,300.0,Ireland,1.88,Unique Sports Group,right,2025.0,,,,,,,,,,,,,
66219,Kyle Naughton,Swansea,36.0,Right-Back,100.0,England,1.81,,right,2025.0,26.0,1.46,0.0,0.0,0.0,14.0,11.0,1.0,0.0,0.0,0.0,0.0,1.054
1028959,Sam Parker,Swansea,18.0,Right-Back,50.0,Wales,1.78,,"Jun 30, 2028",2028.0,8.0,0.88,0.0,0.0,0.0,7.0,1.0,0.0,0.0,0.0,0.0,0.0,125.0
560694,Lewis O'Brien,Swansea,26.0,Central Midfield,5000.0,England,1.73,,left,2025.0,16.0,1.69,1.0,0.0,0.0,0.0,2.0,2.0,0.0,0.0,0.0,1.421,1.421
674798,Gonçalo Franco,Swansea,24.0,Central Midfield,3000.0,Portugal,1.76,,right,2028.0,,,,,,,,,,,,,
171260,Jay Fulton,Swansea,31.0,Central Midfield,1000.0,Scotland,1.85,,right,2026.0,34.0,1.47,1.0,0.0,0.0,19.0,11.0,6.0,0.0,0.0,0.0,1.471,1.471
51452,Joe Allen,Swansea,35.0,Central Midfield,250.0,Wales,1.7,,right,2025.0,27.0,1.3,1.0,1.0,0.0,19.0,8.0,3.0,0.0,0.0,0.0,742.0,742.0
504617,Oliver Cooper,Swansea,25.0,Attacking Midfield,3000.0,Wales,1.76,CAA Stellar,right,2027.0,29.0,1.38,1.0,2.0,0.0,18.0,8.0,0.0,0.0,0.0,0.0,1.103,1.103
706968,Ji-sung Eom,Swansea,23.0,Left Winger,1200.0,"Korea, South",1.76,,right,2028.0,,,,,,,,,,,,,
325104,Josh Ginnelly,Swansea,28.0,Left Winger,800.0,England,1.75,SMI Sports ...,left,2026.0,,,,,,,,,,,,,
587002,Myles Peart-Harris,Swansea,22.0,Left Winger,700.0,Jamaica,1.87,Two Touch Agency,"
                            Aug 30, 2024                        ",2025.0,31.0,1.19,3.0,4.0,0.0,12.0,10.0,6.0,0.0,0.0,0.0,587.0,1.76
715923,Florian Bianchini,Swansea,23.0,Right Winger,2000.0,France,1.82,,right,2028.0,39.0,1.18,3.0,0.0,0.0,28.0,8.0,3.0,0.0,0.0,0.0,441.0,1.324
862554,Ronald,Swansea,23.0,Right Winger,1800.0,Brazil,1.77,,right,2027.0,49.0,1.31,3.0,7.0,1.0,4.0,23.0,3.0,0.0,0.0,0.0,1.32,3.961
506942,Zan Vipotnik,Swansea,23.0,Centre-Forward,2500.0,Slovenia,1.85,BOLA CONSULTING,both,2028.0,44.0,1.39,7.0,0.0,0.0,18.0,23.0,1.0,0.0,0.0,1.0,321.0,2.247
296978,Liam Cullen,Swansea,26.0,Centre-Forward,1200.0,Wales,1.78,,left,2028.0,45.0,1.33,12.0,3.0,0.0,10.0,21.0,8.0,0.0,0.0,0.0,256.0,3.076
435198,Jordan Storey,Preston,27.0,Centre-Back,3800.0,England,1.88,Wasserman,right,2028.0,,,,,,,,,,,,,
446093,Ryan Porteous,Preston,26.0,Centre-Back,3000.0,Scotland,1.88,Footwork,right,2025.0,36.0,1.36,3.0,1.0,0.0,6.0,6.0,9.0,0.0,0.0,0.0,918.0,2.754
228912,Liam Lindsay,Preston,29.0,Centre-Back,2000.0,Scotland,1.91,,right,2027.0,43.0,1.23,1.0,1.0,0.0,8.0,4.0,6.0,2.0,0.0,0.0,3.157,3.157
419325,Lewis Gibson,Preston,24.0,Centre-Back,1800.0,England,1.85,Wasserman,left,2028.0,42.0,1.0,2.0,1.0,0.0,1.0,4.0,4.0,0.0,0.0,0.0,1.822,3.644
237505,Jack Whatmough,Preston,28.0,Centre-Back,1200.0,England,1.84,CAA Stellar,right,2026.0,19.0,1.21,0.0,1.0,1.0,4.0,3.0,3.0,0.0,0.0,0.0,0.0,1.362
94603,Patrick Bauer,Preston,32.0,Centre-Back,250.0,Germany,1.92,,right,2025.0,4.0,1.5,0.0,0.0,0.0,1.0,1.0,0.0,0.0,0.0,0.0,0.0,246.0
191865,Andrew Hughes,Preston,32.0,Left-Back,500.0,Wales,1.88,,left,2026.0,48.0,1.31,0.0,2.0,0.0,7.0,8.0,9.0,0.0,0.0,0.0,0.0,3.731
626888,Kaine Kesler-Hayden,Preston,22.0,Right-Back,2200.0,England,1.75,Wasserman,right,2025.0,51.0,1.31,2.0,3.0,0.0,7.0,9.0,8.0,0.0,0.0,0.0,2.023,4.046
237013,Brad Potts,Preston,30.0,Right-Back,1500.0,England,1.88,,right,2026.0,34.0,1.21,4.0,5.0,0.0,8.0,7.0,4.0,0.0,0.0,0.0,611.0,2.443
854932,Josh Seary,Preston,20.0,Right-Back,100.0,Ireland,1.8,Wasserman,right,2025.0,,,,,,,,,,,,,
347389,Ben Whiteman,Preston,28.0,Central Midfield,2800.0,England,1.85,,right,,,,,,,,,,,,,,
450714,Ali McCann,Preston,25.0,Central Midfield,2200.0,Northern Ireland,1.76,,right,2027.0,34.0,1.47,1.0,1.0,0.0,4.0,6.0,9.0,0.0,0.0,0.0,2.702,2.702
422721,Stefán Teitur Thórdarson,Preston,26.0,Central Midfield,1800.0,Iceland,1.89,,right,2027.0,47.0,1.28,3.0,2.0,0.0,11.0,25.0,8.0,0.0,0.0,0.0,1.022,3.066
258884,Ryan Ledson,Preston,27.0,Central Midfield,1200.0,England,1.78,,right,2025.0,32.0,1.47,3.0,1.0,0.0,13.0,12.0,9.0,0.0,0.0,0.0,570.0,1.709
969561,Kian Taylor,Preston,20.0,Central Midfield,100.0,England,1.73,,"Jun 30, 2025",2025.0,9.0,1.67,3.0,0.0,0.0,2.0,3.0,3.0,0.0,0.0,0.0,195.0,584.0
128229,Robbie Brady,Preston,33.0,Left Midfield,300.0,Ireland,1.76,General Sports ...,left,2025.0,,,,,,,,,,,,,
533632,Mads Frøkjaer-Jensen,Preston,25.0,Attacking Midfield,3200.0,Denmark,1.86,,right,2027.0,45.0,1.36,3.0,5.0,0.0,14.0,24.0,9.0,0.0,0.0,0.0,919.0,2.758
532178,Sam Greenwood,Preston,23.0,Centre-Forward,4500.0,England,1.8,,right,2025.0,45.0,1.4,7.0,3.0,0.0,13.0,19.0,7.0,1.0,1.0,3.0,397.0,2.779
293325,Emil Riis,Preston,26.0,Centre-Forward,2500.0,Denmark,1.9,Wasserman,right,2025.0,50.0,1.12,12.0,2.0,0.0,19.0,15.0,2.0,0.0,0.0,0.0,243.0,2.916
542819,Milutin Osmajic,Preston,25.0,Centre-Forward,2000.0,Montenegro,1.86,,both,2027.0,41.0,1.32,15.0,3.0,0.0,16.0,13.0,5.0,0.0,0.0,0.0,162.0,2.437
118535,Will Keane,Preston,32.0,Centre-Forward,750.0,Ireland,1.88,,right,2026.0,31.0,1.16,4.0,0.0,0.0,14.0,16.0,1.0,0.0,0.0,0.0,353.0,1.411
61622,Ched Evans,Preston,36.0,Centre-Forward,100.0,Wales,1.83,,right,2025.0,,,,,,,,,,,,,
243603,Jake Cooper,Millwall,30.0,Centre-Back,2500.0,England,1.99,,left,,40.0,1.7,3.0,1.0,2.0,0.0,1.0,5.0,0.0,0.0,0.0,1.185,3.555
346478,Japhet Tanganga,Millwall,26.0,Centre-Back,1800.0,England,1.84,,right,,43.0,1.53,2.0,0.0,1.0,0.0,1.0,7.0,0.0,0.0,0.0,1.912,3.823
526694,Wes Harding,Millwall,28.0,Centre-Back,1200.0,Jamaica,1.81,,right,2026.0,,,,,,,,,,,,,
732529,Tristan Crama,Millwall,23.0,Centre-Back,350.0,France,1.92,Wasserman,right,2028.0,46.0,1.52,4.0,2.0,1.0,3.0,4.0,4.0,0.0,0.0,0.0,957.0,3.829
61417,Shaun Hutchinson,Millwall,34.0,Centre-Back,250.0,England,1.88,,right,2025.0,11.0,1.18,0.0,0.0,0.0,6.0,3.0,1.0,0.0,0.0,0.0,0.0,495.0
194460,Joe Bryan,Millwall,31.0,Left-Back,1000.0,England,1.7,,left,2027.0,44.0,1.48,1.0,3.0,2.0,2.0,5.0,8.0,0.0,0.0,0.0,3.676,3.676
174099,Murray Wallace,Millwall,32.0,Left-Back,750.0,Scotland,1.88,,left,,12.0,1.0,0.0,0.0,0.0,3.0,0.0,1.0,0.0,0.0,0.0,0.0,822.0
801472,Zak Sturge,Millwall,20.0,Left-Back,200.0,England,1.88,,left,2025.0,,,,,,,,,,,,,
647138,Danny McNamara,Millwall,26.0,Right-Back,2000.0,Ireland,1.8,,right,,15.0,1.4,0.0,0.0,0.0,6.0,3.0,2.0,0.0,0.0,0.0,0.0,860.0
386752,Ryan Wintle,Millwall,27.0,Defensive Midfield,3800.0,England,1.8,SMI Sports ...,right,2025.0,23.0,1.91,1.0,0.0,0.0,20.0,1.0,3.0,0.0,0.0,0.0,513.0,513.0
532541,Luke Cundle,Millwall,23.0,Central Midfield,3500.0,England,1.71,,right,,21.0,1.67,1.0,0.0,0.0,3.0,15.0,2.0,0.0,0.0,0.0,1.283,1.283
671821,Billy Mitchell,Millwall,24.0,Central Midfield,3200.0,England,1.78,,right,2026.0,22.0,1.5,0.0,1.0,0.0,10.0,8.0,1.0,0.0,0.0,0.0,0.0,1.117
292806,Casper De Norre,Millwall,28.0,Central Midfield,2200.0,Belgium,1.75,,right,2026.0,51.0,1.47,4.0,5.0,0.0,3.0,29.0,6.0,0.0,0.0,0.0,1.0,3.998
141573,George Saville,Millwall,31.0,Central Midfield,1000.0,Northern Ireland,1.76,Refuel Performance ...,left,,49.0,1.41,1.0,3.0,0.0,12.0,11.0,8.0,0.0,0.0,0.0,3.467,3.467
854633,Daniel Kelly,Millwall,19.0,Central Midfield,700.0,Scotland,1.8,Dirk Hebel,right,,9.0,1.89,2.0,1.0,0.0,3.0,4.0,0.0,0.0,0.0,0.0,236.0,471.0
145843,Ryan Leonard,Millwall,32.0,Central Midfield,250.0,England,1.85,,right,,36.0,1.36,0.0,1.0,0.0,6.0,3.0,8.0,0.0,0.0,0.0,0.0,2.771
967306,Alfie Massey,Millwall,19.0,Central Midfield,50.0,England,1.83,,"
                            Jul 1, 2024                        ",,2.0,3.0,0.0,0.0,0.0,1.0,1.0,0.0,0.0,0.0,0.0,0.0,72.0
218140,George Honeyman,Millwall,30.0,Attacking Midfield,800.0,England,1.73,,right,,45.0,1.47,2.0,6.0,0.0,14.0,16.0,7.0,0.0,0.0,0.0,1.345,2.69
746971,Aidomo Emakhu,Millwall,21.0,Left Winger,900.0,Ireland,1.8,,right,2026.0,28.0,1.36,0.0,2.0,0.0,20.0,7.0,2.0,0.0,1.0,0.0,0.0,831.0
587588,Camiel Neghli,Millwall,23.0,Right Winger,2500.0,Algeria,1.79,,left,,28.0,1.07,6.0,3.0,0.0,7.0,16.0,2.0,0.0,0.0,0.0,308.0,1.85
703408,Femi Azeez,Millwall,23.0,Right Winger,900.0,England,1.81,ARETÉ,left,2028.0,,,,,,,,,,,,,
434207,Aaron Connolly,Millwall,25.0,Centre-Forward,2500.0,Ireland,1.74,,right,2025.0,27.0,1.59,5.0,0.0,0.0,16.0,9.0,3.0,0.0,0.0,0.0,227.0,1.136
849865,Mihailo Ivanovic,Millwall,20.0,Centre-Forward,2200.0,Serbia,1.91,,right,,49.0,1.31,14.0,0.0,0.0,18.0,17.0,2.0,0.0,0.0,1.0,213.0,2.984
646727,Josh Coburn,Millwall,22.0,Centre-Forward,1500.0,England,1.93,Wasserman,right,2025.0,25.0,1.6,6.0,1.0,0.0,8.0,10.0,0.0,0.0,0.0,0.0,243.0,1.46
526347,Macaulay Langstaff,Millwall,28.0,Centre-Forward,700.0,England,1.78,Refuel Performance ...,right,,36.0,1.42,1.0,2.0,0.0,20.0,12.0,0.0,0.0,0.0,0.0,1.536,1.536
913136,Zak Lovelace,Millwall,19.0,Centre-Forward,500.0,England,1.82,Unique Sports Group,right,,6.0,3.0,0.0,2.0,0.0,4.0,2.0,0.0,0.0,0.0,0.0,0.0,168.0
531677,Di'Shon Bernard,Sheff Wed,24.0,Centre-Back,1500.0,Jamaica,1.88,OmniSports,right,2027.0,31.0,1.32,3.0,0.0,0.0,3.0,2.0,6.0,1.0,1.0,0.0,830.0,2.49
425713,Akin Famewo,Sheff Wed,26.0,Centre-Back,800.0,England,1.88,,left,2025.0,15.0,1.33,0.0,1.0,0.0,3.0,4.0,2.0,0.0,0.0,0.0,0.0,1.049
213334,Dominic Iorfa,Sheff Wed,29.0,Centre-Back,350.0,England,1.88,,right,2026.0,23.0,1.43,1.0,0.0,0.0,5.0,10.0,4.0,0.0,0.0,0.0,1.498,1.498
145923,Michael Ihiekwe,Sheff Wed,32.0,Centre-Back,250.0,England,1.85,Wasserman,right,,25.0,1.12,2.0,0.0,0.0,3.0,1.0,3.0,0.0,0.0,0.0,1.038,2.075
1198023,Gabriel Otegbayo,Sheff Wed,20.0,Centre-Back,75.0,Ireland,1.93,,"
                            Jan 1, 2025                        ",2027.0,15.0,1.67,1.0,0.0,0.0,8.0,6.0,0.0,0.0,0.0,0.0,685.0,685.0
258885,Max Lowe,Sheff Wed,28.0,Left-Back,2500.0,England,1.75,Wasserman,left,2026.0,,,,,,,,,,,,,
414926,Ryo Hatsuse,Sheff Wed,27.0,Left-Back,900.0,Japan,1.8,,both,,11.0,1.27,0.0,0.0,0.0,4.0,5.0,1.0,0.0,0.0,0.0,0.0,592.0
406008,Yan Valery,Sheff Wed,26.0,Right-Back,1000.0,Tunisia,1.85,,right,2027.0,40.0,1.2,3.0,4.0,0.0,1.0,16.0,7.0,0.0,0.0,0.0,1.096,3.288
380737,Pol Valentín,Sheff Wed,28.0,Right-Back,500.0,Spain,1.81,AS1,right,2025.0,37.0,1.24,2.0,0.0,0.0,22.0,6.0,6.0,0.0,0.0,0.0,870.0,1.74
137149,Liam Palmer,Sheff Wed,33.0,Right-Back,200.0,Scotland,1.88,,right,2025.0,27.0,1.63,0.0,0.0,0.0,18.0,3.0,3.0,0.0,0.0,0.0,0.0,1.089
747951,Shea Charles,Sheff Wed,21.0,Defensive Midfield,10000.0,Northern Ireland,1.89,,right,2025.0,,,,,,,,,,,,,
128900,Nathaniel Chalobah,Sheff Wed,30.0,Defensive Midfield,1000.0,England,1.85,,right,,18.0,1.67,0.0,0.0,0.0,12.0,6.0,3.0,0.0,0.0,0.0,0.0,542.0
130765,Stuart Armstrong,Sheff Wed,33.0,Central Midfield,1500.0,Scotland,1.83,,right,2025.0,11.0,0.82,0.0,1.0,0.0,5.0,6.0,0.0,0.0,0.0,0.0,0.0,538.0
321079,Svante Ingelsson,Sheff Wed,26.0,Central Midfield,900.0,Sweden,1.89,,left,,38.0,1.16,1.0,5.0,0.0,16.0,18.0,5.0,0.0,0.0,0.0,1.933,1.933
61561,Barry Bannan,Sheff Wed,35.0,Central Midfield,200.0,Scotland,1.69,SMI Sports ...,left,2025.0,45.0,1.38,4.0,6.0,0.0,5.0,11.0,7.0,0.0,0.0,0.0,894.0,3.577
216564,Marvin Johnson,Sheff Wed,34.0,Left Midfield,200.0,England,1.78,,left,2025.0,44.0,1.23,0.0,3.0,0.0,11.0,6.0,3.0,0.0,0.0,0.0,0.0,3.059
280813,Josh Windass,Sheff Wed,31.0,Attacking Midfield,400.0,England,1.75,CAA Stellar,right,2026.0,,,,,,,,,,,,,
575693,Ibrahim Cissoko,Sheff Wed,22.0,Left Winger,1500.0,Netherlands,1.88,PURE,right,2025.0,,,,,,,,,,,,,
795657,Djeidi Gassama,Sheff Wed,21.0,Left Winger,1000.0,France,1.77,BS Group - BS Law,right,2026.0,47.0,1.21,8.0,1.0,0.0,9.0,28.0,5.0,0.0,0.0,0.0,400.0,3.197
407734,Olaf Kobacki,Sheff Wed,23.0,Left Winger,550.0,Poland,1.78,box2box Football ...,right,2028.0,15.0,1.53,0.0,0.0,0.0,9.0,6.0,2.0,0.0,0.0,0.0,0.0,567.0
511401,Anthony Musaba,Sheff Wed,24.0,Right Winger,1300.0,Netherlands,1.82,,both,2026.0,32.0,1.19,4.0,6.0,0.0,17.0,12.0,1.0,0.0,0.0,0.0,390.0,1.56
339943,Iké Ugbo,Sheff Wed,26.0,Centre-Forward,2800.0,Canada,1.84,,right,2028.0,38.0,1.11,1.0,1.0,0.0,20.0,18.0,1.0,0.0,0.0,0.0,1.471,1.471
239949,Jamal Lowe,Sheff Wed,30.0,Centre-Forward,1200.0,Jamaica,1.83,,right,2026.0,28.0,1.14,4.0,2.0,0.0,15.0,12.0,2.0,0.0,0.0,0.0,289.0,1.156
169555,Callum Paterson,Sheff Wed,30.0,Centre-Forward,700.0,Scotland,1.83,Two Touch Agency,right,2025.0,,,,,,,,,,,,,
96173,Michael Smith,Sheff Wed,33.0,Centre-Forward,250.0,England,1.91,,right,2026.0,44.0,1.41,8.0,6.0,0.0,26.0,14.0,4.0,0.0,0.0,1.0,253.0,2.023
614262,Charlie McNeill,Sheff Wed,21.0,Centre-Forward,200.0,England,1.81,Two Touch Agency,right,2027.0,7.0,1.86,2.0,0.0,0.0,5.0,2.0,0.0,0.0,0.0,0.0,89.0,178.0
668557,Maksym Taloverov,Plymouth,24.0,Centre-Back,3000.0,Ukraine,1.96,Wasserman,right,2028.0,33.0,1.18,2.0,2.0,1.0,10.0,3.0,6.0,0.0,0.0,0.0,1.18,2.36
251885,Julio Pleguezuelo,Plymouth,28.0,Centre-Back,1500.0,Spain,1.8,,right,2027.0,29.0,1.31,1.0,0.0,0.0,1.0,7.0,8.0,0.0,0.0,0.0,2.395,2.395
422051,Nikola Katic,Plymouth,28.0,Centre-Back,1500.0,Bosnia-Herzegovina,1.94,,right,2025.0,,,,,,,,,,,,,
208244,Brendan Galloway,Plymouth,29.0,Centre-Back,350.0,Zimbabwe,1.86,,left,2026.0,15.0,1.0,0.0,0.0,1.0,2.0,6.0,0.0,0.0,0.0,0.0,0.0,1.109
97241,Victor Pálsson,Plymouth,34.0,Centre-Back,300.0,Iceland,1.86,CAA Stellar,right,,27.0,1.22,0.0,1.0,0.0,7.0,4.0,3.0,0.0,0.0,0.0,0.0,1.85
361575,Tymoteusz Puchacz,Plymouth,26.0,Left-Back,1700.0,Poland,1.83,Fabryka Futbolu,left,2025.0,,,,,,,,,,,,,
433168,Nathanael Ogbeta,Plymouth,24.0,Left-Back,350.0,England,1.84,,left,,20.0,0.85,1.0,1.0,1.0,9.0,9.0,1.0,0.0,0.0,0.0,783.0,783.0
670989,Saxon Earley,Plymouth,22.0,Left-Back,150.0,England,1.77,,"
                            Jan 2, 2023                        ",2025.0,3.0,2.0,0.0,0.0,0.0,2.0,1.0,2.0,0.0,0.0,0.0,0.0,95.0
433186,Bali Mumba,Plymouth,23.0,Right-Back,2500.0,England,1.68,Wasserman,right,2027.0,46.0,1.04,0.0,3.0,0.0,6.0,7.0,3.0,0.0,0.0,0.0,0.0,3.64
690478,Matthew Sorinola,Plymouth,24.0,Right-Back,750.0,England,1.73,,right,,,,,,,,,,,,,,
121773,Joe Edwards,Plymouth,34.0,Right-Back,150.0,England,1.73,Unique Sports Group,right,2026.0,18.0,1.33,1.0,1.0,0.0,5.0,2.0,4.0,0.0,1.0,0.0,1.225,1.225
633463,Adam Randell,Plymouth,24.0,Defensive Midfield,2200.0,England,1.75,Wasserman,right,2026.0,,,,,,,,,,,,,
186927,Jordan Houghton,Plymouth,29.0,Defensive Midfield,1300.0,England,1.83,,"
                            Jul 1, 2021                        ",2025.0,32.0,1.19,0.0,0.0,0.0,16.0,9.0,3.0,0.0,0.0,0.0,0.0,1.62
703475,Malachi Boateng,Plymouth,22.0,Defensive Midfield,450.0,England,1.82,,right,2028.0,,,,,,,,,,,,,
663264,Darko Gyabi,Plymouth,21.0,Central Midfield,1800.0,England,1.96,,right,2025.0,48.0,1.15,1.0,2.0,0.0,10.0,24.0,10.0,0.0,0.0,0.0,3.181,3.181
502830,Callum Wright,Plymouth,25.0,Central Midfield,700.0,England,1.82,Wasserman,right,2026.0,40.0,1.15,1.0,0.0,0.0,21.0,14.0,0.0,0.0,1.0,0.0,1.883,1.883
471145,Michael Baidoo,Plymouth,26.0,Attacking Midfield,3500.0,Ghana,1.74,AIT,right,2028.0,27.0,1.63,5.0,3.0,0.0,8.0,13.0,1.0,0.0,0.0,2.0,340.0,1.701
593415,Rami Al Hajj,Plymouth,23.0,Attacking Midfield,1000.0,Sweden,1.8,,right,2027.0,29.0,0.9,3.0,0.0,0.0,11.0,16.0,1.0,0.0,0.0,0.0,468.0,1.404
929574,Freddie Issaka,Plymouth,18.0,Left Winger,200.0,Wales,1.77,Unique Sports Group,right,2028.0,20.0,1.1,1.0,0.0,0.0,16.0,4.0,0.0,0.0,1.0,0.0,653.0,653.0
457728,Mustapha Bundu,Plymouth,28.0,Right Winger,800.0,Sierra Leone,1.89,,right,2025.0,,,,,,,,,,,,,
444208,Michael Obafemi,Plymouth,24.0,Centre-Forward,2000.0,Ireland,1.7,,right,2025.0,31.0,1.06,2.0,0.0,0.0,16.0,14.0,0.0,0.0,0.0,0.0,646.0,1.292
249063,Ryan Hardie,Plymouth,28.0,Centre-Forward,1800.0,Scotland,1.88,Wasserman,right,2026.0,40.0,1.1,12.0,3.0,0.0,10.0,25.0,0.0,0.0,0.0,4.0,205.0,2.464
665546,Muhamed Tijani,Plymouth,24.0,Centre-Forward,800.0,Nigeria,1.91,,"
                            Jul 2, 2024                        ",2025.0,14.0,1.36,2.0,1.0,0.0,10.0,4.0,2.0,0.0,0.0,0.0,231.0,461.0
737837,Sondre Langås,Derby,24.0,Centre-Back,3500.0,Norway,1.9,Keypass AS,right,2029.0,14.0,1.21,0.0,0.0,0.0,1.0,4.0,3.0,0.0,0.0,0.0,0.0,1.122
371814,Nat Phillips,Derby,28.0,Centre-Back,3500.0,England,1.9,,right,2025.0,33.0,1.33,1.0,3.0,1.0,8.0,5.0,5.0,0.0,0.0,0.0,2.277,2.277
307497,Matt Clarke,Derby,28.0,Centre-Back,2500.0,England,1.85,,left,2028.0,,,,,,,,,,,,,
148299,Curtis Nelson,Derby,32.0,Centre-Back,600.0,England,1.83,Unique Sports Group,right,2026.0,30.0,1.0,2.0,1.0,0.0,1.0,0.0,3.0,0.0,0.0,0.0,1.335,2.67
43763,Erik Pieters,Derby,36.0,Centre-Back,300.0,Netherlands,1.83,Unique Sports Group,left,2025.0,,,,,,,,,,,,,
271997,Callum Elder,Derby,30.0,Left-Back,500.0,Australia,1.8,,left,2026.0,30.0,1.13,0.0,3.0,0.0,6.0,9.0,8.0,0.0,0.0,0.0,0.0,2.229
45492,Craig Forsyth,Derby,36.0,Left-Back,75.0,Scotland,1.89,Two Touch Agency,left,2025.0,42.0,1.17,3.0,4.0,0.0,13.0,2.0,4.0,0.0,0.0,0.0,948.0,2.845
348469,Ryan Nyambe,Derby,27.0,Right-Back,1000.0,Namibia,1.83,OmniSports,right,2027.0,19.0,1.21,0.0,0.0,0.0,4.0,7.0,2.0,0.0,0.0,0.0,0.0,1.236
392774,Kane Wilson,Derby,25.0,Right-Back,500.0,England,1.78,Wasserman,right,2026.0,35.0,1.2,2.0,1.0,0.0,7.0,8.0,0.0,0.0,0.0,0.0,1.305,2.61
865993,David Ozoh,Derby,20.0,Defensive Midfield,700.0,England,1.89,Unique Sports Group,right,2025.0,12.0,1.17,1.0,0.0,0.0,2.0,7.0,0.0,0.0,0.0,0.0,840.0,840.0
581331,Liam Thompson,Derby,23.0,Defensive Midfield,500.0,England,1.73,,right,2025.0,31.0,1.29,1.0,0.0,0.0,10.0,15.0,6.0,0.0,0.0,0.0,1.809,1.809
859941,Darren Robinson,Derby,20.0,Defensive Midfield,100.0,Northern Ireland,1.77,,right,2026.0,24.0,0.96,1.0,1.0,0.0,6.0,3.0,10.0,0.0,0.0,0.0,1.667,1.667
412943,Kenzo Goudmijn,Derby,23.0,Central Midfield,1500.0,Netherlands,1.76,Team Raiola,right,2028.0,44.0,0.95,2.0,2.0,0.0,12.0,24.0,4.0,0.0,0.0,0.0,1.28,2.559
218087,Ben Osborn,Derby,30.0,Central Midfield,900.0,England,1.76,Unique Sports Group,left,2026.0,26.0,0.69,0.0,1.0,0.0,8.0,8.0,2.0,0.0,0.0,0.0,0.0,1.734
323652,Ebou Adams,Derby,29.0,Central Midfield,900.0,The Gambia,1.78,,right,2027.0,46.0,1.09,6.0,1.0,0.0,3.0,4.0,13.0,0.0,0.0,0.0,659.0,3.956
1107733,Harrison Armstrong,Derby,18.0,Central Midfield,500.0,England,1.85,,right,2025.0,29.0,1.48,6.0,2.0,0.0,7.0,7.0,4.0,0.0,1.0,0.0,330.0,1.979
148262,Jeff Hendrick,Derby,33.0,Central Midfield,400.0,Ireland,1.85,,right,2025.0,0.0,,0.0,0.0,0.0,0.0,0.0,0.0,0.0,0.0,0.0,0.0,0.0
370559,Joe Ward,Derby,29.0,Right Midfield,300.0,England,1.67,Quantum Sport,right,2026.0,9.0,0.44,0.0,0.0,0.0,5.0,4.0,1.0,0.0,0.0,0.0,0.0,295.0
288323,Marcus Harness,Derby,29.0,Attacking Midfield,800.0,Ireland,1.82,,right,2025.0,,,,,,,,,,,,,
282821,Corey Blackett-Taylor,Derby,27.0,Left Winger,500.0,England,1.8,,right,2027.0,14.0,0.43,1.0,0.0,0.0,8.0,5.0,1.0,0.0,0.0,0.0,559.0,559.0
160137,Tom Barkhuizen,Derby,31.0,Left Winger,400.0,England,1.75,,right,2025.0,22.0,0.59,0.0,0.0,0.0,18.0,4.0,2.0,0.0,0.0,0.0,0.0,549.0
125409,Nathaniel Méndez-Laing,Derby,33.0,Right Winger,400.0,Guatemala,1.78,,right,2026.0,44.0,0.93,3.0,4.0,0.0,17.0,25.0,5.0,0.0,0.0,1.0,753.0,2.258
351261,Jerry Yates,Derby,28.0,Centre-Forward,2800.0,England,1.75,,right,2025.0,,,,,,,,,,,,,
336640,Lars-Jørgen Salvesen,Derby,29.0,Centre-Forward,1000.0,Norway,1.86,Aneke/PMG,left,2027.0,8.0,0.25,1.0,0.0,0.0,2.0,3.0,0.0,0.0,0.0,0.0,488.0,488.0
141350,Kemar Roofe,Derby,32.0,Centre-Forward,800.0,Jamaica,1.78,,right,2025.0,3.0,0.33,0.0,0.0,0.0,3.0,0.0,0.0,0.0,0.0,0.0,0.0,10.0
378872,Kayden Jackson,Derby,31.0,Centre-Forward,275.0,England,1.81,PANTHERA,right,2026.0,,,,,,,,,,,,,
847371,Dajaune Brown,Derby,19.0,Centre-Forward,250.0,Jamaica,1.82,,right,2027.0,19.0,0.84,2.0,1.0,0.0,13.0,6.0,0.0,0.0,0.0,0.0,320.0,639.0
249815,Conor Washington,Derby,33.0,Centre-Forward,150.0,Northern Ireland,1.78,,right,2025.0,,,,,,,,,,,,,
1109824,Hayden Matthews,Portsmouth,20.0,Centre-Back,1300.0,Australia,1.95,,right,2029.0,,,,,,,,,,,,,
531783,Rob Atkinson,Portsmouth,26.0,Centre-Back,1200.0,England,1.93,,left,2025.0,16.0,1.56,2.0,1.0,1.0,1.0,5.0,5.0,0.0,0.0,0.0,618.0,1.236
255626,Conor Shaughnessy,Portsmouth,28.0,Centre-Back,800.0,Ireland,1.91,,right,2027.0,,,,,,,,,,,,,
696347,Ibane Bowat,Portsmouth,22.0,Centre-Back,800.0,Scotland,1.9,,left,2027.0,0.0,,0.0,0.0,0.0,0.0,0.0,0.0,0.0,0.0,0.0,0.0,0.0
801422,Ryley Towler,Portsmouth,23.0,Centre-Back,700.0,England,1.87,,left,2026.0,14.0,0.86,1.0,0.0,0.0,3.0,0.0,3.0,0.0,0.0,0.0,1.069,1.069
340194,Regan Poole,Portsmouth,26.0,Centre-Back,600.0,Wales,1.8,,right,2027.0,27.0,1.19,1.0,0.0,1.0,4.0,3.0,5.0,0.0,0.0,0.0,2.142,2.142
171376,Alexander Milosevic,Portsmouth,33.0,Centre-Back,300.0,Sweden,1.93,,right,2025.0,,,,,,,,,,,,,
949477,Jacob Farrell,Portsmouth,22.0,Left-Back,500.0,Australia,1.8,Republic Sports Mgt,left,2028.0,1.0,1.0,0.0,0.0,0.0,0.0,0.0,0.0,0.0,0.0,0.0,0.0,90.0
480191,Cohen Bramall,Portsmouth,29.0,Left-Back,450.0,England,1.78,PANTHERA,left,2025.0,33.0,1.42,0.0,2.0,0.0,19.0,4.0,5.0,0.0,0.0,0.0,0.0,1.642
236509,Connor Ogilvie,Portsmouth,29.0,Left-Back,275.0,England,1.84,PANTHERA,left,2026.0,46.0,1.15,4.0,1.0,1.0,0.0,1.0,5.0,0.0,0.0,0.0,1.03,4.119
346468,Jordan Williams,Portsmouth,25.0,Right-Back,800.0,England,1.79,,right,2027.0,22.0,1.05,0.0,0.0,0.0,5.0,10.0,6.0,0.0,0.0,0.0,0.0,1.394
693440,Terry Devlin,Portsmouth,21.0,Right-Back,800.0,Northern Ireland,1.8,,right,2028.0,36.0,1.25,0.0,1.0,0.0,21.0,4.0,3.0,0.0,0.0,0.0,0.0,1.726
540687,Zak Swanson,Portsmouth,24.0,Right-Back,400.0,England,1.89,,right,2026.0,,,,,,,,,,,,,
206225,Isaac Hayden,Portsmouth,30.0,Defensive Midfield,1000.0,Jamaica,1.87,Unique Sports Group,right,2025.0,,,,,,,,,,,,,
698164,Freddie Potts,Portsmouth,21.0,Defensive Midfield,800.0,England,1.83,CAA Stellar,right,2025.0,38.0,1.11,1.0,4.0,0.0,2.0,10.0,7.0,0.0,0.0,0.0,3.108,3.108
718232,Abdoulaye Kamara,Portsmouth,20.0,Defensive Midfield,800.0,Guinea,1.85,SBE Management AG,right,2028.0,7.0,0.57,1.0,0.0,0.0,6.0,0.0,1.0,0.0,0.0,0.0,211.0,211.0
346467,Andre Dozzell,Portsmouth,26.0,Central Midfield,1000.0,England,1.78,CAA Stellar,left,2026.0,41.0,1.1,2.0,1.0,0.0,9.0,16.0,10.0,0.0,0.0,0.0,1.449,2.898
118779,Marlon Pack,Portsmouth,34.0,Central Midfield,250.0,England,1.88,Wasserman,right,2026.0,41.0,1.2,0.0,2.0,1.0,11.0,4.0,8.0,0.0,1.0,0.0,0.0,2.706
92469,Matt Ritchie,Portsmouth,35.0,Right Midfield,350.0,Scotland,1.73,,left,2026.0,41.0,1.2,5.0,1.0,0.0,12.0,25.0,7.0,0.0,0.0,0.0,464.0,2.322
569385,Adil Aouchiche,Portsmouth,22.0,Attacking Midfield,2500.0,France,1.81,,right,2025.0,24.0,1.58,3.0,4.0,0.0,8.0,11.0,2.0,0.0,0.0,0.0,454.0,1.361
199528,Josh Murphy,Portsmouth,30.0,Left Winger,800.0,England,1.73,,right,2027.0,,,,,,,,,,,,,
732119,Kaide Gordon,Portsmouth,20.0,Right Winger,1200.0,England,1.73,CAA Stellar,left,2025.0,16.0,0.88,1.0,0.0,0.0,14.0,2.0,1.0,0.0,0.0,0.0,372.0,372.0
904722,Paddy Lane,Portsmouth,24.0,Right Winger,700.0,Northern Ireland,1.77,Wasserman,left,2026.0,24.0,0.92,1.0,1.0,0.0,10.0,12.0,2.0,0.0,0.0,0.0,1.162,1.162
425865,Callum Lang,Portsmouth,26.0,Second Striker,2500.0,England,1.83,,right,2026.0,33.0,1.15,10.0,2.0,0.0,5.0,11.0,10.0,0.0,0.0,2.0,246.0,2.459
307069,Colby Bishop,Portsmouth,28.0,Centre-Forward,1000.0,England,1.8,Unique Sports Group,right,2028.0,,,,,,,,,,,,,
708099,Kusini Yengi,Portsmouth,26.0,Centre-Forward,700.0,Australia,1.9,,right,2025.0,,,,,,,,,,,,,
943549,Mark O'Mahony,Portsmouth,20.0,Centre-Forward,500.0,Ireland,1.82,,right,2025.0,14.0,0.93,4.0,0.0,0.0,9.0,5.0,1.0,0.0,0.0,0.0,168.0,673.0
655835,Christian Saydee,Portsmouth,23.0,Centre-Forward,400.0,England,1.84,Unique Sports Group,right,2026.0,31.0,0.77,3.0,0.0,0.0,19.0,10.0,6.0,0.0,0.0,0.0,438.0,1.314
1069559,Thomas Waddingham,Portsmouth,20.0,Centre-Forward,400.0,Australia,1.85,,"
                            Jan 22, 2025                        ",2028.0,,,,,,,,,,,,,
255383,Michal Helik,Oxford United,29.0,Centre-Back,1800.0,Poland,1.91,CAA Stellar,right,2026.0,,,,,,,,,,,,,
611845,Ciaron Brown,Oxford United,27.0,Centre-Back,700.0,Northern Ireland,1.85,,left,2025.0,42.0,1.07,4.0,3.0,0.0,0.0,1.0,6.0,0.0,0.0,0.0,926.0,3.702
341993,Elliott Moore,Oxford United,28.0,Centre-Back,500.0,England,1.96,,right,,27.0,1.19,1.0,2.0,0.0,3.0,4.0,7.0,0.0,0.0,0.0,2.089,2.089
714458,Ben Nelson,Oxford United,21.0,Centre-Back,400.0,England,1.93,Wasserman,right,2025.0,17.0,1.24,1.0,0.0,0.0,1.0,3.0,1.0,0.0,0.0,0.0,1.373,1.373
411255,Jordan Thorniley,Oxford United,28.0,Centre-Back,275.0,England,1.81,,left,,4.0,1.25,0.0,0.0,0.0,2.0,0.0,0.0,0.0,0.0,0.0,0.0,260.0
201586,Greg Leigh,Oxford United,30.0,Left-Back,275.0,Jamaica,1.81,Wasserman,left,,37.0,1.24,6.0,1.0,0.0,10.0,4.0,1.0,0.0,0.0,0.0,434.0,2.606
90964,Joe Bennett,Oxford United,35.0,Left-Back,75.0,England,1.78,,left,2025.0,12.0,1.42,0.0,0.0,0.0,4.0,4.0,1.0,0.0,0.0,0.0,0.0,744.0
258519,Hidde ter Avest,Oxford United,28.0,Right-Back,1500.0,Netherlands,1.82,,right,,22.0,1.18,1.0,0.0,0.0,11.0,6.0,1.0,0.0,0.0,0.0,1.062,1.062
595652,Peter Kioso,Oxford United,25.0,Right-Back,700.0,DR Congo,1.83,Refuel Performance ...,right,,33.0,1.06,0.0,1.0,0.0,5.0,10.0,5.0,0.0,0.0,0.0,0.0,2.507
238591,Sam Long,Oxford United,30.0,Right-Back,250.0,England,1.8,Unique Sports Group,right,2026.0,,,,,,,,,,,,,
238427,Will Vaulks,Oxford United,31.0,Defensive Midfield,700.0,Wales,1.8,,right,,,,,,,,,,,,,,
670850,Alex Matos,Oxford United,20.0,Central Midfield,1000.0,England,1.75,Wasserman,right,2025.0,31.0,1.39,0.0,0.0,0.0,13.0,11.0,8.0,0.0,0.0,0.0,0.0,1.652
261357,Cameron Brannagan,Oxford United,29.0,Central Midfield,500.0,England,1.8,,right,,,,,,,,,,,,,,
633399,Idris El Mizouni,Oxford United,24.0,Central Midfield,450.0,Tunisia,1.85,,right,2027.0,31.0,1.1,1.0,2.0,0.0,17.0,8.0,2.0,0.0,0.0,0.0,1.42,1.42
128905,Josh McEachran,Oxford United,32.0,Central Midfield,200.0,England,1.78,Refuel Performance ...,left,2025.0,15.0,0.87,0.0,1.0,0.0,6.0,8.0,1.0,0.0,0.0,0.0,0.0,721.0
875219,Marselino Ferdinan,Oxford United,20.0,Attacking Midfield,300.0,Indonesia,1.78,,right,2026.0,2.0,0.5,0.0,0.0,0.0,2.0,0.0,1.0,0.0,0.0,0.0,0.0,14.0
488656,Siriki Dembélé,Oxford United,28.0,Left Winger,2200.0,Scotland,1.73,,right,,,,,,,,,,,,,,
383109,Przemyslaw Placheta,Oxford United,27.0,Left Winger,1000.0,Poland,1.78,KFM,left,2026.0,,,,,,,,,,,,,
700441,Tyler Goodrham,Oxford United,21.0,Right Winger,2500.0,Ireland,1.7,,right,2027.0,44.0,1.09,4.0,6.0,0.0,10.0,12.0,6.0,0.0,1.0,0.0,791.0,3.162
77274,Matt Phillips,Oxford United,34.0,Right Winger,300.0,Scotland,1.83,,right,,30.0,1.23,2.0,2.0,0.0,18.0,12.0,2.0,0.0,0.0,0.0,532.0,1.063
361070,Ole Romeny,Oxford United,24.0,Centre-Forward,1300.0,Indonesia,1.85,Joost Ebergen & Len ...,right,2028.0,28.0,1.68,3.0,0.0,1.0,13.0,15.0,4.0,0.0,0.0,0.0,449.0,1.348
344012,Mark Harris,Oxford United,26.0,Centre-Forward,700.0,Wales,1.82,,right,2026.0,,,,,,,,,,,,,
139781,Tom Bradshaw,Oxford United,32.0,Centre-Forward,450.0,Wales,1.78,General Sports ...,right,,24.0,0.96,1.0,0.0,0.0,16.0,8.0,1.0,0.0,0.0,1.0,855.0,855.0
344695,Dayot Upamecano,Bayern Munich,26.0,Centre-Back,50000.0,France,1.86,,right,2026.0,33.0,2.27,2.0,1.0,0.0,0.0,5.0,8.0,0.0,0.0,0.0,1.464,2.928
503482,Min-jae Kim,Bayern Munich,28.0,Centre-Back,45000.0,"Korea, South",1.9,,right,2028.0,43.0,2.26,3.0,0.0,0.0,0.0,16.0,4.0,0.0,0.0,0.0,1.198,3.593
353892,Hiroki Ito,Bayern Munich,26.0,Centre-Back,30000.0,Japan,1.88,,left,2028.0,,,,,,,,,,,,,
175722,Eric Dier,Bayern Munich,31.0,Centre-Back,8000.0,England,1.91,,right,2025.0,28.0,2.32,3.0,1.0,0.0,8.0,3.0,2.0,0.0,0.0,0.0,611.0,1.833
744729,Tarek Buchmann,Bayern Munich,20.0,Centre-Back,500.0,Germany,1.88,WINS,right,2026.0,2.0,,0.0,0.0,0.0,0.0,2.0,1.0,0.0,0.0,0.0,0.0,66.0
424204,Alphonso Davies,Bayern Munich,24.0,Left-Back,50000.0,Canada,1.83,ATG Sports,left,2030.0,31.0,2.29,3.0,4.0,0.0,4.0,6.0,0.0,0.0,0.0,0.0,805.0,2.416
170986,Raphaël Guerreiro,Bayern Munich,31.0,Left-Back,10000.0,Portugal,1.7,Wasserman,left,2026.0,34.0,2.26,5.0,3.0,0.0,8.0,20.0,2.0,0.0,0.0,0.0,446.0,2.228
483046,Josip Stanisic,Bayern Munich,25.0,Right-Back,28000.0,Croatia,1.87,,both,2029.0,21.0,2.14,0.0,2.0,0.0,7.0,2.0,0.0,0.0,0.0,0.0,0.0,1.384
223967,Konrad Laimer,Bayern Munich,27.0,Right-Back,25000.0,Austria,1.8,ROOF,right,2027.0,42.0,2.17,3.0,3.0,0.0,11.0,14.0,11.0,0.0,0.0,0.0,880.0,2.641
475413,Sacha Boey,Bayern Munich,24.0,Right-Back,18000.0,France,1.78,CAA Stellar,right,2028.0,17.0,1.94,0.0,3.0,0.0,10.0,6.0,1.0,0.0,0.0,0.0,0.0,714.0
161056,Joshua Kimmich,Bayern Munich,30.0,Defensive Midfield,50000.0,Germany,1.77,,right,2029.0,50.0,2.22,3.0,12.0,0.0,1.0,1.0,6.0,0.0,0.0,0.0,1.459,4.377
792380,Aleksandar Pavlovic,Bayern Munich,21.0,Defensive Midfield,50000.0,Germany,1.88,,both,2029.0,28.0,2.14,1.0,1.0,0.0,6.0,12.0,2.0,0.0,0.0,0.0,1.843,1.843
257455,João Palhinha,Bayern Munich,29.0,Defensive Midfield,40000.0,Portugal,1.9,,right,2028.0,24.0,2.46,0.0,0.0,0.0,15.0,3.0,2.0,0.0,1.0,0.0,0.0,941.0
153084,Leon Goretzka,Bayern Munich,30.0,Central Midfield,22000.0,Germany,1.89,ROOF,right,2026.0,40.0,2.13,5.0,2.0,0.0,17.0,8.0,7.0,0.0,0.0,0.0,452.0,2.26
580195,Jamal Musiala,Bayern Munich,22.0,Attacking Midfield,140000.0,Germany,1.84,WINS,right,2030.0,,,,,,,,,,,,,
243714,Kingsley Coman,Bayern Munich,28.0,Left Winger,35000.0,France,1.81,,right,2027.0,,,,,,,,,,,,,
159471,Serge Gnabry,Bayern Munich,29.0,Left Winger,25000.0,Germany,1.76,ROOF,right,2026.0,42.0,2.19,7.0,8.0,0.0,22.0,13.0,2.0,0.0,0.0,0.0,281.0,1.968
566723,Michael Olise,Bayern Munich,23.0,Right Winger,80000.0,France,1.84,,left,2029.0,50.0,2.22,17.0,21.0,0.0,8.0,24.0,4.0,0.0,0.0,1.0,205.0,3.482
192565,Leroy Sané,Bayern Munich,29.0,Right Winger,38000.0,Germany,1.83,,left,2025.0,45.0,2.18,13.0,6.0,0.0,20.0,16.0,4.0,0.0,0.0,0.0,183.0,2.377
58358,Thomas Müller,Bayern Munich,35.0,Second Striker,6000.0,Germany,1.85,,right,2025.0,,,,,,,,,,,,,
604327,Gabriel Vidovic,Bayern Munich,21.0,Second Striker,3000.0,Croatia,1.8,,right,2026.0,6.0,2.0,0.0,0.0,0.0,5.0,1.0,0.0,0.0,0.0,0.0,0.0,70.0
132098,Harry Kane,Bayern Munich,31.0,Centre-Forward,90000.0,England,1.88,,right,2027.0,46.0,2.33,38.0,13.0,0.0,4.0,16.0,6.0,0.0,0.0,13.0,94.0,3.582
659813,Piero Hincapié,B. Leverkusen,23.0,Centre-Back,50000.0,Ecuador,1.84,AS1,left,2029.0,45.0,1.96,3.0,2.0,1.0,5.0,4.0,9.0,1.0,0.0,0.0,1.263,3.788
564545,Edmond Tapsoba,B. Leverkusen,26.0,Centre-Back,40000.0,Burkina Faso,1.94,,right,2028.0,43.0,2.02,0.0,2.0,1.0,2.0,6.0,7.0,0.0,0.0,0.0,0.0,3.586
196357,Jonathan Tah,B. Leverkusen,29.0,Centre-Back,30000.0,Germany,1.95,,right,2025.0,49.0,1.98,4.0,1.0,0.0,1.0,0.0,6.0,0.0,0.0,0.0,1.1,4.399
919515,Jeanuël Belocian,B. Leverkusen,20.0,Centre-Back,15000.0,France,1.82,One Team Football,left,2029.0,,,,,,,,,,,,,
281769,Mario Hermoso,B. Leverkusen,29.0,Centre-Back,10000.0,Spain,1.84,,left,2025.0,20.0,1.55,1.0,0.0,0.0,9.0,1.0,1.0,1.0,0.0,0.0,1.062,1.062
193082,Alejandro Grimaldo,B. Leverkusen,29.0,Left-Back,40000.0,Spain,1.71,Wasserman,left,2027.0,48.0,2.04,4.0,13.0,0.0,4.0,17.0,5.0,1.0,0.0,0.0,967.0,3.869
484547,Jeremie Frimpong,B. Leverkusen,24.0,Right-Back,50000.0,Netherlands,1.72,Prolific Sports ...,right,2028.0,,,,,,,,,,,,,
348026,Nordi Mukiele,B. Leverkusen,27.0,Right-Back,10000.0,France,1.87,Sport Cover,right,2025.0,24.0,2.08,2.0,1.0,1.0,5.0,6.0,5.0,1.0,0.0,0.0,791.0,1.582
977464,Arthur,B. Leverkusen,22.0,Right-Back,7000.0,Brazil,1.74,Roc Nation Sports,right,2028.0,28.0,2.0,0.0,1.0,0.0,18.0,8.0,1.0,0.0,0.0,0.0,0.0,1.012
111455,Granit Xhaka,B. Leverkusen,32.0,Defensive Midfield,17000.0,Switzerland,1.86,Signature - ISCM AG,left,2028.0,,,,,,,,,,,,,
159088,Robert Andrich,B. Leverkusen,30.0,Defensive Midfield,15000.0,Germany,1.87,,right,2028.0,,,,,,,,,,,,,
401578,Exequiel Palacios,B. Leverkusen,26.0,Central Midfield,40000.0,Argentina,1.78,Eleven Talent Group,right,2028.0,,,,,,,,,,,,,
261504,Aleix García,B. Leverkusen,27.0,Central Midfield,20000.0,Spain,1.73,,right,2029.0,42.0,2.07,5.0,4.0,0.0,18.0,11.0,6.0,0.0,0.0,0.0,424.0,2.119
340322,Nathan Tella,B. Leverkusen,25.0,Right Midfield,18000.0,Nigeria,1.73,CAA Stellar,right,2028.0,40.0,2.0,4.0,5.0,0.0,16.0,23.0,3.0,0.0,0.0,0.0,501.0,2.004
598577,Florian Wirtz,B. Leverkusen,22.0,Attacking Midfield,140000.0,Germany,1.77,,right,2027.0,45.0,2.02,16.0,15.0,0.0,9.0,16.0,8.0,0.0,0.0,3.0,212.0,3.392
321247,Emiliano Buendía,B. Leverkusen,28.0,Attacking Midfield,18000.0,Argentina,1.72,Universal Twenty Two,right,2025.0,34.0,1.88,5.0,0.0,0.0,26.0,9.0,2.0,0.0,0.0,0.0,157.0,786.0
7161,Jonas Hofmann,B. Leverkusen,32.0,Attacking Midfield,3000.0,Germany,1.76,,right,2027.0,17.0,1.76,3.0,2.0,0.0,10.0,5.0,1.0,0.0,0.0,0.0,217.0,651.0
532776,Amine Adli,B. Leverkusen,25.0,Left Winger,22000.0,Morocco,1.8,Concept Sport Agency,left,2028.0,28.0,1.79,2.0,2.0,0.0,17.0,11.0,3.0,0.0,0.0,0.0,595.0,1.189
442891,Martin Terrier,B. Leverkusen,28.0,Left Winger,17000.0,France,1.84,FAIR SPORT MNG,right,2029.0,,,,,,,,,,,,,
656681,Victor Boniface,B. Leverkusen,24.0,Centre-Forward,45000.0,Nigeria,1.9,Aneke/PMG,right,2028.0,27.0,1.96,11.0,2.0,0.0,11.0,16.0,4.0,0.0,0.0,0.0,126.0,1.387
242086,Patrik Schick,B. Leverkusen,29.0,Centre-Forward,27000.0,Czech Republic,1.91,,left,2027.0,45.0,1.93,27.0,1.0,0.0,18.0,16.0,5.0,0.0,0.0,1.0,93.0,2.505
1000675,Alejo Sarco,B. Leverkusen,19.0,Centre-Forward,800.0,Argentina,1.79,Hernan Berman,left,2029.0,4.0,2.5,0.0,0.0,0.0,0.0,2.0,0.0,0.0,0.0,0.0,0.0,291.0
618472,Castello Lukeba,RB Leipzig,22.0,Centre-Back,50000.0,France,1.84,BS Group - BS Law,left,2029.0,31.0,1.52,0.0,0.0,1.0,9.0,6.0,7.0,0.0,0.0,0.0,0.0,2.017
787912,El Chadaille Bitshiabu,RB Leipzig,20.0,Centre-Back,12000.0,France,1.96,Gestifute,left,2028.0,,,,,,,,,,,,,
93740,Willi Orbán,RB Leipzig,32.0,Centre-Back,10000.0,Hungary,1.86,ROGON,right,2027.0,38.0,1.45,5.0,1.0,0.0,0.0,0.0,5.0,0.0,2.0,0.0,679.0,3.394
215599,Lukas Klostermann,RB Leipzig,28.0,Centre-Back,8000.0,Germany,1.89,,right,2028.0,35.0,1.74,1.0,0.0,0.0,13.0,6.0,5.0,0.0,0.0,0.0,2.037,2.037
318204,David Raum,RB Leipzig,27.0,Left-Back,25000.0,Germany,1.81,ROOF,left,2027.0,29.0,1.45,1.0,6.0,0.0,2.0,8.0,7.0,0.0,0.0,0.0,2.3,2.3
420210,Lutsharel Geertruida,RB Leipzig,24.0,Right-Back,27000.0,Netherlands,1.84,Wasserman,right,2029.0,39.0,1.44,1.0,1.0,0.0,8.0,11.0,3.0,0.0,0.0,0.0,2.808,2.808
202591,Benjamin Henrichs,RB Leipzig,28.0,Right-Back,17000.0,Germany,1.85,CN Sports,right,2028.0,24.0,1.5,0.0,2.0,0.0,7.0,5.0,6.0,0.0,0.0,0.0,0.0,1.613
848682,Kosta Nedeljkovic,RB Leipzig,19.0,Right-Back,8500.0,Serbia,1.84,,right,2025.0,21.0,1.24,0.0,0.0,0.0,12.0,6.0,1.0,0.0,0.0,0.0,0.0,896.0
327251,Ridle Baku,RB Leipzig,27.0,Right-Back,7000.0,Germany,1.76,Sports360 GmbH,right,2027.0,39.0,1.46,4.0,6.0,0.0,5.0,17.0,3.0,0.0,0.0,0.0,720.0,2.88
926694,Arthur Vermeeren,RB Leipzig,20.0,Defensive Midfield,22000.0,Belgium,1.8,TEAM VERMEEREN,right,2025.0,39.0,1.28,0.0,2.0,0.0,13.0,20.0,7.0,0.0,0.0,0.0,0.0,2.253
402008,Amadou Haidara,RB Leipzig,27.0,Central Midfield,20000.0,Mali,1.78,ROOF,right,2026.0,40.0,1.53,0.0,2.0,0.0,14.0,22.0,9.0,0.0,0.0,0.0,0.0,2.106
223979,Xaver Schlager,RB Leipzig,27.0,Central Midfield,18000.0,Austria,1.74,ROOF,left,2026.0,5.0,1.8,0.0,0.0,0.0,3.0,2.0,1.0,0.0,0.0,0.0,0.0,200.0
404950,Nicolas Seiwald,RB Leipzig,24.0,Central Midfield,16000.0,Austria,1.8,YOU FIRST,right,2028.0,41.0,1.37,0.0,1.0,0.0,14.0,7.0,4.0,0.0,0.0,0.0,0.0,2.756
53418,Kevin Kampl,RB Leipzig,34.0,Central Midfield,3000.0,Slovenia,1.78,MR Sport Management ...,right,2026.0,34.0,1.5,1.0,0.0,0.0,11.0,14.0,5.0,0.0,0.0,0.0,2.113,2.113
566931,Xavi Simons,RB Leipzig,22.0,Attacking Midfield,70000.0,Netherlands,1.79,,right,2027.0,33.0,1.48,11.0,8.0,0.0,1.0,12.0,6.0,0.0,0.0,0.0,251.0,2.763
324278,Christoph Baumgartner,RB Leipzig,25.0,Attacking Midfield,15000.0,Austria,1.8,YOU FIRST,right,2028.0,43.0,1.42,5.0,2.0,0.0,17.0,17.0,7.0,0.0,0.0,0.0,454.0,2.271
1074526,Viggo Gebel,RB Leipzig U19,17.0,Attacking Midfield,350.0,Germany,1.75,,"
                            Jul 1, 2024                        ",,,,,,,,,,,,,,
894914,Antonio Nusa,RB Leipzig,20.0,Left Winger,28000.0,Norway,1.83,Aneke/PMG,right,2029.0,40.0,1.28,5.0,8.0,0.0,14.0,11.0,0.0,0.0,0.0,0.0,487.0,2.437
955448,Tidiam Gomis,RB Leipzig,18.0,Left Winger,3000.0,France,1.83,,right,2029.0,31.0,0.87,2.0,3.0,0.0,17.0,14.0,2.0,0.0,0.0,0.0,644.0,1.287
627442,Benjamin Sesko,RB Leipzig,21.0,Centre-Forward,65000.0,Slovenia,1.95,Pro transfer,right,2029.0,45.0,1.38,21.0,6.0,0.0,5.0,26.0,1.0,1.0,0.0,4.0,155.0,3.258
368887,Loïs Openda,RB Leipzig,25.0,Centre-Forward,60000.0,Belgium,1.77,,right,2028.0,,,,,,,,,,,,,
157635,Yussuf Poulsen,RB Leipzig,30.0,Centre-Forward,5000.0,Denmark,1.92,,right,2026.0,29.0,1.31,5.0,0.0,0.0,25.0,4.0,1.0,0.0,0.0,0.0,121.0,604.0
388198,Nico Schlotterbeck,Bor. Dortmund,25.0,Centre-Back,40000.0,Germany,1.91,Robert Schneider,left,2027.0,37.0,1.57,0.0,6.0,0.0,0.0,0.0,7.0,1.0,1.0,0.0,0.0,3.274
193004,Waldemar Anton,Bor. Dortmund,28.0,Centre-Back,18000.0,Germany,1.89,,right,2028.0,37.0,1.84,3.0,3.0,1.0,8.0,4.0,5.0,0.0,0.0,0.0,876.0,2.628
166601,Niklas Süle,Bor. Dortmund,29.0,Centre-Back,8000.0,Germany,1.95,Sports360 GmbH,right,2026.0,,,,,,,,,,,,,
883007,Filippo Mané,Bor. Dortmund,20.0,Centre-Back,600.0,Italy,1.88,,right,2028.0,,,,,,,,,,,,,
284732,Ramy Bensebaini,Bor. Dortmund,30.0,Left-Back,7000.0,Algeria,1.87,HCM Sports ...,left,2027.0,44.0,1.82,3.0,7.0,1.0,12.0,11.0,11.0,0.0,0.0,0.0,962.0,2.886
579287,Daniel Svensson,Bor. Dortmund,23.0,Left-Back,5500.0,Sweden,1.83,KSM AGENCY,left,2025.0,35.0,1.86,1.0,5.0,0.0,4.0,4.0,2.0,0.0,0.0,0.0,2.826,2.826
884820,Almugera Kabar,Bor. Dortmund,18.0,Left-Back,1000.0,Germany,1.86,,left,2028.0,,,,,,,,,,,,,
627228,Yan Couto,Bor. Dortmund,22.0,Right-Back,20000.0,Brazil,1.68,CAA Stellar,right,2030.0,30.0,1.8,0.0,1.0,0.0,20.0,7.0,7.0,0.0,0.0,0.0,0.0,1.147
370789,Julian Ryerson,Bor. Dortmund,27.0,Right-Back,20000.0,Norway,1.83,,right,2028.0,42.0,1.67,2.0,4.0,0.0,3.0,19.0,6.0,1.0,0.0,0.0,1.644,3.287
119296,Emre Can,Bor. Dortmund,31.0,Defensive Midfield,7000.0,Germany,1.86,ISM Int. Soccer ...,right,2026.0,,,,,,,,,,,,,
244940,Salih Özcan,Bor. Dortmund,27.0,Defensive Midfield,5000.0,Türkiye,1.83,Dirk Hebel,right,2026.0,26.0,1.96,0.0,0.0,0.0,20.0,3.0,1.0,0.0,0.0,0.0,0.0,790.0
406640,Felix Nmecha,Bor. Dortmund,24.0,Central Midfield,28000.0,Germany,1.9,,right,2028.0,36.0,1.67,5.0,3.0,0.0,9.0,13.0,6.0,0.0,0.0,0.0,450.0,2.251
659459,Carney Chukwuemeka,Bor. Dortmund,21.0,Central Midfield,15000.0,England,1.88,,right,2025.0,,,,,,,,,,,,,
106987,Marcel Sabitzer,Bor. Dortmund,31.0,Central Midfield,10000.0,Austria,1.78,ROGON,right,2027.0,39.0,1.64,1.0,0.0,0.0,10.0,13.0,5.0,0.0,0.0,0.0,2.572,2.572
82873,Pascal Groß,Bor. Dortmund,33.0,Central Midfield,7000.0,Germany,1.81,Excellence Sport,right,2026.0,45.0,1.78,1.0,15.0,0.0,5.0,17.0,8.0,0.0,1.0,0.0,3.464,3.464
884810,Kjell Wätjen,Bor. Dortmund,19.0,Central Midfield,2000.0,Germany,1.84,CAA Stellar,right,2028.0,27.0,1.0,7.0,1.0,1.0,2.0,18.0,3.0,0.0,0.0,0.0,266.0,1.862
187492,Julian Brandt,Bor. Dortmund,29.0,Attacking Midfield,25000.0,Germany,1.85,,right,2026.0,45.0,1.78,6.0,15.0,0.0,4.0,25.0,1.0,0.0,0.0,0.0,568.0,3.41
504215,Giovanni Reyna,Bor. Dortmund,22.0,Attacking Midfield,10000.0,United States,1.85,ROOF,right,2026.0,25.0,1.64,2.0,1.0,0.0,20.0,5.0,3.0,0.0,0.0,0.0,307.0,614.0
670882,Jamie Gittens,Bor. Dortmund,20.0,Left Winger,50000.0,England,1.78,,right,2028.0,48.0,1.71,12.0,5.0,0.0,14.0,27.0,5.0,0.0,0.0,0.0,233.0,2.791
819215,Julien Duranville,Bor. Dortmund,19.0,Left Winger,8500.0,Belgium,1.73,,right,,24.0,1.67,1.0,2.0,0.0,18.0,6.0,4.0,0.0,0.0,0.0,707.0,707.0
496094,Karim Adeyemi,Bor. Dortmund,23.0,Right Winger,40000.0,Germany,1.8,ROOF,left,2027.0,36.0,1.92,12.0,9.0,0.0,9.0,25.0,6.0,0.0,0.0,0.0,183.0,2.201
866579,Cole Campbell,Bor. Dortmund,19.0,Right Winger,1500.0,United States,1.7,,left,2028.0,23.0,1.3,3.0,3.0,0.0,9.0,10.0,1.0,0.0,0.0,0.0,402.0,1.206
270541,Serhou Guirassy,Bor. Dortmund,29.0,Centre-Forward,40000.0,Guinea,1.87,,right,2028.0,45.0,1.62,34.0,9.0,0.0,3.0,8.0,6.0,0.0,0.0,8.0,112.0,3.806
578392,Maximilian Beier,Bor. Dortmund,22.0,Centre-Forward,25000.0,Germany,1.85,WINS,right,2029.0,,,,,,,,,,,,,
303219,Jeff Chabot,VfB Stuttgart,27.0,Centre-Back,12000.0,Germany,1.95,Wasserman,left,2028.0,,,,,,,,,,,,,
924117,Finn Jeltsch,VfB Stuttgart,18.0,Centre-Back,12000.0,Germany,1.88,Match2gether,right,2030.0,33.0,1.36,1.0,0.0,0.0,3.0,5.0,6.0,0.0,0.0,0.0,2.665,2.665
620598,Ameen Al-Dakhil,VfB Stuttgart,23.0,Centre-Back,7500.0,Belgium,1.87,,right,2028.0,13.0,1.23,0.0,0.0,0.0,3.0,7.0,0.0,0.0,1.0,0.0,0.0,724.0
539798,Luca Jaquez,VfB Stuttgart,21.0,Centre-Back,6000.0,Switzerland,1.87,sportsfamilyoffice,right,2029.0,25.0,1.92,3.0,0.0,0.0,3.0,4.0,2.0,0.0,0.0,0.0,663.0,1.989
344598,Dan-Axel Zagadou,VfB Stuttgart,25.0,Centre-Back,6000.0,France,1.96,,left,2026.0,3.0,2.0,0.0,0.0,0.0,3.0,0.0,1.0,0.0,0.0,0.0,0.0,28.0
948537,Anrie Chase,VfB Stuttgart,21.0,Centre-Back,4000.0,Japan,1.88,,right,,28.0,1.54,1.0,2.0,0.0,9.0,2.0,4.0,0.0,0.0,0.0,1.865,1.865
282660,Maximilian Mittelstädt,VfB Stuttgart,28.0,Left-Back,20000.0,Germany,1.8,Sports360 GmbH,left,2028.0,43.0,1.4,1.0,12.0,0.0,3.0,14.0,6.0,0.0,0.0,0.0,3.471,3.471
436064,Ramon Hendriks,VfB Stuttgart,23.0,Left-Back,5000.0,Netherlands,1.89,Forza Sports Group,left,2028.0,,,,,,,,,,,,,
448258,Josha Vagnoman,VfB Stuttgart,24.0,Right-Back,12000.0,Germany,1.9,FTC,right,2026.0,34.0,1.68,2.0,3.0,0.0,8.0,12.0,4.0,0.0,0.0,0.0,1.193,2.385
507345,Leonidas Stergiou,VfB Stuttgart,23.0,Right-Back,5000.0,Switzerland,1.81,ONEANDTEN,right,2028.0,19.0,1.79,1.0,2.0,0.0,6.0,6.0,0.0,0.0,1.0,0.0,1.072,1.072
195246,Pascal Stenzel,VfB Stuttgart,29.0,Right-Back,2500.0,Germany,1.83,Unique Sports Group,right,2026.0,19.0,1.53,1.0,1.0,0.0,9.0,9.0,2.0,0.0,0.0,0.0,755.0,755.0
443710,Angelo Stiller,VfB Stuttgart,24.0,Defensive Midfield,38000.0,Germany,1.83,Sports360 GmbH,left,2028.0,46.0,1.5,4.0,9.0,1.0,2.0,7.0,8.0,0.0,0.0,0.0,967.0,3.867
232320,Atakan Karazor,VfB Stuttgart,28.0,Defensive Midfield,12000.0,Türkiye,1.91,,right,2028.0,,,,,,,,,,,,,
342039,Yannik Keitel,VfB Stuttgart,25.0,Defensive Midfield,3500.0,Germany,1.86,Unique Sports Group,both,2028.0,18.0,2.0,1.0,0.0,0.0,14.0,4.0,3.0,0.0,0.0,0.0,526.0,526.0
400546,Nikolas Nartey,VfB Stuttgart,25.0,Central Midfield,400.0,Denmark,1.86,,left,2025.0,,,,,,,,,,,,,
569366,Enzo Millot,VfB Stuttgart,22.0,Attacking Midfield,35000.0,France,1.75,,left,2028.0,42.0,1.57,10.0,8.0,0.0,9.0,20.0,11.0,0.0,0.0,0.0,279.0,2.787
272278,Chris Führich,VfB Stuttgart,27.0,Left Winger,18000.0,Germany,1.81,KL Sportsbase,right,2028.0,,,,,,,,,,,,,
293281,Jacob Bruun Larsen,VfB Stuttgart,26.0,Left Winger,6000.0,Denmark,1.83,,right,2027.0,35.0,1.23,3.0,3.0,0.0,23.0,12.0,1.0,0.0,0.0,0.0,416.0,1.249
720162,Justin Diehl,VfB Stuttgart,20.0,Left Winger,3500.0,Germany,1.74,,right,2029.0,16.0,1.44,2.0,1.0,0.0,11.0,5.0,2.0,0.0,0.0,0.0,220.0,439.0
518505,Jamie Leweling,VfB Stuttgart,24.0,Right Winger,20000.0,Germany,1.85,,both,2029.0,,,,,,,,,,,,,
507341,Fabian Rieder,VfB Stuttgart,23.0,Right Winger,7000.0,Switzerland,1.79,Wasserman,left,2025.0,,,,,,,,,,,,,
907489,Luca Raimund,VfB Stuttgart,20.0,Right Winger,500.0,Germany,1.88,,left,2026.0,6.0,1.0,0.0,1.0,0.0,1.0,4.0,1.0,0.0,0.0,0.0,0.0,381.0
455661,Nick Woltemade,VfB Stuttgart,23.0,Second Striker,17000.0,Germany,1.98,,right,2028.0,,,,,,,,,,,,,
335457,Ermedin Demirovic,VfB Stuttgart,27.0,Centre-Forward,22000.0,Bosnia-Herzegovina,1.85,ROOF,right,2028.0,48.0,1.56,17.0,6.0,0.0,19.0,18.0,6.0,0.0,0.0,0.0,159.0,2.711
339314,Deniz Undav,VfB Stuttgart,28.0,Centre-Forward,22000.0,Germany,1.79,Tenet Football,both,2027.0,,,,,,,,,,,,,
649016,El Bilal Touré,VfB Stuttgart,23.0,Centre-Forward,17000.0,Mali,1.85,,both,2025.0,,,,,,,,,,,,,
610431,Wahid Faghir,VfB Stuttgart,21.0,Centre-Forward,1000.0,Denmark,1.86,BTAM,right,2026.0,22.0,1.09,8.0,1.0,0.0,10.0,10.0,2.0,0.0,0.0,1.0,126.0,1.008
675565,Thomas Kastanaras,VfB Stuttgart,22.0,Centre-Forward,500.0,Germany,1.86,Wasserman,"
                            Jul 1, 2022                        ",2026.0,33.0,1.03,7.0,3.0,0.0,15.0,13.0,2.0,0.0,0.0,0.0,239.0,1.671
368891,Arthur Theate,E. Frankfurt,24.0,Centre-Back,24000.0,Belgium,1.85,,left,2029.0,42.0,1.76,0.0,0.0,0.0,0.0,5.0,5.0,1.0,1.0,0.0,0.0,3.613
328784,Robin Koch,E. Frankfurt,28.0,Centre-Back,18000.0,Germany,1.92,WINS,right,2027.0,,,,,,,,,,,,,
546213,Tuta,E. Frankfurt,25.0,Centre-Back,15000.0,Brazil,1.85,SB SPORT,right,2026.0,44.0,1.89,2.0,0.0,1.0,4.0,10.0,8.0,0.0,0.0,0.0,1.736,3.472
684315,Nnamdi Collins,E. Frankfurt,21.0,Centre-Back,10000.0,Germany,1.91,WINS,right,2030.0,32.0,1.97,1.0,1.0,1.0,12.0,6.0,7.0,0.0,0.0,0.0,1.957,1.957
635645,Aurèle Amenda,E. Frankfurt,21.0,Centre-Back,7500.0,Switzerland,1.97,Signature - ISCM AG,right,2029.0,13.0,2.85,0.0,0.0,0.0,11.0,1.0,1.0,0.0,0.0,0.0,0.0,201.0
691892,Nathaniel Brown,E. Frankfurt,21.0,Left-Back,15000.0,Germany,1.8,,left,2030.0,33.0,1.79,3.0,7.0,0.0,6.0,14.0,3.0,0.0,0.0,0.0,794.0,2.382
591193,Niels Nkounkou,E. Frankfurt,24.0,Left-Back,5000.0,France,1.8,,left,2028.0,23.0,1.57,0.0,0.0,0.0,13.0,8.0,4.0,0.0,0.0,0.0,0.0,946.0
369684,Rasmus Kristensen,E. Frankfurt,27.0,Right-Back,10000.0,Denmark,1.87,BTAM,right,2025.0,,,,,,,,,,,,,
49723,Timothy Chandler,E. Frankfurt,35.0,Right-Back,350.0,United States,1.87,Sports eXcellence ...,right,2026.0,3.0,2.33,0.0,0.0,0.0,3.0,0.0,0.0,0.0,0.0,0.0,0.0,22.0
290587,Ellyes Skhiri,E. Frankfurt,30.0,Defensive Midfield,9000.0,Tunisia,1.85,CAA Stellar,right,2027.0,45.0,1.89,2.0,4.0,0.0,9.0,9.0,8.0,0.0,0.0,0.0,1.605,3.209
931838,Hugo Larsson,E. Frankfurt,20.0,Central Midfield,40000.0,Sweden,1.87,HCM Sports ...,right,2029.0,47.0,1.87,6.0,2.0,0.0,7.0,20.0,3.0,0.0,0.0,0.0,574.0,3.442
846310,Oscar Højlund,E. Frankfurt,20.0,Central Midfield,7500.0,Denmark,1.87,FConsult,right,2029.0,22.0,1.64,1.0,0.0,0.0,15.0,5.0,0.0,0.0,0.0,0.0,741.0,741.0
191422,Mahmoud Dahoud,E. Frankfurt,29.0,Central Midfield,5000.0,Syria,1.78,ISM Int. Soccer ...,right,2026.0,18.0,1.83,1.0,1.0,0.0,9.0,6.0,3.0,0.0,0.0,0.0,866.0,866.0
536482,Junior Dina Ebimbe,E. Frankfurt,24.0,Right Midfield,7000.0,France,1.84,ROGON,right,2027.0,12.0,2.0,2.0,2.0,0.0,6.0,6.0,1.0,0.0,0.0,0.0,251.0,502.0
816585,Can Uzun,E. Frankfurt,19.0,Attacking Midfield,18000.0,Türkiye,1.86,WINS,right,2029.0,31.0,1.61,5.0,3.0,0.0,22.0,9.0,1.0,0.0,0.0,0.0,200.0,1.001
855015,Farès Chaïbi,E. Frankfurt,22.0,Attacking Midfield,9000.0,Algeria,1.83,,right,2028.0,,,,,,,,,,,,,
74842,Mario Götze,E. Frankfurt,32.0,Attacking Midfield,5000.0,Germany,1.76,Sports360 GmbH,right,2026.0,35.0,1.89,5.0,3.0,0.0,6.0,24.0,1.0,0.0,0.0,0.0,465.0,2.324
933217,Krisztián Lisztes,E. Frankfurt,20.0,Attacking Midfield,2000.0,Hungary,1.83,,right,2029.0,3.0,1.0,0.0,1.0,0.0,0.0,3.0,1.0,0.0,0.0,0.0,0.0,198.0
429874,Ansgar Knauff,E. Frankfurt,23.0,Right Winger,10000.0,Germany,1.8,,right,2028.0,,,,,,,,,,,,,
709726,Hugo Ekitiké,E. Frankfurt,22.0,Centre-Forward,55000.0,France,1.9,,right,2029.0,48.0,1.79,22.0,12.0,0.0,5.0,31.0,3.0,0.0,0.0,1.0,166.0,3.645
659542,Elye Wahi,E. Frankfurt,22.0,Centre-Forward,25000.0,France,1.84,,right,2030.0,25.0,1.84,3.0,1.0,0.0,17.0,8.0,2.0,0.0,0.0,1.0,270.0,809.0
605268,Igor Matanovic,E. Frankfurt,22.0,Centre-Forward,6000.0,Croatia,1.94,ROGON,right,2029.0,25.0,2.08,2.0,1.0,0.0,19.0,5.0,1.0,0.0,0.0,0.0,337.0,673.0
179184,Michy Batshuayi,E. Frankfurt,31.0,Centre-Forward,5000.0,Belgium,1.85,Sport Cover,right,2027.0,,,,,,,,,,,,,
669380,Konstantinos Koulierakis,VfL Wolfsburg,21.0,Centre-Back,20000.0,Greece,1.88,Prosport ...,left,2029.0,,,,,,,,,,,,,
338629,Sebastiaan Bornauw,VfL Wolfsburg,26.0,Centre-Back,7000.0,Belgium,1.91,,right,2026.0,16.0,1.56,2.0,0.0,0.0,7.0,0.0,3.0,0.0,0.0,0.0,437.0,874.0
239962,Denis Vavro,VfL Wolfsburg,29.0,Centre-Back,7000.0,Slovakia,1.89,,right,2025.0,43.0,1.56,3.0,0.0,0.0,4.0,3.0,6.0,0.0,0.0,0.0,1.209,3.626
897423,David Odogu,VfL Wolfsburg,18.0,Centre-Back,700.0,Germany,1.91,WINS,right,,10.0,1.6,2.0,0.0,0.0,1.0,2.0,2.0,0.0,0.0,0.0,392.0,784.0
1075579,Mathys Angély,VfL Wolfsburg,18.0,Centre-Back,600.0,France,1.9,,left,,7.0,2.29,0.0,1.0,0.0,0.0,3.0,1.0,0.0,0.0,0.0,0.0,593.0
369674,Joakim Maehle,VfL Wolfsburg,28.0,Left-Back,14000.0,Denmark,1.85,BTAM,right,2027.0,,,,,,,,,,,,,
401527,Rogério,VfL Wolfsburg,27.0,Left-Back,3500.0,Brazil,1.78,,left,2027.0,,,,,,,,,,,,,
391005,Mads Roerslev,VfL Wolfsburg,25.0,Right-Back,8000.0,Denmark,1.84,BTAM,right,2025.0,31.0,1.26,0.0,2.0,0.0,15.0,4.0,2.0,0.0,0.0,0.0,0.0,1.759
435796,Kilian Fischer,VfL Wolfsburg,24.0,Right-Back,6000.0,Germany,1.82,Robert Schneider,both,2027.0,,,,,,,,,,,,,
342405,Mattias Svanberg,VfL Wolfsburg,26.0,Central Midfield,12000.0,Sweden,1.85,HCM Sports ...,right,2027.0,23.0,1.35,3.0,1.0,0.0,7.0,12.0,5.0,0.0,0.0,0.0,475.0,1.426
503881,Aster Vranckx,VfL Wolfsburg,22.0,Central Midfield,9000.0,Belgium,1.83,,right,2029.0,15.0,1.13,0.0,0.0,0.0,9.0,4.0,1.0,0.0,0.0,0.0,0.0,561.0
117674,Maximilian Arnold,VfL Wolfsburg,30.0,Central Midfield,7000.0,Germany,1.84,Karl M. Herzog ...,left,2026.0,30.0,1.33,3.0,6.0,0.0,1.0,2.0,9.0,0.0,1.0,0.0,856.0,2.569
119277,Yannick Gerhardt,VfL Wolfsburg,31.0,Central Midfield,3000.0,Germany,1.84,,left,,,,,,,,,,,,,,
711517,Kevin Paredes,VfL Wolfsburg,22.0,Left Midfield,7500.0,United States,1.75,Shot Sports,left,2026.0,2.0,0.5,0.0,1.0,0.0,0.0,2.0,1.0,0.0,0.0,0.0,0.0,125.0
387106,Lovro Majer,VfL Wolfsburg,27.0,Attacking Midfield,20000.0,Croatia,1.78,Niagara Sports ...,left,2028.0,11.0,1.45,2.0,1.0,0.0,6.0,5.0,1.0,0.0,0.0,1.0,242.0,483.0
789252,Bence Dárdai,VfL Wolfsburg,19.0,Attacking Midfield,9000.0,Hungary,1.89,PRO Profil GmbH,right,,25.0,1.64,1.0,3.0,0.0,6.0,16.0,1.0,0.0,0.0,0.0,1.54,1.54
897479,Bennit Bröger,Wolfsburg U19,18.0,Attacking Midfield,500.0,Germany,1.81,CAA Stellar,"
                            Jul 1, 2023                        ",2025.0,,,,,,,,,,,,,
407098,Jakub Kaminski,VfL Wolfsburg,22.0,Left Winger,6000.0,Poland,1.79,BMG-SPORT,right,2027.0,26.0,1.27,0.0,5.0,1.0,13.0,4.0,2.0,0.0,0.0,0.0,0.0,1.26
432982,Andreas Skov Olsen,VfL Wolfsburg,25.0,Right Winger,16000.0,Denmark,1.87,,left,2029.0,40.0,1.7,9.0,7.0,0.0,14.0,22.0,2.0,0.0,0.0,0.0,253.0,2.276
533295,Patrick Wimmer,VfL Wolfsburg,23.0,Right Winger,15000.0,Austria,1.82,More than Sport GmbH,right,2027.0,,,,,,,,,,,,,
746910,Mohamed Amoura,VfL Wolfsburg,25.0,Centre-Forward,32000.0,Algeria,1.7,,right,2029.0,34.0,1.35,10.0,12.0,0.0,2.0,22.0,6.0,0.0,0.0,2.0,273.0,2.73
391004,Jonas Wind,VfL Wolfsburg,26.0,Centre-Forward,15000.0,Denmark,1.9,ROOF,right,2026.0,35.0,1.31,11.0,4.0,0.0,13.0,13.0,2.0,0.0,0.0,1.0,192.0,2.107
616344,Tiago Tomás,VfL Wolfsburg,22.0,Centre-Forward,12000.0,Portugal,1.8,Proeleven S.A.,right,2027.0,36.0,1.28,6.0,2.0,0.0,11.0,21.0,7.0,0.0,0.0,0.0,356.0,2.133
314288,Lukas Nmecha,VfL Wolfsburg,26.0,Centre-Forward,3000.0,Germany,1.85,Sports360 GmbH,right,2025.0,20.0,1.2,3.0,0.0,0.0,17.0,3.0,1.0,0.0,0.0,0.0,157.0,471.0
117432,Kevin Behrens,VfL Wolfsburg,34.0,Centre-Forward,1500.0,Germany,1.85,,both,2025.0,19.0,1.26,1.0,1.0,0.0,19.0,0.0,2.0,0.0,0.0,0.0,157.0,157.0
535551,Bartosz Bialek,VfL Wolfsburg,23.0,Centre-Forward,800.0,Poland,1.91,BMG-SPORT,right,2025.0,0.0,,0.0,0.0,0.0,0.0,0.0,0.0,0.0,0.0,0.0,0.0,0.0
361260,Ozan Kabak,TSG Hoffenheim,25.0,Centre-Back,7500.0,Türkiye,1.87,F-F SPORT,right,2026.0,,,,,,,,,,,,,
367284,Leo Østigård,TSG Hoffenheim,25.0,Centre-Back,7000.0,Norway,1.83,Solbakken / Player ...,right,2025.0,,,,,,,,,,,,,
875332,Arthur Chaves,TSG Hoffenheim,24.0,Centre-Back,3000.0,Brazil,1.88,,right,,38.0,1.24,2.0,0.0,0.0,3.0,8.0,11.0,0.0,0.0,0.0,1.53,3.06
160241,Kevin Akpoguma,TSG Hoffenheim,30.0,Centre-Back,2500.0,Nigeria,1.92,Unique Sports Group,right,2026.0,42.0,1.1,0.0,0.0,0.0,10.0,3.0,5.0,0.0,0.0,0.0,0.0,3.066
371141,Stanley Nsoki,TSG Hoffenheim,26.0,Centre-Back,2500.0,France,1.84,,left,2027.0,27.0,1.07,0.0,0.0,2.0,6.0,6.0,4.0,0.0,1.0,0.0,0.0,1.74
500054,David Jurásek,TSG Hoffenheim,24.0,Left-Back,7000.0,Czech Republic,1.83,,left,2025.0,22.0,0.82,0.0,3.0,0.0,10.0,6.0,1.0,0.0,0.0,0.0,0.0,1.122
434116,Alexander Prass,TSG Hoffenheim,23.0,Left-Back,6500.0,Austria,1.8,YOU FIRST,left,2028.0,31.0,1.03,0.0,2.0,0.0,7.0,15.0,1.0,0.0,0.0,0.0,0.0,2.024
159844,Christopher Lenz,TSG Hoffenheim,30.0,Left-Back,800.0,Germany,1.8,ROOF,left,2025.0,2.0,3.0,0.0,2.0,0.0,1.0,1.0,0.0,0.0,0.0,0.0,0.0,61.0
569387,Valentin Gendrey,TSG Hoffenheim,24.0,Right-Back,8500.0,France,1.79,,right,,31.0,0.81,2.0,3.0,0.0,8.0,8.0,1.0,0.0,0.0,0.0,1.084,2.168
143798,Pavel Kaderabek,TSG Hoffenheim,33.0,Right-Back,2500.0,Czech Republic,1.82,SPORT INVEST,right,2025.0,,,,,,,,,,,,,
344069,Anton Stach,TSG Hoffenheim,26.0,Defensive Midfield,14000.0,Germany,1.94,ROOF,right,2027.0,,,,,,,,,,,,,
315604,Diadié Samassékou,TSG Hoffenheim,29.0,Defensive Midfield,1000.0,Mali,1.77,Global Talent,right,2025.0,10.0,0.8,0.0,0.0,0.0,2.0,7.0,0.0,0.0,0.0,0.0,0.0,462.0
822959,Tom Bischof,TSG Hoffenheim,19.0,Central Midfield,25000.0,Germany,1.76,Sports360 GmbH,left,2025.0,41.0,1.0,6.0,3.0,0.0,2.0,17.0,7.0,0.0,0.0,0.0,549.0,3.291
569031,Umut Tohumcu,TSG Hoffenheim,20.0,Central Midfield,7000.0,Germany,1.75,ROGON,right,2028.0,22.0,1.18,2.0,2.0,0.0,12.0,6.0,4.0,0.0,0.0,0.0,465.0,929.0
234029,Grischa Prömel,TSG Hoffenheim,30.0,Central Midfield,4500.0,Germany,1.84,Unique Sports Group,right,2026.0,3.0,2.0,0.0,0.0,0.0,0.0,2.0,0.0,0.0,0.0,0.0,0.0,237.0
251309,Dennis Geiger,TSG Hoffenheim,26.0,Central Midfield,3000.0,Germany,1.73,,right,2027.0,25.0,0.88,0.0,1.0,0.0,17.0,6.0,6.0,0.0,0.0,0.0,0.0,933.0
334999,Finn Becker,TSG Hoffenheim,24.0,Central Midfield,2000.0,Germany,1.77,Sports360 GmbH,left,2026.0,16.0,1.25,0.0,1.0,0.0,6.0,3.0,1.0,0.0,0.0,0.0,0.0,891.0
808664,Florian Micheler,TSG Hoffenheim,20.0,Central Midfield,500.0,Austria,1.85,YOU FIRST,right,2026.0,,,,,,,,,,,,,
46580,Andrej Kramaric,TSG Hoffenheim,33.0,Attacking Midfield,4000.0,Croatia,1.77,,right,2026.0,41.0,1.05,11.0,10.0,0.0,1.0,17.0,5.0,0.0,0.0,3.0,318.0,3.503
116088,Marius Bülter,TSG Hoffenheim,32.0,Left Winger,2500.0,Germany,1.88,,right,2026.0,31.0,1.19,8.0,4.0,0.0,6.0,17.0,5.0,0.0,0.0,0.0,257.0,2.053
552057,Adam Hlozek,TSG Hoffenheim,22.0,Second Striker,18000.0,Czech Republic,1.88,Int. Sport ...,right,2029.0,37.0,0.95,11.0,3.0,0.0,6.0,16.0,3.0,0.0,0.0,0.0,231.0,2.537
1018259,Gift Orban,TSG Hoffenheim,22.0,Centre-Forward,10000.0,Nigeria,1.78,Aneke/PMG,right,2029.0,18.0,0.83,6.0,0.0,0.0,8.0,9.0,3.0,0.0,0.0,0.0,158.0,948.0
923595,Max Moerstedt,TSG Hoffenheim,19.0,Centre-Forward,7000.0,Germany,1.94,Sports360 GmbH,right,2027.0,29.0,1.45,5.0,4.0,0.0,11.0,14.0,5.0,0.0,0.0,0.0,313.0,1.566
203123,Haris Tabakovic,TSG Hoffenheim,30.0,Centre-Forward,3000.0,Bosnia-Herzegovina,1.94,,right,2027.0,32.0,0.94,4.0,2.0,0.0,21.0,7.0,0.0,0.0,0.0,0.0,328.0,1.313
618898,Erencan Yardımcı,TSG Hoffenheim,23.0,Centre-Forward,3000.0,Türkiye,1.88,ROGON,right,,24.0,1.58,3.0,3.0,0.0,16.0,8.0,5.0,0.0,0.0,0.0,262.0,787.0
237164,Ihlas Bebou,TSG Hoffenheim,31.0,Centre-Forward,2800.0,Togo,1.85,,right,2026.0,,,,,,,,,,,,,
974894,David Mokwa,TSG Hoffenheim,21.0,Centre-Forward,1000.0,France,1.8,,right,2027.0,36.0,2.25,22.0,6.0,0.0,8.0,9.0,4.0,0.0,1.0,0.0,112.0,2.474
225657,Philipp Lienhart,SC Freiburg,28.0,Centre-Back,15000.0,Austria,1.89,YOU FIRST,right,,,,,,,,,,,,,,
124502,Matthias Ginter,SC Freiburg,31.0,Centre-Back,8000.0,Germany,1.89,Unique Sports Group,right,2027.0,34.0,1.62,3.0,1.0,0.0,4.0,1.0,5.0,0.0,0.0,0.0,913.0,2.74
599419,Max Rosenfelder,SC Freiburg,22.0,Centre-Back,4000.0,Germany,1.86,Unique Sports Group,right,,28.0,1.64,1.0,0.0,0.0,13.0,6.0,2.0,0.0,0.0,0.0,1.437,1.437
863759,Bruno Ogbus,SC Freiburg,19.0,Centre-Back,1000.0,Switzerland,1.85,Sports360 GmbH,right,,,,,,,,,,,,,,
45683,Manuel Gulde,SC Freiburg,34.0,Centre-Back,800.0,Germany,1.84,Unique Sports Group,right,,1.0,3.0,0.0,0.0,0.0,0.0,1.0,0.0,0.0,0.0,0.0,0.0,90.0
93707,Christian Günter,SC Freiburg,32.0,Left-Back,4000.0,Germany,1.84,Unique Sports Group,left,,32.0,1.69,2.0,4.0,1.0,2.0,13.0,0.0,0.0,0.0,0.0,1.29,2.579
815078,Jordy Makengo,SC Freiburg,23.0,Left-Back,3000.0,France,1.91,BS Group - BS Law,left,,20.0,1.9,0.0,0.0,0.0,12.0,2.0,1.0,0.0,0.0,0.0,0.0,826.0
548348,Kiliann Sildillia,SC Freiburg,23.0,Right-Back,10000.0,France,1.86,,right,2026.0,22.0,1.86,2.0,0.0,0.0,13.0,3.0,3.0,0.0,0.0,0.0,433.0,866.0
93604,Lukas Kübler,SC Freiburg,32.0,Right-Back,2000.0,Germany,1.82,ROOF,right,,30.0,1.57,5.0,1.0,0.0,7.0,15.0,5.0,0.0,0.0,0.0,389.0,1.947
55099,Nicolas Höfler,SC Freiburg,35.0,Defensive Midfield,700.0,Germany,1.81,,right,,23.0,1.65,0.0,1.0,0.0,15.0,1.0,3.0,0.0,0.0,0.0,0.0,907.0
190284,Maximilian Eggestein,SC Freiburg,28.0,Central Midfield,10000.0,Germany,1.81,ROOF,right,,36.0,1.69,2.0,1.0,0.0,0.0,11.0,5.0,0.0,0.0,0.0,1.558,3.115
443331,Patrick Osterhage,SC Freiburg,25.0,Central Midfield,8500.0,Germany,1.86,,left,,33.0,1.76,1.0,1.0,0.0,3.0,10.0,4.0,1.0,0.0,0.0,2.521,2.521
927353,Johan Manzambi,SC Freiburg,19.0,Central Midfield,750.0,Switzerland,1.82,Gold Kick SA,right,2028.0,21.0,2.24,3.0,6.0,0.0,7.0,8.0,5.0,0.0,0.0,0.0,398.0,1.195
608832,Merlin Röhl,SC Freiburg,22.0,Attacking Midfield,12000.0,Germany,1.92,,right,,20.0,1.65,0.0,1.0,0.0,9.0,10.0,2.0,0.0,0.0,0.0,0.0,974.0
272587,Daniel-Kofi Kyereh,SC Freiburg,29.0,Attacking Midfield,1500.0,Ghana,1.79,Alfaria sports GmbH,right,,,,,,,2.0,,,,,,,
342967,Niklas Beste,SC Freiburg,26.0,Left Winger,10000.0,Germany,1.75,CAA Stellar,left,2030.0,34.0,2.03,2.0,3.0,0.0,26.0,4.0,3.0,0.0,0.0,0.0,508.0,1.015
185077,Vincenzo Grifo,SC Freiburg,32.0,Left Winger,7500.0,Italy,1.8,ROOF,right,,37.0,1.65,10.0,12.0,0.0,4.0,26.0,2.0,0.0,0.0,1.0,267.0,2.674
337036,Florent Muslija,SC Freiburg,26.0,Left Winger,2000.0,Kosovo,1.72,,right,2028.0,13.0,1.69,1.0,1.0,0.0,10.0,2.0,0.0,0.0,0.0,0.0,379.0,379.0
358504,Ritsu Doan,SC Freiburg,26.0,Right Winger,22000.0,Japan,1.72,CAA Stellar,left,2027.0,36.0,1.61,10.0,9.0,0.0,1.0,16.0,2.0,0.0,0.0,0.0,303.0,3.034
645774,Eren Dinkçi,SC Freiburg,23.0,Right Winger,12000.0,Türkiye,1.88,,right,,25.0,1.64,0.0,4.0,0.0,10.0,11.0,1.0,0.0,0.0,0.0,0.0,1.329
143891,Maximilian Philipp,SC Freiburg,31.0,Second Striker,1000.0,Germany,1.83,Unique Sports Group,right,,3.0,3.0,0.0,0.0,0.0,2.0,1.0,0.0,0.0,0.0,0.0,0.0,93.0
452477,Junior Adamu,SC Freiburg,23.0,Centre-Forward,6000.0,Austria,1.83,Sports360 GmbH,right,,,,,,,,,,,,,,
120205,Michael Gregoritsch,SC Freiburg,31.0,Centre-Forward,4000.0,Austria,1.93,YOU FIRST,left,2026.0,23.0,1.35,3.0,1.0,0.0,16.0,5.0,2.0,0.0,0.0,0.0,266.0,799.0
248999,Lucas Höler,SC Freiburg,30.0,Centre-Forward,3500.0,Germany,1.84,Unique Sports Group,right,,,,,,,,,,,,,,
460245,Moritz Jenz,1.FSV Mainz 05,26.0,Centre-Back,6000.0,Germany,1.9,Sports360 GmbH,right,2025.0,20.0,1.6,0.0,0.0,0.0,1.0,3.0,5.0,0.0,0.0,0.0,0.0,1.646
370683,Andreas Hanche-Olsen,1.FSV Mainz 05,28.0,Centre-Back,6000.0,Norway,1.85,Nordic Sky,right,2026.0,23.0,1.61,1.0,1.0,0.0,10.0,1.0,2.0,1.0,0.0,0.0,1.399,1.399
334207,Maxim Leitsch,1.FSV Mainz 05,27.0,Centre-Back,2000.0,Germany,1.89,Sports360 GmbH,left,2026.0,16.0,1.06,1.0,0.0,0.0,8.0,3.0,2.0,0.0,0.0,0.0,846.0,846.0
85906,Danny da Costa,1.FSV Mainz 05,31.0,Centre-Back,1500.0,Germany,1.87,Sports360 GmbH,right,2026.0,25.0,1.56,0.0,1.0,0.0,0.0,6.0,0.0,0.0,0.0,0.0,0.0,2.011
82350,Stefan Bell,1.FSV Mainz 05,33.0,Centre-Back,800.0,Germany,1.92,,right,2026.0,20.0,1.6,0.0,1.0,0.0,5.0,6.0,4.0,0.0,0.0,0.0,0.0,1.517
934317,Maxim Dal,FSV Mainz 05 II,19.0,Centre-Back,150.0,Germany,1.88,SEG,left,2027.0,17.0,1.41,0.0,1.0,0.0,0.0,8.0,3.0,0.0,0.0,0.0,0.0,1.408
127573,Phillipp Mwene,1.FSV Mainz 05,31.0,Left-Back,1800.0,Austria,1.7,Unique Sports Group,right,2026.0,34.0,1.59,1.0,5.0,0.0,0.0,16.0,7.0,0.0,0.0,0.0,2.776,2.776
168989,Silvan Widmer,1.FSV Mainz 05,32.0,Right-Back,1500.0,Switzerland,1.83,,right,2026.0,28.0,1.43,0.0,1.0,0.0,25.0,3.0,3.0,0.0,0.0,0.0,0.0,501.0
601143,Nikolas Veratschnig,1.FSV Mainz 05,22.0,Right-Back,800.0,Austria,1.8,YOU FIRST,right,2028.0,17.0,1.47,0.0,0.0,0.0,14.0,4.0,2.0,0.0,0.0,0.0,0.0,462.0
643574,Kaishu Sano,1.FSV Mainz 05,24.0,Defensive Midfield,17000.0,Japan,1.76,UDN SPORTS,right,2028.0,36.0,1.53,0.0,0.0,0.0,0.0,2.0,3.0,0.0,0.0,0.0,0.0,3.254
392710,Lennard Maloney,1.FSV Mainz 05,25.0,Defensive Midfield,5000.0,United States,1.88,,right,2028.0,26.0,1.69,0.0,0.0,0.0,8.0,10.0,5.0,0.0,0.0,0.0,0.0,1.458
118847,Dominik Kohr,1.FSV Mainz 05,31.0,Defensive Midfield,3500.0,Germany,1.83,Sports360 GmbH,right,2028.0,30.0,1.57,3.0,0.0,0.0,0.0,9.0,13.0,0.0,1.0,0.0,838.0,2.515
232454,Nadiem Amiri,1.FSV Mainz 05,28.0,Central Midfield,18000.0,Germany,1.8,,right,2028.0,32.0,1.63,8.0,5.0,0.0,0.0,11.0,8.0,1.0,1.0,2.0,333.0,2.66
453016,Anthony Caci,1.FSV Mainz 05,27.0,Right Midfield,10000.0,France,1.84,BS Group - BS Law,right,2026.0,,,,,,,,,,,,,
503160,Paul Nebel,1.FSV Mainz 05,22.0,Attacking Midfield,17000.0,Germany,1.69,PRO Profil GmbH,both,2027.0,33.0,1.52,10.0,7.0,0.0,6.0,8.0,4.0,1.0,0.0,0.0,249.0,2.491
562948,Hyun-seok Hong,1.FSV Mainz 05,25.0,Attacking Midfield,3500.0,"Korea, South",1.77,Apertura Sports GmbH,left,2028.0,,,,,,,,,,,,,
314398,Jae-sung Lee,1.FSV Mainz 05,32.0,Attacking Midfield,2500.0,"Korea, South",1.8,Unique Sports Group,left,2026.0,34.0,1.53,7.0,9.0,0.0,2.0,19.0,4.0,0.0,0.0,0.0,397.0,2.777
324811,Arnaud Nordin,1.FSV Mainz 05,26.0,Right Winger,6000.0,France,1.7,One Team Football,both,2028.0,,,,,,,,,,,,,
569033,Armindo Sieb,1.FSV Mainz 05,22.0,Second Striker,4000.0,Germany,1.75,Sport Business ...,both,2026.0,30.0,1.6,3.0,3.0,0.0,23.0,10.0,2.0,0.0,0.0,0.0,309.0,926.0
333647,Jonathan Burkardt,1.FSV Mainz 05,24.0,Centre-Forward,35000.0,Germany,1.83,PRO Profil GmbH,right,2027.0,,,,,,,,,,,,,
796213,Nelson Weiper,1.FSV Mainz 05,20.0,Centre-Forward,6000.0,Germany,1.92,,right,2025.0,28.0,1.43,4.0,2.0,0.0,18.0,8.0,3.0,0.0,0.0,0.0,239.0,957.0
355816,Ko Itakura,Bor. M'gladbach,28.0,Centre-Back,12000.0,Japan,1.88,,right,2026.0,33.0,1.36,4.0,1.0,0.0,0.0,0.0,5.0,0.0,0.0,0.0,743.0,2.97
192635,Nico Elvedi,Bor. M'gladbach,28.0,Centre-Back,8000.0,Switzerland,1.89,,right,2027.0,,,,,,,,,,,,,
724104,Fabio Chiarodia,Bor. M'gladbach,19.0,Centre-Back,2000.0,Italy,1.86,Sports360 GmbH,left,2027.0,22.0,1.68,1.0,0.0,0.0,13.0,3.0,0.0,0.0,0.0,0.0,887.0,887.0
787151,Lukas Ullrich,Bor. M'gladbach,21.0,Left-Back,8000.0,Germany,1.8,SEG,left,2027.0,33.0,1.45,1.0,3.0,0.0,2.0,21.0,6.0,1.0,0.0,0.0,2.47,2.47
524285,Luca Netz,Bor. M'gladbach,22.0,Left-Back,7000.0,Germany,1.84,WINS,left,2026.0,25.0,1.32,1.0,2.0,0.0,16.0,4.0,2.0,0.0,0.0,0.0,1.049,1.049
504153,Joe Scally,Bor. M'gladbach,22.0,Right-Back,10000.0,United States,1.84,Sports360 GmbH,right,2027.0,34.0,1.41,0.0,0.0,0.0,2.0,12.0,6.0,0.0,0.0,0.0,0.0,2.763
85791,Stefan Lainer,Bor. M'gladbach,32.0,Right-Back,1800.0,Austria,1.75,ROOF,right,2026.0,22.0,1.32,1.0,0.0,1.0,16.0,1.0,2.0,0.0,0.0,0.0,765.0,765.0
196792,Julian Weigl,Bor. M'gladbach,29.0,Defensive Midfield,6000.0,Germany,1.86,Sports360 GmbH,right,2028.0,35.0,1.29,0.0,2.0,0.0,0.0,7.0,9.0,0.0,0.0,0.0,0.0,3.068
467434,Rocco Reitz,Bor. M'gladbach,22.0,Central Midfield,15000.0,Germany,1.76,Sports360 GmbH,right,2028.0,28.0,1.36,2.0,2.0,0.0,6.0,17.0,1.0,0.0,0.0,0.0,957.0,1.913
388409,Philipp Sander,Bor. M'gladbach,27.0,Central Midfield,4000.0,Germany,1.86,Tenet Football,both,2028.0,,,,,,,,,,,,,
278332,Florian Neuhaus,Bor. M'gladbach,28.0,Central Midfield,3500.0,Germany,1.85,CN Sports,right,2027.0,,,,,,,,,,,,,
106872,Kevin Stöger,Bor. M'gladbach,31.0,Attacking Midfield,4500.0,Austria,1.75,,left,2027.0,33.0,1.24,3.0,4.0,0.0,15.0,10.0,3.0,0.0,0.0,2.0,573.0,1.72
284010,Robin Hack,Bor. M'gladbach,26.0,Left Winger,10000.0,Germany,1.78,CN Sports,right,2029.0,34.0,1.32,4.0,8.0,0.0,7.0,23.0,4.0,0.0,0.0,0.0,552.0,2.209
586659,Yvandro Borges Sanches,Bor. M'gladbach,20.0,Left Winger,500.0,Luxembourg,1.8,Wasserman,right,2026.0,,,,,,,,,,,,,
229006,Franck Honorat,Bor. M'gladbach,28.0,Right Winger,12000.0,France,1.8,,right,2028.0,21.0,1.38,5.0,9.0,0.0,1.0,19.0,0.0,0.0,0.0,0.0,324.0,1.619
629588,Nathan Ngoumou,Bor. M'gladbach,25.0,Right Winger,4000.0,Cameroon,1.85,,right,2027.0,,,,,,,,,,,,,
193033,Tim Kleindienst,Bor. M'gladbach,29.0,Centre-Forward,17000.0,Germany,1.94,Robert Schneider,both,2028.0,33.0,1.36,16.0,10.0,0.0,0.0,7.0,3.0,1.0,0.0,1.0,183.0,2.925
167329,Alassane Pléa,Bor. M'gladbach,32.0,Centre-Forward,6000.0,France,1.81,,right,2026.0,32.0,1.19,12.0,7.0,0.0,7.0,19.0,3.0,0.0,0.0,1.0,167.0,2.0
544148,Tomas Cvancara,Bor. M'gladbach,24.0,Centre-Forward,4000.0,Czech Republic,1.9,Nehoda Sport,right,2028.0,,,,,,,,,,,,,
1073997,Shio Fukuda,Bor. M'gladbach,21.0,Centre-Forward,500.0,Japan,1.78,,right,2027.0,21.0,1.0,5.0,2.0,0.0,6.0,13.0,2.0,0.0,0.0,0.0,241.0,1.206
156990,Marco Friedl,Werder Bremen,27.0,Centre-Back,10000.0,Austria,1.87,YOU FIRST,left,2028.0,29.0,1.83,0.0,0.0,2.0,1.0,3.0,9.0,1.0,1.0,0.0,0.0,2.434
162434,Niklas Stark,Werder Bremen,30.0,Centre-Back,5000.0,Germany,1.9,Sports360 GmbH,right,2026.0,29.0,1.69,0.0,1.0,0.0,1.0,8.0,6.0,1.0,0.0,0.0,0.0,2.352
334221,Amos Pieper,Werder Bremen,27.0,Centre-Back,3000.0,Germany,1.92,Sports360 GmbH,right,2026.0,24.0,1.54,0.0,0.0,0.0,8.0,8.0,3.0,0.0,0.0,0.0,0.0,1.502
202228,Milos Veljkovic,Werder Bremen,29.0,Centre-Back,3000.0,Serbia,1.88,LIAN Sports Group,right,2025.0,17.0,1.29,0.0,1.0,0.0,4.0,3.0,1.0,0.0,0.0,0.0,0.0,1.134
830108,Julián Malatini,Werder Bremen,23.0,Centre-Back,3000.0,Argentina,1.91,SP,right,,12.0,1.33,1.0,1.0,1.0,5.0,4.0,3.0,0.0,0.0,0.0,630.0,630.0
58995,Anthony Jung,Werder Bremen,33.0,Centre-Back,1000.0,Germany,1.86,CAA Stellar,left,2025.0,,,,,,,,,,,,,
391780,Derrick Köhn,Werder Bremen,26.0,Left-Back,6000.0,Germany,1.8,,left,2025.0,34.0,1.35,2.0,2.0,0.0,13.0,18.0,2.0,0.0,0.0,0.0,955.0,1.909
393512,Felix Agu,Werder Bremen,25.0,Left-Back,6000.0,Germany,1.8,,right,2027.0,,,,,,,,,,,,,
649452,Issa Kaboré,Werder Bremen,24.0,Right-Back,6000.0,Burkina Faso,1.8,Team Raiola,right,2025.0,16.0,1.44,0.0,2.0,0.0,11.0,5.0,2.0,0.0,0.0,0.0,0.0,497.0
119211,Mitchell Weiser,Werder Bremen,31.0,Right-Back,5000.0,Germany,1.77,CN Sports,right,,,,,,,,,,,,,,
338668,Senne Lynen,Werder Bremen,26.0,Defensive Midfield,9000.0,Belgium,1.85,,right,,36.0,1.67,0.0,1.0,0.0,0.0,15.0,9.0,0.0,0.0,0.0,0.0,3.108
855134,Skelly Alvero,Werder Bremen,23.0,Defensive Midfield,3000.0,France,2.02,,right,2028.0,12.0,1.42,0.0,0.0,0.0,11.0,1.0,1.0,0.0,0.0,0.0,0.0,231.0
289835,Jens Stage,Werder Bremen,28.0,Central Midfield,12000.0,Denmark,1.87,CMA Group,right,,31.0,1.61,10.0,5.0,0.0,2.0,11.0,10.0,0.0,0.0,0.0,244.0,2.441
93844,Leonardo Bittencourt,Werder Bremen,31.0,Central Midfield,2000.0,Germany,1.71,feel soccer GmbH,right,2026.0,,,,,,,,,,,,,
346853,Romano Schmid,Werder Bremen,25.0,Attacking Midfield,15000.0,Austria,1.68,,right,,,,,,,,,,,,,,
825073,Leon Opitz,Werder Bremen,20.0,Attacking Midfield,600.0,Germany,1.83,,left,,26.0,1.77,16.0,12.0,0.0,5.0,6.0,3.0,0.0,0.0,0.0,113.0,1.809
391766,Marco Grüll,Werder Bremen,26.0,Left Winger,4000.0,Austria,1.82,Milan ...,both,,34.0,1.68,6.0,2.0,0.0,18.0,16.0,1.0,0.0,0.0,0.0,224.0,1.342
455662,Abdenego Nankishi,Werder Bremen,22.0,Left Winger,450.0,Germany,1.78,,left,2025.0,17.0,1.71,4.0,6.0,0.0,0.0,9.0,0.0,0.0,0.0,0.0,352.0,1.409
596153,Justin Njinmah,Werder Bremen,24.0,Right Winger,7000.0,Germany,1.85,Tenet Football,right,2027.0,30.0,1.5,3.0,4.0,0.0,20.0,10.0,3.0,0.0,0.0,0.0,366.0,1.099
125103,Marvin Ducksch,Werder Bremen,31.0,Centre-Forward,7500.0,Germany,1.88,,right,2026.0,36.0,1.58,9.0,11.0,0.0,2.0,23.0,4.0,0.0,0.0,1.0,304.0,2.732
198008,André Silva,Werder Bremen,29.0,Centre-Forward,5000.0,Portugal,1.86,Roc Nation Sports,right,2025.0,23.0,1.22,2.0,3.0,0.0,16.0,7.0,1.0,0.0,0.0,2.0,364.0,728.0
701757,Keke Topp,Werder Bremen,21.0,Centre-Forward,4000.0,Germany,1.92,Karl M. Herzog ...,right,2028.0,20.0,1.7,5.0,2.0,0.0,18.0,2.0,1.0,0.0,0.0,0.0,60.0,299.0
341317,Oliver Burke,Werder Bremen,28.0,Centre-Forward,1800.0,Scotland,1.88,Wasserman,right,2025.0,27.0,1.48,6.0,0.0,0.0,18.0,6.0,4.0,0.0,0.0,0.0,157.0,944.0
569383,Chrislain Matsima,FC Augsburg,23.0,Centre-Back,17000.0,France,1.93,Classico,right,2029.0,34.0,1.32,1.0,1.0,1.0,2.0,2.0,4.0,0.0,0.0,0.0,2.941,2.941
413843,Keven Schlotterbeck,FC Augsburg,28.0,Centre-Back,7000.0,Germany,1.88,Robert Schneider,left,2027.0,,,,,,,,,,,,,
923945,Noahkai Banks,FC Augsburg,18.0,Centre-Back,6000.0,United States,1.93,Karl M. Herzog ...,right,2027.0,20.0,1.35,0.0,1.0,1.0,6.0,6.0,3.0,1.0,0.0,0.0,0.0,1.233
382478,Cédric Zesiger,FC Augsburg,26.0,Centre-Back,5500.0,Switzerland,1.94,Wasserman,left,2025.0,23.0,1.43,0.0,2.0,0.0,2.0,4.0,9.0,1.0,0.0,0.0,0.0,1.837
106405,Jeffrey Gouweleeuw,FC Augsburg,33.0,Centre-Back,1500.0,Netherlands,1.88,SEG,right,2026.0,37.0,1.41,1.0,4.0,0.0,0.0,1.0,9.0,0.0,0.0,0.0,3.335,3.335
314295,Reece Oxford,FC Augsburg,26.0,Centre-Back,500.0,England,1.9,,right,2025.0,,,,,,2.0,,,,,,,
295630,Dimitrios Giannoulis,FC Augsburg,29.0,Left-Back,2800.0,Greece,1.78,,left,2028.0,34.0,1.29,1.0,5.0,0.0,0.0,6.0,10.0,0.0,0.0,0.0,2.926,2.926
288429,Mads Pedersen,FC Augsburg,28.0,Left-Back,2500.0,Denmark,1.78,Nordic Sky,left,2027.0,9.0,1.11,0.0,0.0,0.0,6.0,2.0,0.0,0.0,0.0,0.0,0.0,304.0
193900,Marius Wolf,FC Augsburg,29.0,Right-Back,3000.0,Germany,1.88,ROGON,right,2027.0,36.0,1.44,1.0,3.0,0.0,5.0,26.0,2.0,0.0,0.0,0.0,2.448,2.448
353826,Robert Gumny,FC Augsburg,26.0,Right-Back,2000.0,Poland,1.82,Fabryka Futbolu,right,2025.0,11.0,0.91,0.0,0.0,0.0,6.0,5.0,3.0,0.0,0.0,0.0,0.0,457.0
515624,Henri Koudossou,FC Augsburg,25.0,Right-Back,1500.0,Germany,1.8,Match2gether,both,2026.0,25.0,1.28,0.0,1.0,0.0,18.0,5.0,1.0,0.0,0.0,0.0,0.0,1.003
374954,Kristijan Jakic,FC Augsburg,28.0,Defensive Midfield,6500.0,Croatia,1.84,,right,2028.0,35.0,1.37,0.0,1.0,0.0,5.0,9.0,3.0,0.0,0.0,0.0,0.0,2.564
730486,Mahmut Kücüksahin,FC Augsburg,21.0,Defensive Midfield,175.0,Türkiye,1.82,MvK Sports,"
                            Jul 17, 2024                        ",2027.0,,,,,,,,,,,,,
421637,Frank Onyeka,FC Augsburg,27.0,Central Midfield,7000.0,Nigeria,1.83,HCM Sports ...,right,2025.0,37.0,1.38,0.0,2.0,0.0,3.0,16.0,8.0,0.0,0.0,0.0,0.0,2.918
296397,Arne Maier,FC Augsburg,26.0,Central Midfield,4000.0,Germany,1.86,WINS,right,2026.0,,,,,,,,,,,,,
280575,Elvis Rexhbecaj,FC Augsburg,27.0,Central Midfield,3500.0,Kosovo,1.82,,left,2026.0,,,,,,,,,,,,,
384593,Alexis Claude-Maurice,FC Augsburg,26.0,Attacking Midfield,12000.0,France,1.76,Sport Cover,right,2027.0,32.0,1.38,10.0,3.0,0.0,3.0,21.0,5.0,0.0,0.0,0.0,241.0,2.409
777005,Mert Kömür,FC Augsburg,19.0,Attacking Midfield,5000.0,Germany,1.83,,both,2027.0,28.0,1.18,3.0,1.0,0.0,18.0,8.0,3.0,0.0,0.0,0.0,373.0,1.119
249157,Fredrik Jensen,FC Augsburg,27.0,Attacking Midfield,3500.0,Finland,1.83,,right,2025.0,21.0,1.29,0.0,0.0,0.0,12.0,9.0,0.0,0.0,0.0,0.0,0.0,767.0
604359,Yusuf Kabadayi,FC Augsburg,21.0,Left Winger,1500.0,Germany,1.86,,right,2028.0,7.0,1.43,1.0,1.0,0.0,6.0,1.0,0.0,0.0,0.0,0.0,163.0,163.0
288340,Phillip Tietz,FC Augsburg,27.0,Centre-Forward,5000.0,Germany,1.9,,right,2027.0,38.0,1.37,8.0,3.0,0.0,15.0,16.0,5.0,0.0,0.0,1.0,258.0,2.065
307924,Mergim Berisha,FC Augsburg,27.0,Centre-Forward,5000.0,Germany,1.88,CAA Stellar,right,2025.0,,,,,,,,,,,,,
395522,Samuel Essende,FC Augsburg,27.0,Centre-Forward,4500.0,DR Congo,1.93,,right,2028.0,34.0,1.41,10.0,3.0,0.0,11.0,18.0,4.0,0.0,2.0,0.0,184.0,1.841
238639,Steve Mounié,FC Augsburg,30.0,Centre-Forward,3000.0,Benin,1.89,,right,2027.0,,,,,,,,,,,,,
357156,Diogo Leite,Union Berlin,26.0,Centre-Back,17000.0,Portugal,1.9,,left,,,,,,,,,,,,,,
387047,Danilho Doekhi,Union Berlin,26.0,Centre-Back,13000.0,Suriname,1.9,Wasserman,right,2026.0,36.0,1.19,1.0,0.0,0.0,0.0,0.0,4.0,0.0,0.0,0.0,3.24,3.24
597432,Leopold Querfeld,Union Berlin,21.0,Centre-Back,7000.0,Austria,1.9,ROOF,right,,28.0,1.25,2.0,2.0,0.0,10.0,3.0,8.0,0.0,0.0,0.0,916.0,1.832
84435,Kevin Vogt,Union Berlin,33.0,Centre-Back,2000.0,Germany,1.94,ROOF,right,,20.0,1.05,1.0,0.0,0.0,2.0,7.0,6.0,0.0,0.0,1.0,1.537,1.537
798043,Tom Rothe,Union Berlin,20.0,Left-Back,10000.0,Germany,1.93,Wasserman,left,,27.0,1.04,3.0,4.0,0.0,8.0,8.0,4.0,0.0,1.0,0.0,569.0,1.706
127076,Jérôme Roussillon,Union Berlin,32.0,Left-Back,1200.0,Guadeloupe,1.75,,left,2025.0,,,,,,,,,,,,,
362977,Josip Juranovic,Union Berlin,29.0,Right-Back,4000.0,Croatia,1.73,,right,2027.0,17.0,1.24,0.0,0.0,0.0,4.0,5.0,4.0,0.0,0.0,0.0,0.0,1.16
75921,Christopher Trimmel,Union Berlin,38.0,Right-Back,600.0,Austria,1.89,ROOF,right,2026.0,27.0,1.44,0.0,3.0,0.0,7.0,9.0,5.0,0.0,0.0,0.0,0.0,1.768
692737,Aljoscha Kemlein,Union Berlin,20.0,Defensive Midfield,7000.0,Germany,1.87,,right,,17.0,0.88,1.0,0.0,0.0,6.0,7.0,3.0,0.0,0.0,0.0,970.0,970.0
353948,Lucas Tousart,Union Berlin,28.0,Defensive Midfield,4000.0,France,1.84,,right,,16.0,1.56,0.0,1.0,0.0,10.0,6.0,2.0,0.0,0.0,0.0,0.0,571.0
124410,Rani Khedira,Union Berlin,31.0,Defensive Midfield,3000.0,Germany,1.89,,right,,34.0,1.26,1.0,1.0,0.0,1.0,6.0,7.0,0.0,0.0,0.0,2.907,2.907
454863,András Schäfer,Union Berlin,26.0,Central Midfield,5000.0,Hungary,1.78,,right,,28.0,1.29,1.0,1.0,0.0,9.0,15.0,3.0,0.0,0.0,0.0,1.646,1.646
243188,László Bénes,Union Berlin,27.0,Central Midfield,4000.0,Slovakia,1.81,ROOF,left,,,,,,,,,,,,,,
177779,Janik Haberer,Union Berlin,31.0,Central Midfield,2500.0,Germany,1.87,Unique Sports Group,right,2027.0,30.0,1.4,0.0,0.0,0.0,7.0,17.0,1.0,0.0,0.0,0.0,0.0,1.859
270393,Robert Skov,Union Berlin,29.0,Left Midfield,4000.0,Denmark,1.85,Elite Sports ...,left,,16.0,0.75,2.0,2.0,0.0,4.0,10.0,1.0,0.0,0.0,1.0,457.0,913.0
297583,Woo-yeong Jeong,Union Berlin,25.0,Attacking Midfield,4000.0,"Korea, South",1.79,Apertura Sports GmbH,right,2025.0,,,,,,,,,,,,,
745075,David Preu,Union Berlin,20.0,Left Winger,25.0,Germany,1.72,,right,2025.0,5.0,1.2,0.0,0.0,0.0,4.0,1.0,1.0,0.0,0.0,0.0,0.0,119.0
287920,Tim Skarke,Union Berlin,28.0,Right Winger,2500.0,Germany,1.81,Unique Sports Group,right,,35.0,1.23,0.0,2.0,0.0,24.0,12.0,1.0,0.0,0.0,0.0,0.0,1.209
453870,Benedict Hollerbach,Union Berlin,24.0,Centre-Forward,7500.0,Germany,1.81,PRO Profil GmbH,right,,,,,,,,,,,,,,
838236,Marin Ljubicic,Union Berlin,23.0,Centre-Forward,4000.0,Croatia,1.83,Stars & Friends,right,,39.0,1.26,6.0,4.0,0.0,19.0,11.0,5.0,0.0,0.0,2.0,339.0,2.033
583699,Andrej Ilic,Union Berlin,25.0,Centre-Forward,2500.0,Serbia,1.89,,right,2025.0,,,,,,,,,,,,,
82009,Kevin Volland,Union Berlin,32.0,Centre-Forward,1800.0,Germany,1.79,Unique Sports Group,left,2026.0,5.0,0.2,0.0,0.0,0.0,5.0,0.0,1.0,0.0,0.0,0.0,0.0,70.0
340700,Ivan Prtajin,Union Berlin,29.0,Centre-Forward,1500.0,Croatia,1.89,VPA SPORTS ...,right,2027.0,5.0,0.8,0.0,0.0,0.0,3.0,2.0,0.0,0.0,0.0,0.0,0.0,158.0
227084,Benedikt Gimber,Heidenheim,28.0,Centre-Back,3000.0,Germany,1.87,,left,2028.0,36.0,0.92,0.0,0.0,0.0,1.0,10.0,9.0,0.0,0.0,0.0,0.0,2.945
133731,Patrick Mainka,Heidenheim,30.0,Centre-Back,3000.0,Germany,1.94,,right,2027.0,,,,,,,,,,,,,
337092,Tim Siersleben,Heidenheim,25.0,Centre-Back,1500.0,Germany,1.87,Ballarbeit,left,2026.0,28.0,1.43,2.0,1.0,0.0,3.0,4.0,4.0,0.0,0.0,0.0,1.109,2.218
485747,Thomas Keller,Heidenheim,25.0,Centre-Back,300.0,Germany,1.86,B360 Sports,right,2028.0,,,,,,,,,,,,,
192169,Jonas Föhrenbach,Heidenheim,29.0,Left-Back,2000.0,Germany,1.84,Unique Sports Group,left,2027.0,34.0,1.03,0.0,1.0,0.0,10.0,6.0,4.0,0.0,0.0,0.0,0.0,2.087
388294,Omar Traoré,Heidenheim,27.0,Right-Back,4000.0,Germany,1.87,Niagara Sports ...,right,2026.0,,,,,,,,,,,,,
117478,Marnon Busch,Heidenheim,30.0,Right-Back,1200.0,Germany,1.82,,right,2027.0,33.0,1.27,0.0,1.0,0.0,9.0,11.0,1.0,0.0,0.0,0.0,0.0,2.12
251302,Niklas Dorsch,Heidenheim,27.0,Defensive Midfield,3500.0,Germany,1.78,AVENT SPORTS ...,right,2028.0,31.0,1.06,3.0,2.0,0.0,6.0,21.0,6.0,0.0,1.0,0.0,606.0,1.817
530173,Julian Niehues,Heidenheim,24.0,Defensive Midfield,1500.0,Germany,1.95,,right,2027.0,,,,,,,,,,,,,
825971,Luka Janes,Heidenheim,21.0,Defensive Midfield,200.0,Germany,1.83,,right,2028.0,0.0,,0.0,0.0,0.0,0.0,0.0,0.0,0.0,0.0,0.0,0.0,0.0
31599,Norman Theuerkauf,Heidenheim,38.0,Defensive Midfield,175.0,Germany,1.83,,left,2025.0,,,,,,,,,,,,,
581357,Jan Schöppner,Heidenheim,25.0,Central Midfield,4500.0,Germany,1.9,KL Sportsbase,right,2028.0,,,,,,,,,,,,,
809498,Luca Kerber,Heidenheim,23.0,Central Midfield,1300.0,Germany,1.84,Soccer and more,right,2027.0,33.0,1.36,2.0,0.0,0.0,18.0,11.0,6.0,0.0,0.0,0.0,696.0,1.391
604320,Frans Krätzig,Heidenheim,22.0,Left Midfield,2000.0,Germany,1.77,ROOF,left,2025.0,23.0,1.17,1.0,3.0,0.0,3.0,14.0,2.0,0.0,0.0,0.0,1.669,1.669
900909,Paul Wanner,Heidenheim,19.0,Attacking Midfield,18000.0,Germany,1.85,WINS,left,2025.0,,,,,,,,,,,,,
273669,Adrian Beck,Heidenheim,27.0,Attacking Midfield,2000.0,Germany,1.86,,right,2028.0,43.0,1.14,5.0,3.0,0.0,18.0,17.0,3.0,0.0,0.0,0.0,451.0,2.256
804219,Leo Scienza,Heidenheim,26.0,Left Winger,3000.0,Brazil,1.75,CM FOOTBALL ...,both,2027.0,,,,,,,,,,,,,
283497,Mathias Honsak,Heidenheim,28.0,Left Winger,1500.0,Austria,1.88,HAGMAYR ...,left,2027.0,34.0,1.03,8.0,3.0,0.0,18.0,9.0,1.0,0.0,0.0,0.0,217.0,1.738
924339,Christopher Negele,Heidenheim,20.0,Left Winger,250.0,Germany,1.72,Robert Schneider,right,2025.0,,,,,,,,,,,,,
307183,Sirlord Conteh,Heidenheim,28.0,Right Winger,1500.0,Germany,1.78,,right,2027.0,38.0,1.05,3.0,5.0,0.0,27.0,12.0,3.0,0.0,0.0,0.0,472.0,1.416
471055,Marvin Pieringer,Heidenheim,25.0,Centre-Forward,5500.0,Germany,1.91,,right,2027.0,39.0,1.15,8.0,6.0,0.0,9.0,22.0,8.0,0.0,0.0,3.0,325.0,2.598
187097,Budu Zivzivadze,Heidenheim,31.0,Centre-Forward,2500.0,Georgia,1.89,Bene-Sport,both,2029.0,38.0,1.45,16.0,7.0,0.0,7.0,17.0,5.0,0.0,0.0,0.0,181.0,2.893
584254,Maximilian Breunig,Heidenheim,24.0,Centre-Forward,2000.0,Germany,1.95,Robert Schneider,left,2027.0,,,,,,,,,,,,,
394033,Stefan Schimmer,Heidenheim,31.0,Centre-Forward,500.0,Germany,1.85,,right,2026.0,14.0,0.21,1.0,0.0,0.0,13.0,0.0,1.0,0.0,0.0,0.0,327.0,327.0
292534,Eric Smith,FC St. Pauli,28.0,Centre-Back,5000.0,Sweden,1.92,A.M.A. Sports Agency,right,,,,,,,,,,,,,,
451906,David Nemeth,FC St. Pauli,24.0,Centre-Back,2500.0,Austria,1.91,YOU FIRST,both,,,,,,,,,,,,,,
400131,Siebe Van der Heyden,FC St. Pauli,26.0,Centre-Back,2000.0,Belgium,1.85,,left,2025.0,15.0,0.87,1.0,0.0,0.0,3.0,5.0,2.0,1.0,0.0,0.0,972.0,972.0
154147,Hauke Wahl,FC St. Pauli,31.0,Centre-Back,1500.0,Germany,1.89,,right,,35.0,1.0,0.0,0.0,0.0,0.0,1.0,1.0,0.0,0.0,0.0,0.0,3.131
139304,Karol Mets,FC St. Pauli,32.0,Centre-Back,1300.0,Estonia,1.91,Signature - ISCM AG,left,2026.0,12.0,0.92,0.0,0.0,0.0,0.0,0.0,2.0,0.0,0.0,0.0,0.0,1.11
236966,Adam Dzwigala,FC St. Pauli,29.0,Centre-Back,600.0,Poland,1.85,,right,,,,,,,,,,,,,,
914890,Muhammad Dahaba,FC St. Pauli,20.0,Centre-Back,125.0,Germany,1.94,,right,,22.0,1.36,0.0,0.0,0.0,6.0,7.0,1.0,0.0,0.0,0.0,0.0,1.409
335993,Philipp Treu,FC St. Pauli,24.0,Left-Back,5000.0,Germany,1.73,YOU FIRST,right,,35.0,1.0,0.0,4.0,1.0,0.0,4.0,2.0,0.0,0.0,0.0,0.0,3.095
333903,Lars Ritzka,FC St. Pauli,27.0,Left-Back,900.0,Germany,1.85,,left,,23.0,0.96,2.0,0.0,0.0,12.0,10.0,1.0,0.0,0.0,0.0,486.0,971.0
242661,Manolis Saliakas,FC St. Pauli,28.0,Right-Back,2800.0,Greece,1.77,feel soccer GmbH,right,,31.0,1.03,2.0,2.0,0.0,4.0,13.0,5.0,0.0,0.0,0.0,1.206,2.411
587019,Fin Stevens,FC St. Pauli,22.0,Right-Back,600.0,Wales,1.79,,right,,,,,,,,,,,,,,
393321,James Sands,FC St. Pauli,24.0,Defensive Midfield,3000.0,United States,1.86,Wasserman,right,2026.0,,,,,,,,,,,,,
1003534,Marwin Schmitz,FC St. Pauli,18.0,Defensive Midfield,200.0,Germany,1.8,LEADERBROCK,"
                            Jan 16, 2025                        ",,26.0,1.27,0.0,2.0,0.0,0.0,13.0,5.0,0.0,0.0,0.0,0.0,2.043
690429,Robert Wagner,FC St. Pauli,21.0,Central Midfield,3000.0,Germany,1.81,VIDA 11,right,2025.0,14.0,0.71,0.0,0.0,0.0,7.0,6.0,1.0,0.0,0.0,0.0,0.0,565.0
522223,Connor Metcalfe,FC St. Pauli,25.0,Central Midfield,2500.0,Australia,1.83,The Pitch Management,left,,,,,,,,,,,,,,
192557,Jackson Irvine,FC St. Pauli,32.0,Central Midfield,2000.0,Australia,1.89,,right,,31.0,1.03,0.0,5.0,0.0,0.0,0.0,3.0,0.0,0.0,0.0,0.0,2.82
329373,Carlo Boukhalfa,FC St. Pauli,26.0,Central Midfield,1000.0,Germany,1.86,Unique Sports Group,left,2025.0,,,,,,,,,,,,,
501049,Erik Ahlstrand,FC St. Pauli,23.0,Central Midfield,500.0,Sweden,1.84,,"
                            Jan 27, 2024                        ",,19.0,1.05,0.0,3.0,0.0,6.0,9.0,1.0,0.0,0.0,0.0,0.0,1.026
346499,Danel Sinani,FC St. Pauli,28.0,Attacking Midfield,750.0,Luxembourg,1.85,,left,,27.0,0.93,2.0,1.0,0.0,13.0,13.0,3.0,0.0,0.0,0.0,632.0,1.263
392163,Noah Weißhaupt,FC St. Pauli,23.0,Left Winger,5000.0,Germany,1.81,PRO Profil GmbH,right,2025.0,25.0,1.12,1.0,3.0,0.0,11.0,13.0,0.0,0.0,0.0,0.0,1.348,1.348
526466,Elias Saad,FC St. Pauli,25.0,Left Winger,4000.0,Tunisia,1.85,,right,,19.0,0.95,3.0,2.0,0.0,9.0,9.0,1.0,0.0,0.0,0.0,317.0,951.0
487850,Oladapo Afolayan,FC St. Pauli,27.0,Right Winger,4000.0,England,1.8,,right,2026.0,34.0,1.0,3.0,2.0,0.0,16.0,16.0,3.0,0.0,0.0,0.0,589.0,1.766
691786,Morgan Guilavogui,FC St. Pauli,27.0,Right Winger,4000.0,Guinea,1.89,,right,2025.0,27.0,1.04,7.0,4.0,0.0,4.0,16.0,7.0,0.0,0.0,0.0,283.0,1.979
596821,Scott Banks,FC St. Pauli,23.0,Right Winger,500.0,Scotland,1.83,,left,,12.0,0.92,0.0,0.0,0.0,12.0,0.0,1.0,0.0,0.0,0.0,0.0,106.0
251303,Johannes Eggestein,FC St. Pauli,27.0,Centre-Forward,3000.0,Germany,1.83,ROOF,right,2025.0,,,,,,,,,,,,,
1280281,Abdoulie Ceesay,FC St. Pauli,21.0,Centre-Forward,500.0,The Gambia,1.85,,-,,,,,,,,,,,,,,
88647,Andreas Albers,FC St. Pauli,35.0,Centre-Forward,300.0,Denmark,1.93,CMA Group,right,,,,,,,,,,,,,,
79967,Simon Zoller,FC St. Pauli,33.0,Centre-Forward,300.0,Germany,1.79,,right,,,,,,,2.0,,,,,,,
364258,Bernardo,VfL Bochum,30.0,Centre-Back,5500.0,Brazil,1.86,,left,2025.0,21.0,1.1,0.0,0.0,0.0,2.0,0.0,5.0,0.0,0.0,0.0,0.0,1.781
696164,Tim Oermann,VfL Bochum,21.0,Centre-Back,5000.0,Germany,1.89,CN Sports,right,2026.0,30.0,0.7,0.0,2.0,0.0,4.0,7.0,0.0,0.0,0.0,0.0,0.0,2.23
343959,Erhan Masovic,VfL Bochum,26.0,Centre-Back,3000.0,Serbia,1.89,,both,2026.0,17.0,0.76,1.0,1.0,0.0,6.0,2.0,2.0,0.0,0.0,0.0,984.0,984.0
488755,Jakov Medic,VfL Bochum,26.0,Centre-Back,2000.0,Croatia,1.93,,right,2025.0,23.0,0.83,1.0,0.0,0.0,6.0,4.0,2.0,0.0,0.0,0.0,1.604,1.604
118850,Ivan Ordets,VfL Bochum,32.0,Centre-Back,1800.0,Ukraine,1.95,,right,2026.0,22.0,0.77,0.0,0.0,0.0,1.0,4.0,6.0,0.0,0.0,0.0,0.0,1.865
813730,Mohammed Tolba,VfL Bochum,20.0,Centre-Back,200.0,Germany,1.85,M-Soccermanagement,right,2025.0,14.0,1.71,2.0,1.0,0.0,0.0,3.0,0.0,0.0,0.0,0.0,589.0,1.178
274461,Felix Passlack,VfL Bochum,26.0,Right-Back,2500.0,Germany,1.7,,right,2026.0,,,,,,,,,,,,,
121686,Cristian Gamboa,VfL Bochum,35.0,Right-Back,500.0,Costa Rica,1.75,Wasserman,right,2025.0,12.0,0.75,1.0,0.0,0.0,11.0,1.0,1.0,0.0,0.0,0.0,217.0,217.0
372712,Ibrahima Sissoko,VfL Bochum,27.0,Defensive Midfield,6000.0,Mali,1.93,,right,2027.0,33.0,0.7,2.0,1.0,0.0,2.0,14.0,10.0,1.0,0.0,0.0,1.357,2.714
111266,Anthony Losilla,VfL Bochum,39.0,Defensive Midfield,500.0,France,1.85,,right,2025.0,22.0,0.86,0.0,0.0,0.0,8.0,9.0,0.0,0.0,0.0,0.0,0.0,1.208
744600,Niklas Jahn,VfL Bochum,20.0,Defensive Midfield,200.0,Germany,1.72,ROOF Talents,right,2027.0,18.0,2.33,1.0,3.0,0.0,0.0,9.0,0.0,0.0,0.0,0.0,1.455,1.455
405687,Tom Krauß,VfL Bochum,23.0,Central Midfield,4000.0,Germany,1.82,Dirk Hebel,right,2025.0,37.0,0.86,2.0,4.0,0.0,4.0,22.0,3.0,0.0,0.0,0.0,1.348,2.696
204047,Matus Bero,VfL Bochum,29.0,Central Midfield,3500.0,Slovakia,1.81,Stars & Friends,right,2026.0,,,,,,,,,,,,,
796221,Mats Pannewig,VfL Bochum,20.0,Central Midfield,600.0,Germany,1.95,CN Sports,"
                            Jul 1, 2023                        ",2026.0,,,,,,,,,,,,,
295060,Koji Miyoshi,VfL Bochum,28.0,Right Midfield,1800.0,Japan,1.67,,left,2028.0,19.0,0.89,1.0,0.0,0.0,12.0,6.0,0.0,0.0,1.0,0.0,587.0,587.0
340459,Dani de Wit,VfL Bochum,27.0,Attacking Midfield,3000.0,Netherlands,1.84,PUM,right,2028.0,,,,,,,,,,,,,
329517,Georgios Masouras,VfL Bochum,31.0,Left Winger,3200.0,Greece,1.84,Target Sport,right,2025.0,31.0,1.58,3.0,0.0,0.0,13.0,16.0,3.0,0.0,0.0,0.0,528.0,1.583
684318,Samuel Bamba,VfL Bochum,21.0,Right Winger,800.0,Germany,1.79,,both,2027.0,9.0,1.33,0.0,1.0,0.0,6.0,3.0,0.0,0.0,0.0,0.0,0.0,243.0
412932,Myron Boadu,VfL Bochum,24.0,Centre-Forward,7000.0,Netherlands,1.81,Team Raiola,right,2025.0,20.0,0.4,9.0,1.0,0.0,9.0,9.0,3.0,0.0,0.0,1.0,118.0,1.062
406973,Moritz Broschinski,VfL Bochum,24.0,Centre-Forward,2500.0,Germany,1.9,,right,2026.0,34.0,0.74,1.0,3.0,0.0,18.0,16.0,1.0,0.0,0.0,0.0,1.471,1.471
119037,Philipp Hofmann,VfL Bochum,32.0,Centre-Forward,1500.0,Germany,1.95,ROOF,left,2026.0,33.0,0.67,3.0,3.0,0.0,5.0,14.0,5.0,0.0,0.0,0.0,793.0,2.378
706024,Marko Ivezic,Holstein Kiel,23.0,Centre-Back,2500.0,Serbia,1.91,Seven Stars,right,2027.0,25.0,0.76,0.0,0.0,0.0,5.0,4.0,5.0,0.0,0.0,0.0,0.0,1.821
469709,David Zec,Holstein Kiel,25.0,Centre-Back,2500.0,Slovenia,1.9,Universal Twenty Two,right,2029.0,46.0,1.39,6.0,1.0,0.0,1.0,5.0,12.0,1.0,0.0,0.0,662.0,3.971
282349,Timo Becker,Holstein Kiel,28.0,Centre-Back,2000.0,Germany,1.9,KL Sportsbase,right,2025.0,32.0,0.78,0.0,2.0,0.0,2.0,7.0,2.0,0.0,0.0,0.0,0.0,2.596
471890,Max Geschwill,Holstein Kiel,23.0,Centre-Back,1500.0,Germany,1.85,,left,,23.0,0.74,1.0,2.0,1.0,6.0,5.0,4.0,0.0,0.0,0.0,1.645,1.645
335631,Marco Komenda,Holstein Kiel,28.0,Centre-Back,800.0,Germany,1.84,,left,2026.0,20.0,1.0,0.0,0.0,0.0,3.0,8.0,3.0,0.0,0.0,0.0,0.0,1.325
464333,Ivan Nekic,Holstein Kiel,24.0,Centre-Back,800.0,Croatia,1.85,FairSport,right,,,,,,,,,,,,,,
225043,Carl Johansson,Holstein Kiel,30.0,Centre-Back,700.0,Sweden,1.94,,right,2026.0,11.0,1.0,0.0,0.0,0.0,3.0,3.0,0.0,0.0,1.0,0.0,0.0,631.0
683812,John Tolkin,Holstein Kiel,22.0,Left-Back,3000.0,United States,1.7,YMU Management Ltd.,left,,11.0,0.91,0.0,2.0,0.0,2.0,4.0,0.0,0.0,0.0,0.0,0.0,739.0
610608,Dominik Javorcek,Holstein Kiel,22.0,Left-Back,550.0,Slovakia,1.83,,left,2025.0,20.0,0.85,1.0,2.0,0.0,10.0,4.0,3.0,0.0,0.0,0.0,943.0,943.0
193859,Patrick Erras,Holstein Kiel,30.0,Defensive Midfield,1000.0,Germany,1.96,,right,2026.0,12.0,0.58,1.0,0.0,0.0,0.0,3.0,2.0,0.0,0.0,0.0,968.0,968.0
168678,Marvin Schulz,Holstein Kiel,30.0,Defensive Midfield,700.0,Germany,1.86,Tenet Football,right,2025.0,15.0,0.73,0.0,0.0,0.0,9.0,5.0,4.0,0.0,0.0,0.0,0.0,508.0
651269,Armin Gigovic,Holstein Kiel,23.0,Central Midfield,3000.0,Bosnia-Herzegovina,1.87,,right,,33.0,0.85,6.0,2.0,0.0,8.0,20.0,7.0,0.0,0.0,0.0,348.0,2.085
592534,Nicolai Remberg,Holstein Kiel,24.0,Central Midfield,2800.0,Germany,1.88,Tenet Football,right,,33.0,0.85,0.0,1.0,2.0,6.0,2.0,12.0,0.0,0.0,0.0,0.0,2.488
651735,Magnus Knudsen,Holstein Kiel,23.0,Central Midfield,2500.0,Norway,1.86,Keypass AS,right,,33.0,0.82,0.0,1.0,0.0,11.0,12.0,7.0,0.0,0.0,0.0,0.0,1.897
55508,Lewis Holtby,Holstein Kiel,34.0,Central Midfield,500.0,Germany,1.76,ROOF,left,2025.0,26.0,0.65,0.0,2.0,0.0,12.0,10.0,1.0,0.0,1.0,0.0,0.0,1.325
747983,Aurel Wagbe,Holstein Kiel,21.0,Left Midfield,100.0,Germany,1.91,ROOF Talents,left,2026.0,28.0,0.71,0.0,6.0,0.0,7.0,15.0,6.0,0.0,0.0,0.0,0.0,1.767
241307,Finn Porath,Holstein Kiel,28.0,Attacking Midfield,2000.0,Germany,1.8,PRO Profil GmbH,right,2026.0,33.0,0.67,2.0,3.0,0.0,11.0,13.0,5.0,0.0,0.0,0.0,1.065,2.13
93827,Steven Skrzybski,Holstein Kiel,32.0,Attacking Midfield,1000.0,Germany,1.74,,right,2026.0,25.0,0.76,6.0,3.0,0.0,9.0,13.0,0.0,0.0,0.0,1.0,231.0,1.385
719694,Andu Kelati,Holstein Kiel,22.0,Left Winger,800.0,Germany,1.81,Soccer and more,right,2028.0,12.0,0.42,1.0,1.0,0.0,7.0,3.0,0.0,1.0,0.0,0.0,533.0,533.0
633454,Alexander Bernhardsson,Holstein Kiel,26.0,Right Winger,1500.0,Sweden,1.85,,left,2027.0,,,,,,,,,,,,,
606119,Phil Harres,Holstein Kiel,23.0,Centre-Forward,4500.0,Germany,1.93,,right,,34.0,0.97,10.0,3.0,0.0,9.0,14.0,4.0,0.0,0.0,0.0,226.0,2.257
550580,Shuto Machino,Holstein Kiel,25.0,Centre-Forward,3500.0,Japan,1.85,UNIO,right,2027.0,34.0,0.74,12.0,3.0,0.0,9.0,15.0,3.0,0.0,0.0,2.0,178.0,2.139
331362,Benedikt Pichler,Holstein Kiel,27.0,Centre-Forward,2000.0,Austria,1.88,YOU FIRST,right,2027.0,21.0,0.57,2.0,2.0,0.0,12.0,3.0,1.0,0.0,0.0,1.0,470.0,939.0
343337,Fiete Arp,Holstein Kiel,25.0,Centre-Forward,800.0,Germany,1.86,,right,2026.0,25.0,0.6,2.0,0.0,0.0,22.0,1.0,7.0,1.0,0.0,1.0,377.0,753.0
236981,Timo Hübers,1.FC Köln,28.0,Centre-Back,3500.0,Germany,1.9,WINS,right,2026.0,33.0,1.82,3.0,1.0,2.0,0.0,1.0,8.0,0.0,0.0,0.0,998.0,2.994
744558,Julian Pauli,1.FC Köln,19.0,Centre-Back,2500.0,Germany,1.9,Wasserman,right,2027.0,20.0,1.75,1.0,1.0,0.0,3.0,9.0,3.0,0.0,0.0,0.0,1.415,1.415
322517,Joël Schmied,1.FC Köln,26.0,Centre-Back,2000.0,Switzerland,1.88,Signature - ISCM AG,right,2029.0,34.0,1.62,3.0,0.0,0.0,2.0,6.0,5.0,0.0,0.0,0.0,991.0,2.974
110036,Dominique Heintz,1.FC Köln,31.0,Centre-Back,800.0,Germany,1.88,Sports360 GmbH,left,2026.0,32.0,1.84,0.0,4.0,0.0,7.0,10.0,9.0,0.0,0.0,0.0,0.0,2.237
384553,Luca Kilian,1.FC Köln,25.0,Centre-Back,700.0,Germany,1.92,CORESPORT,right,2026.0,,,,,,,,,,,,,
917792,Neo Telle,1.FC Köln,20.0,Centre-Back,300.0,Germany,1.83,,"
                            Jan 1, 2025                        ",2026.0,23.0,1.74,2.0,0.0,0.0,5.0,4.0,3.0,1.0,0.0,0.0,771.0,1.542
810649,Max Finkgräfe,1.FC Köln,21.0,Left-Back,4000.0,Germany,1.83,Unique Sports Group,left,2026.0,16.0,1.75,0.0,0.0,0.0,7.0,6.0,4.0,0.0,0.0,0.0,0.0,945.0
107219,Leart Paçarada,1.FC Köln,30.0,Left-Back,1500.0,Kosovo,1.84,SBE Management AG,left,2026.0,35.0,1.89,0.0,9.0,0.0,3.0,5.0,6.0,1.0,0.0,0.0,0.0,2.811
393745,Jusuf Gazibegovic,1.FC Köln,25.0,Right-Back,4000.0,Bosnia-Herzegovina,1.74,LIAN Sports Group,both,,,,,,,,,,,,,,
472249,Jan Thielmann,1.FC Köln,22.0,Right-Back,3000.0,Germany,1.78,,right,2026.0,34.0,1.85,2.0,4.0,0.0,6.0,11.0,9.0,0.0,0.0,0.0,1.233,2.465
597000,Eric Martel,1.FC Köln,23.0,Defensive Midfield,6000.0,Germany,1.88,,right,2026.0,,,,,,,,,,,,,
287188,Dejan Ljubicic,1.FC Köln,27.0,Defensive Midfield,5000.0,Austria,1.87,TM Sport Consulting ...,right,2025.0,30.0,1.77,5.0,3.0,0.0,4.0,11.0,7.0,0.0,0.0,1.0,464.0,2.321
515017,Jacob Christensen,1.FC Köln,23.0,Defensive Midfield,1000.0,Denmark,1.8,People In Sport,right,2026.0,,,,,,2.0,,,,,,,
678479,Denis Huseinbasic,1.FC Köln,23.0,Central Midfield,2800.0,Bosnia-Herzegovina,1.84,,right,,35.0,1.89,3.0,1.0,0.0,6.0,13.0,5.0,0.0,0.0,0.0,889.0,2.668
490581,Mathias Olesen,1.FC Köln,24.0,Central Midfield,1000.0,Luxembourg,1.88,YOU FIRST,both,2025.0,22.0,2.05,1.0,1.0,0.0,14.0,4.0,1.0,0.0,0.0,0.0,939.0,939.0
106270,Florian Kainz,1.FC Köln,32.0,Attacking Midfield,2000.0,Austria,1.76,YOU FIRST,both,,28.0,1.96,5.0,3.0,1.0,12.0,11.0,3.0,0.0,0.0,1.0,283.0,1.414
335103,Linton Maina,1.FC Köln,25.0,Left Winger,3000.0,Germany,1.8,ROOF,right,,,,,,,,,,,,,,
522084,Marvin Obuz,1.FC Köln,23.0,Right Winger,500.0,Germany,1.82,Dirk Hebel,right,2025.0,8.0,1.38,0.0,0.0,0.0,6.0,2.0,0.0,0.0,0.0,0.0,0.0,226.0
553285,Tim Lemperle,1.FC Köln,23.0,Centre-Forward,5000.0,Germany,1.87,ROGON,right,2025.0,28.0,1.93,11.0,6.0,0.0,3.0,16.0,6.0,0.0,0.0,0.0,190.0,2.095
820241,Damion Downs,1.FC Köln,20.0,Centre-Forward,5000.0,United States,1.92,Wasserman,right,2026.0,32.0,1.72,11.0,6.0,0.0,9.0,20.0,2.0,0.0,0.0,0.0,179.0,1.964
464154,Imad Rondic,1.FC Köln,26.0,Centre-Forward,1800.0,Bosnia-Herzegovina,1.9,B360 Sports,left,2029.0,30.0,1.33,10.0,2.0,0.0,6.0,11.0,2.0,0.0,0.0,2.0,214.0,2.144
196095,Luca Waldschmidt,1.FC Köln,29.0,Centre-Forward,1500.0,Germany,1.81,,left,2027.0,,,,,,,,,,,,,
296879,Steffen Tigges,1.FC Köln,26.0,Centre-Forward,700.0,Germany,1.94,,left,2026.0,18.0,1.89,0.0,0.0,0.0,15.0,1.0,0.0,0.0,0.0,0.0,0.0,465.0
112935,Mark Uth,1.FC Köln,33.0,Centre-Forward,350.0,Germany,1.85,Sports360 GmbH,left,2025.0,15.0,2.07,1.0,1.0,0.0,12.0,4.0,1.0,0.0,0.0,0.0,256.0,256.0
940198,Jaka Cuber Potocnik,1.FC Köln,19.0,Centre-Forward,350.0,Slovenia,1.89,,right,2027.0,,,,,,,,,,,,,
94201,Robin Knoche,1.FC Nuremberg,33.0,Centre-Back,800.0,Germany,1.89,Sports360 GmbH,right,2026.0,33.0,1.45,1.0,3.0,0.0,0.0,5.0,0.0,0.0,0.0,1.0,2.847,2.847
594731,Fabio Gruber,1.FC Nuremberg,22.0,Centre-Back,700.0,Germany,1.88,Match2gether,right,,33.0,1.52,3.0,0.0,0.0,2.0,3.0,7.0,1.0,0.0,0.0,919.0,2.758
181614,Ondrej Karafiat,1.FC Nuremberg,30.0,Centre-Back,600.0,Czech Republic,1.82,Int. Sport ...,right,,33.0,1.45,2.0,1.0,0.0,8.0,6.0,2.0,0.0,0.0,0.0,1.134,2.268
927005,Nick Seidel,1.FC Nuremberg,20.0,Centre-Back,300.0,Germany,1.91,,left,2028.0,,,,,,,,,,,,,
907087,Berkay Yilmaz,1.FC Nuremberg,20.0,Left-Back,1000.0,Türkiye,1.78,Verde Sports ...,left,2026.0,27.0,1.37,0.0,2.0,0.0,9.0,8.0,5.0,0.0,0.0,0.0,0.0,1.688
154396,Danilo Soares,1.FC Nuremberg,33.0,Left-Back,500.0,Brazil,1.7,,left,2026.0,23.0,1.39,1.0,2.0,0.0,4.0,11.0,5.0,0.0,0.0,0.0,1.535,1.535
1152976,Eric Porstner,Nürnberg U19,18.0,Left-Back,200.0,Germany,1.87,Karl M. Herzog ...,left,,,,,,,,,,,,,,
462838,Oliver Villadsen,1.FC Nuremberg,23.0,Right-Back,1800.0,Denmark,1.73,BTAM,right,2027.0,32.0,1.47,0.0,5.0,0.0,10.0,9.0,3.0,0.0,0.0,0.0,0.0,2.076
40605,Enrico Valentini,1.FC Nuremberg,36.0,Right-Back,250.0,Germany,1.82,,right,2025.0,6.0,1.5,0.0,1.0,0.0,5.0,0.0,1.0,0.0,0.0,0.0,0.0,203.0
596881,Florian Flick,1.FC Nuremberg,25.0,Defensive Midfield,1000.0,Germany,1.9,MK Sport Consulting,both,2026.0,22.0,1.86,1.0,0.0,1.0,13.0,2.0,4.0,0.0,0.0,0.0,942.0,942.0
974564,Winners Osawe,1.FC Nuremberg,18.0,Defensive Midfield,300.0,Germany,1.89,,right,2025.0,19.0,1.16,2.0,1.0,0.0,1.0,4.0,5.0,0.0,0.0,0.0,769.0,1.538
613192,Jens Castrop,1.FC Nuremberg,21.0,Central Midfield,6000.0,Germany,1.78,WINS,right,2026.0,26.0,1.31,3.0,4.0,0.0,0.0,15.0,11.0,0.0,0.0,0.0,693.0,2.08
696116,Caspar Jander,1.FC Nuremberg,22.0,Central Midfield,5000.0,Germany,1.83,OSSC,right,2028.0,34.0,1.38,3.0,9.0,0.0,0.0,10.0,6.0,1.0,0.0,0.0,983.0,2.95
745601,Rafael Lubach,1.FC Nuremberg,20.0,Central Midfield,1000.0,Germany,1.78,Sports eXcellence ...,right,2027.0,31.0,1.23,2.0,3.0,0.0,14.0,13.0,6.0,0.0,0.0,0.0,830.0,1.66
924115,Tim Janisch,1.FC Nuremberg,19.0,Right Midfield,750.0,Germany,1.71,,right,2026.0,24.0,1.38,0.0,2.0,0.0,4.0,14.0,6.0,0.0,0.0,0.0,0.0,1.654
324861,Julian Justvan,1.FC Nuremberg,27.0,Attacking Midfield,2200.0,Germany,1.77,Karl M. Herzog ...,left,2027.0,34.0,1.41,8.0,14.0,1.0,1.0,10.0,4.0,0.0,0.0,1.0,355.0,2.837
585049,Simon Joachims,Nuremberg II,23.0,Attacking Midfield,150.0,Germany,1.77,,right,2025.0,24.0,1.25,2.0,8.0,0.0,4.0,5.0,5.0,0.0,0.0,0.0,890.0,1.78
924114,Dustin Forkel,1.FC Nuremberg,20.0,Left Winger,400.0,Germany,1.86,,both,,14.0,1.86,5.0,0.0,0.0,9.0,2.0,0.0,0.0,0.0,1.0,121.0,603.0
388058,Benjamin Goller,1.FC Nuremberg,26.0,Right Winger,400.0,Germany,1.8,,right,,9.0,1.89,0.0,0.0,0.0,7.0,2.0,0.0,0.0,0.0,0.0,0.0,202.0
950091,Stefanos Tzimas,1.FC Nuremberg,19.0,Centre-Forward,22000.0,Greece,1.86,SEG,both,2025.0,24.0,1.58,12.0,3.0,0.0,4.0,12.0,5.0,0.0,1.0,0.0,149.0,1.793
538974,Janis Antiste,1.FC Nuremberg,22.0,Centre-Forward,1700.0,France,1.83,ROGON,right,2025.0,,,,,,,,,,,,,
255957,Mahir Emreli,1.FC Nuremberg,27.0,Centre-Forward,800.0,Azerbaijan,1.87,MVP United,left,2025.0,25.0,1.24,11.0,1.0,0.0,6.0,15.0,9.0,0.0,0.0,0.0,143.0,1.575
479273,Lukas Schleimer,1.FC Nuremberg,25.0,Centre-Forward,600.0,Germany,1.84,Soccer and more,right,2025.0,,,,,,,,,,,,,
294534,Janni Serra,1.FC Nuremberg,27.0,Centre-Forward,400.0,Germany,1.93,,left,2025.0,11.0,1.18,0.0,0.0,0.0,9.0,1.0,2.0,0.0,0.0,0.0,0.0,253.0
1185190,Tino Kusanovic,Nürnberg U17,17.0,Centre-Forward,300.0,Croatia,1.87,,"
                            Jul 1, 2024                        ",2029.0,24.0,1.42,27.0,0.0,0.0,3.0,3.0,1.0,0.0,0.0,4.0,73.0,1.979
1152979,Levin Chiumento,Nürnberg U19,17.0,Centre-Forward,200.0,Germany,1.9,,both,2026.0,26.0,1.62,18.0,10.0,0.0,3.0,14.0,1.0,0.0,0.0,1.0,106.0,1.916
322065,Dennis Hadzikadunic,Hamburger SV,26.0,Centre-Back,2000.0,Bosnia-Herzegovina,1.91,,right,2025.0,,,,,,,,,,,,,
1052420,Aboubaka Soumahoro,Hamburger SV,20.0,Centre-Back,1800.0,France,1.84,,left,2029.0,14.0,1.93,0.0,0.0,0.0,8.0,3.0,1.0,0.0,0.0,0.0,0.0,594.0
213751,Sebastian Schonlau,Hamburger SV,30.0,Centre-Back,1000.0,Germany,1.88,,both,2026.0,25.0,1.68,0.0,2.0,0.0,4.0,1.0,5.0,1.0,1.0,0.0,0.0,1.943
482383,Valon Zumberi,Hamburger SV,22.0,Centre-Back,150.0,Germany,1.88,,right,2025.0,,,,,,,,,,,,,
298603,Miro Muheim,Hamburger SV,27.0,Left-Back,3000.0,Switzerland,1.82,Wasserman,left,2027.0,,,,,,,,,,,,,
469949,Noah Katterbach,Hamburger SV,24.0,Left-Back,600.0,Germany,1.8,ROGON,left,2027.0,10.0,1.5,1.0,1.0,0.0,3.0,6.0,2.0,0.0,0.0,0.0,589.0,589.0
743500,William Mikelbrencis,Hamburger SV,21.0,Right-Back,1500.0,France,1.76,,right,2026.0,31.0,1.87,1.0,5.0,0.0,6.0,10.0,7.0,0.0,0.0,0.0,2.131,2.131
237666,Silvan Hefti,Hamburger SV,27.0,Right-Back,1500.0,Switzerland,1.83,ONEANDTEN,right,2028.0,20.0,1.85,1.0,1.0,1.0,8.0,7.0,4.0,0.0,0.0,0.0,1.092,1.092
729165,Nicolas Oliveira,Hamburger SV,21.0,Right-Back,300.0,Germany,1.83,Wasserman,right,2026.0,20.0,1.65,1.0,3.0,0.0,1.0,8.0,1.0,0.0,0.0,0.0,1.644,1.644
107574,Jonas Meffert,Hamburger SV,30.0,Defensive Midfield,1000.0,Germany,1.86,Sports360 GmbH,right,2026.0,,,,,,,,,,,,,
490884,Ludovit Reis,Hamburger SV,24.0,Central Midfield,3500.0,Netherlands,1.78,CAA Stellar,right,2026.0,28.0,1.79,2.0,3.0,0.0,8.0,9.0,5.0,0.0,0.0,0.0,901.0,1.801
532169,Lukasz Poreba,Hamburger SV,25.0,Central Midfield,1000.0,Poland,1.79,SSM Agency,right,2027.0,19.0,1.68,1.0,0.0,0.0,13.0,3.0,4.0,0.0,0.0,0.0,753.0,753.0
652061,Adam Karabec,Hamburger SV,21.0,Attacking Midfield,5000.0,Czech Republic,1.87,Int. Sport ...,left,2025.0,33.0,1.61,3.0,8.0,0.0,7.0,24.0,3.0,0.0,0.0,0.0,707.0,2.122
412935,Immanuel Pherai,Hamburger SV,24.0,Attacking Midfield,2000.0,Suriname,1.75,,right,2027.0,19.0,1.74,2.0,4.0,0.0,13.0,5.0,4.0,0.0,0.0,0.0,342.0,683.0
279009,Marco Richter,Hamburger SV,27.0,Attacking Midfield,2000.0,Germany,1.76,,right,2025.0,28.0,1.79,1.0,2.0,0.0,14.0,14.0,2.0,0.0,0.0,0.0,1.202,1.202
897491,Bilal Yalcinkaya,Hamburger SV,19.0,Attacking Midfield,300.0,Germany,1.82,SEG,both,2027.0,29.0,1.45,6.0,6.0,0.0,1.0,24.0,3.0,0.0,0.0,0.0,375.0,2.251
291222,Jean-Luc Dompé,Hamburger SV,29.0,Left Winger,2500.0,France,1.7,Libera Sports,right,2027.0,33.0,1.7,9.0,14.0,0.0,6.0,12.0,3.0,0.0,0.0,0.0,269.0,2.418
1213681,Alexander Røssing-Lelesiit,Hamburger SV,18.0,Left Winger,2000.0,Norway,1.84,Solbakken / Player ...,"
                            Feb 3, 2025                        ",2029.0,,,,,,,,,,,,,
910541,Fabio Baldé,Hamburger SV,19.0,Left Winger,1500.0,Germany,1.82,Total Sport Agency,right,2029.0,,,,,,,,,,,,,
168543,Levin Öztunali,Hamburger SV,29.0,Left Winger,300.0,Germany,1.84,CAA Stellar,right,2026.0,2.0,1.5,0.0,0.0,0.0,2.0,0.0,0.0,0.0,0.0,0.0,0.0,27.0
719672,Adedire Mebude,Hamburger SV,20.0,Right Winger,1500.0,Scotland,1.79,Roc Nation Sports,right,2025.0,,,,,,,,,,,,,
403177,Emir Sahiti,Hamburger SV,26.0,Right Winger,1500.0,Kosovo,1.74,,right,2027.0,,,,,,,,,,,,,
415194,Bakery Jatta,Hamburger SV,26.0,Right Winger,1300.0,The Gambia,1.84,,right,2029.0,,,,,,,,,,,,,
196139,Robert Glatzel,Hamburger SV,31.0,Centre-Forward,3000.0,Germany,1.93,Sports360 GmbH,both,2027.0,16.0,1.75,11.0,0.0,0.0,10.0,2.0,0.0,0.0,0.0,2.0,62.0,685.0
470038,Ransford Königsdörffer,Hamburger SV,23.0,Centre-Forward,3000.0,Ghana,1.82,ROOF,right,2026.0,,,,,,,,,,,,,
178459,Davie Selke,Hamburger SV,30.0,Centre-Forward,3000.0,Germany,1.95,Sports eXcellence ...,right,2025.0,33.0,1.67,23.0,0.0,0.0,10.0,15.0,7.0,0.0,0.0,3.0,88.0,2.035
1058520,Otto Stange,Hamburger SV,18.0,Centre-Forward,2000.0,Germany,1.87,CAA Stellar,right,,29.0,1.48,9.0,3.0,0.0,16.0,7.0,1.0,1.0,0.0,2.0,131.0,1.182
692734,Linus Gechter,Hertha BSC,21.0,Centre-Back,2500.0,Germany,1.91,ROGON,right,2027.0,22.0,1.45,1.0,2.0,0.0,2.0,4.0,3.0,0.0,1.0,0.0,1.712,1.712
432281,Márton Dárdai,Hertha BSC,23.0,Centre-Back,2000.0,Hungary,1.88,ROGON,left,2028.0,,,,,,,,,,,,,
124732,John Brooks,Hertha BSC,32.0,Centre-Back,500.0,United States,1.94,ROGON,left,2026.0,,,,,,,,,,,,,
86916,Toni Leistner,Hertha BSC,34.0,Centre-Back,300.0,Germany,1.9,,right,2026.0,29.0,1.48,0.0,1.0,0.0,5.0,2.0,5.0,0.0,0.0,0.0,0.0,2.288
147359,Jeremy Dudziak,Hertha BSC,29.0,Left-Back,750.0,Tunisia,1.76,,left,2025.0,2.0,0.5,0.0,0.0,0.0,0.0,2.0,1.0,0.0,0.0,0.0,0.0,112.0
258883,Jonjoe Kenny,Hertha BSC,28.0,Right-Back,2500.0,England,1.76,WINS,right,2025.0,35.0,1.4,1.0,8.0,0.0,0.0,1.0,6.0,0.0,0.0,0.0,3.17,3.17
338032,Deyovaisio Zeefuik,Hertha BSC,27.0,Right-Back,1000.0,Suriname,1.78,SEG,right,2027.0,34.0,1.35,1.0,3.0,0.0,1.0,6.0,11.0,0.0,1.0,0.0,2.846,2.846
820261,Pascal Klemens,Hertha BSC,20.0,Defensive Midfield,3000.0,Germany,1.86,SEG,right,2026.0,29.0,1.28,1.0,3.0,0.0,9.0,8.0,4.0,0.0,0.0,0.0,1.963,1.963
82070,Diego Demme,Hertha BSC,33.0,Defensive Midfield,600.0,Germany,1.7,,right,2026.0,24.0,1.46,0.0,2.0,0.0,5.0,11.0,6.0,0.0,0.0,0.0,0.0,1.743
1067659,Boris Mamuzah Lum,Hertha BSC II,17.0,Defensive Midfield,500.0,Germany,1.73,,both,2026.0,20.0,1.85,2.0,0.0,0.0,3.0,7.0,3.0,0.0,0.0,1.0,683.0,1.366
344600,Michaël Cuisance,Hertha BSC,25.0,Central Midfield,3500.0,France,1.81,ROGON,left,2029.0,34.0,1.32,7.0,7.0,0.0,3.0,12.0,7.0,0.0,0.0,2.0,399.0,2.79
401604,Michal Karbownik,Hertha BSC,24.0,Central Midfield,2500.0,Poland,1.75,AS1,right,2026.0,24.0,1.38,0.0,2.0,0.0,10.0,10.0,1.0,0.0,0.0,0.0,0.0,1.21
448028,Kevin Sessa,Hertha BSC,24.0,Central Midfield,2000.0,Germany,1.75,,right,2027.0,,,,,,,,,,,,,
448266,Bilal Hussein,Hertha BSC,25.0,Central Midfield,400.0,Sweden,1.73,HCM Sports ...,right,2026.0,8.0,1.88,0.0,3.0,0.0,3.0,1.0,1.0,0.0,0.0,0.0,0.0,494.0
157535,Andreas Bouchalakis,Hertha BSC,32.0,Central Midfield,350.0,Greece,1.86,feel soccer GmbH,left,2025.0,,,,,,,,,,,,,
905011,Ibrahim Maza,Hertha BSC,19.0,Attacking Midfield,12000.0,Algeria,1.8,CAA Stellar,right,2027.0,36.0,1.31,7.0,5.0,0.0,0.0,24.0,7.0,0.0,0.0,2.0,416.0,2.914
977980,Julius Gottschalk,Hertha BSC,18.0,Attacking Midfield,300.0,Germany,1.8,B360 Sports,right,2027.0,32.0,1.5,2.0,8.0,0.0,6.0,11.0,1.0,0.0,0.0,0.0,1.156,2.312
227102,Fabian Reese,Hertha BSC,27.0,Left Winger,4000.0,Germany,1.89,ROGON,right,2030.0,,,,,,,,,,,,,
820957,Derry Scherhant,Hertha BSC,22.0,Left Winger,2000.0,Germany,1.85,Sports360 GmbH,right,2027.0,,,,,,,,,,,,,
331739,Jón Dagur Thorsteinsson,Hertha BSC,26.0,Left Winger,1000.0,Iceland,1.77,,right,2027.0,23.0,1.43,1.0,1.0,0.0,17.0,5.0,3.0,0.0,0.0,0.0,784.0,784.0
897441,Luis Trus,Hertha BSC II,18.0,Left Winger,125.0,Germany,1.84,LEADERBROCK,right,,16.0,1.69,6.0,3.0,0.0,4.0,6.0,1.0,0.0,0.0,1.0,159.0,956.0
574569,Marten Winkler,Hertha BSC,22.0,Right Winger,1200.0,Germany,1.84,Dirk Hebel,left,2027.0,22.0,1.59,3.0,2.0,0.0,12.0,9.0,4.0,0.0,0.0,0.0,284.0,853.0
300508,Palkó Dárdai,Hertha BSC,26.0,Right Winger,600.0,Hungary,1.8,B360 Sports,left,2027.0,18.0,1.5,1.0,1.0,0.0,14.0,4.0,0.0,0.0,0.0,0.0,470.0,470.0
328264,Smail Prevljak,Hertha BSC,30.0,Centre-Forward,700.0,Bosnia-Herzegovina,1.87,,right,2025.0,,,,,,,,,,,,,
388029,Luca Schuler,Hertha BSC,26.0,Centre-Forward,700.0,Germany,1.9,Sports360 GmbH,right,2027.0,22.0,1.5,4.0,2.0,0.0,15.0,6.0,2.0,0.0,0.0,0.0,181.0,725.0
152963,Florian Niederlechner,Hertha BSC,34.0,Centre-Forward,500.0,Germany,1.87,,right,2025.0,,,,,,,,,,,,,
678088,Luca Wollschläger,Hertha BSC II,22.0,Centre-Forward,175.0,Germany,1.95,,both,2025.0,25.0,1.28,8.0,2.0,0.0,18.0,5.0,6.0,0.0,0.0,0.0,132.0,1.053
604113,Jamil Siebert,F. Düsseldorf,23.0,Centre-Back,3000.0,Germany,1.93,BeLoyal GmbH,right,2027.0,,,,,,,,,,,,,
358906,Tim Oberdorf,F. Düsseldorf,28.0,Centre-Back,1200.0,Germany,1.86,Dr. Kraft + Wagner,right,2026.0,34.0,1.47,2.0,4.0,0.0,0.0,0.0,6.0,0.0,0.0,0.0,1.53,3.06
85164,Andre Hoffmann,F. Düsseldorf,32.0,Centre-Back,650.0,Germany,1.9,feel soccer GmbH,right,2025.0,29.0,1.55,0.0,0.0,0.0,4.0,6.0,9.0,0.0,0.0,0.0,0.0,2.158
314245,Emmanuel Iyoha,F. Düsseldorf,27.0,Left-Back,1200.0,Germany,1.91,Unique Sports Group,both,2026.0,23.0,1.57,1.0,1.0,0.0,7.0,10.0,1.0,0.0,0.0,0.0,1.487,1.487
182816,Nicolas Gavory,F. Düsseldorf,30.0,Left-Back,800.0,France,1.83,,left,2025.0,,,,,,,,,,,,,
571310,Valgeir Lunddal,F. Düsseldorf,23.0,Right-Back,1500.0,Iceland,1.91,CAA Stellar,right,2028.0,26.0,1.5,0.0,2.0,1.0,8.0,17.0,4.0,0.0,0.0,0.0,0.0,1.507
86848,Matthias Zimmermann,F. Düsseldorf,32.0,Right-Back,650.0,Germany,1.77,Unique Sports Group,right,2026.0,31.0,1.48,3.0,1.0,0.0,6.0,5.0,6.0,0.0,0.0,0.0,772.0,2.315
635103,Giovanni Haag,F. Düsseldorf,24.0,Defensive Midfield,1200.0,France,1.87,Wasserman,right,2028.0,26.0,1.38,2.0,1.0,0.0,7.0,8.0,9.0,0.0,1.0,0.0,862.0,1.723
193025,Moritz Heyer,F. Düsseldorf,30.0,Defensive Midfield,500.0,Germany,1.85,Tenet Football,right,2026.0,,,,,,,,,,,,,
119044,Marcel Sobottka,F. Düsseldorf,31.0,Defensive Midfield,500.0,Germany,1.85,Sports eXcellence ...,right,2025.0,12.0,1.42,0.0,2.0,0.0,1.0,8.0,5.0,0.0,0.0,0.0,0.0,862.0
815629,David Savic,F. Düsseldorf,19.0,Defensive Midfield,75.0,Germany,1.82,feel soccer GmbH,both,2025.0,29.0,1.34,0.0,1.0,0.0,8.0,7.0,3.0,0.0,0.0,0.0,0.0,1.907
579565,Ísak Jóhannesson,F. Düsseldorf,22.0,Central Midfield,7000.0,Iceland,1.84,CAA Stellar,left,2029.0,,,,,,,,,,,,,
452121,Shinta Appelkamp,F. Düsseldorf,24.0,Central Midfield,2000.0,Germany,1.75,,right,2026.0,28.0,1.5,1.0,8.0,0.0,11.0,14.0,4.0,0.0,0.0,0.0,1.622,1.622
316575,Moritz-Broni Kwarteng,F. Düsseldorf,27.0,Central Midfield,1200.0,Germany,1.75,,both,2025.0,15.0,0.87,0.0,4.0,0.0,8.0,6.0,1.0,0.0,0.0,0.0,0.0,659.0
700105,Daniel Bunk,F. Düsseldorf,21.0,Central Midfield,100.0,Germany,1.7,Sports360 GmbH,right,2025.0,,,,,,,,,,,,,
897401,Karim Affo,F. Düsseldorf,19.0,Attacking Midfield,200.0,Germany,1.81,DC International ...,right,2027.0,17.0,2.06,13.0,1.0,0.0,1.0,11.0,2.0,0.0,0.0,0.0,102.0,1.328
650712,Myron van Brederode,F. Düsseldorf,21.0,Left Winger,3000.0,Netherlands,1.74,SeiSei Football,right,2025.0,27.0,1.52,4.0,4.0,0.0,9.0,14.0,4.0,0.0,1.0,0.0,388.0,1.552
692148,Tim Rossmann,F. Düsseldorf,21.0,Left Winger,1000.0,Germany,1.83,DC International ...,left,2028.0,18.0,1.44,2.0,2.0,0.0,5.0,9.0,0.0,1.0,0.0,0.0,538.0,1.075
358870,Dennis Jastrzembski,F. Düsseldorf,25.0,Left Winger,400.0,Germany,1.8,SEG,left,2026.0,,,,,,,,,,,,,
809682,Jona Niemiec,F. Düsseldorf,23.0,Right Winger,650.0,Germany,1.88,HCM Sports ...,both,2026.0,,,,,,,,,,,,,
819636,Dzenan Pejcinovic,F. Düsseldorf,20.0,Centre-Forward,4000.0,Germany,1.9,Karl M. Herzog ...,left,2025.0,21.0,1.33,5.0,0.0,0.0,14.0,5.0,2.0,0.0,0.0,0.0,163.0,815.0
273054,Vincent Vermeij,F. Düsseldorf,30.0,Centre-Forward,650.0,Netherlands,1.96,,right,2026.0,,,,,,,,,,,,,
388363,Maximilian Bauer,1.FC K'lautern,25.0,Centre-Back,3000.0,Germany,1.89,Robert Schneider,right,2025.0,23.0,1.35,0.0,1.0,0.0,4.0,3.0,5.0,0.0,0.0,0.0,0.0,1.66
521928,Luca Sirch,1.FC K'lautern,25.0,Centre-Back,1800.0,Germany,1.86,Unique Sports Group,right,2026.0,30.0,1.67,4.0,6.0,0.0,1.0,6.0,0.0,0.0,0.0,0.0,642.0,2.566
369888,Jannis Heuer,1.FC K'lautern,25.0,Centre-Back,1000.0,Germany,1.89,Dirk Hebel,right,,28.0,1.61,1.0,1.0,0.0,8.0,2.0,3.0,0.0,0.0,0.0,1.902,1.902
322506,Jan Elvedi,1.FC K'lautern,28.0,Centre-Back,1000.0,Switzerland,1.87,feel soccer GmbH,right,2028.0,33.0,1.61,1.0,0.0,0.0,2.0,4.0,6.0,0.0,0.0,0.0,2.788,2.788
216181,Almamy Touré,1.FC K'lautern,29.0,Centre-Back,700.0,Mali,1.81,,right,2025.0,9.0,1.56,0.0,0.0,0.0,3.0,0.0,1.0,0.0,0.0,0.0,0.0,599.0
448027,Florian Kleinhansl,1.FC K'lautern,24.0,Left-Back,800.0,Germany,1.8,ROOF,left,,,,,,,,,,,,,,
260657,Erik Wekesser,1.FC K'lautern,27.0,Left-Back,450.0,Germany,1.86,MK Sport Consulting,left,2028.0,22.0,1.41,0.0,2.0,0.0,4.0,9.0,5.0,0.0,0.0,0.0,0.0,1.517
82018,Hendrick Zuck,1.FC K'lautern,34.0,Left-Back,175.0,Germany,1.76,Soccer and more,left,2025.0,,,,,,2.0,,,,,,,
924087,Mika Haas,1.FC K'lautern,19.0,Left-Back,150.0,Germany,1.81,CAA Stellar,left,2026.0,24.0,2.46,9.0,4.0,0.0,3.0,2.0,3.0,0.0,0.0,0.0,208.0,1.875
192840,Jan Gyamerah,1.FC K'lautern,29.0,Right-Back,700.0,Ghana,1.84,,right,,,,,,,,,,,,,,
270027,Frank Ronstadt,1.FC K'lautern,27.0,Right-Back,550.0,Germany,1.79,CAA Stellar,right,,12.0,2.0,0.0,1.0,0.0,4.0,7.0,4.0,0.0,0.0,0.0,0.0,685.0
118196,Jean Zimmer,1.FC K'lautern,31.0,Right-Back,450.0,Germany,1.73,Unique Sports Group,right,,17.0,1.94,0.0,3.0,0.0,3.0,9.0,0.0,0.0,0.0,0.0,0.0,1.115
569457,Tim Breithaupt,1.FC K'lautern,23.0,Defensive Midfield,3000.0,Germany,1.92,DC International ...,right,2025.0,16.0,1.31,0.0,1.0,0.0,3.0,6.0,3.0,0.0,0.0,0.0,0.0,1.07
562409,Afeez Aremu,1.FC K'lautern,25.0,Defensive Midfield,600.0,Nigeria,1.81,LIEBERAM.GROUP,right,2026.0,12.0,2.17,0.0,0.0,0.0,3.0,7.0,4.0,0.0,0.0,0.0,0.0,652.0
521142,Leon Robinson,1.FC K'lautern,23.0,Defensive Midfield,450.0,Germany,1.86,Unique Sports Group,right,,28.0,2.0,1.0,1.0,0.0,16.0,3.0,2.0,0.0,0.0,0.0,1.16,1.16
396230,Filip Kaloc,1.FC K'lautern,25.0,Central Midfield,1800.0,Czech Republic,1.9,,right,,30.0,1.57,3.0,2.0,0.0,4.0,12.0,7.0,0.0,0.0,0.0,729.0,2.188
384745,Tobias Raschl,1.FC K'lautern,25.0,Central Midfield,600.0,Germany,1.77,KL Sportsbase,right,2026.0,15.0,1.6,0.0,0.0,0.0,13.0,3.0,3.0,0.0,0.0,0.0,0.0,271.0
151636,Marlon Ritter,1.FC K'lautern,30.0,Attacking Midfield,1000.0,Germany,1.73,KL Sportsbase,right,,,,,,,,,,,,,,
60394,Philipp Klement,1.FC K'lautern,32.0,Attacking Midfield,400.0,Germany,1.75,,left,2025.0,7.0,1.43,1.0,1.0,0.0,4.0,3.0,0.0,0.0,0.0,0.0,288.0,288.0
456492,Faride Alidou,1.FC K'lautern,23.0,Left Winger,1500.0,Germany,1.86,Dirk Hebel,right,,,,,,,,,,,,,,
344063,Aaron Opoku,1.FC K'lautern,26.0,Left Winger,800.0,Germany,1.86,,right,2025.0,14.0,0.79,2.0,4.0,0.0,8.0,5.0,0.0,0.0,0.0,0.0,358.0,715.0
196147,Kenny-Prince Redondo,1.FC K'lautern,30.0,Left Winger,500.0,Germany,1.8,,left,,21.0,1.62,1.0,1.0,0.0,12.0,5.0,5.0,0.0,0.0,0.0,961.0,961.0
602781,Daisuke Yokota,1.FC K'lautern,24.0,Right Winger,2500.0,Japan,1.71,PRO Profil GmbH,left,2025.0,,,,,,,,,,,,,
416380,Ragnar Ache,1.FC K'lautern,26.0,Centre-Forward,7000.0,Germany,1.83,Sports360 GmbH,right,2026.0,32.0,1.56,18.0,1.0,0.0,7.0,16.0,1.0,0.0,0.0,0.0,118.0,2.118
416809,Daniel Hanslik,1.FC K'lautern,28.0,Centre-Forward,1000.0,Germany,1.86,Unique Sports Group,left,,,,,,,,,,,,,,
574201,Grant-Leon Ranos,1.FC K'lautern,21.0,Centre-Forward,800.0,Armenia,1.8,WINS,right,2025.0,11.0,1.36,3.0,2.0,0.0,7.0,3.0,1.0,0.0,0.0,0.0,137.0,412.0
1103940,Felipe Sánchez,FC Schalke 04,21.0,Centre-Back,800.0,Argentina,1.84,SP,left,2028.0,11.0,1.27,0.0,0.0,0.0,1.0,3.0,1.0,1.0,0.0,0.0,0.0,842.0
148657,Tomas Kalas,FC Schalke 04,32.0,Centre-Back,700.0,Czech Republic,1.84,SPORT INVEST,right,2027.0,24.0,1.29,1.0,1.0,0.0,10.0,3.0,1.0,0.0,0.0,0.0,1.363,1.363
129358,Marcin Kaminski,FC Schalke 04,33.0,Centre-Back,400.0,Poland,1.92,,left,2025.0,28.0,1.25,1.0,1.0,0.0,2.0,2.0,5.0,0.0,0.0,0.0,2.318,2.318
684340,Ibrahima Cissé,FC Schalke 04,24.0,Centre-Back,350.0,Mali,1.96,Classico,right,2026.0,5.0,0.8,1.0,0.0,0.0,1.0,0.0,1.0,0.0,0.0,0.0,362.0,362.0
457341,Derry Murkin,FC Schalke 04,25.0,Left-Back,1800.0,England,1.83,PUM,left,2026.0,,,,,,,,,,,,,
280553,Anton Donkor,FC Schalke 04,27.0,Left-Back,600.0,Germany,1.86,,both,2027.0,,,,,,,,,,,,,
919703,Vitalie Becker,FC Schalke 04,20.0,Left-Back,100.0,Germany,1.79,,left,2027.0,16.0,1.44,1.0,2.0,0.0,0.0,2.0,2.0,1.0,0.0,0.0,1.413,1.413
810100,Taylan Bulut,FC Schalke 04,19.0,Right-Back,5000.0,Germany,1.88,,right,2029.0,29.0,1.38,1.0,1.0,0.0,1.0,5.0,4.0,0.0,0.0,0.0,2.45,2.45
410870,Adrian Gantenbein,FC Schalke 04,24.0,Right-Back,800.0,Switzerland,1.83,Wasserman,right,2028.0,20.0,1.2,1.0,2.0,0.0,11.0,2.0,3.0,1.0,0.0,0.0,956.0,956.0
920938,Niklas Barthel,FC Schalke 04,20.0,Right-Back,50.0,Germany,1.8,CORESPORT,right,2025.0,,,,,,,,,,,,,
920946,Max Grüger,FC Schalke 04,19.0,Defensive Midfield,2000.0,Germany,1.85,,right,2028.0,26.0,1.12,1.0,0.0,0.0,6.0,13.0,4.0,1.0,0.0,0.0,1.648,1.648
332392,Ron Schallenberg,FC Schalke 04,26.0,Defensive Midfield,1500.0,Germany,1.85,B360 Sports,right,2026.0,32.0,1.06,3.0,1.0,0.0,1.0,2.0,4.0,1.0,0.0,0.0,909.0,2.726
1017047,Mauro Zalazar,FC Schalke 04,20.0,Defensive Midfield,300.0,Uruguay,1.75,Niagara Sports ...,right,2028.0,16.0,0.63,2.0,0.0,0.0,1.0,12.0,2.0,0.0,0.0,0.0,542.0,1.084
183780,Paul Seguin,FC Schalke 04,30.0,Central Midfield,1200.0,Germany,1.86,Ballarbeit,right,2026.0,,,,,,,,,,,,,
327862,Janik Bachmann,FC Schalke 04,29.0,Central Midfield,700.0,Germany,1.96,,right,2027.0,27.0,1.11,3.0,2.0,0.0,5.0,10.0,5.0,0.0,0.0,0.0,603.0,1.808
472242,Mehmet Aydın,FC Schalke 04,23.0,Right Midfield,1000.0,Türkiye,1.8,Wasserman,right,2025.0,31.0,1.1,0.0,3.0,0.0,7.0,19.0,4.0,0.0,0.0,0.0,0.0,2.025
153661,Tobias Mohr,FC Schalke 04,29.0,Left Midfield,500.0,Germany,1.82,KL Sportsbase,left,2025.0,,,,,,,,,,,,,
315332,Aymen Barkok,FC Schalke 04,27.0,Attacking Midfield,700.0,Morocco,1.89,,right,2025.0,10.0,1.1,0.0,1.0,0.0,6.0,3.0,3.0,0.0,0.0,0.0,0.0,416.0
53400,Dominick Drexler,FC Schalke 04,34.0,Attacking Midfield,300.0,Germany,1.83,WINS,right,2025.0,,,,,,2.0,,,,,,,
897403,Aris Bayindir,FC Schalke 04,18.0,Attacking Midfield,100.0,Germany,1.85,,both,2028.0,,,,,,,,,,,,,
724055,Tristan Osmani,FC Schalke 04,20.0,Attacking Midfield,100.0,Austria,1.77,,left,2027.0,26.0,1.0,2.0,2.0,0.0,12.0,7.0,4.0,0.0,0.0,0.0,693.0,1.386
96167,Amin Younes,FC Schalke 04,31.0,Left Winger,600.0,Germany,1.68,FUTURE11,right,2026.0,25.0,0.92,2.0,3.0,0.0,10.0,14.0,2.0,0.0,0.0,0.0,598.0,1.196
289182,Christopher Antwi-Adjei,FC Schalke 04,31.0,Left Winger,600.0,Ghana,1.74,CORESPORT,right,2026.0,,,,,,,,,,,,,
911990,Ilyes Hamache,FC Schalke 04,22.0,Left Winger,550.0,France,1.78,ROGON,right,2028.0,12.0,1.0,0.0,0.0,0.0,9.0,2.0,0.0,0.0,0.0,0.0,0.0,361.0
929992,Zaid Amoussou-Tchibara,Schalke 04 U19,19.0,Right Winger,300.0,Togo,1.77,,"
                            Jul 1, 2023                        ",2028.0,,,,,,,,,,,,,
460655,Moussa Sylla,FC Schalke 04,25.0,Centre-Forward,6000.0,Mali,1.8,Horizon,right,2028.0,28.0,1.11,16.0,1.0,0.0,1.0,12.0,3.0,0.0,0.0,0.0,145.0,2.315
119557,Kenan Karaman,FC Schalke 04,31.0,Centre-Forward,2500.0,Türkiye,1.89,,right,2028.0,31.0,1.23,14.0,4.0,0.0,0.0,3.0,6.0,0.0,1.0,2.0,192.0,2.681
693637,Pape Meïssa Ba,FC Schalke 04,27.0,Centre-Forward,1500.0,Senegal,1.86,,right,2028.0,33.0,1.39,13.0,4.0,0.0,9.0,12.0,5.0,0.0,0.0,1.0,171.0,2.224
802560,Emil Højlund,FC Schalke 04,20.0,Centre-Forward,500.0,Denmark,1.91,FConsult,right,2028.0,11.0,1.09,0.0,0.0,0.0,8.0,3.0,0.0,0.0,0.0,0.0,0.0,309.0
987122,Peter Remmert,FC Schalke 04,19.0,Centre-Forward,300.0,Germany,1.93,DC International ...,right,2028.0,,,,,,,,,,,,,
330635,Felix Götze,SC Paderborn,27.0,Centre-Back,1500.0,Germany,1.85,,right,,33.0,1.76,3.0,2.0,1.0,0.0,4.0,5.0,0.0,0.0,0.0,971.0,2.912
509650,Tjark Scheller,SC Paderborn,23.0,Centre-Back,1500.0,Germany,1.92,,both,,31.0,1.55,1.0,0.0,0.0,3.0,6.0,6.0,0.0,0.0,0.0,2.471,2.471
358766,Calvin Brackelmann,SC Paderborn,25.0,Centre-Back,1000.0,Germany,1.96,,left,2026.0,,,,,,,,,,,,,
570152,Marcel Hoffmeier,SC Paderborn,25.0,Centre-Back,1000.0,Germany,1.82,,right,,23.0,1.57,0.0,0.0,0.0,5.0,6.0,3.0,0.0,1.0,0.0,0.0,1.587
516978,Laurin Curda,SC Paderborn,23.0,Centre-Back,800.0,Germany,1.85,VIDA 11,"
                            Jul 1, 2023                        ",,22.0,1.27,1.0,1.0,0.0,6.0,8.0,5.0,1.0,0.0,0.0,1.373,1.373
606220,Martin Ens,SC Paderborn,23.0,Centre-Back,200.0,Germany,1.87,,right,2025.0,21.0,1.62,2.0,2.0,0.0,0.0,1.0,5.0,0.0,0.0,1.0,933.0,1.866
1005509,Santiago Castañeda,SC Paderborn,20.0,Defensive Midfield,3500.0,United States,1.91,,right,,,,,,,,,,,,,,
694132,Mattes Hansen,SC Paderborn,21.0,Defensive Midfield,1500.0,Germany,1.83,Dirk Hebel,right,,,,,,,,,,,,,,
1116191,Luis Engelns,SC Paderborn,18.0,Central Midfield,1500.0,Germany,1.88,Sports360 GmbH,right,2026.0,22.0,1.32,4.0,1.0,0.0,7.0,10.0,5.0,0.0,0.0,0.0,333.0,1.33
296372,Luca Herrmann,SC Paderborn,26.0,Central Midfield,400.0,Germany,1.77,Unique Sports Group,right,,20.0,1.45,0.0,0.0,0.0,17.0,3.0,2.0,0.0,0.0,0.0,0.0,507.0
330699,Raphael Obermair,SC Paderborn,29.0,Right Midfield,1500.0,Philippines,1.82,QS,right,,,,,,,,,,,,,,
730484,Aaron Zehnter,SC Paderborn,20.0,Left Midfield,5000.0,Germany,1.8,Karl M. Herzog ...,left,,33.0,1.73,3.0,13.0,0.0,1.0,3.0,1.0,0.0,0.0,0.0,968.0,2.904
922363,Anton Bäuerle,SC Paderborn II,20.0,Left Midfield,200.0,Germany,1.85,,left,2026.0,,,,,,,,,,,,,
237226,Marvin Mehlem,SC Paderborn,27.0,Attacking Midfield,2000.0,Germany,1.74,,right,2025.0,33.0,1.3,5.0,5.0,0.0,8.0,17.0,6.0,0.0,0.0,0.0,433.0,2.167
1035765,Ilyas Ansah,SC Paderborn,20.0,Left Winger,4000.0,Germany,1.94,HCM Sports ...,right,,35.0,1.63,6.0,6.0,0.0,18.0,13.0,6.0,0.0,0.0,0.0,281.0,1.685
186988,Sven Michel,SC Paderborn,34.0,Left Winger,600.0,Germany,1.77,Karl M. Herzog ...,left,,28.0,1.79,5.0,2.0,0.0,10.0,16.0,7.0,0.0,0.0,0.0,317.0,1.583
602796,Filip Bilbija,SC Paderborn,25.0,Right Winger,2000.0,Germany,1.9,,both,,,,,,,,,,,,,,
679597,Casper Terho,SC Paderborn,21.0,Right Winger,1800.0,Finland,1.84,,left,2025.0,22.0,1.32,0.0,2.0,0.0,10.0,9.0,5.0,0.0,0.0,0.0,0.0,977.0
195782,Felix Platte,SC Paderborn,29.0,Centre-Forward,500.0,Germany,1.9,ROOF,right,2025.0,10.0,1.4,1.0,2.0,0.0,7.0,1.0,1.0,0.0,0.0,0.0,315.0,315.0
69392,Adriano Grimaldi,SC Paderborn,34.0,Centre-Forward,400.0,Germany,1.88,CS/DSM,right,,31.0,1.65,10.0,3.0,0.0,22.0,5.0,1.0,0.0,1.0,0.0,117.0,1.168
1081947,Travis de Jong,SC Paderborn,20.0,Centre-Forward,100.0,Netherlands,1.93,,"
                            Sep 24, 2024                        ",2026.0,,,,,,,,,,,,,
265176,Phil Neumann,Hannover 96,27.0,Centre-Back,3000.0,Germany,1.92,ShineUp Sports,right,2025.0,34.0,1.47,2.0,1.0,0.0,0.0,1.0,7.0,0.0,0.0,0.0,1.523,3.046
280581,Boris Tomiak,Hannover 96,26.0,Centre-Back,2000.0,Germany,1.93,KL Sportsbase,right,2028.0,28.0,1.36,5.0,2.0,0.0,1.0,3.0,11.0,0.0,1.0,4.0,474.0,2.369
70243,Marcel Halstenberg,Hannover 96,33.0,Centre-Back,1500.0,Germany,1.88,,left,2025.0,29.0,1.52,3.0,2.0,0.0,0.0,2.0,6.0,0.0,0.0,2.0,864.0,2.591
527276,Kenneth Schmidt,Hannover 96,22.0,Centre-Back,1200.0,Germany,1.89,Unique Sports Group,left,2026.0,12.0,1.25,0.0,0.0,0.0,0.0,4.0,1.0,0.0,1.0,0.0,0.0,903.0
425026,Josh Knight,Hannover 96,27.0,Centre-Back,1000.0,England,1.92,,right,2026.0,24.0,1.42,3.0,0.0,0.0,7.0,3.0,5.0,0.0,0.0,0.0,501.0,1.502
589013,Bartlomiej Wdowik,Hannover 96,24.0,Left-Back,1500.0,Poland,1.84,UNIDOS,left,2025.0,22.0,1.5,0.0,2.0,0.0,5.0,4.0,3.0,0.0,0.0,0.0,0.0,1.575
521474,Brooklyn Ezeh,Hannover 96,23.0,Left-Back,300.0,Germany,1.88,,left,2026.0,,,,,,,,,,,,,
211671,Jannik Dehm,Hannover 96,29.0,Right-Back,900.0,Germany,1.81,PRO Profil GmbH,right,2025.0,22.0,1.55,1.0,0.0,0.0,8.0,6.0,1.0,1.0,0.0,0.0,1.271,1.271
188910,Sei Muroya,Hannover 96,31.0,Right-Back,700.0,Japan,1.76,PRO Profil GmbH,right,2025.0,,,,,,,,,,,,,
334186,Fabian Kunze,Hannover 96,26.0,Defensive Midfield,1200.0,Germany,1.93,,right,2025.0,31.0,1.52,1.0,2.0,0.0,5.0,10.0,10.0,1.0,0.0,0.0,2.12,2.12
904974,Noel Aseko,Hannover 96,19.0,Defensive Midfield,900.0,Germany,1.78,,right,2026.0,,,,,,,,,,,,,
192300,Max Christiansen,Hannover 96,28.0,Defensive Midfield,700.0,Germany,1.85,,right,2025.0,17.0,1.47,1.0,0.0,0.0,8.0,2.0,4.0,0.0,1.0,0.0,956.0,956.0
383362,Enzo Leopold,Hannover 96,24.0,Central Midfield,2500.0,Germany,1.74,ROOF,right,2026.0,34.0,1.47,2.0,5.0,0.0,1.0,7.0,7.0,0.0,0.0,0.0,1.487,2.974
709166,Hyun-ju Lee,Hannover 96,22.0,Attacking Midfield,1500.0,"Korea, South",1.72,Apertura Sports GmbH,right,2025.0,24.0,1.5,3.0,2.0,0.0,5.0,17.0,3.0,0.0,0.0,0.0,482.0,1.445
455932,Lars Gindorf,Hannover 96,23.0,Attacking Midfield,400.0,Germany,1.82,,right,2027.0,27.0,1.22,2.0,1.0,0.0,16.0,9.0,3.0,0.0,0.0,0.0,503.0,1.005
501794,Jannik Rochelt,Hannover 96,26.0,Left Winger,1000.0,Germany,1.82,PRO Profil GmbH,both,2027.0,28.0,1.39,2.0,2.0,0.0,9.0,17.0,2.0,0.0,0.0,0.0,783.0,1.566
1145570,Husseyn Chakroun,Hannover 96,20.0,Left Winger,400.0,Lebanon,1.74,Alfaria sports GmbH,"
                            Jul 1, 2024                        ",2026.0,,,,,,,,,,,,,
392157,Kolja Oudenne,Hannover 96,23.0,Left Winger,400.0,Sweden,1.83,ROOF,right,2026.0,23.0,1.22,4.0,3.0,0.0,8.0,10.0,1.0,0.0,0.0,0.0,345.0,1.378
404384,Rabbi Matondo,Hannover 96,24.0,Right Winger,2000.0,Wales,1.75,Wasserman,right,2025.0,18.0,1.17,3.0,3.0,0.0,13.0,5.0,1.0,0.0,0.0,0.0,216.0,648.0
605242,Monju Momuluh,Hannover 96,23.0,Right Winger,500.0,Germany,1.81,LIEBERAM.GROUP,right,2026.0,24.0,1.58,2.0,2.0,0.0,13.0,8.0,3.0,0.0,0.0,0.0,573.0,1.146
717329,Nicolò Tresoldi,Hannover 96,20.0,Centre-Forward,5000.0,Germany,1.86,WINS,right,2026.0,35.0,1.46,7.0,3.0,0.0,9.0,18.0,1.0,0.0,0.0,0.0,320.0,2.242
448177,Jessic Ngankam,Hannover 96,24.0,Centre-Forward,1500.0,Germany,1.84,Sports360 GmbH,right,2025.0,28.0,1.46,4.0,2.0,0.0,10.0,18.0,7.0,0.0,0.0,1.0,368.0,1.473
136181,Havard Nielsen,Hannover 96,31.0,Centre-Forward,800.0,Norway,1.87,,right,2026.0,,,,,,,,,,,,,
94771,Andreas Voglsammer,Hannover 96,33.0,Centre-Forward,500.0,Germany,1.78,,right,2025.0,30.0,1.6,3.0,2.0,0.0,21.0,8.0,1.0,0.0,0.0,0.0,341.0,1.022
692070,Clemens Riedel,Darmstadt 98,21.0,Centre-Back,3000.0,Germany,1.86,Sports360 GmbH,right,2026.0,36.0,1.33,1.0,1.0,0.0,0.0,1.0,9.0,0.0,0.0,0.0,3.246,3.246
433388,Matej Maglica,Darmstadt 98,26.0,Centre-Back,1000.0,Croatia,1.98,,left,2027.0,21.0,1.48,0.0,0.0,0.0,17.0,2.0,7.0,0.0,0.0,0.0,0.0,478.0
398851,Aleksandar Vukotic,Darmstadt 98,29.0,Centre-Back,900.0,Serbia,2.01,,left,,35.0,1.29,4.0,2.0,2.0,0.0,1.0,12.0,0.0,0.0,0.0,789.0,3.156
379100,Meldin Dreskovic,Darmstadt 98,27.0,Centre-Back,750.0,Montenegro,1.91,,right,,19.0,0.68,2.0,0.0,0.0,4.0,3.0,4.0,0.0,0.0,0.0,665.0,1.329
77812,Christoph Zimmermann,Darmstadt 98,32.0,Centre-Back,300.0,Germany,1.94,DC International ...,right,2025.0,,,,,,,,,,,,,
854079,Guille Bueno,Darmstadt 98,22.0,Left-Back,600.0,Spain,1.76,Footfeel ISM,left,2025.0,26.0,1.23,0.0,2.0,0.0,11.0,5.0,2.0,0.0,0.0,0.0,0.0,1.448
54846,Fabian Holland,Darmstadt 98,34.0,Left-Back,200.0,Germany,1.72,,left,,,,,,,2.0,,,,,,,
237162,Matthias Bader,Darmstadt 98,27.0,Right-Back,1200.0,Germany,1.76,Sports360 GmbH,right,,5.0,0.8,0.0,0.0,0.0,0.0,4.0,1.0,0.0,0.0,0.0,0.0,333.0
523972,Sergio López,Darmstadt 98,26.0,Right-Back,1000.0,Spain,1.79,Footfeel ISM,right,,33.0,1.33,3.0,3.0,0.0,2.0,19.0,4.0,0.0,0.0,0.0,878.0,2.635
156715,Marco Thiede,Darmstadt 98,33.0,Right-Back,300.0,Germany,1.78,Soccer and more,right,2025.0,,,,,,,,,,,,,
332624,Kai Klefisch,Darmstadt 98,25.0,Defensive Midfield,1500.0,Germany,1.9,Sports360 GmbH,right,,,,,,,,,,,,,,
438315,Andreas Müller,Darmstadt 98,24.0,Defensive Midfield,1200.0,Germany,1.73,,right,2026.0,,,,,,,,,,,,,
356640,Paul Will,Darmstadt 98,26.0,Defensive Midfield,500.0,Germany,1.85,CAA Stellar,left,,5.0,0.8,0.0,1.0,0.0,0.0,0.0,2.0,0.0,0.0,0.0,0.0,450.0
405689,Merveille Papela,Darmstadt 98,24.0,Central Midfield,600.0,Germany,1.74,AVENT SPORTS ...,right,,34.0,1.26,1.0,0.0,0.0,24.0,4.0,5.0,0.0,0.0,0.0,1.334,1.334
42072,Tobias Kempe,Darmstadt 98,35.0,Central Midfield,300.0,Germany,1.84,,right,2025.0,17.0,1.76,1.0,3.0,0.0,16.0,1.0,3.0,0.0,0.0,1.0,296.0,296.0
349433,Fabian Nürnberger,Darmstadt 98,25.0,Left Midfield,2000.0,Bulgaria,1.81,Unique Sports Group,left,2026.0,31.0,1.26,2.0,2.0,0.0,3.0,9.0,4.0,0.0,1.0,1.0,1.208,2.415
339057,Luca Marseiler,Darmstadt 98,28.0,Attacking Midfield,750.0,Germany,1.76,,both,,33.0,1.15,3.0,8.0,0.0,17.0,16.0,2.0,0.0,0.0,0.0,516.0,1.549
182574,Jean-Paul Boëtius,Darmstadt 98,31.0,Attacking Midfield,400.0,Suriname,1.78,HCM Sports ...,right,,,,,,,,,,,,,,
1033974,Othmane El Idrissi,Darmstadt 98,18.0,Attacking Midfield,200.0,Morocco,1.81,CAA Stellar,both,2025.0,12.0,1.92,2.0,2.0,0.0,2.0,8.0,2.0,1.0,1.0,0.0,417.0,834.0
322073,Isac Lidberg,Darmstadt 98,26.0,Centre-Forward,4000.0,Sweden,1.87,HCM Sports ...,right,2027.0,31.0,1.52,15.0,8.0,0.0,2.0,19.0,3.0,0.0,0.0,0.0,164.0,2.457
853491,Killian Corredor,Darmstadt 98,24.0,Centre-Forward,2000.0,France,1.82,,right,,35.0,1.37,8.0,6.0,0.0,2.0,16.0,4.0,0.0,0.0,1.0,354.0,2.832
388160,Fraser Hornby,Darmstadt 98,25.0,Centre-Forward,1200.0,Scotland,1.95,Quantum Sport,right,2027.0,29.0,1.41,12.0,2.0,0.0,3.0,17.0,4.0,1.0,0.0,3.0,167.0,2.001
673071,Oscar Vilhelmsson,Darmstadt 98,21.0,Centre-Forward,1200.0,Sweden,1.88,Sports360 GmbH,left,2026.0,,,,,,,,,,,,,
268216,Marcus Mathisen,1.FC Magdeburg,29.0,Centre-Back,1500.0,Denmark,1.85,,right,,31.0,1.55,3.0,3.0,1.0,0.0,6.0,14.0,1.0,0.0,0.0,854.0,2.562
391742,Patric Pfeiffer,1.FC Magdeburg,25.0,Centre-Back,1200.0,Ghana,1.96,,right,2025.0,12.0,0.92,0.0,0.0,0.0,7.0,4.0,1.0,0.0,0.0,0.0,0.0,447.0
151583,Daniel Heber,1.FC Magdeburg,30.0,Centre-Back,750.0,Germany,1.82,KL Sportsbase,right,,31.0,1.61,1.0,0.0,0.0,1.0,4.0,6.0,0.0,0.0,0.0,2.604,2.604
19483,Tobias Müller,1.FC Magdeburg,30.0,Centre-Back,600.0,Germany,1.88,Robert Schneider,both,,,,,,,,,,,,,,
333859,Lubambo Musonda,1.FC Magdeburg,30.0,Left-Back,650.0,Zambia,1.71,,both,2026.0,,,,,,,,,,,,,
648886,Samuel Loric,1.FC Magdeburg,24.0,Left-Back,600.0,France,1.83,,left,,17.0,1.65,2.0,1.0,0.0,7.0,6.0,4.0,0.0,0.0,0.0,406.0,812.0
186477,Herbert Bockhorn,1.FC Magdeburg,30.0,Right-Back,600.0,Germany,1.76,ROOF,right,,1.0,3.0,0.0,0.0,0.0,0.0,1.0,0.0,0.0,0.0,0.0,0.0,22.0
696011,Pierre Nadjombe,1.FC Magdeburg,22.0,Right-Back,150.0,Togo,1.83,,right,,,,,,,,,,,,,,
627658,Eldin Dzogovic,1.FC Magdeburg,21.0,Right-Back,100.0,Luxembourg,1.8,,right,,25.0,2.4,3.0,1.0,0.0,0.0,5.0,7.0,0.0,1.0,0.0,721.0,2.162
285944,Tarek Chahed,1.FC Magdeburg,28.0,Right-Back,100.0,Germany,1.84,,both,2025.0,26.0,2.42,3.0,0.0,0.0,3.0,2.0,9.0,0.0,0.0,0.0,683.0,2.05
481091,Silas Gnaka,1.FC Magdeburg,26.0,Defensive Midfield,1500.0,Cote d'Ivoire,1.79,,left,2026.0,34.0,1.47,1.0,1.0,0.0,0.0,16.0,5.0,0.0,0.0,0.0,2.772,2.772
826795,Dariusz Stalmach,1.FC Magdeburg,19.0,Central Midfield,500.0,Poland,1.82,Sports360 GmbH,right,,33.0,1.76,3.0,8.0,0.0,1.0,22.0,12.0,0.0,0.0,0.0,851.0,2.554
107205,Connor Krempicki,1.FC Magdeburg,30.0,Central Midfield,400.0,Germany,1.78,,both,2026.0,19.0,1.58,1.0,1.0,0.0,11.0,7.0,5.0,0.0,0.0,0.0,1.002,1.002
527270,Falko Michel,1.FC Magdeburg,24.0,Central Midfield,350.0,Germany,1.86,YOU FIRST,right,,24.0,1.83,1.0,0.0,0.0,20.0,2.0,2.0,1.0,0.0,0.0,515.0,515.0
216399,Philipp Hercher,1.FC Magdeburg,29.0,Right Midfield,600.0,Germany,1.82,,right,,,,,,,,,,,,,,
384587,Mohammed El Hankouri,1.FC Magdeburg,27.0,Attacking Midfield,2000.0,Morocco,1.76,,right,2025.0,23.0,1.61,6.0,5.0,0.0,1.0,8.0,4.0,0.0,0.0,1.0,304.0,1.826
574195,Abu-Bekir Ömer El-Zein,1.FC Magdeburg,22.0,Attacking Midfield,400.0,Türkiye,1.8,,right,,25.0,1.52,3.0,1.0,0.0,11.0,11.0,1.0,0.0,0.0,0.0,378.0,1.133
519872,Livan Burcu,1.FC Magdeburg,20.0,Left Winger,4000.0,Türkiye,1.78,,right,2025.0,,,,,,,,,,,,,
161072,Baris Atik,1.FC Magdeburg,30.0,Left Winger,1000.0,Türkiye,1.69,,right,2025.0,,,,,,,,,,,,,
446625,Alexander Nollenberger,1.FC Magdeburg,27.0,Left Winger,800.0,Germany,1.8,PRO Profil GmbH,right,,,,,,,,,,,,,,
433185,Xavier Amaechi,1.FC Magdeburg,24.0,Right Winger,700.0,England,1.79,Roc Nation Sports,left,2025.0,,,,,,,,,,,,,
390661,Jason Ceka,1.FC Magdeburg,25.0,Right Winger,400.0,Germany,1.69,,both,2025.0,14.0,2.86,10.0,4.0,0.0,3.0,4.0,3.0,0.0,0.0,3.0,101.0,1.007
377729,Martijn Kaars,1.FC Magdeburg,26.0,Centre-Forward,4000.0,Netherlands,1.83,,right,2027.0,34.0,1.53,20.0,6.0,0.0,0.0,2.0,2.0,1.0,0.0,2.0,153.0,3.059
498171,Alexander Ahl-Holmström,1.FC Magdeburg,26.0,Centre-Forward,1000.0,Sweden,1.91,Simul Management,right,2029.0,9.0,1.22,0.0,0.0,0.0,7.0,2.0,1.0,0.0,0.0,0.0,0.0,283.0
657635,Bryan Teixeira,1.FC Magdeburg,24.0,Centre-Forward,600.0,Cape Verde,1.74,,right,2025.0,22.0,1.59,1.0,1.0,0.0,16.0,4.0,2.0,0.0,0.0,1.0,693.0,693.0
696822,Emir Kuhinja,1.FC Magdeburg,23.0,Centre-Forward,150.0,Germany,1.86,,right,,10.0,1.9,6.0,4.0,0.0,0.0,5.0,0.0,0.0,0.0,1.0,125.0,751.0
448259,Lukas Pinckert,SV Elversberg,25.0,Centre-Back,1000.0,Germany,1.85,PassWay Group,right,2027.0,35.0,1.74,0.0,2.0,0.0,0.0,2.0,11.0,0.0,0.0,0.0,0.0,3.079
405679,Frederik Jäkel,SV Elversberg,24.0,Centre-Back,800.0,Germany,1.94,feel soccer GmbH,right,2025.0,,,,,,,,,,,,,
352332,Florian Le Joncour,SV Elversberg,30.0,Centre-Back,600.0,France,1.93,Gallea Gestion S.A,left,2027.0,19.0,1.79,1.0,1.0,0.0,4.0,2.0,2.0,0.0,0.0,0.0,1.423,1.423
440386,Maximilian Rohr,SV Elversberg,29.0,Centre-Back,600.0,Germany,1.93,VIDA 11,both,2028.0,27.0,1.78,0.0,0.0,0.0,3.0,3.0,5.0,0.0,0.0,0.0,0.0,2.159
216422,Maurice Neubauer,SV Elversberg,29.0,Left-Back,900.0,Germany,1.8,YOU FIRST,left,2025.0,37.0,1.68,3.0,8.0,0.0,0.0,0.0,4.0,0.0,0.0,0.0,1.11,3.33
244997,Arne Sicker,SV Elversberg,28.0,Left-Back,300.0,Germany,1.84,DC International ...,left,2025.0,8.0,2.25,0.0,0.0,0.0,7.0,1.0,0.0,0.0,0.0,0.0,0.0,146.0
744857,Elias Baum,SV Elversberg,19.0,Right-Back,5000.0,Germany,1.8,CAA Stellar,right,2025.0,36.0,1.69,3.0,8.0,0.0,0.0,7.0,4.0,1.0,0.0,0.0,1.057,3.17
264960,Robin Fellhauer,SV Elversberg,27.0,Defensive Midfield,1500.0,Germany,1.82,,right,2027.0,27.0,1.74,6.0,4.0,0.0,1.0,7.0,5.0,0.0,0.0,0.0,367.0,2.204
282163,Carlo Sickinger,SV Elversberg,27.0,Defensive Midfield,600.0,Germany,1.83,,both,2027.0,35.0,1.74,6.0,0.0,0.0,15.0,6.0,4.0,0.0,0.0,3.0,316.0,1.897
821442,Daniel Pantschenko,SV Elversberg,22.0,Defensive Midfield,75.0,Germany,1.77,,right,,16.0,1.63,0.0,0.0,0.0,0.0,4.0,1.0,0.0,0.0,0.0,0.0,1.364
193611,Patryk Dragon,SV Elversberg,29.0,Defensive Midfield,50.0,Germany,1.86,,right,2026.0,,,,,,1.0,,,,,,,
566857,Semih Sahin,SV Elversberg,25.0,Central Midfield,1800.0,Germany,1.77,Soccer and more,right,2027.0,24.0,1.71,4.0,3.0,0.0,3.0,14.0,5.0,0.0,0.0,3.0,456.0,1.824
604756,Frederik Schmahl,SV Elversberg,22.0,Central Midfield,500.0,Germany,1.83,,right,2027.0,,,,,,,,,,,,,
85908,Luca Dürholtz,SV Elversberg,31.0,Central Midfield,250.0,Germany,1.78,,both,2025.0,4.0,1.75,0.0,0.0,0.0,4.0,0.0,0.0,0.0,0.0,0.0,0.0,89.0
789898,Muhammed Damar,SV Elversberg,21.0,Attacking Midfield,4000.0,Germany,1.85,,both,2025.0,33.0,1.64,9.0,6.0,0.0,1.0,25.0,5.0,0.0,0.0,0.0,285.0,2.568
425834,Paul Stock,SV Elversberg,28.0,Attacking Midfield,600.0,Germany,1.88,MK Sport Consulting,right,2025.0,,,,,,,,,,,,,
337097,Tom Zimmerschied,SV Elversberg,26.0,Left Winger,600.0,Germany,1.8,PRO Profil GmbH,right,2027.0,,,,,,,,,,,,,
453307,Filimon Gerezgiher,SV Elversberg,24.0,Left Winger,400.0,Germany,1.83,Soccer and more,left,2027.0,21.0,1.19,1.0,3.0,0.0,19.0,1.0,2.0,0.0,0.0,0.0,493.0,493.0
401639,Lukas Petkov,SV Elversberg,24.0,Right Winger,800.0,Bulgaria,1.83,ROOF,right,2027.0,32.0,1.72,5.0,3.0,0.0,4.0,19.0,5.0,1.0,0.0,0.0,458.0,2.291
260008,Manuel Feil,SV Elversberg,30.0,Right Winger,450.0,Germany,1.71,Soccer and more,right,2026.0,27.0,1.59,0.0,3.0,0.0,19.0,8.0,2.0,0.0,0.0,0.0,0.0,844.0
524290,Fisnik Asllani,SV Elversberg,22.0,Centre-Forward,4000.0,Kosovo,1.91,ROGON,both,2025.0,36.0,1.69,19.0,9.0,0.0,2.0,16.0,5.0,0.0,0.0,0.0,157.0,2.982
229991,Luca Schnellbacher,SV Elversberg,31.0,Centre-Forward,700.0,Germany,1.8,,right,2028.0,32.0,1.53,7.0,2.0,0.0,15.0,13.0,1.0,0.0,0.0,0.0,204.0,1.431
692368,Younes Ebnoutalib,SV Elversberg,21.0,Centre-Forward,150.0,Germany,1.91,,right,2028.0,27.0,1.04,6.0,2.0,1.0,7.0,8.0,1.0,0.0,0.0,0.0,299.0,1.796
594655,Marcel Beifus,Karlsruher SC,22.0,Centre-Back,2500.0,Germany,1.87,,right,,34.0,1.68,1.0,0.0,0.0,1.0,4.0,7.0,0.0,0.0,0.0,2.971,2.971
152435,Marcel Franke,Karlsruher SC,32.0,Centre-Back,700.0,Germany,1.93,MvK Sports,right,,33.0,1.55,3.0,0.0,0.0,0.0,6.0,6.0,0.0,0.0,0.0,954.0,2.863
307509,Christoph Kobald,Karlsruher SC,27.0,Centre-Back,600.0,Austria,1.86,FTC,both,2025.0,19.0,1.63,2.0,1.0,0.0,5.0,3.0,4.0,0.0,0.0,0.0,668.0,1.336
283286,Robin Bormuth,Karlsruher SC,29.0,Centre-Back,600.0,Germany,1.9,,right,2025.0,11.0,1.27,0.0,0.0,0.0,8.0,1.0,1.0,0.0,0.0,0.0,0.0,325.0
604358,David Herold,Karlsruher SC,22.0,Left-Back,1500.0,Germany,1.85,,left,,36.0,1.53,1.0,2.0,0.0,12.0,7.0,0.0,0.0,0.0,0.0,2.331,2.331
522245,Lasse Günther,Karlsruher SC,22.0,Left-Back,1500.0,Germany,1.81,WINS,left,2025.0,,,,,,,,,,,,,
653186,Benedikt Bauer,Karlsruher SC,21.0,Left-Back,250.0,Germany,1.79,PRO Profil GmbH,both,,14.0,2.21,1.0,3.0,0.0,1.0,4.0,0.0,0.0,0.0,0.0,1.096,1.096
1085900,Rafael Pinto Pedrosa,Karlsruhe U19,17.0,Right-Back,1000.0,Germany,1.8,Is known - player U18,right,,21.0,2.14,0.0,2.0,0.0,11.0,6.0,1.0,0.0,0.0,0.0,0.0,923.0
49730,Sebastian Jung,Karlsruher SC,34.0,Right-Back,300.0,Germany,1.79,,right,,34.0,1.62,2.0,2.0,0.0,0.0,9.0,1.0,0.0,0.0,0.0,1.507,3.014
185427,Nicolai Rapp,Karlsruher SC,28.0,Defensive Midfield,1000.0,Germany,1.86,WINS,right,,30.0,1.57,1.0,1.0,0.0,2.0,13.0,13.0,0.0,0.0,0.0,2.324,2.324
119581,Marvin Wanitzek,Karlsruher SC,32.0,Central Midfield,1500.0,Germany,1.79,,right,,37.0,1.57,15.0,13.0,0.0,0.0,0.0,3.0,0.0,0.0,2.0,224.0,3.36
273904,Leon Jensen,Karlsruher SC,28.0,Central Midfield,1000.0,Germany,1.75,CAA Stellar,both,2025.0,32.0,1.63,4.0,2.0,0.0,4.0,21.0,11.0,0.0,0.0,0.0,604.0,2.417
337042,Robin Heußer,Karlsruher SC,26.0,Central Midfield,900.0,Germany,1.7,,right,2026.0,31.0,1.65,1.0,1.0,0.0,24.0,5.0,6.0,0.0,0.0,0.0,890.0,890.0
696019,Meiko Wäschenbach,Karlsruher SC,21.0,Central Midfield,150.0,Germany,1.78,,right,,18.0,2.28,1.0,1.0,0.0,3.0,8.0,4.0,0.0,0.0,0.0,1.279,1.279
927017,Efe-Kaan Sihlaroglu,Karlsruher SC,19.0,Central Midfield,150.0,Türkiye,1.78,,right,2026.0,,,,,,2.0,,,,,,,
251295,Dzenis Burnic,Karlsruher SC,27.0,Right Midfield,1200.0,Bosnia-Herzegovina,1.81,,left,,34.0,1.59,2.0,3.0,0.0,1.0,27.0,14.0,0.0,0.0,0.0,1.263,2.526
472243,Lilian Egloff,Karlsruher SC,22.0,Attacking Midfield,600.0,Germany,1.82,VIDA 11,right,,17.0,0.76,2.0,0.0,0.0,12.0,5.0,1.0,0.0,0.0,0.0,233.0,465.0
923611,Ali-Eren Ersungur,Karlsruher SC,19.0,Attacking Midfield,200.0,Türkiye,1.85,Soccer and more,right,,,,,,,,,,,,,,
574193,Bambasé Conté,Karlsruher SC,21.0,Left Winger,800.0,Germany,1.82,ROGON,left,2025.0,29.0,1.45,2.0,6.0,0.0,17.0,10.0,2.0,0.0,0.0,0.0,662.0,1.324
1045852,Louey Ben Farhat,Karlsruher SC,18.0,Second Striker,500.0,Tunisia,1.75,,right,2027.0,30.0,2.27,15.0,1.0,0.0,10.0,11.0,4.0,0.0,0.0,2.0,121.0,1.814
545332,Mikkel Kaufmann,Karlsruher SC,24.0,Centre-Forward,2000.0,Denmark,1.89,Elite Consulting,right,2025.0,,,,,,,,,,,,,
583011,Andrin Hunziker,Karlsruher SC,22.0,Centre-Forward,700.0,Switzerland,1.92,Wasserman,right,2025.0,19.0,1.84,2.0,1.0,0.0,19.0,0.0,3.0,0.0,0.0,0.0,116.0,232.0
232463,Luca Pfeiffer,Karlsruher SC,28.0,Centre-Forward,600.0,Germany,1.96,,right,2025.0,,,,,,,,,,,,,
515964,Maximilian Dietz,Greuther Fürth,23.0,Centre-Back,2500.0,United States,1.89,ROOF,right,2027.0,28.0,1.07,0.0,1.0,0.0,3.0,2.0,6.0,1.0,0.0,0.0,0.0,2.322
296378,Luca Itter,Greuther Fürth,26.0,Centre-Back,1500.0,Germany,1.83,,left,2027.0,32.0,1.31,1.0,3.0,0.0,2.0,4.0,1.0,0.0,0.0,0.0,2.676,2.676
790918,Joshua Quarshie,Greuther Fürth,20.0,Centre-Back,1200.0,Germany,1.96,Unique Sports Group,both,2025.0,,,,,,,,,,,,,
934645,Reno Münz,Greuther Fürth,19.0,Centre-Back,650.0,Germany,1.88,Wasserman,left,2027.0,23.0,1.26,0.0,0.0,0.0,15.0,4.0,0.0,0.0,0.0,0.0,0.0,742.0
265209,Noah Loosli,Greuther Fürth,28.0,Centre-Back,600.0,Switzerland,1.86,Footuro AG,right,2025.0,,,,,,,,,,,,,
247661,Gideon Jung,Greuther Fürth,30.0,Centre-Back,500.0,Germany,1.89,Wasserman,right,2025.0,26.0,1.12,1.0,1.0,0.0,9.0,5.0,7.0,0.0,0.0,0.0,1.52,1.52
450234,Marco John,Greuther Fürth,23.0,Left-Back,1000.0,Germany,1.84,Sport Business ...,left,2026.0,18.0,1.5,0.0,1.0,0.0,2.0,6.0,1.0,0.0,0.0,0.0,0.0,1.358
72792,Niko Gießelmann,Greuther Fürth,33.0,Left-Back,400.0,Germany,1.82,,left,2025.0,,,,,,,,,,,,,
553905,Kerim Calhanoglu,Greuther Fürth,22.0,Left-Back,250.0,Germany,1.8,Sport Business ...,left,2025.0,1.0,3.0,0.0,0.0,0.0,0.0,0.0,1.0,0.0,0.0,0.0,0.0,90.0
392131,Simon Asta,Greuther Fürth,24.0,Right-Back,1000.0,Germany,1.78,,right,2025.0,28.0,1.32,0.0,0.0,0.0,7.0,12.0,1.0,1.0,0.0,0.0,0.0,1.799
196084,Marco Meyerhöfer,Greuther Fürth,29.0,Right-Back,800.0,Germany,1.79,,right,2025.0,,,,,,,,,,,,,
729097,Philipp Müller,Greuther Fürth,21.0,Defensive Midfield,800.0,Germany,1.81,,both,2027.0,16.0,1.31,1.0,1.0,0.0,7.0,4.0,1.0,0.0,1.0,0.0,826.0,826.0
161204,Julian Green,Greuther Fürth,29.0,Central Midfield,1700.0,United States,1.73,,right,2026.0,30.0,1.27,7.0,4.0,0.0,1.0,9.0,4.0,0.0,0.0,5.0,362.0,2.537
511246,Jomaine Consbruch,Greuther Fürth,23.0,Central Midfield,700.0,Germany,1.74,Sports360 GmbH,right,2026.0,,,,,,,,,,,,,
89591,Felix Klaus,Greuther Fürth,32.0,Right Midfield,650.0,Germany,1.79,ROOF,right,2027.0,30.0,1.3,4.0,5.0,0.0,4.0,16.0,8.0,0.0,0.0,1.0,552.0,2.206
908682,Denis Pfaffenrot,Greuther Fürth,20.0,Right Midfield,300.0,Germany,1.73,,right,2026.0,22.0,1.68,4.0,5.0,0.0,2.0,19.0,4.0,0.0,0.0,1.0,385.0,1.539
431561,Roberto Massimo,Greuther Fürth,24.0,Left Midfield,800.0,Germany,1.83,Robert Schneider,right,2026.0,30.0,1.17,3.0,6.0,0.0,9.0,18.0,4.0,0.0,0.0,0.0,595.0,1.785
604323,Nemanja Motika,Greuther Fürth,22.0,Left Midfield,650.0,Serbia,1.79,feel soccer GmbH,right,2025.0,23.0,1.17,2.0,2.0,0.0,16.0,5.0,2.0,0.0,0.0,1.0,443.0,886.0
675535,Noel Futkeu,Greuther Fürth,22.0,Centre-Forward,2500.0,Germany,1.83,,right,2027.0,34.0,1.15,11.0,3.0,0.0,8.0,19.0,4.0,0.0,0.0,0.0,202.0,2.226
171209,Branimir Hrgota,Greuther Fürth,32.0,Centre-Forward,1000.0,Sweden,1.85,,left,2026.0,35.0,1.2,6.0,4.0,0.0,0.0,8.0,5.0,0.0,0.0,0.0,519.0,3.116
159239,Dennis Srbeny,Greuther Fürth,31.0,Centre-Forward,600.0,Germany,1.9,Unique Sports Group,right,2026.0,35.0,1.17,5.0,4.0,0.0,18.0,16.0,6.0,0.0,0.0,0.0,307.0,1.536
331515,Jannik Mause,Greuther Fürth,26.0,Centre-Forward,600.0,Germany,1.88,,right,2025.0,18.0,1.28,2.0,1.0,0.0,13.0,5.0,1.0,0.0,0.0,0.0,264.0,527.0
555499,Daniel Kasper,Gr. Fürth II,22.0,Centre-Forward,150.0,Germany,1.88,Soccer and more,"
                            Jul 1, 2024                        ",2026.0,24.0,1.5,18.0,1.0,0.0,4.0,12.0,0.0,0.0,0.0,4.0,99.0,1.788
284248,Paul Jaeckel,E. Braunschweig,26.0,Centre-Back,1000.0,Germany,1.86,Karl M. Herzog ...,right,2025.0,23.0,1.26,1.0,2.0,0.0,2.0,6.0,5.0,0.0,0.0,0.0,1.732,1.732
373876,Robert Ivanov,E. Braunschweig,30.0,Centre-Back,750.0,Finland,1.97,,right,2025.0,,,,,,,,,,,,,
447783,Kevin Ehlers,E. Braunschweig,24.0,Centre-Back,500.0,Germany,1.9,Karl M. Herzog ...,right,2027.0,25.0,1.08,1.0,0.0,0.0,9.0,5.0,4.0,0.0,0.0,0.0,1.453,1.453
93649,Jannis Nikolaou,E. Braunschweig,31.0,Centre-Back,400.0,Germany,1.87,,left,2025.0,,,,,,,,,,,,,
51676,Ermin Bicakcic,E. Braunschweig,35.0,Centre-Back,400.0,Bosnia-Herzegovina,1.85,,right,2025.0,33.0,0.94,2.0,1.0,0.0,4.0,8.0,5.0,0.0,0.0,0.0,1.257,2.513
232355,Leon Bell Bell,E. Braunschweig,28.0,Left-Back,650.0,Cameroon,1.8,,left,2026.0,,,,,,,,,,,,,
676889,Fabio Di Michele Sanchez,E. Braunschweig,22.0,Left-Back,600.0,Germany,1.8,LEADERBROCK,left,2026.0,29.0,0.83,1.0,2.0,0.0,9.0,9.0,4.0,0.0,0.0,0.0,1.851,1.851
307845,Marvin Rittmüller,E. Braunschweig,26.0,Right-Back,650.0,Germany,1.78,Soccer and more,both,2026.0,,,,,,,,,,,,,
192167,Mohamed Dräger,E. Braunschweig,28.0,Right-Back,500.0,Tunisia,1.81,ROGON,right,2026.0,6.0,1.17,0.0,0.0,1.0,3.0,3.0,1.0,0.0,0.0,0.0,0.0,190.0
717346,Sanoussy Ba,E. Braunschweig,21.0,Right-Back,400.0,Germany,1.84,Sports360 GmbH,both,2027.0,,,,,,,,,,,,,
202604,Sven Köhler,E. Braunschweig,28.0,Defensive Midfield,800.0,Germany,1.85,SBE Management AG,right,2027.0,,,,,,,,,,,,,
470815,Niklas Tauer,E. Braunschweig,24.0,Defensive Midfield,600.0,Germany,1.83,PRO Profil GmbH,right,2025.0,,,,,,,,,,,,,
121454,Robin Krauße,E. Braunschweig,31.0,Defensive Midfield,450.0,Germany,1.79,,right,2026.0,25.0,1.2,0.0,0.0,0.0,6.0,12.0,6.0,0.0,0.0,0.0,0.0,1.68
616340,Julian Baas,E. Braunschweig,23.0,Central Midfield,1000.0,Netherlands,1.84,Key United,right,2025.0,29.0,1.21,1.0,3.0,0.0,9.0,12.0,3.0,0.0,0.0,0.0,1.811,1.811
378883,Lino Tempelmann,E. Braunschweig,26.0,Central Midfield,750.0,Germany,1.75,PRO Profil GmbH,right,2025.0,22.0,1.27,6.0,3.0,0.0,3.0,4.0,5.0,0.0,0.0,1.0,282.0,1.694
160980,Fabio Kaufmann,E. Braunschweig,32.0,Central Midfield,400.0,Germany,1.81,,right,2025.0,31.0,0.81,1.0,1.0,0.0,10.0,7.0,10.0,0.0,0.0,0.0,1.975,1.975
717345,Sidney Raebiger,E. Braunschweig,20.0,Central Midfield,300.0,Germany,1.76,CN Sports,right,2027.0,4.0,0.25,0.0,0.0,0.0,2.0,1.0,1.0,0.0,0.0,0.0,0.0,146.0
673925,Johan Gómez,E. Braunschweig,23.0,Attacking Midfield,900.0,United States,1.83,UG Sports,both,2027.0,,,,,,,,,,,,,
597104,Walid Ould-Chikh,E. Braunschweig,25.0,Attacking Midfield,800.0,Netherlands,1.86,,right,2027.0,10.0,0.4,1.0,0.0,0.0,5.0,5.0,2.0,0.0,0.0,1.0,412.0,412.0
729176,Max Marie,E. Braunschweig,20.0,Attacking Midfield,200.0,Germany,1.8,,both,2027.0,18.0,1.06,0.0,0.0,0.0,12.0,6.0,4.0,0.0,0.0,0.0,0.0,702.0
530298,Christian Conteh,E. Braunschweig,25.0,Right Winger,500.0,Germany,1.82,,right,2026.0,15.0,1.07,0.0,1.0,0.0,13.0,1.0,1.0,1.0,0.0,0.0,0.0,337.0
410561,Sidi Sané,E. Braunschweig,22.0,Right Winger,350.0,Germany,1.87,SEG,right,2025.0,,,,,,,,,,,,,
694507,Rayan Philippe,E. Braunschweig,24.0,Centre-Forward,3000.0,France,1.82,SEG,left,2025.0,35.0,1.0,13.0,6.0,0.0,3.0,11.0,3.0,0.0,0.0,2.0,224.0,2.907
390460,Richmond Tachie,E. Braunschweig,26.0,Centre-Forward,650.0,Germany,1.78,CAA Stellar,right,2025.0,24.0,1.58,3.0,1.0,0.0,11.0,12.0,1.0,0.0,0.0,0.0,342.0,1.027
342989,Levente Szabó,E. Braunschweig,25.0,Centre-Forward,600.0,Hungary,1.95,feel soccer GmbH,right,2026.0,26.0,1.04,5.0,3.0,0.0,13.0,12.0,2.0,0.0,0.0,1.0,249.0,1.245
60957,Sebastian Polter,E. Braunschweig,34.0,Centre-Forward,300.0,Germany,1.92,,right,2026.0,28.0,1.21,2.0,4.0,0.0,18.0,9.0,1.0,0.0,0.0,0.0,520.0,1.039
392133,Tom Gaal,SSV Ulm 1846,24.0,Centre-Back,450.0,Germany,1.93,,both,2025.0,21.0,0.86,1.0,3.0,1.0,2.0,3.0,8.0,0.0,0.0,0.0,1.705,1.705
388508,Niklas Kolbe,SSV Ulm 1846,28.0,Centre-Back,400.0,Germany,1.96,,left,2026.0,,,,,,,,,,,,,
114441,Johannes Reichert,SSV Ulm 1846,33.0,Centre-Back,225.0,Germany,1.84,,both,2026.0,26.0,0.88,1.0,1.0,0.0,4.0,3.0,3.0,0.0,0.0,1.0,2.012,2.012
83691,Thomas Geyer,SSV Ulm 1846,34.0,Centre-Back,150.0,Germany,1.79,,right,2025.0,,,,,,,,,,,,,
333464,Romario Rösch,SSV Ulm 1846,25.0,Left-Back,450.0,Germany,1.82,,both,2025.0,29.0,0.86,1.0,1.0,0.0,4.0,9.0,6.0,0.0,0.0,0.0,2.148,2.148
379989,Jonathan Meier,SSV Ulm 1846,25.0,Left-Back,350.0,Germany,1.81,,left,2026.0,14.0,0.71,0.0,0.0,0.0,9.0,2.0,1.0,0.0,0.0,0.0,0.0,609.0
569455,Bastian Allgeier,SSV Ulm 1846,23.0,Right-Back,350.0,Germany,1.94,DC International ...,right,2025.0,24.0,0.96,0.0,2.0,0.0,5.0,4.0,3.0,0.0,0.0,0.0,0.0,1.752
232349,Lennart Stoll,SSV Ulm 1846,29.0,Right-Back,250.0,Germany,1.89,,right,2025.0,13.0,0.54,0.0,1.0,0.0,3.0,5.0,2.0,0.0,0.0,0.0,0.0,771.0
716898,Luka Hyryläinen,SSV Ulm 1846,20.0,Defensive Midfield,1800.0,Finland,1.99,,right,2025.0,29.0,0.86,0.0,0.0,0.0,12.0,6.0,7.0,0.0,0.0,0.0,0.0,1.699
392150,Max Brandt,SSV Ulm 1846,23.0,Central Midfield,600.0,Germany,1.8,,right,2026.0,32.0,0.91,0.0,2.0,0.0,3.0,18.0,8.0,0.0,1.0,0.0,0.0,2.441
324856,Dennis Dressel,SSV Ulm 1846,26.0,Central Midfield,400.0,Germany,1.86,,left,2026.0,,,,,,,,,,,,,
67850,Andreas Ludwig,SSV Ulm 1846,34.0,Central Midfield,125.0,Germany,1.72,,left,2025.0,6.0,1.33,0.0,0.0,0.0,5.0,1.0,1.0,0.0,0.0,0.0,0.0,85.0
829316,Maurice Krattenmacher,SSV Ulm 1846,19.0,Attacking Midfield,3500.0,Germany,1.8,WINS,both,2025.0,33.0,0.88,3.0,8.0,0.0,8.0,22.0,5.0,1.0,0.0,0.0,705.0,2.114
406614,Oliver Batista Meier,SSV Ulm 1846,24.0,Attacking Midfield,700.0,Germany,1.8,,right,2027.0,33.0,1.42,4.0,7.0,0.0,11.0,17.0,3.0,0.0,0.0,1.0,500.0,2.001
119120,Robert Leipertz,SSV Ulm 1846,32.0,Attacking Midfield,400.0,Germany,1.83,SEG,left,2025.0,,,,,,,,,,,,,
76630,Dennis Chessa,SSV Ulm 1846,32.0,Right Winger,300.0,Germany,1.79,,both,2025.0,,,,,,,,,,,,,
583767,Semir Telalovic,SSV Ulm 1846,25.0,Centre-Forward,900.0,Germany,1.87,SEG,right,2027.0,30.0,0.87,12.0,0.0,0.0,9.0,19.0,3.0,0.0,0.0,1.0,143.0,1.717
741816,Aleksandar Kahvic,SSV Ulm 1846,21.0,Centre-Forward,500.0,Bosnia-Herzegovina,1.92,,right,2029.0,16.0,1.13,5.0,0.0,0.0,10.0,3.0,2.0,0.0,0.0,1.0,124.0,620.0
230810,Felix Higl,SSV Ulm 1846,28.0,Centre-Forward,350.0,Germany,1.94,,left,2026.0,,,,,,,,,,,,,
115210,Lucas Röser,SSV Ulm 1846,31.0,Centre-Forward,200.0,Germany,1.86,,right,2025.0,26.0,1.0,3.0,0.0,0.0,20.0,6.0,2.0,0.0,0.0,0.0,221.0,662.0
897431,Leopold Wurm,J. Regensburg,19.0,Centre-Back,1500.0,Germany,1.94,Robert Schneider,"
                            Sep 27, 2023                        ",2026.0,,,,,,,,,,,,,
760069,Louis Breunig,J. Regensburg,21.0,Centre-Back,800.0,Germany,1.88,Robert Schneider,left,2027.0,29.0,0.76,0.0,0.0,1.0,0.0,1.0,5.0,0.0,0.0,0.0,0.0,2.61
280589,Robin Ziegele,J. Regensburg,28.0,Centre-Back,275.0,Germany,1.86,Tenet Football,right,2027.0,25.0,1.12,1.0,0.0,0.0,7.0,1.0,4.0,0.0,0.0,0.0,1.665,1.665
110885,Florian Ballas,J. Regensburg,32.0,Centre-Back,250.0,Germany,1.96,Soccer and more,both,2025.0,17.0,0.88,1.0,0.0,0.0,3.0,1.0,4.0,0.0,0.0,0.0,1.344,1.344
52354,Alexander Bittroff,J. Regensburg,36.0,Centre-Back,175.0,Germany,1.86,,right,2025.0,10.0,2.1,0.0,0.0,0.0,3.0,2.0,2.0,0.0,0.0,0.0,0.0,621.0
284177,Tim Handwerker,J. Regensburg,27.0,Left-Back,600.0,Germany,1.82,Sports360 GmbH,left,2025.0,15.0,0.73,0.0,2.0,0.0,4.0,4.0,2.0,0.0,0.0,0.0,0.0,993.0
521475,Bryan Hein,J. Regensburg,23.0,Left-Back,600.0,Germany,1.82,,left,2025.0,,,,,,,,,,,,,
455933,Oscar Schönfelder,J. Regensburg,24.0,Left-Back,350.0,Germany,1.82,,left,,6.0,1.0,0.0,0.0,0.0,0.0,2.0,3.0,0.0,0.0,0.0,0.0,464.0
240263,Frederic Ananou,J. Regensburg,27.0,Right-Back,600.0,Togo,1.83,HD,right,2025.0,,,,,,,,,,,,,
93552,Benedikt Saller,J. Regensburg,32.0,Right-Back,350.0,Germany,1.79,PRO Profil GmbH,right,2026.0,4.0,0.75,0.0,0.0,0.0,0.0,3.0,1.0,0.0,0.0,0.0,0.0,332.0
427254,Nico Ochojski,J. Regensburg,26.0,Right-Back,275.0,Germany,1.82,,"
                            Jul 1, 2024                        ",2026.0,14.0,0.86,0.0,0.0,0.0,8.0,3.0,4.0,0.0,0.0,0.0,0.0,568.0
679471,Rasim Bulic,J. Regensburg,24.0,Defensive Midfield,450.0,Germany,1.96,,right,2025.0,32.0,0.88,2.0,1.0,0.0,11.0,1.0,4.0,0.0,1.0,0.0,1.024,2.047
93563,Andreas Geipl,J. Regensburg,33.0,Defensive Midfield,300.0,Germany,1.78,,right,,27.0,0.89,0.0,0.0,0.0,1.0,17.0,8.0,0.0,0.0,0.0,0.0,2.004
433894,Anssi Suhonen,J. Regensburg,24.0,Central Midfield,500.0,Finland,1.75,Wasserman,both,2025.0,27.0,1.26,4.0,5.0,0.0,8.0,10.0,4.0,0.0,0.0,2.0,424.0,1.697
486731,Christian Viet,J. Regensburg,26.0,Attacking Midfield,700.0,Germany,1.83,,right,2025.0,34.0,0.88,1.0,2.0,0.0,9.0,5.0,2.0,0.0,0.0,1.0,2.424,2.424
108198,Sebastian Ernst,J. Regensburg,30.0,Attacking Midfield,500.0,Germany,1.8,,left,2026.0,32.0,0.84,0.0,1.0,0.0,6.0,19.0,4.0,0.0,0.0,0.0,0.0,2.143
897422,Max Meyer,J. Regensburg,18.0,Left Winger,100.0,Germany,1.75,We'RR,right,2025.0,,,,,,,,,,,,,
223572,Kai Pröger,J. Regensburg,33.0,Right Winger,400.0,Germany,1.77,,right,2026.0,30.0,0.93,2.0,0.0,0.0,3.0,15.0,6.0,0.0,0.0,0.0,1.166,2.332
923015,Jonas Bauer,J. Regensburg,21.0,Right Winger,200.0,Germany,1.77,VIDA 11,"
                            Oct 12, 2023                        ",2025.0,21.0,1.14,7.0,3.0,0.0,7.0,6.0,3.0,1.0,0.0,1.0,167.0,1.172
125614,Sargis Adamyan,J. Regensburg,31.0,Centre-Forward,450.0,Armenia,1.84,Karl M. Herzog ...,right,2025.0,23.0,0.96,2.0,0.0,0.0,9.0,11.0,5.0,0.0,0.0,0.0,652.0,1.303
518583,Noah Ganaus,J. Regensburg,24.0,Centre-Forward,400.0,Germany,1.93,,right,2025.0,35.0,0.89,5.0,1.0,0.0,22.0,10.0,3.0,0.0,0.0,0.0,280.0,1.402
184204,Christian Kühlwetter,J. Regensburg,29.0,Centre-Forward,400.0,Germany,1.82,MK Sport Consulting,both,2026.0,33.0,0.85,3.0,0.0,0.0,2.0,17.0,5.0,0.0,0.0,2.0,848.0,2.545
594725,Dejan Galjen,J. Regensburg,23.0,Centre-Forward,300.0,Germany,1.89,YOU FIRST,"
                            Jul 1, 2024                        ",2026.0,,,,,,,,,,,,,
284688,Elias Huth,J. Regensburg,28.0,Centre-Forward,275.0,Germany,1.81,,right,2025.0,,,,,,,,,,,,,
403899,Eric Hottmann,J. Regensburg,25.0,Centre-Forward,200.0,Germany,1.87,,right,2025.0,,,,,,,,,,,,,
563966,Lukas Frenkert,Pr. Münster,24.0,Centre-Back,900.0,Germany,1.9,,both,2025.0,26.0,0.88,3.0,2.0,0.0,2.0,3.0,8.0,0.0,0.0,0.0,695.0,2.086
406988,Niko Koulis,Pr. Münster,26.0,Centre-Back,600.0,Germany,1.87,,right,,25.0,1.16,0.0,2.0,0.0,1.0,2.0,9.0,0.0,0.0,0.0,0.0,2.154
249207,Torge Paetow,Pr. Münster,29.0,Centre-Back,300.0,Germany,1.88,,both,,14.0,0.86,3.0,0.0,0.0,0.0,0.0,5.0,0.0,0.0,0.0,420.0,1.26
93979,Simon Scherder,Pr. Münster,32.0,Centre-Back,250.0,Germany,1.89,,both,2026.0,,,,,,,,,,,,,
96331,Mikkel Kirkeskov,Pr. Münster,33.0,Left-Back,250.0,Denmark,1.85,,left,,30.0,0.97,0.0,1.0,0.0,2.0,2.0,8.0,0.0,0.0,0.0,0.0,2.578
594664,Luca Bolay,Pr. Münster,22.0,Left-Back,250.0,Germany,1.77,,left,,5.0,1.2,1.0,1.0,0.0,1.0,2.0,1.0,0.0,0.0,0.0,333.0,333.0
282150,Dominik Schad,Pr. Münster,28.0,Right-Back,250.0,Germany,1.76,Soccer and more,right,2025.0,12.0,1.08,0.0,0.0,0.0,5.0,2.0,2.0,0.0,0.0,0.0,0.0,712.0
205004,Jorrit Hendrix,Pr. Münster,30.0,Defensive Midfield,800.0,Netherlands,1.81,Muy Manero,left,2026.0,33.0,1.0,4.0,1.0,0.0,0.0,12.0,8.0,0.0,0.0,0.0,677.0,2.706
493899,Luca Bazzoli,Pr. Münster,24.0,Defensive Midfield,700.0,Germany,1.88,,both,2025.0,,,,,,,,,,,,,
124568,Sebastian Mrowca,Pr. Münster,31.0,Defensive Midfield,300.0,Poland,1.77,,both,2025.0,7.0,1.29,0.0,0.0,0.0,3.0,1.0,0.0,0.0,0.0,0.0,0.0,397.0
196834,David Kinsombi,Pr. Münster,29.0,Central Midfield,600.0,Germany,1.83,,right,2025.0,27.0,1.52,2.0,1.0,0.0,16.0,7.0,1.0,0.0,0.0,1.0,574.0,1.147
206411,Rico Preißinger,Pr. Münster,28.0,Central Midfield,300.0,Germany,1.85,CS/DSM,both,2025.0,,,,,,,,,,,,,
50600,Marc Lorenz,Pr. Münster,36.0,Left Midfield,175.0,Germany,1.82,,left,,31.0,0.94,4.0,6.0,0.0,14.0,9.0,8.0,0.0,0.0,3.0,374.0,1.495
440108,Yassine Bouchama,Pr. Münster,27.0,Attacking Midfield,300.0,Germany,1.82,CORESPORT,both,,14.0,1.5,1.0,0.0,0.0,6.0,8.0,3.0,0.0,0.0,0.0,658.0,658.0
522104,Daniel Kyerewaa,Pr. Münster,23.0,Attacking Midfield,250.0,Germany,1.75,,right,2025.0,21.0,1.05,3.0,1.0,0.0,12.0,8.0,2.0,0.0,0.0,0.0,308.0,923.0
322249,Thorben Deters,Pr. Münster,29.0,Attacking Midfield,250.0,Germany,1.76,,right,,7.0,1.14,0.0,2.0,0.0,6.0,1.0,0.0,0.0,0.0,0.0,0.0,165.0
196815,Joshua Mees,Pr. Münster,29.0,Left Winger,650.0,Germany,1.8,WINS,both,,29.0,1.1,9.0,1.0,0.0,1.0,17.0,7.0,0.0,0.0,0.0,252.0,2.267
191359,Florian Pick,Pr. Münster,29.0,Left Winger,500.0,Germany,1.76,CN Sports,right,2025.0,25.0,1.08,2.0,1.0,0.0,8.0,13.0,2.0,0.0,0.0,0.0,713.0,1.426
414318,Charalambos Makridis,Pr. Münster,28.0,Left Winger,400.0,Germany,1.8,ROOF,both,,33.0,1.0,2.0,3.0,0.0,13.0,9.0,3.0,0.0,0.0,0.0,984.0,1.968
411134,Malik Batmaz,Pr. Münster,25.0,Centre-Forward,650.0,Germany,1.8,FTC,right,2026.0,12.0,1.17,1.0,0.0,0.0,7.0,3.0,1.0,0.0,0.0,0.0,541.0,541.0
546415,András Németh,Pr. Münster,22.0,Centre-Forward,650.0,Hungary,1.87,,right,2025.0,21.0,0.9,0.0,3.0,0.0,11.0,6.0,1.0,0.0,0.0,0.0,0.0,1.051
271103,Etienne Amenyido,Pr. Münster,27.0,Centre-Forward,500.0,Togo,1.85,SBE Management AG,right,,24.0,1.0,0.0,2.0,0.0,12.0,10.0,4.0,0.0,0.0,0.0,0.0,1.062
149996,Hólmbert Aron Fridjónsson,Pr. Münster,32.0,Centre-Forward,300.0,Iceland,1.96,,left,,23.0,1.13,3.0,1.0,0.0,16.0,6.0,6.0,0.0,0.0,0.0,269.0,807.0
315853,Alessandro Bastoni,Inter,26.0,Centre-Back,80000.0,Italy,1.9,,left,2028.0,52.0,2.13,1.0,6.0,0.0,5.0,28.0,8.0,1.0,0.0,0.0,3.836,3.836
353366,Benjamin Pavard,Inter,29.0,Centre-Back,30000.0,France,1.86,,right,2028.0,36.0,2.17,1.0,1.0,0.0,7.0,7.0,6.0,0.0,0.0,0.0,2.559,2.559
441986,Yann Bisseck,Inter,24.0,Centre-Back,30000.0,Germany,1.96,,right,2029.0,44.0,2.14,3.0,3.0,0.0,15.0,9.0,5.0,0.0,0.0,0.0,926.0,2.779
111196,Stefan de Vrij,Inter,33.0,Centre-Back,7000.0,Netherlands,1.89,P&P Sport ...,right,2025.0,,,,,,,,,,,,,
131075,Francesco Acerbi,Inter,37.0,Centre-Back,3000.0,Italy,1.92,P&P Sport ...,left,2026.0,31.0,2.03,1.0,2.0,0.0,4.0,3.0,2.0,0.0,0.0,0.0,2.37,2.37
198116,Federico Dimarco,Inter,27.0,Left-Back,60000.0,Italy,1.75,Roc Nation Sports,left,2027.0,45.0,1.98,4.0,11.0,0.0,8.0,31.0,4.0,0.0,0.0,0.0,706.0,2.823
585982,Carlos Augusto,Inter,26.0,Left-Back,22000.0,Brazil,1.84,GR Sports,left,2028.0,,,,,,,,,,,,,
321528,Denzel Dumfries,Inter,29.0,Right-Back,28000.0,Netherlands,1.88,Wasserman,right,2028.0,,,,,,,,,,,,,
54906,Matteo Darmian,Inter,35.0,Right-Back,4000.0,Italy,1.83,,right,2026.0,43.0,2.12,3.0,2.0,1.0,15.0,14.0,3.0,0.0,0.0,0.0,840.0,2.52
126414,Hakan Çalhanoğlu,Inter,31.0,Defensive Midfield,35000.0,Türkiye,1.78,Unique Sports Group,right,2027.0,45.0,2.02,11.0,7.0,0.0,7.0,29.0,8.0,0.0,0.0,7.0,268.0,2.951
543771,Kristjan Asllani,Inter,23.0,Defensive Midfield,15000.0,Albania,1.75,,right,2028.0,33.0,2.3,3.0,2.0,0.0,18.0,10.0,9.0,0.0,0.0,2.0,494.0,1.482
255942,Nicolò Barella,Inter,28.0,Central Midfield,80000.0,Italy,1.75,,right,2029.0,49.0,2.06,3.0,8.0,0.0,7.0,18.0,7.0,0.0,0.0,0.0,1.199,3.597
394300,Davide Frattesi,Inter,25.0,Central Midfield,32000.0,Italy,1.78,GR Sports,right,2028.0,47.0,2.09,7.0,2.0,0.0,31.0,10.0,2.0,0.0,0.0,0.0,284.0,1.986
181136,Piotr Zieliński,Inter,31.0,Central Midfield,14000.0,Poland,1.8,BMG-SPORT,both,2028.0,,,,,,,,,,,,,
55735,Henrikh Mkhitaryan,Inter,36.0,Central Midfield,4000.0,Armenia,1.77,Rafaela Pimenta,both,2026.0,48.0,2.13,1.0,5.0,0.0,6.0,23.0,8.0,0.0,0.0,0.0,3.482,3.482
550108,Nicola Zalewski,Inter,23.0,Left Midfield,10000.0,Poland,1.75,,right,2025.0,,,,,,,,,,,,,
787618,Valentín Carboni,Inter,20.0,Attacking Midfield,12000.0,Argentina,1.85,GR Sports,left,2029.0,4.0,1.25,0.0,0.0,0.0,3.0,1.0,1.0,0.0,0.0,0.0,0.0,100.0
227081,Joaquín Correa,Inter,30.0,Second Striker,3000.0,Argentina,1.88,,right,2025.0,21.0,1.95,1.0,4.0,0.0,15.0,3.0,3.0,0.0,0.0,0.0,753.0,753.0
406625,Lautaro Martínez,Inter,27.0,Centre-Forward,95000.0,Argentina,1.74,Footfeel ISM,right,2029.0,48.0,2.04,22.0,7.0,0.0,5.0,25.0,3.0,0.0,0.0,1.0,166.0,3.643
318528,Marcus Thuram,Inter,27.0,Centre-Forward,75000.0,France,1.92,Sport Cover,right,2028.0,47.0,2.19,18.0,9.0,0.0,8.0,21.0,2.0,0.0,0.0,0.0,183.0,3.297
307058,Mehdi Taremi,Inter,32.0,Centre-Forward,5000.0,Iran,1.85,,right,2027.0,,,,,,,,,,,,,
41384,Marko Arnautovic,Inter,36.0,Centre-Forward,3500.0,Austria,1.9,,both,2025.0,27.0,2.15,7.0,2.0,0.0,18.0,9.0,4.0,0.0,0.0,0.0,127.0,891.0
516716,Bremer,Juventus,28.0,Centre-Back,50000.0,Brazil,1.88,,right,2029.0,8.0,2.25,0.0,0.0,0.0,0.0,1.0,1.0,0.0,0.0,0.0,0.0,636.0
585949,Pierre Kalulu,Juventus,24.0,Centre-Back,26000.0,France,1.82,CAA Stellar,right,2025.0,39.0,1.59,1.0,0.0,0.0,4.0,2.0,3.0,0.0,1.0,0.0,3.161,3.161
509022,Federico Gatti,Juventus,26.0,Centre-Back,25000.0,Italy,1.9,,right,2028.0,,,,,,,,,,,,,
480116,Lloyd Kelly,Juventus,26.0,Centre-Back,18000.0,England,1.89,,left,2029.0,,,,,,,,,,,,,
805714,Renato Veiga,Juventus,21.0,Centre-Back,18000.0,Portugal,1.9,,left,2025.0,32.0,2.16,2.0,2.0,0.0,6.0,2.0,6.0,0.0,0.0,0.0,1.159,2.317
459658,Andrea Cambiaso,Juventus,25.0,Left-Back,40000.0,Italy,1.82,,both,2029.0,,,,,,,,,,,,,
686965,Juan Cabal,Juventus,24.0,Left-Back,9000.0,Colombia,1.86,VIDA 11,left,2029.0,9.0,1.78,0.0,1.0,0.0,1.0,4.0,2.0,0.0,0.0,0.0,0.0,618.0
741090,Jonas Rouhi,Juventus,21.0,Left-Back,2000.0,Sweden,1.83,HCM Sports ...,left,2028.0,8.0,1.38,0.0,0.0,0.0,5.0,2.0,0.0,0.0,0.0,0.0,0.0,361.0
708072,Nicolò Savona,Juventus,22.0,Right-Back,14000.0,Italy,1.92,Mp Management,right,2029.0,36.0,1.72,2.0,1.0,0.0,11.0,13.0,6.0,0.0,0.0,0.0,1.122,2.244
265088,Manuel Locatelli,Juventus,27.0,Defensive Midfield,28000.0,Italy,1.85,Excellence Sport,right,2028.0,47.0,1.66,1.0,2.0,0.0,5.0,17.0,10.0,0.0,0.0,0.0,3.626,3.626
463618,Khéphren Thuram,Juventus,24.0,Central Midfield,40000.0,France,1.92,Sport Cover,right,2029.0,,,,,,,,,,,,,
447661,Douglas Luiz,Juventus,27.0,Central Midfield,38000.0,Brazil,1.77,Bertolucci Sports,right,2029.0,26.0,1.77,0.0,0.0,0.0,20.0,3.0,2.0,0.0,0.0,0.0,0.0,832.0
332697,Weston McKennie,Juventus,26.0,Central Midfield,24000.0,United States,1.85,Wasserman,right,2026.0,,,,,,,,,,,,,
360518,Teun Koopmeiners,Juventus,27.0,Attacking Midfield,40000.0,Netherlands,1.84,Wasserman,left,2029.0,40.0,1.68,4.0,3.0,0.0,7.0,12.0,5.0,0.0,0.0,0.0,713.0,2.852
944570,Vasilije Adžić,Juventus,19.0,Attacking Midfield,3000.0,Montenegro,1.85,,right,2029.0,18.0,1.72,4.0,2.0,0.0,9.0,6.0,0.0,0.0,0.0,2.0,204.0,814.0
845654,Kenan Yıldız,Juventus,20.0,Left Winger,45000.0,Türkiye,1.87,,both,2029.0,,,,,,,,,,,,,
654991,Samuel Mbangula,Juventus,21.0,Left Winger,14000.0,Belgium,1.79,,right,2028.0,32.0,1.56,4.0,5.0,0.0,21.0,9.0,1.0,0.0,0.0,0.0,270.0,1.078
487474,Francisco Conceição,Juventus,22.0,Right Winger,36000.0,Portugal,1.7,Gestifute,left,2025.0,36.0,1.64,5.0,5.0,0.0,18.0,11.0,5.0,1.0,0.0,0.0,394.0,1.968
486031,Nico González,Juventus,27.0,Right Winger,28000.0,Argentina,1.8,,left,2029.0,34.0,1.65,5.0,4.0,0.0,6.0,22.0,2.0,0.0,0.0,0.0,431.0,2.156
370846,Timothy Weah,Juventus,25.0,Right Winger,17000.0,United States,1.83,BS Group - BS Law,right,2028.0,41.0,1.68,6.0,5.0,0.0,17.0,12.0,5.0,0.0,0.0,0.0,381.0,2.287
357498,Dušan Vlahović,Juventus,25.0,Centre-Forward,45000.0,Serbia,1.9,INTERNATIONAL ...,left,2026.0,,,,,,,,,,,,,
487969,Randal Kolo Muani,Juventus,26.0,Centre-Forward,30000.0,France,1.87,,right,2025.0,,,,,,,,,,,,,
191891,Arkadiusz Milik,Juventus,31.0,Centre-Forward,2000.0,Poland,1.86,CAA Stellar,left,2027.0,,,,,,,,,,,,,
303254,Fikayo Tomori,AC Milan,27.0,Centre-Back,20000.0,England,1.85,SPORT INVEST,right,2027.0,34.0,1.76,0.0,2.0,0.0,4.0,5.0,7.0,1.0,0.0,0.0,0.0,2.58
521964,Malick Thiaw,AC Milan,23.0,Centre-Back,20000.0,Germany,1.94,Unique Sports Group,right,2027.0,31.0,1.84,1.0,1.0,3.0,5.0,2.0,3.0,0.0,0.0,0.0,2.442,2.442
574671,Strahinja Pavlović,AC Milan,23.0,Centre-Back,18000.0,Serbia,1.94,,left,2028.0,34.0,1.65,2.0,2.0,0.0,4.0,1.0,3.0,0.0,1.0,0.0,1.338,2.675
323167,Matteo Gabbia,AC Milan,25.0,Centre-Back,14000.0,Italy,1.85,,right,2029.0,35.0,1.77,1.0,0.0,0.0,4.0,7.0,5.0,0.0,0.0,0.0,2.715,2.715
339808,Theo Hernández,AC Milan,27.0,Left-Back,40000.0,France,1.84,,left,2026.0,,,,,,,,,,,,,
741257,Álex Jiménez,AC Milan,20.0,Right-Back,10000.0,Spain,1.77,YOU FIRST,right,2028.0,45.0,1.53,4.0,2.0,0.0,7.0,21.0,12.0,1.0,0.0,0.0,795.0,3.178
476344,Emerson Royal,AC Milan,26.0,Right-Back,10000.0,Brazil,1.83,,right,2028.0,26.0,1.81,0.0,0.0,0.0,4.0,10.0,6.0,0.0,0.0,0.0,0.0,1.868
95424,Kyle Walker,AC Milan,34.0,Right-Back,6000.0,England,1.83,,right,2025.0,34.0,1.62,0.0,0.0,0.0,12.0,4.0,4.0,0.0,0.0,0.0,0.0,2.205
631007,Filippo Terracciano,AC Milan,22.0,Right-Back,4500.0,Italy,1.86,,right,2028.0,17.0,1.94,0.0,0.0,0.0,10.0,2.0,4.0,0.0,0.0,0.0,0.0,692.0
130365,Alessandro Florenzi,AC Milan,34.0,Right-Back,1500.0,Italy,1.73,,right,2025.0,0.0,,0.0,0.0,0.0,0.0,0.0,0.0,0.0,0.0,0.0,0.0,0.0
569598,Youssouf Fofana,AC Milan,26.0,Defensive Midfield,30000.0,France,1.85,,right,2028.0,51.0,1.71,1.0,9.0,0.0,6.0,16.0,7.0,0.0,0.0,0.0,3.88,3.88
460939,Tijjani Reijnders,AC Milan,26.0,Central Midfield,50000.0,Netherlands,1.85,,right,2030.0,53.0,1.74,15.0,5.0,0.0,1.0,10.0,3.0,0.0,1.0,0.0,300.0,4.501
503991,Yunus Musah,AC Milan,22.0,Central Midfield,22000.0,United States,1.78,,right,2028.0,39.0,1.9,0.0,3.0,0.0,14.0,16.0,6.0,1.0,0.0,0.0,0.0,2.192
202886,Ruben Loftus-Cheek,AC Milan,29.0,Central Midfield,16000.0,England,1.91,CAA Stellar,right,2027.0,,,,,,,,,,,,,
659516,Warren Bondo,AC Milan,21.0,Central Midfield,10000.0,France,1.77,,right,2029.0,27.0,1.0,0.0,0.0,0.0,4.0,8.0,4.0,1.0,0.0,0.0,0.0,1.913
357164,Rafael Leão,AC Milan,25.0,Left Winger,75000.0,Portugal,1.88,,right,2028.0,,,,,,,,,,,,,
386455,Riccardo Sottil,AC Milan,25.0,Left Winger,6000.0,Italy,1.8,GR Sports,right,2025.0,33.0,1.76,5.0,4.0,0.0,17.0,14.0,2.0,0.0,0.0,0.0,291.0,1.456
315779,Christian Pulisic,AC Milan,26.0,Right Winger,50000.0,United States,1.77,,right,2027.0,49.0,1.71,17.0,12.0,0.0,7.0,27.0,4.0,0.0,0.0,4.0,210.0,3.564
401922,Samuel Chukwueze,AC Milan,26.0,Right Winger,14000.0,Nigeria,1.72,,left,2028.0,35.0,1.4,5.0,2.0,0.0,24.0,8.0,2.0,0.0,0.0,0.0,248.0,1.242
462250,João Félix,AC Milan,25.0,Second Striker,25000.0,Portugal,1.81,Gestifute,right,2025.0,40.0,1.95,9.0,3.0,0.0,22.0,9.0,8.0,0.0,0.0,0.0,209.0,1.884
331726,Tammy Abraham,AC Milan,27.0,Centre-Forward,15000.0,England,1.94,ROOF,right,2025.0,,,,,,,,,,,,,
257462,Luka Jović,AC Milan,27.0,Centre-Forward,2500.0,Serbia,1.82,LIAN Sports Group,right,2025.0,16.0,1.25,4.0,0.0,0.0,9.0,7.0,1.0,0.0,0.0,0.0,162.0,648.0
571604,Giorgio Scalvini,Atalanta BC,21.0,Centre-Back,35000.0,Italy,1.94,,right,2028.0,8.0,1.5,0.0,0.0,0.0,3.0,5.0,3.0,0.0,0.0,0.0,0.0,371.0
503075,Isak Hien,Atalanta BC,26.0,Centre-Back,30000.0,Sweden,1.91,,right,2028.0,42.0,1.86,0.0,1.0,0.0,3.0,8.0,12.0,0.0,0.0,0.0,0.0,3.369
644771,Odilon Kossounou,Atalanta BC,24.0,Centre-Back,25000.0,Cote d'Ivoire,1.91,Unique Sports Group,right,2025.0,22.0,2.23,0.0,2.0,0.0,8.0,6.0,2.0,0.0,0.0,0.0,0.0,1.368
223974,Stefan Posch,Atalanta BC,28.0,Centre-Back,10000.0,Austria,1.9,ROOF,right,2025.0,27.0,1.3,0.0,0.0,0.0,9.0,5.0,3.0,0.0,0.0,0.0,0.0,1.688
94005,Sead Kolasinac,Atalanta BC,31.0,Centre-Back,10000.0,Bosnia-Herzegovina,1.83,,left,2026.0,34.0,1.76,1.0,4.0,1.0,0.0,14.0,9.0,0.0,0.0,0.0,2.71,2.71
165513,Berat Djimsiti,Atalanta BC,32.0,Centre-Back,8000.0,Albania,1.9,,right,2026.0,46.0,1.72,2.0,2.0,1.0,4.0,12.0,8.0,0.0,0.0,0.0,1.755,3.509
72441,Rafael Tolói,Atalanta BC,34.0,Centre-Back,1500.0,Italy,1.85,,right,2025.0,,,,,,,,,,,,,
133179,Marten de Roon,Atalanta BC,34.0,Defensive Midfield,7000.0,Netherlands,1.85,SEG,right,2026.0,50.0,1.78,4.0,5.0,0.0,2.0,3.0,8.0,0.0,0.0,0.0,1.073,4.292
982267,Ibrahim Sulemana,Atalanta BC,22.0,Defensive Midfield,6000.0,Ghana,1.8,,right,2028.0,9.0,2.78,2.0,0.0,0.0,7.0,2.0,1.0,0.0,0.0,0.0,125.0,250.0
607854,Éderson,Atalanta BC,25.0,Central Midfield,50000.0,Brazil,1.83,,right,2027.0,48.0,1.79,5.0,2.0,0.0,6.0,10.0,8.0,1.0,0.0,0.0,761.0,3.804
528833,Lazar Samardžić,Atalanta BC,23.0,Central Midfield,20000.0,Serbia,1.84,LIOS Sports,left,2029.0,,,,,,,,,,,,,
205938,Mario Pasalic,Atalanta BC,30.0,Central Midfield,13000.0,Croatia,1.88,,right,2025.0,46.0,1.8,6.0,6.0,0.0,12.0,23.0,2.0,0.0,0.0,0.0,457.0,2.744
459128,Marco Brescianini,Atalanta BC,25.0,Central Midfield,8000.0,Italy,1.88,GR Sports,left,2029.0,37.0,1.78,6.0,2.0,0.0,27.0,8.0,2.0,0.0,0.0,0.0,201.0,1.203
357992,Raoul Bellanova,Atalanta BC,25.0,Right Midfield,22000.0,Italy,1.88,,right,2029.0,44.0,1.82,1.0,10.0,0.0,9.0,18.0,4.0,0.0,0.0,0.0,3.045,3.045
173859,Davide Zappacosta,Atalanta BC,32.0,Right Midfield,6000.0,Italy,1.82,,right,2025.0,43.0,1.72,5.0,8.0,0.0,5.0,21.0,3.0,0.0,0.0,0.0,615.0,3.074
895937,Marco Palestra,Atalanta BC,20.0,Right Midfield,3000.0,Italy,1.86,,right,,,,,,,,,,,,,,
91970,Juan Cuadrado,Atalanta BC,36.0,Right Midfield,1000.0,Colombia,1.76,Andrei Martínez,right,2025.0,31.0,1.84,0.0,4.0,0.0,22.0,7.0,4.0,0.0,0.0,0.0,0.0,1.154
616631,Matteo Ruggeri,Atalanta BC,22.0,Left Midfield,20000.0,Italy,1.87,,left,2028.0,,,,,,,,,,,,,
435772,Charles De Ketelaere,Atalanta BC,24.0,Attacking Midfield,38000.0,Belgium,1.92,,left,2028.0,49.0,1.76,13.0,13.0,0.0,14.0,28.0,1.0,0.0,0.0,1.0,224.0,2.908
539134,Daniel Maldini,Atalanta BC,23.0,Attacking Midfield,10000.0,Italy,1.88,GR Sports,right,2029.0,31.0,0.87,4.0,1.0,0.0,13.0,14.0,5.0,0.0,0.0,0.0,405.0,1.62
406040,Ademola Lookman,Atalanta BC,27.0,Second Striker,60000.0,Nigeria,1.74,ROOF,right,2027.0,39.0,1.9,20.0,7.0,0.0,5.0,25.0,4.0,0.0,0.0,1.0,141.0,2.826
554903,Mateo Retegui,Atalanta BC,26.0,Centre-Forward,45000.0,Italy,1.86,,right,2028.0,48.0,1.88,28.0,8.0,0.0,7.0,35.0,2.0,0.0,0.0,4.0,109.0,3.064
315867,Gianluca Scamacca,Atalanta BC,26.0,Centre-Forward,24000.0,Italy,1.95,CAA Stellar,right,2027.0,,,,,,,,,,,,,
386446,Alessandro Buongiorno,Napoli,25.0,Centre-Back,45000.0,Italy,1.9,GR Sports,left,2029.0,23.0,2.17,1.0,0.0,0.0,0.0,2.0,2.0,0.0,0.0,0.0,2.016,2.016
257732,Amir Rrahmani,Napoli,31.0,Centre-Back,12000.0,Kosovo,1.92,,right,2027.0,38.0,2.16,1.0,2.0,1.0,0.0,1.0,2.0,0.0,0.0,0.0,3.407,3.407
662261,Rafa Marín,Napoli,23.0,Centre-Back,7000.0,Spain,1.91,LEADERBROCK,right,2029.0,,,,,,,,,,,,,
121985,Juan Jesus,Napoli,33.0,Centre-Back,1500.0,Brazil,1.85,,left,2025.0,17.0,2.06,1.0,1.0,0.0,3.0,2.0,2.0,0.0,0.0,0.0,1.254,1.254
376514,Mathías Olivera,Napoli,27.0,Left-Back,18000.0,Uruguay,1.85,GBG Global Business ...,left,2030.0,32.0,2.28,0.0,3.0,0.0,7.0,9.0,4.0,0.0,0.0,0.0,0.0,2.299
118689,Leonardo Spinazzola,Napoli,32.0,Left-Back,3500.0,Italy,1.86,,right,2026.0,29.0,2.24,1.0,1.0,0.0,10.0,10.0,1.0,0.0,0.0,0.0,1.687,1.687
169880,Giovanni Di Lorenzo,Napoli,31.0,Right-Back,15000.0,Italy,1.83,,right,2028.0,,,,,,,,,,,,,
250153,Pasquale Mazzocchi,Napoli,29.0,Right-Back,3000.0,Italy,1.83,,right,2027.0,21.0,2.48,0.0,0.0,0.0,12.0,5.0,3.0,0.0,0.0,0.0,0.0,851.0
192735,Stanislav Lobotka,Napoli,30.0,Defensive Midfield,25000.0,Slovakia,1.68,FairSport,right,2027.0,35.0,2.14,0.0,2.0,0.0,2.0,15.0,3.0,0.0,0.0,0.0,0.0,2.801
423744,Billy Gilmour,Napoli,23.0,Defensive Midfield,16000.0,Scotland,1.7,CAA Stellar,right,2029.0,29.0,2.14,0.0,1.0,0.0,14.0,10.0,0.0,0.0,0.0,0.0,0.0,1.362
315969,Scott McTominay,Napoli,28.0,Central Midfield,40000.0,Scotland,1.91,,right,2028.0,38.0,2.0,12.0,6.0,0.0,6.0,4.0,3.0,0.0,0.0,0.0,244.0,2.931
354361,Frank Anguissa,Napoli,29.0,Central Midfield,27000.0,Cameroon,1.84,,right,2027.0,,,,,,,,,,,,,
320411,Philip Billing,Napoli,28.0,Central Midfield,12000.0,Denmark,1.93,ROOF,left,2025.0,19.0,1.95,1.0,0.0,0.0,17.0,2.0,2.0,0.0,0.0,0.0,360.0,360.0
724178,Luis Hasa,Napoli,21.0,Central Midfield,1000.0,Italy,1.72,LIAN Sports Group,right,2029.0,1.0,,0.0,0.0,0.0,1.0,0.0,0.0,0.0,0.0,0.0,0.0,10.0
469822,David Neres,Napoli,28.0,Left Winger,30000.0,Brazil,1.76,Bertolucci Sports,left,2028.0,29.0,2.28,3.0,8.0,0.0,14.0,12.0,3.0,0.0,0.0,0.0,472.0,1.416
346890,Noah Okafor,Napoli,24.0,Left Winger,15000.0,Switzerland,1.85,YOU FIRST,right,2025.0,21.0,1.48,1.0,2.0,0.0,15.0,6.0,0.0,0.0,0.0,0.0,595.0,595.0
165895,Matteo Politano,Napoli,31.0,Right Winger,10000.0,Italy,1.71,,left,2027.0,,,,,,,,,,,,,
358032,Cyril Ngonge,Napoli,24.0,Right Winger,10000.0,Belgium,1.8,,left,2028.0,20.0,1.9,2.0,0.0,0.0,17.0,3.0,2.0,0.0,0.0,0.0,172.0,343.0
405885,Giacomo Raspadori,Napoli,25.0,Second Striker,20000.0,Italy,1.72,,right,2028.0,28.0,1.89,6.0,2.0,0.0,15.0,11.0,1.0,0.0,0.0,0.0,207.0,1.24
96341,Romelu Lukaku,Napoli,32.0,Centre-Forward,22000.0,Belgium,1.91,TEAM LUKAKU,left,2027.0,37.0,2.14,13.0,11.0,0.0,3.0,28.0,3.0,0.0,0.0,3.0,217.0,2.82
282388,Giovanni Simeone,Napoli,29.0,Centre-Forward,8000.0,Argentina,1.8,,right,2026.0,32.0,2.16,2.0,2.0,0.0,29.0,3.0,1.0,0.0,0.0,0.0,279.0,557.0
371149,Evan Ndicka,AS Roma,25.0,Centre-Back,25000.0,Cote d'Ivoire,1.92,,left,2028.0,50.0,1.74,1.0,2.0,0.0,0.0,0.0,2.0,0.0,0.0,0.0,4.5,4.5
256448,Gianluca Mancini,AS Roma,29.0,Centre-Back,18000.0,Italy,1.9,GR Sports,right,2027.0,45.0,1.76,3.0,2.0,0.0,1.0,4.0,8.0,0.0,0.0,0.0,1.288,3.864
422951,Victor Nelsson,AS Roma,26.0,Centre-Back,14000.0,Denmark,1.85,,right,2025.0,23.0,2.0,0.0,0.0,0.0,16.0,1.0,1.0,0.0,1.0,0.0,0.0,812.0
39728,Mats Hummels,AS Roma,36.0,Centre-Back,2500.0,Germany,1.91,,right,2025.0,19.0,1.63,1.0,0.0,1.0,2.0,8.0,3.0,0.0,1.0,0.0,1.351,1.351
277179,Angeliño,AS Roma,28.0,Left-Back,15000.0,Spain,1.71,,left,2028.0,50.0,1.7,4.0,6.0,0.0,2.0,4.0,2.0,0.0,0.0,0.0,1.065,4.259
485584,Anass Salah-Eddine,AS Roma,23.0,Left-Back,8000.0,Netherlands,1.81,,left,2028.0,,,,,,,,,,,,,
557407,Devyne Rensch,AS Roma,22.0,Right-Back,12000.0,Netherlands,1.81,AYMO Football ...,right,2029.0,43.0,2.3,1.0,2.0,1.0,11.0,11.0,3.0,0.0,0.0,0.0,2.841,2.841
631927,Saud Abdulhamid,AS Roma,25.0,Right-Back,4000.0,Saudi Arabia,1.75,TKS,right,2028.0,10.0,1.9,1.0,1.0,0.0,5.0,3.0,0.0,0.0,0.0,0.0,528.0,528.0
962125,Buba Sangaré,AS Roma,17.0,Right-Back,1000.0,Spain,1.83,,right,2027.0,14.0,2.0,1.0,1.0,0.0,0.0,8.0,1.0,0.0,0.0,0.0,1.104,1.104
620313,Lucas Gourna-Douath,AS Roma,21.0,Defensive Midfield,8000.0,France,1.85,Sport Cover,right,2025.0,29.0,1.59,1.0,2.0,0.0,15.0,13.0,11.0,0.0,0.0,0.0,1.275,1.275
199248,Bryan Cristante,AS Roma,30.0,Defensive Midfield,7000.0,Italy,1.86,GR Sports,right,2027.0,37.0,1.65,4.0,3.0,0.0,10.0,9.0,8.0,1.0,0.0,0.0,614.0,2.454
166237,Leandro Paredes,AS Roma,30.0,Defensive Midfield,5000.0,Argentina,1.8,DCGLOBALSL,right,2026.0,32.0,1.75,3.0,2.0,0.0,9.0,10.0,8.0,0.0,0.0,2.0,663.0,1.988
624690,Manu Koné,AS Roma,24.0,Central Midfield,35000.0,France,1.85,,right,2029.0,45.0,1.8,2.0,3.0,0.0,5.0,13.0,9.0,0.0,0.0,0.0,1.675,3.35
813137,Niccolò Pisilli,AS Roma,20.0,Central Midfield,12000.0,Italy,1.8,,right,2029.0,40.0,1.8,3.0,1.0,0.0,22.0,11.0,8.0,0.0,0.0,0.0,644.0,1.933
286297,Lorenzo Pellegrini,AS Roma,28.0,Attacking Midfield,14000.0,Italy,1.86,,right,2026.0,34.0,1.76,3.0,3.0,0.0,9.0,18.0,5.0,0.0,0.0,1.0,709.0,2.126
641537,Tommaso Baldanzi,AS Roma,22.0,Attacking Midfield,14000.0,Italy,1.7,GR Sports,left,2028.0,,,,,,,,,,,,,
94529,Stephan El Shaarawy,AS Roma,32.0,Left Winger,5000.0,Italy,1.78,,right,2025.0,40.0,1.7,3.0,6.0,0.0,25.0,12.0,2.0,0.0,0.0,0.0,485.0,1.455
668951,Matías Soulé,AS Roma,22.0,Right Winger,22000.0,Argentina,1.82,,left,2029.0,,,,,,,,,,,,,
381950,Alexis Saelemaekers,AS Roma,25.0,Right Winger,17000.0,Belgium,1.8,Unique Sports Group,right,2025.0,31.0,1.84,6.0,6.0,0.0,9.0,19.0,7.0,0.0,0.0,0.0,299.0,1.795
206050,Paulo Dybala,AS Roma,31.0,Second Striker,8000.0,Argentina,1.77,,left,2026.0,36.0,1.58,8.0,4.0,0.0,10.0,20.0,4.0,0.0,0.0,3.0,265.0,2.122
343537,Artem Dovbyk,AS Roma,27.0,Centre-Forward,30000.0,Ukraine,1.89,ALIK FOOTBALL ...,left,2029.0,45.0,1.56,17.0,4.0,0.0,9.0,25.0,1.0,0.0,0.0,3.0,188.0,3.195
358166,Eldor Shomurodov,AS Roma,29.0,Centre-Forward,4000.0,Uzbekistan,1.9,,right,2026.0,36.0,1.92,7.0,5.0,0.0,22.0,13.0,3.0,0.0,0.0,0.0,199.0,1.393
618341,Mario Gila,Lazio,24.0,Centre-Back,28000.0,Spain,1.85,Footfeel ISM,right,2027.0,42.0,1.9,2.0,0.0,1.0,7.0,5.0,9.0,0.0,0.0,0.0,1.613,3.225
197747,Alessio Romagnoli,Lazio,30.0,Centre-Back,12000.0,Italy,1.85,Team Raiola,left,2027.0,42.0,1.79,5.0,1.0,0.0,2.0,3.0,6.0,0.0,1.0,0.0,698.0,3.488
276896,Samuel Gigot,Lazio,31.0,Centre-Back,4000.0,France,1.87,,right,2025.0,23.0,2.17,2.0,1.0,0.0,8.0,6.0,6.0,0.0,1.0,0.0,683.0,1.366
126729,Patric,Lazio,32.0,Centre-Back,4000.0,Spain,1.84,Team Raiola,right,2027.0,18.0,1.89,1.0,0.0,0.0,7.0,4.0,4.0,0.0,0.0,0.0,1.103,1.103
644408,Oliver Provstgaard,Lazio,21.0,Centre-Back,3500.0,Denmark,1.94,BTAM,left,2029.0,18.0,0.67,0.0,0.0,0.0,2.0,0.0,3.0,0.0,0.0,0.0,0.0,1.473
1110645,Filipe Bordon,Lazio,19.0,Centre-Back,500.0,Brazil,1.93,,"
                            Jul 1, 2024                        ",2028.0,24.0,1.71,2.0,1.0,0.0,2.0,4.0,4.0,0.0,1.0,0.0,952.0,1.904
535955,Nuno Tavares,Lazio,25.0,Left-Back,25000.0,Portugal,1.83,,left,2025.0,29.0,2.0,0.0,9.0,0.0,4.0,20.0,2.0,1.0,0.0,0.0,0.0,1.959
346567,Luca Pellegrini,Lazio,26.0,Left-Back,2500.0,Italy,1.78,Team Raiola,left,2025.0,29.0,1.9,0.0,6.0,0.0,12.0,7.0,9.0,0.0,0.0,0.0,0.0,1.575
239802,Adam Marusic,Lazio,32.0,Right-Back,4000.0,Montenegro,1.85,,right,2026.0,47.0,1.81,4.0,1.0,1.0,11.0,8.0,2.0,0.0,0.0,0.0,823.0,3.29
200056,Elseid Hysaj,Lazio,31.0,Right-Back,2000.0,Albania,1.82,,right,2026.0,13.0,1.69,0.0,3.0,0.0,7.0,3.0,1.0,1.0,0.0,0.0,0.0,538.0
525704,Nicolò Rovella,Lazio,23.0,Defensive Midfield,28000.0,Italy,1.79,GR Sports,right,2025.0,43.0,1.98,0.0,4.0,0.0,6.0,10.0,17.0,0.0,1.0,0.0,0.0,3.386
982855,Reda Belahyane,Lazio,20.0,Defensive Midfield,10000.0,Morocco,1.73,,right,2029.0,28.0,1.04,0.0,2.0,0.0,10.0,3.0,4.0,1.0,1.0,0.0,0.0,1.851
465830,Mattéo Guendouzi,Lazio,26.0,Central Midfield,32000.0,France,1.85,Sport Cover,right,2028.0,47.0,1.81,1.0,5.0,0.0,2.0,5.0,9.0,0.0,0.0,0.0,4.058,4.058
143812,Matías Vecino,Lazio,33.0,Central Midfield,2500.0,Uruguay,1.87,,right,2025.0,28.0,2.14,2.0,5.0,0.0,14.0,6.0,9.0,0.0,0.0,0.0,733.0,1.466
334835,Toma Bašić,Lazio,28.0,Central Midfield,1000.0,Croatia,1.9,,left,2026.0,,,,,,,,,,,,,
331401,Manuel Lazzari,Lazio,31.0,Right Midfield,4000.0,Italy,1.74,,right,2027.0,,,,,,,,,,,,,
530742,Fisayo Dele-Bashiru,Lazio,24.0,Attacking Midfield,8000.0,Nigeria,1.86,,right,2028.0,29.0,1.72,5.0,3.0,0.0,11.0,10.0,0.0,0.0,0.0,0.0,303.0,1.513
744728,Arijon Ibrahimovic,Lazio,19.0,Attacking Midfield,4000.0,Germany,1.76,,right,2025.0,9.0,2.0,2.0,0.0,0.0,5.0,1.0,2.0,0.0,0.0,0.0,175.0,350.0
834468,Cristo Muñoz,Lazio,20.0,Attacking Midfield,250.0,Spain,1.79,Wasserman,right,2027.0,,,,,,,,,,,,,
601577,André Anderson,Lazio,25.0,Attacking Midfield,200.0,Italy,1.8,,right,2025.0,,,,,,,,,,,,,
283735,Mattia Zaccagni,Lazio,29.0,Left Winger,20000.0,Italy,1.77,,right,2029.0,45.0,1.84,10.0,9.0,0.0,5.0,28.0,15.0,0.0,0.0,3.0,332.0,3.324
462823,Gustav Isaksen,Lazio,24.0,Right Winger,20000.0,Denmark,1.81,BTAM,left,2028.0,48.0,1.77,6.0,6.0,0.0,14.0,30.0,7.0,0.0,0.0,0.0,471.0,2.827
457736,Tijjani Noslin,Lazio,25.0,Right Winger,12000.0,Netherlands,1.78,,right,2029.0,,,,,,,,,,,,,
607226,Loum Tchaouna,Lazio,21.0,Right Winger,10000.0,France,1.8,BS Group - BS Law,left,2029.0,37.0,1.78,2.0,1.0,0.0,22.0,12.0,3.0,1.0,0.0,0.0,682.0,1.363
65278,Pedro,Lazio,37.0,Right Winger,1000.0,Spain,1.67,,both,2025.0,43.0,1.91,14.0,5.0,0.0,25.0,14.0,2.0,0.0,0.0,2.0,146.0,2.044
522784,Taty Castellanos,Lazio,26.0,Centre-Forward,25000.0,Argentina,1.78,,right,2028.0,39.0,2.0,14.0,8.0,0.0,5.0,15.0,8.0,0.0,1.0,2.0,214.0,2.99
626913,Boulaye Dia,Lazio,28.0,Centre-Forward,15000.0,Senegal,1.8,VV Consulting,right,2026.0,48.0,1.9,14.0,4.0,0.0,13.0,29.0,3.0,0.0,0.0,1.0,205.0,2.865
433984,Sam Beukema,Bologna,26.0,Centre-Back,25000.0,Netherlands,1.88,GFM,right,2027.0,47.0,1.68,0.0,2.0,0.0,2.0,3.0,4.0,0.0,0.0,0.0,0.0,4.019
413565,Jhon Lucumí,Bologna,26.0,Centre-Back,18000.0,Colombia,1.87,Wasserman,left,2026.0,43.0,1.67,1.0,1.0,0.0,4.0,6.0,10.0,0.0,1.0,0.0,3.446,3.446
389837,Nicolò Casale,Bologna,27.0,Centre-Back,7000.0,Italy,1.91,,right,2028.0,23.0,1.87,0.0,0.0,1.0,10.0,5.0,2.0,0.0,0.0,0.0,0.0,1.284
357003,Martin Erlić,Bologna,27.0,Centre-Back,5000.0,Croatia,1.93,GR Sports,right,2029.0,11.0,1.27,0.0,1.0,0.0,6.0,3.0,1.0,0.0,0.0,0.0,0.0,436.0
136514,Charalampos Lykogiannis,Bologna,31.0,Left-Back,1500.0,Greece,1.91,BSP FOOTBALL AGENCY,left,2025.0,24.0,1.63,0.0,7.0,0.0,6.0,8.0,5.0,0.0,0.0,0.0,0.0,1.615
496745,Emil Holm,Bologna,25.0,Right-Back,8000.0,Sweden,1.91,HCM Sports ...,right,2028.0,,,,,,,,,,,,,
262523,Davide Calabria,Bologna,28.0,Right-Back,7500.0,Italy,1.76,YOU FIRST,right,2025.0,26.0,2.15,1.0,1.0,0.0,10.0,10.0,5.0,0.0,0.0,0.0,1.419,1.419
33571,Lorenzo De Silvestri,Bologna,36.0,Right-Back,400.0,Italy,1.87,,right,2025.0,,,,,,,,,,,,,
316934,Nikola Moro,Bologna,27.0,Defensive Midfield,5000.0,Croatia,1.84,VPA SPORTS ...,right,2027.0,32.0,1.5,0.0,3.0,0.0,12.0,15.0,2.0,0.0,0.0,0.0,0.0,1.735
531065,Oussama El Azzouzi,Bologna,23.0,Defensive Midfield,2000.0,Morocco,1.89,HCM Sports ...,right,2027.0,3.0,2.0,0.0,0.0,0.0,3.0,0.0,0.0,0.0,0.0,0.0,0.0,25.0
428563,Lewis Ferguson,Bologna,25.0,Central Midfield,24000.0,Scotland,1.81,,right,2028.0,23.0,1.96,1.0,1.0,0.0,7.0,4.0,3.0,0.0,0.0,1.0,1.42,1.42
392538,Tommaso Pobega,Bologna,25.0,Central Midfield,10000.0,Italy,1.88,,left,2025.0,29.0,1.76,4.0,3.0,0.0,12.0,8.0,4.0,1.0,1.0,0.0,397.0,1.589
237658,Michel Aebischer,Bologna,28.0,Central Midfield,10000.0,Switzerland,1.83,Wasserman,right,2027.0,15.0,1.47,0.0,0.0,0.0,7.0,6.0,2.0,0.0,0.0,0.0,0.0,714.0
148252,Remo Freuler,Bologna,33.0,Central Midfield,6500.0,Switzerland,1.8,ESHA,right,2026.0,,,,,,,,,,,,,
464446,Andri Fannar Baldursson,Bologna,23.0,Central Midfield,900.0,Iceland,1.87,CAA Stellar,right,2025.0,8.0,1.75,1.0,1.0,0.0,3.0,1.0,4.0,0.0,0.0,0.0,470.0,470.0
633668,Giovanni Fabbian,Bologna,22.0,Attacking Midfield,13000.0,Italy,1.86,,right,2028.0,,,,,,,,,,,,,
345590,Jens Odgaard,Bologna,26.0,Attacking Midfield,12000.0,Denmark,1.88,Nine Group,left,2027.0,37.0,1.86,6.0,5.0,0.0,11.0,22.0,2.0,0.0,0.0,0.0,370.0,2.221
961022,Benja Domínguez,Bologna,21.0,Left Winger,15000.0,Argentina,1.72,,right,2029.0,,,,,,,,,,,,,
459151,Nicolò Cambiaghi,Bologna,24.0,Left Winger,7000.0,Italy,1.73,,right,2029.0,19.0,1.84,1.0,4.0,0.0,14.0,4.0,0.0,0.0,0.0,0.0,664.0,664.0
913539,Estanis Pedrola,Bologna,21.0,Left Winger,1800.0,Spain,1.85,Dupla Piqué & ...,right,2025.0,12.0,0.83,0.0,0.0,0.0,9.0,3.0,0.0,0.0,0.0,0.0,0.0,369.0
365108,Dan Ndoye,Bologna,24.0,Right Winger,25000.0,Switzerland,1.84,Binary Sports Group,right,2027.0,40.0,1.68,9.0,6.0,0.0,5.0,18.0,5.0,0.0,0.0,2.0,326.0,2.932
368482,Riccardo Orsolini,Bologna,28.0,Right Winger,20000.0,Italy,1.83,,left,2027.0,39.0,1.54,16.0,5.0,0.0,8.0,25.0,3.0,0.0,0.0,3.0,147.0,2.349
849520,Santiago Castro,Bologna,20.0,Centre-Forward,35000.0,Argentina,1.79,,right,2028.0,45.0,1.62,10.0,8.0,1.0,13.0,21.0,10.0,0.0,0.0,0.0,276.0,2.764
538964,Thijs Dallinga,Bologna,24.0,Centre-Forward,12000.0,Netherlands,1.9,AESIR,right,2028.0,43.0,1.63,7.0,3.0,0.0,25.0,12.0,1.0,0.0,0.0,0.0,260.0,1.823
746712,Pietro Comuzzo,Fiorentina,20.0,Centre-Back,25000.0,Italy,1.85,,right,2029.0,43.0,1.79,0.0,0.0,0.0,11.0,7.0,6.0,1.0,0.0,0.0,0.0,2.973
346561,Luca Ranieri,Fiorentina,26.0,Centre-Back,12000.0,Italy,1.87,,left,2028.0,,,,,,,,,,,,,
282144,Marin Pongračić,Fiorentina,27.0,Centre-Back,10000.0,Croatia,1.93,LIAN Sports Group,right,2029.0,28.0,1.82,0.0,1.0,1.0,5.0,9.0,6.0,1.0,0.0,0.0,0.0,2.1
1144700,Matías Moreno,Fiorentina,21.0,Centre-Back,4000.0,Argentina,1.93,,right,2029.0,12.0,1.75,0.0,0.0,0.0,5.0,5.0,3.0,0.0,0.0,0.0,0.0,545.0
210178,Pablo Marí,Fiorentina,31.0,Centre-Back,3500.0,Spain,1.93,AC Talent,left,2027.0,,,,,,,,,,,,,
273132,Robin Gosens,Fiorentina,30.0,Left-Back,8000.0,Germany,1.83,MVP United,left,2028.0,42.0,1.62,8.0,9.0,0.0,7.0,12.0,8.0,0.0,0.0,0.0,389.0,3.109
547985,Fabiano Parisi,Fiorentina,24.0,Left-Back,5000.0,Italy,1.78,,left,2028.0,40.0,1.45,2.0,2.0,0.0,21.0,11.0,5.0,0.0,0.0,0.0,961.0,1.922
401529,Dodô,Fiorentina,26.0,Right-Back,22000.0,Brazil,1.66,Bertolucci Sports,right,2027.0,45.0,1.71,0.0,6.0,0.0,4.0,8.0,12.0,0.0,0.0,0.0,0.0,3.762
395236,Yacine Adli,Fiorentina,24.0,Defensive Midfield,15000.0,France,1.86,,right,2025.0,35.0,1.71,5.0,7.0,0.0,15.0,16.0,2.0,1.0,0.0,0.0,325.0,1.626
308279,Rolando Mandragora,Fiorentina,27.0,Defensive Midfield,10000.0,Italy,1.83,,left,2026.0,,,,,,,,,,,,,
199733,Danilo Cataldi,Fiorentina,30.0,Defensive Midfield,4000.0,Italy,1.8,GR Sports,right,2025.0,33.0,1.64,3.0,0.0,0.0,6.0,18.0,2.0,0.0,0.0,0.0,683.0,2.049
432090,Nicolò Fagioli,Fiorentina,24.0,Central Midfield,18000.0,Italy,1.78,CAA Stellar,right,2025.0,,,,,,,,,,,,,
893675,Amir Richardson,Fiorentina,23.0,Central Midfield,9000.0,Morocco,1.97,,left,2029.0,38.0,1.66,2.0,0.0,0.0,23.0,12.0,6.0,0.0,0.0,0.0,849.0,1.697
377042,Michael Folorunsho,Fiorentina,27.0,Central Midfield,7000.0,Italy,1.9,,right,2025.0,26.0,1.62,0.0,1.0,0.0,17.0,5.0,8.0,0.0,0.0,0.0,0.0,998.0
562049,Edoardo Bove,Fiorentina,23.0,Central Midfield,5000.0,Italy,1.81,,right,2025.0,15.0,2.33,1.0,4.0,0.0,3.0,7.0,3.0,0.0,0.0,0.0,973.0,973.0
651005,Cher Ndour,Fiorentina,20.0,Central Midfield,5000.0,Italy,1.9,AS1,both,2029.0,30.0,1.47,1.0,2.0,0.0,14.0,7.0,4.0,0.0,0.0,0.0,1.611,1.611
628366,Lucas Beltrán,Fiorentina,24.0,Attacking Midfield,18000.0,Argentina,1.76,,right,2028.0,,,,,,,,,,,,,
392085,Nicolò Zaniolo,Fiorentina,25.0,Attacking Midfield,16000.0,Italy,1.9,,left,2025.0,36.0,1.81,3.0,3.0,0.0,30.0,7.0,9.0,0.0,1.0,0.0,342.0,1.026
392959,Andrea Colpani,Fiorentina,26.0,Attacking Midfield,12000.0,Italy,1.84,,left,2025.0,31.0,1.55,2.0,3.0,0.0,12.0,18.0,1.0,0.0,0.0,0.0,803.0,1.606
305947,Albert Gudmundsson,Fiorentina,27.0,Second Striker,23000.0,Iceland,1.77,GG11,right,2025.0,32.0,1.56,8.0,3.0,0.0,11.0,19.0,2.0,0.0,0.0,3.0,217.0,1.737
364135,Moise Kean,Fiorentina,25.0,Centre-Forward,40000.0,Italy,1.83,,right,2029.0,,,,,,,,,,,,,
588426,Saúl Coco,Torino,26.0,Centre-Back,12000.0,Equatorial Guinea,1.87,AS1,right,2028.0,34.0,1.21,2.0,0.0,1.0,0.0,4.0,11.0,0.0,0.0,0.0,1.513,3.025
418543,Perr Schuurs,Torino,25.0,Centre-Back,10000.0,Netherlands,1.91,Muy Manero,right,2026.0,,,,,,2.0,,,,,,,
345458,Sebastian Walukiewicz,Torino,25.0,Centre-Back,5000.0,Poland,1.88,,right,2027.0,,,,,,,,,,,,,
249730,Guillermo Maripán,Torino,31.0,Centre-Back,4000.0,Chile,1.93,,right,2026.0,28.0,1.11,1.0,1.0,0.0,1.0,1.0,3.0,0.0,1.0,0.0,2.341,2.341
286949,Adam Masina,Torino,31.0,Centre-Back,1500.0,Morocco,1.91,,left,2026.0,28.0,1.21,1.0,3.0,0.0,8.0,5.0,5.0,0.0,0.0,0.0,1.933,1.933
124555,Cristiano Biraghi,Torino,32.0,Left-Back,2000.0,Italy,1.85,,left,2025.0,27.0,1.63,1.0,1.0,1.0,6.0,6.0,2.0,0.0,0.0,0.0,1.87,1.87
467992,Samuele Ricci,Torino,23.0,Defensive Midfield,30000.0,Italy,1.81,,right,2028.0,35.0,1.31,1.0,2.0,0.0,1.0,13.0,9.0,0.0,1.0,0.0,2.887,2.887
157507,Adrien Tamèze,Torino,31.0,Defensive Midfield,3500.0,France,1.82,P&P Sport ...,right,2026.0,22.0,1.45,0.0,0.0,0.0,12.0,10.0,3.0,0.0,0.0,0.0,0.0,730.0
470794,Ivan Ilić,Torino,24.0,Central Midfield,18000.0,Serbia,1.86,,left,2027.0,20.0,0.95,1.0,1.0,0.0,10.0,6.0,4.0,0.0,0.0,0.0,998.0,998.0
622380,Cesare Casadei,Torino,22.0,Central Midfield,15000.0,Italy,1.92,EPIC SPORTS ITALY,right,2029.0,20.0,1.75,1.0,1.0,0.0,4.0,8.0,1.0,1.0,0.0,0.0,1.389,1.389
798929,Gvidas Gineitis,Torino,21.0,Central Midfield,5000.0,Lithuania,1.91,,left,2028.0,30.0,1.17,3.0,1.0,0.0,14.0,11.0,5.0,0.0,0.0,0.0,479.0,1.437
743091,Emirhan İlkhan,Torino,20.0,Central Midfield,2500.0,Türkiye,1.75,FutureBall,right,2026.0,,,,,,,,,,,,,
225873,Karol Linetty,Torino,30.0,Central Midfield,2500.0,Poland,1.75,Fabryka Futbolu,right,2025.0,29.0,1.31,1.0,1.0,0.0,9.0,12.0,7.0,0.0,0.0,0.0,1.682,1.682
583404,Marcus Pedersen,Torino,24.0,Right Midfield,3500.0,Norway,1.84,Players First,right,2027.0,,,,,,,,,,,,,
1004344,Ali Dembélé,Torino,21.0,Right Midfield,800.0,France,1.89,,right,2026.0,,,,,,,,,,,,,
293194,Borna Sosa,Torino,27.0,Left Midfield,6000.0,Croatia,1.87,SEG,left,2025.0,,,,,,,,,,,,,
186368,Valentino Lazaro,Torino,29.0,Left Midfield,4500.0,Austria,1.81,Unique Sports Group,right,2025.0,,,,,,,,,,,,,
400489,Eljif Elmas,Torino,25.0,Attacking Midfield,14000.0,North Macedonia,1.84,,right,2025.0,,,,,,,,,,,,,
293200,Nikola Vlašić,Torino,27.0,Attacking Midfield,8000.0,Croatia,1.79,,right,2027.0,29.0,1.0,5.0,4.0,0.0,7.0,11.0,0.0,0.0,0.0,2.0,406.0,2.032
934527,Alieu Njie,Torino,20.0,Left Winger,2500.0,Sweden,1.85,VMC Group AB,right,2027.0,18.0,1.0,1.0,0.0,0.0,17.0,0.0,2.0,0.0,0.0,0.0,500.0,500.0
324804,Yann Karamoh,Torino,26.0,Left Winger,2200.0,France,1.84,,right,2025.0,31.0,1.16,0.0,2.0,0.0,20.0,11.0,2.0,0.0,0.0,0.0,0.0,1.108
928900,Zanos Savva,Torino,19.0,Right Winger,1000.0,Cyprus,1.91,Mylogram Ltd,left,2026.0,,,,,,2.0,,,,,,,
346779,Ché Adams,Torino,28.0,Centre-Forward,15000.0,Scotland,1.79,Unique Sports Group,right,2027.0,37.0,1.19,10.0,4.0,0.0,7.0,10.0,2.0,0.0,0.0,0.0,268.0,2.683
234523,Antonio Sanabria,Torino,29.0,Centre-Forward,4000.0,Paraguay,1.8,GG11,right,2026.0,27.0,1.19,2.0,1.0,0.0,10.0,11.0,2.0,0.0,0.0,0.0,692.0,1.384
73794,Duván Zapata,Torino,34.0,Centre-Forward,4000.0,Colombia,1.88,,right,2027.0,,,,,,,,,,,,,
980576,Amine Salama,Torino,24.0,Centre-Forward,1800.0,France,1.92,,right,2025.0,19.0,1.47,0.0,0.0,0.0,16.0,3.0,0.0,0.0,0.0,0.0,0.0,459.0
385394,Alberto Dossena,Como,26.0,Centre-Back,7000.0,Italy,1.95,P&P Sport ...,right,2028.0,23.0,0.91,0.0,2.0,0.0,3.0,6.0,0.0,0.0,1.0,0.0,0.0,1.831
160938,Marc Oliver Kempf,Como,30.0,Centre-Back,2500.0,Germany,1.86,Dirk Hebel,left,2027.0,35.0,1.54,0.0,0.0,0.0,1.0,4.0,5.0,1.0,0.0,0.0,0.0,2.922
242940,Edoardo Goldaniga,Como,31.0,Centre-Back,2000.0,Italy,1.93,GR Sports,right,2026.0,,,,,,,,,,,,,
1004723,Fellipe Jack,Como,19.0,Centre-Back,1400.0,Italy,1.87,SPORT AGENCY LTDA,left,2025.0,18.0,1.94,3.0,1.0,0.0,6.0,5.0,5.0,0.0,0.0,0.0,352.0,1.056
709957,Álex Valle,Como,21.0,Left-Back,4500.0,Spain,1.78,Dupla Piqué & ...,left,2025.0,33.0,2.03,0.0,5.0,0.0,12.0,12.0,3.0,0.0,0.0,0.0,0.0,1.959
207917,Alberto Moreno,Como,32.0,Left-Back,1800.0,Spain,1.71,,left,2025.0,,,,,,,,,,,,,
490423,Ignace Van der Brempt,Como,23.0,Right-Back,4000.0,Belgium,1.87,YOU FIRST,right,2028.0,23.0,1.61,0.0,2.0,0.0,8.0,7.0,4.0,0.0,0.0,0.0,0.0,1.409
336125,Mërgim Vojvoda,Como,30.0,Right-Back,3000.0,Kosovo,1.87,,right,2028.0,28.0,1.5,1.0,2.0,0.0,8.0,10.0,6.0,0.0,0.0,0.0,1.826,1.826
571271,Ivan Smolcic,Como,24.0,Right-Back,2000.0,Croatia,1.81,Niagara Sports ...,right,2029.0,32.0,1.72,1.0,2.0,0.0,5.0,4.0,7.0,0.0,0.0,0.0,2.467,2.467
668547,Máximo Perrone,Como,22.0,Defensive Midfield,9000.0,Argentina,1.77,DCGLOBALSL,left,2025.0,,,,,,,,,,,,,
405670,Yannik Engelhardt,Como,24.0,Defensive Midfield,7000.0,Germany,1.84,Unique Sports Group,right,2027.0,25.0,1.52,1.0,1.0,0.0,14.0,4.0,4.0,0.0,0.0,0.0,1.116,1.116
395237,Maxence Caqueret,Como,25.0,Central Midfield,15000.0,France,1.74,,right,2029.0,,,,,,,,,,,,,
495667,Lucas Da Cunha,Como,23.0,Central Midfield,7000.0,France,1.74,,left,2029.0,36.0,1.28,3.0,2.0,0.0,6.0,16.0,5.0,0.0,0.0,0.0,875.0,2.625
85370,Sergi Roberto,Como,33.0,Central Midfield,2000.0,Spain,1.78,,right,2026.0,13.0,1.46,0.0,1.0,0.0,5.0,6.0,4.0,0.0,0.0,0.0,0.0,696.0
488052,Matthias Braunöder,Como,23.0,Central Midfield,1600.0,Austria,1.74,CN Sports,right,2027.0,9.0,0.67,0.0,0.0,0.0,5.0,1.0,1.0,1.0,0.0,0.0,0.0,355.0
330472,Alessio Iovine,Como,34.0,Right Midfield,400.0,Italy,1.74,,right,,10.0,0.8,0.0,0.0,0.0,6.0,1.0,2.0,1.0,0.0,0.0,0.0,463.0
948294,Nico Paz,Como,20.0,Attacking Midfield,35000.0,Argentina,1.86,DCGLOBALSL,left,2028.0,34.0,1.41,6.0,9.0,0.0,5.0,12.0,6.0,0.0,0.0,0.0,436.0,2.614
207929,Dele Alli,Como,29.0,Attacking Midfield,3500.0,England,1.88,,right,2026.0,1.0,,0.0,0.0,0.0,1.0,0.0,0.0,0.0,1.0,0.0,0.0,9.0
957295,Naj Razi,Como,18.0,Attacking Midfield,300.0,Ireland,1.75,,both,2026.0,,,,,,,,,,,,,
749552,Alieu Fadera,Como,23.0,Left Winger,5000.0,The Gambia,1.82,,right,2028.0,30.0,1.27,1.0,4.0,0.0,8.0,13.0,2.0,0.0,1.0,0.0,1.829,1.829
1061282,Assane Diao,Como,19.0,Right Winger,25000.0,Senegal,1.85,,right,2029.0,,,,,,,,,,,,,
324690,Jonathan Ikoné,Como,27.0,Right Winger,8000.0,France,1.75,,left,2025.0,35.0,1.71,6.0,1.0,0.0,22.0,9.0,2.0,0.0,0.0,0.0,245.0,1.469
457673,Gabriel Strefezza,Como,28.0,Right Winger,6000.0,Brazil,1.68,,right,2027.0,37.0,1.32,6.0,5.0,0.0,5.0,23.0,4.0,0.0,0.0,0.0,439.0,2.635
523318,Anastasios Douvikas,Como,25.0,Centre-Forward,8000.0,Greece,1.86,Prosport ...,right,2029.0,33.0,1.58,7.0,3.0,0.0,21.0,9.0,3.0,0.0,0.0,0.0,187.0,1.307
265078,Patrick Cutrone,Como,27.0,Centre-Forward,7000.0,Italy,1.83,P&P Sport ...,right,2028.0,33.0,1.09,8.0,5.0,0.0,9.0,19.0,1.0,0.0,0.0,0.0,262.0,2.097
633306,Iván Azón,Como,22.0,Centre-Forward,3000.0,Spain,1.82,,right,2029.0,25.0,1.44,8.0,2.0,0.0,10.0,9.0,2.0,0.0,0.0,0.0,185.0,1.482
311333,Alessandro Gabrielloni,Como,30.0,Centre-Forward,1000.0,Italy,1.78,,right,2027.0,16.0,1.06,1.0,1.0,0.0,16.0,0.0,1.0,0.0,0.0,0.0,158.0,158.0
490384,Koni De Winter,Genoa,22.0,Centre-Back,18000.0,Belgium,1.91,,right,2028.0,25.0,1.2,3.0,0.0,0.0,2.0,0.0,7.0,0.0,0.0,0.0,711.0,2.133
532937,Johan Vásquez,Genoa,26.0,Centre-Back,12000.0,Mexico,1.85,VS Sinergia,left,2027.0,37.0,1.05,3.0,0.0,0.0,2.0,2.0,10.0,0.0,0.0,0.0,1.044,3.131
861981,Alan Matturro,Genoa,20.0,Centre-Back,8000.0,Uruguay,1.89,AIS Football,left,2026.0,14.0,1.07,0.0,0.0,0.0,5.0,0.0,2.0,0.0,0.0,0.0,0.0,931.0
176139,Mattia Bani,Genoa,31.0,Centre-Back,2000.0,Italy,1.88,,right,2026.0,21.0,1.19,0.0,0.0,0.0,1.0,5.0,4.0,0.0,0.0,0.0,0.0,1.628
890385,Sebastian Otoa,Genoa,21.0,Centre-Back,2000.0,Denmark,1.98,People In Sport,right,2028.0,13.0,0.85,0.0,1.0,0.0,2.0,5.0,0.0,0.0,1.0,0.0,0.0,856.0
251878,Aarón Martín,Genoa,28.0,Left-Back,6500.0,Spain,1.78,,left,2026.0,37.0,1.16,0.0,7.0,0.0,1.0,6.0,5.0,0.0,0.0,0.0,0.0,3.143
1077175,Honest Ahanor,Genoa,17.0,Left-Back,3000.0,Italy,1.84,Is known - player U18,left,2027.0,9.0,0.78,1.0,1.0,0.0,3.0,4.0,1.0,0.0,0.0,0.0,510.0,510.0
397225,Alessandro Zanoli,Genoa,24.0,Right-Back,6000.0,Italy,1.88,,right,2025.0,,,,,,,,,,,,,
728733,Brooke Norton-Cuffy,Genoa,21.0,Right-Back,3500.0,England,1.81,Roc Nation Sports,right,2029.0,13.0,0.77,0.0,0.0,0.0,6.0,5.0,0.0,0.0,0.0,0.0,0.0,639.0
167491,Stefano Sabelli,Genoa,32.0,Right-Back,1500.0,Italy,1.76,,right,2026.0,35.0,1.09,0.0,2.0,0.0,10.0,15.0,3.0,0.0,0.0,0.0,0.0,2.147
656441,Jean Onana,Genoa,25.0,Defensive Midfield,3000.0,Cameroon,1.89,Rafaela Pimenta,right,2025.0,14.0,1.71,0.0,0.0,0.0,12.0,2.0,2.0,0.0,0.0,0.0,0.0,371.0
1083164,Lior Kassa,Genoa,19.0,Defensive Midfield,1500.0,Israel,1.85,,right,2025.0,17.0,1.41,0.0,2.0,0.0,6.0,8.0,6.0,0.0,0.0,0.0,0.0,939.0
40633,Milan Badelj,Genoa,36.0,Defensive Midfield,800.0,Croatia,1.86,,right,2025.0,25.0,1.12,1.0,1.0,0.0,2.0,19.0,4.0,0.0,0.0,0.0,1.628,1.628
503871,Morten Frendrup,Genoa,24.0,Central Midfield,20000.0,Denmark,1.78,BTAM,right,2028.0,,,,,,,,,,,,,
571607,Fabio Miretti,Genoa,21.0,Central Midfield,14000.0,Italy,1.8,,right,2025.0,,,,,,,,,,,,,
459665,Patrizio Masini,Genoa,24.0,Central Midfield,3500.0,Italy,1.82,,right,2028.0,25.0,1.28,1.0,0.0,0.0,10.0,5.0,3.0,0.0,0.0,0.0,1.443,1.443
226524,Morten Thorsby,Genoa,29.0,Central Midfield,3000.0,Norway,1.88,,right,2026.0,32.0,1.06,0.0,1.0,1.0,8.0,14.0,6.0,0.0,0.0,0.0,0.0,2.083
207877,Ruslan Malinovskyi,Genoa,32.0,Attacking Midfield,3500.0,Ukraine,1.81,ProStar,left,2027.0,,,,,,,,,,,,,
906315,Hugo Cuenca,Genoa,20.0,Attacking Midfield,300.0,Paraguay,1.83,,left,,,,,,,,,,,,,,
234781,Maxwel Cornet,Genoa,28.0,Left Winger,8000.0,Cote d'Ivoire,1.79,Unique Sports Group,left,2025.0,,,,,,,,,,,,,
449151,Junior Messias,Genoa,34.0,Right Winger,2000.0,Brazil,1.74,GG11,left,2025.0,17.0,1.24,2.0,1.0,0.0,9.0,6.0,1.0,0.0,0.0,0.0,422.0,844.0
315865,Andrea Pinamonti,Genoa,26.0,Centre-Forward,16000.0,Italy,1.85,Team Raiola,right,2025.0,37.0,1.05,11.0,1.0,0.0,3.0,14.0,4.0,0.0,0.0,0.0,267.0,2.94
586853,Vitinha,Genoa,25.0,Centre-Forward,10000.0,Portugal,1.78,,right,2028.0,26.0,1.04,1.0,2.0,0.0,9.0,14.0,3.0,0.0,0.0,0.0,1.421,1.421
934878,Jeff Ekhator,Genoa,18.0,Centre-Forward,5000.0,Italy,1.88,GG11,right,2029.0,25.0,1.0,1.0,1.0,0.0,18.0,6.0,1.0,0.0,0.0,0.0,827.0,827.0
199953,Caleb Ekuban,Genoa,31.0,Centre-Forward,1500.0,Ghana,1.82,,right,2026.0,,,,,,,,,,,,,
45146,Mario Balotelli,Genoa,34.0,Centre-Forward,500.0,Italy,1.89,Team Raiola,right,2025.0,6.0,1.5,0.0,0.0,0.0,6.0,0.0,2.0,0.0,0.0,0.0,0.0,56.0
371851,Jaka Bijol,Udinese,26.0,Centre-Back,18000.0,Slovenia,1.9,SEG,right,2027.0,36.0,1.28,2.0,2.0,1.0,0.0,2.0,12.0,0.0,0.0,0.0,1.575,3.15
463665,Oumar Solet,Udinese,25.0,Centre-Back,14000.0,France,1.92,Unique Sports Group,right,2027.0,18.0,1.11,1.0,1.0,0.0,0.0,1.0,1.0,1.0,0.0,0.0,1.584,1.584
708678,Isaak Touré,Udinese,22.0,Centre-Back,8000.0,France,2.06,ND SPORTS MANAGEMENT,left,2025.0,,,,,,,,,,,,,
698259,Thomas Kristensen,Udinese,23.0,Centre-Back,6000.0,Denmark,1.98,,right,2028.0,24.0,1.21,1.0,0.0,0.0,5.0,3.0,5.0,0.0,0.0,0.0,1.753,1.753
225963,Lautaro Giannetti,Udinese,31.0,Centre-Back,2500.0,Argentina,1.85,,right,2026.0,16.0,1.5,1.0,0.0,2.0,4.0,6.0,4.0,0.0,0.0,0.0,968.0,968.0
1058354,Matteo Palma,Udinese,17.0,Centre-Back,1000.0,Germany,1.94,,right,2027.0,,,,,,,,,,,,,
81512,Christian Kabasele,Udinese,34.0,Centre-Back,1000.0,Belgium,1.87,,right,2025.0,17.0,1.35,1.0,0.0,0.0,5.0,6.0,0.0,0.0,0.0,0.0,1.171,1.171
633530,Jordan Zemura,Udinese,25.0,Left-Back,5000.0,Zimbabwe,1.73,,left,2027.0,24.0,1.04,1.0,2.0,0.0,11.0,4.0,2.0,0.0,0.0,0.0,1.426,1.426
290017,Hassane Kamara,Udinese,31.0,Left-Back,3500.0,Cote d'Ivoire,1.7,,left,2026.0,32.0,1.19,1.0,4.0,0.0,5.0,12.0,6.0,1.0,0.0,0.0,2.187,2.187
272812,Kingsley Ehizibue,Udinese,29.0,Right-Back,3000.0,Netherlands,1.89,,right,2026.0,,,,,,,,,,,,,
268429,Sandi Lovrić,Udinese,27.0,Central Midfield,8000.0,Slovenia,1.8,Universal Twenty Two,right,2027.0,,,,,,,,,,,,,
361068,Jurgen Ekkelenkamp,Udinese,25.0,Central Midfield,7500.0,Netherlands,1.88,,right,2029.0,,,,,,,,,,,,,
555820,Martín Payero,Udinese,26.0,Central Midfield,6000.0,Argentina,1.82,Hernan Berman,right,2027.0,27.0,1.22,1.0,2.0,0.0,9.0,14.0,5.0,0.0,0.0,0.0,1.491,1.491
855308,Arthur Atta,Udinese,22.0,Central Midfield,2500.0,France,1.89,Carmenta,right,2025.0,30.0,1.27,0.0,0.0,0.0,18.0,8.0,6.0,0.0,0.0,0.0,0.0,1.32
524010,Oier Zarraga,Udinese,26.0,Central Midfield,2000.0,Spain,1.75,,right,2027.0,,,,,,,,,,,,,
671799,Rui Modesto,Udinese,25.0,Right Midfield,1800.0,Angola,1.81,,right,2029.0,23.0,1.09,0.0,2.0,0.0,16.0,4.0,1.0,0.0,0.0,0.0,0.0,820.0
876400,Simone Pafundi,Udinese,19.0,Attacking Midfield,6000.0,Italy,1.66,GR Sports,left,2026.0,,,,,,,,,,,,,
184892,Florian Thauvin,Udinese,32.0,Second Striker,5000.0,France,1.81,Sport Cover,left,2025.0,,,,,,,,,,,,,
572265,Lorenzo Lucca,Udinese,24.0,Centre-Forward,22000.0,Italy,2.01,GR Sports,right,2028.0,,,,,,,,,,,,,
412366,Brenner,Udinese,25.0,Centre-Forward,4500.0,Brazil,1.75,Bertolucci Sports,"
                    Attack - Centre-Forward                ",2028.0,11.0,1.55,2.0,2.0,0.0,5.0,5.0,1.0,0.0,0.0,0.0,240.0,480.0
412660,Keinan Davis,Udinese,27.0,Centre-Forward,4000.0,England,1.89,Tier One,left,2027.0,24.0,1.29,3.0,1.0,0.0,14.0,6.0,3.0,0.0,0.0,0.0,364.0,1.093
950593,Damián Pizarro,Udinese,20.0,Centre-Forward,4000.0,Chile,1.87,Vibra Futbol,right,2029.0,7.0,0.57,0.0,1.0,0.0,3.0,3.0,0.0,0.0,0.0,0.0,0.0,305.0
741292,Iker Bravo,Udinese,20.0,Centre-Forward,2500.0,Spain,1.82,YOU FIRST,right,2028.0,30.0,1.23,2.0,1.0,0.0,25.0,4.0,3.0,0.0,0.0,0.0,392.0,784.0
40433,Alexis Sánchez,Udinese,36.0,Centre-Forward,2000.0,Chile,1.69,Vibra Futbol,right,2026.0,13.0,1.15,0.0,0.0,0.0,7.0,6.0,0.0,0.0,0.0,0.0,0.0,427.0
867137,Alessandro Circati,Parma,21.0,Centre-Back,8500.0,Australia,1.9,,right,2029.0,6.0,0.83,0.0,0.0,0.0,1.0,0.0,1.0,0.0,0.0,0.0,0.0,495.0
1086619,Giovanni Leoni,Parma,18.0,Centre-Back,6000.0,Italy,1.96,Excellence Sport,right,2029.0,17.0,0.88,1.0,0.0,0.0,3.0,7.0,3.0,0.0,1.0,0.0,1.205,1.205
543727,Botond Balogh,Parma,22.0,Centre-Back,2500.0,Hungary,1.89,,right,2027.0,29.0,0.9,0.0,1.0,0.0,6.0,6.0,4.0,0.0,0.0,0.0,0.0,2.053
330208,Alessandro Vogliacco,Parma,26.0,Centre-Back,2000.0,Italy,1.86,,right,2025.0,24.0,1.04,2.0,0.0,1.0,4.0,6.0,5.0,0.0,0.0,0.0,834.0,1.668
358165,Yordan Osorio,Parma,31.0,Centre-Back,1700.0,Venezuela,1.89,,right,2025.0,4.0,0.25,0.0,0.0,0.0,1.0,2.0,0.0,0.0,0.0,0.0,0.0,217.0
625202,Lautaro Valenti,Parma,26.0,Centre-Back,1500.0,Argentina,1.88,,left,2027.0,19.0,0.89,1.0,0.0,0.0,2.0,2.0,4.0,1.0,0.0,0.0,1.467,1.467
661212,Mathias Løvik,Parma,21.0,Left-Back,5000.0,Norway,1.83,Solbakken / Player ...,"
                            Jan 8, 2025                        ",2029.0,17.0,0.88,0.0,1.0,0.0,7.0,1.0,1.0,0.0,0.0,0.0,0.0,1.008
445126,Emanuele Valeri,Parma,26.0,Left-Back,3000.0,Italy,1.8,,left,2027.0,35.0,0.89,2.0,6.0,0.0,1.0,8.0,1.0,0.0,0.0,1.0,1.451,2.901
392956,Enrico Delprato,Parma,25.0,Right-Back,6000.0,Italy,1.83,,right,2027.0,34.0,0.85,4.0,0.0,0.0,3.0,1.0,8.0,0.0,0.0,0.0,720.0,2.879
917375,Antoine Hainaut,Parma,23.0,Right-Back,1000.0,France,1.87,,right,2026.0,24.0,0.88,1.0,0.0,0.0,14.0,5.0,3.0,0.0,0.0,0.0,1.153,1.153
707844,Mandela Keita,Parma,23.0,Defensive Midfield,11000.0,Belgium,1.8,,right,2029.0,34.0,1.0,0.0,2.0,0.0,9.0,11.0,4.0,1.0,0.0,0.0,0.0,2.055
552472,Nahuel Estévez,Parma,29.0,Defensive Midfield,3500.0,Argentina,1.81,,right,2026.0,14.0,1.36,0.0,0.0,0.0,6.0,8.0,3.0,0.0,0.0,0.0,0.0,737.0
466802,Adrián Bernabé,Parma,23.0,Central Midfield,15000.0,Spain,1.74,,left,2027.0,20.0,1.0,1.0,0.0,0.0,2.0,10.0,1.0,0.0,0.0,0.0,1.379,1.379
507486,Simon Sohm,Parma,24.0,Central Midfield,5000.0,Switzerland,1.88,Wasserman,right,2027.0,37.0,0.86,4.0,0.0,0.0,1.0,11.0,7.0,0.0,0.0,0.0,753.0,3.012
181768,Hernani,Parma,31.0,Central Midfield,2000.0,Brazil,1.88,GG11,both,2026.0,24.0,0.79,3.0,3.0,0.0,10.0,12.0,7.0,0.0,0.0,3.0,428.0,1.284
614742,Drissa Camara,Parma,23.0,Central Midfield,1800.0,Cote d'Ivoire,1.79,GR Sports,right,2025.0,22.0,0.77,0.0,1.0,0.0,21.0,1.0,3.0,0.0,0.0,0.0,0.0,455.0
663237,Jacob Ondrejka,Parma,22.0,Left Winger,7000.0,Sweden,1.79,,right,2029.0,37.0,1.38,10.0,5.0,0.0,15.0,17.0,2.0,0.0,0.0,0.0,208.0,2.08
454386,Adrian Benedyczak,Parma,24.0,Left Winger,4500.0,Poland,1.91,Fabryka Futbolu,both,2028.0,9.0,1.11,0.0,0.0,0.0,7.0,2.0,0.0,0.0,0.0,0.0,0.0,207.0
535469,Valentin Mihăilă,Parma,25.0,Left Winger,3000.0,Romania,1.8,,right,2027.0,,,,,,,,,,,,,
397486,Dennis Man,Parma,26.0,Right Winger,12500.0,Romania,1.83,,left,2027.0,34.0,0.91,4.0,5.0,0.0,10.0,15.0,0.0,0.0,0.0,0.0,520.0,2.08
550106,Matteo Cancellieri,Parma,23.0,Right Winger,5000.0,Italy,1.85,,left,2025.0,26.0,0.92,3.0,0.0,0.0,7.0,17.0,2.0,0.0,1.0,0.0,476.0,1.428
300532,Pontus Almqvist,Parma,25.0,Right Winger,2500.0,Sweden,1.83,A.M.A. Sports Agency,left,2027.0,29.0,0.79,1.0,1.0,0.0,19.0,10.0,5.0,0.0,0.0,0.0,1.106,1.106
883122,Anas Haj Mohamed,Parma,20.0,Right Winger,1800.0,Tunisia,1.74,,right,2026.0,15.0,0.53,1.0,1.0,0.0,12.0,5.0,4.0,0.0,0.0,0.0,443.0,443.0
902573,Mateusz Kowalski,Parma,19.0,Second Striker,300.0,Poland,1.97,SSM Agency,right,2028.0,2.0,,0.0,0.0,0.0,1.0,1.0,0.0,0.0,0.0,0.0,0.0,66.0
827734,Ange-Yoan Bonny,Parma,21.0,Centre-Forward,20000.0,France,1.89,P&P Sport ...,right,2027.0,37.0,0.89,6.0,3.0,0.0,7.0,23.0,2.0,0.0,0.0,2.0,419.0,2.516
856530,Mateo Pellegrino,Parma,23.0,Centre-Forward,3500.0,Argentina,1.92,,left,2029.0,,,,,,,,,,,,,
660342,Gabriel Charpentier,Parma,26.0,Centre-Forward,1600.0,Congo,1.88,,right,2026.0,,,,,,,,,,,,,
67556,Milan Djuric,Parma,35.0,Centre-Forward,1500.0,Bosnia-Herzegovina,1.99,,right,2026.0,,,,,,,,,,,,,
906160,Saba Goglichidze,FC Empoli,20.0,Centre-Back,8000.0,Georgia,1.92,,right,2027.0,35.0,0.69,0.0,1.0,0.0,7.0,10.0,4.0,0.0,1.0,0.0,0.0,2.583
493702,Mattia Viti,FC Empoli,23.0,Centre-Back,6500.0,Italy,1.9,,left,2025.0,32.0,1.22,1.0,0.0,0.0,2.0,5.0,3.0,0.0,0.0,0.0,2.619,2.619
435228,Ardian Ismajli,FC Empoli,28.0,Centre-Back,6000.0,Albania,1.87,,right,2025.0,30.0,1.1,0.0,0.0,0.0,0.0,4.0,2.0,0.0,0.0,0.0,0.0,2.528
814446,Luca Marianucci,FC Empoli,20.0,Centre-Back,5000.0,Italy,1.86,,right,,24.0,1.21,0.0,2.0,0.0,6.0,4.0,2.0,0.0,1.0,0.0,0.0,1.532
655456,Saba Sazonov,FC Empoli,23.0,Centre-Back,2500.0,Georgia,1.94,,right,2025.0,1.0,1.0,0.0,0.0,0.0,1.0,0.0,0.0,0.0,0.0,0.0,0.0,2.0
469211,Liberato Cacace,FC Empoli,24.0,Left-Back,3000.0,New Zealand,1.83,P&P Sport ...,left,2026.0,38.0,1.05,2.0,5.0,0.0,9.0,9.0,6.0,0.0,0.0,0.0,1.328,2.656
336960,Giuseppe Pezzella,FC Empoli,27.0,Left-Back,2500.0,Italy,1.87,,left,2026.0,38.0,1.0,0.0,4.0,0.0,4.0,12.0,8.0,0.0,0.0,0.0,0.0,2.989
309944,Tyronne Ebuehi,FC Empoli,29.0,Right-Back,1500.0,Nigeria,1.87,HCM Sports ...,right,2025.0,5.0,1.0,0.0,0.0,0.0,4.0,1.0,0.0,0.0,0.0,0.0,0.0,132.0
335147,Junior Sambia,FC Empoli,28.0,Right-Back,1400.0,France,1.85,,right,2025.0,21.0,0.71,0.0,0.0,0.0,15.0,4.0,1.0,0.0,0.0,0.0,0.0,750.0
88682,Mattia De Sciglio,FC Empoli,32.0,Right-Back,1000.0,Italy,1.83,,right,2025.0,,,,,,,,,,,,,
197473,Alberto Grassi,FC Empoli,30.0,Defensive Midfield,2000.0,Italy,1.83,,right,2026.0,30.0,0.83,1.0,1.0,0.0,3.0,14.0,8.0,0.0,1.0,0.0,2.252,2.252
691482,Jacopo Fazzini,FC Empoli,22.0,Central Midfield,8000.0,Italy,1.78,,right,2027.0,21.0,0.86,5.0,1.0,0.0,4.0,11.0,1.0,0.0,1.0,0.0,293.0,1.466
324377,Youssef Maleh,FC Empoli,26.0,Central Midfield,4000.0,Morocco,1.79,,left,2025.0,24.0,1.0,1.0,1.0,0.0,6.0,8.0,3.0,1.0,0.0,0.0,1.631,1.631
387234,Szymon Żurkowski,FC Empoli,27.0,Central Midfield,2500.0,Poland,1.85,KFM,right,2025.0,5.0,,0.0,0.0,0.0,5.0,0.0,0.0,0.0,0.0,0.0,0.0,101.0
193867,Liam Henderson,FC Empoli,29.0,Central Midfield,1800.0,Scotland,1.83,,right,2025.0,40.0,1.08,0.0,6.0,0.0,10.0,20.0,11.0,0.0,0.0,0.0,0.0,2.653
192638,Nicolas Haas,FC Empoli,29.0,Central Midfield,700.0,Switzerland,1.78,Wasserman,right,2025.0,12.0,1.75,1.0,1.0,0.0,9.0,1.0,1.0,0.0,0.0,0.0,372.0,372.0
241076,Emmanuel Gyasi,FC Empoli,31.0,Right Midfield,2000.0,Ghana,1.81,,right,2025.0,42.0,1.0,2.0,3.0,1.0,4.0,8.0,5.0,0.0,0.0,0.0,1.697,3.393
433181,Tino Anjorin,FC Empoli,23.0,Attacking Midfield,6000.0,England,1.86,,right,2027.0,21.0,1.05,2.0,3.0,0.0,7.0,13.0,3.0,0.0,0.0,0.0,544.0,1.088
203842,Viktor Kovalenko,FC Empoli,29.0,Attacking Midfield,1000.0,Ukraine,1.82,ProStar,right,2025.0,,,,,,,,,,,,,
431811,Ola Solbakken,FC Empoli,26.0,Right Winger,2500.0,Norway,1.89,Nordic Sky,left,2025.0,24.0,1.25,0.0,0.0,0.0,13.0,11.0,1.0,0.0,0.0,0.0,0.0,947.0
538918,Sebastiano Esposito,FC Empoli,22.0,Second Striker,10000.0,Italy,1.83,,right,2025.0,36.0,0.97,10.0,2.0,0.0,8.0,19.0,2.0,0.0,0.0,1.0,249.0,2.486
337725,Christian Kouamé,FC Empoli,27.0,Centre-Forward,6000.0,Cote d'Ivoire,1.85,,right,2025.0,36.0,1.53,2.0,6.0,0.0,20.0,6.0,4.0,0.0,0.0,0.0,890.0,1.78
487843,Lorenzo Colombo,FC Empoli,23.0,Centre-Forward,6000.0,Italy,1.83,GR Sports,left,2025.0,,,,,,,,,,,,,
364133,Pietro Pellegri,FC Empoli,24.0,Centre-Forward,2500.0,Italy,1.89,GR Sports,right,2025.0,12.0,1.5,3.0,0.0,0.0,6.0,6.0,3.0,0.0,0.0,0.0,161.0,482.0
660860,Diego Coppola,Hellas Verona,21.0,Centre-Back,7500.0,Italy,1.93,,right,2027.0,,,,,,,,,,,,,
860992,Nicolás Valentini,Hellas Verona,24.0,Centre-Back,4500.0,Argentina,1.87,,left,2025.0,13.0,0.62,0.0,0.0,0.0,1.0,3.0,2.0,1.0,0.0,0.0,0.0,1.042
322655,Flavius Daniliuc,Hellas Verona,24.0,Centre-Back,4000.0,Austria,1.88,Sports360 GmbH,right,2025.0,22.0,1.09,1.0,1.0,0.0,9.0,6.0,1.0,0.0,0.0,0.0,1.359,1.359
701819,Daniele Ghilardi,Hellas Verona,22.0,Centre-Back,4000.0,Italy,1.89,,right,,23.0,0.96,0.0,0.0,0.0,3.0,1.0,7.0,0.0,1.0,0.0,0.0,1.94
248732,Paweł Dawidowicz,Hellas Verona,30.0,Centre-Back,2500.0,Poland,1.89,INNfootball,both,2025.0,,,,,,,,,,,,,
851385,Tobias Slotsager,Hellas Verona,19.0,Centre-Back,2000.0,Denmark,1.9,CAA Stellar,right,,16.0,2.25,0.0,0.0,0.0,10.0,0.0,3.0,0.0,0.0,0.0,0.0,726.0
658674,Luan Patrick,Hellas Verona,23.0,Centre-Back,1300.0,Brazil,1.9,,right,2026.0,0.0,,0.0,0.0,0.0,0.0,0.0,0.0,0.0,0.0,0.0,0.0,0.0
745202,Yllan Okou,Hellas Verona,22.0,Centre-Back,900.0,France,1.89,,left,2025.0,2.0,1.5,0.0,0.0,0.0,1.0,1.0,0.0,0.0,0.0,0.0,0.0,56.0
357796,Domagoj Bradarić,Hellas Verona,25.0,Left-Back,4000.0,Croatia,1.78,CAA Stellar,left,2025.0,30.0,1.1,0.0,0.0,0.0,6.0,17.0,6.0,0.0,0.0,0.0,0.0,1.959
488785,Martin Frese,Hellas Verona,27.0,Left-Back,2000.0,Denmark,1.79,People In Sport,left,2027.0,,,,,,,,,,,,,
848509,Jackson Tchatchoua,Hellas Verona,23.0,Right-Back,8000.0,Cameroon,1.8,,right,2027.0,,,,,,,,,,,,,
73926,Davide Faraoni,Hellas Verona,33.0,Right-Back,1000.0,Italy,1.8,,right,2025.0,8.0,1.13,0.0,0.0,0.0,5.0,3.0,1.0,0.0,0.0,0.0,0.0,257.0
586984,Daniel Oyegoke,Hellas Verona,22.0,Right-Back,400.0,England,1.88,Unique Sports Group,"
                            Jan 28, 2025                        ",2028.0,31.0,0.94,1.0,0.0,1.0,15.0,7.0,5.0,0.0,0.0,0.0,1.64,1.64
644032,Cheikh Niasse,Hellas Verona,25.0,Defensive Midfield,2000.0,Senegal,1.88,,right,2025.0,,,,,,,,,,,,,
261905,Suat Serdar,Hellas Verona,28.0,Central Midfield,5000.0,Germany,1.84,Sports360 GmbH,right,2028.0,21.0,0.86,1.0,2.0,0.0,6.0,7.0,2.0,1.0,0.0,0.0,1.298,1.298
232418,Ondrej Duda,Hellas Verona,30.0,Central Midfield,4000.0,Slovakia,1.8,CAA Stellar,right,2025.0,28.0,1.04,1.0,3.0,0.0,1.0,7.0,11.0,1.0,0.0,0.0,2.403,2.403
395512,Antoine Bernede,Hellas Verona,25.0,Central Midfield,3500.0,France,1.78,Unique Sports Group,right,2025.0,31.0,1.23,3.0,1.0,0.0,10.0,17.0,6.0,0.0,0.0,0.0,577.0,1.73
416386,Abdou Harroui,Hellas Verona,27.0,Central Midfield,2000.0,Morocco,1.82,PRO10 Sports,both,2028.0,11.0,1.09,1.0,2.0,0.0,5.0,5.0,1.0,0.0,0.0,0.0,517.0,517.0
70411,Darko Lazović,Hellas Verona,34.0,Left Midfield,1000.0,Serbia,1.81,Seven Stars,right,2025.0,28.0,0.86,2.0,3.0,0.0,10.0,14.0,0.0,0.0,0.0,1.0,767.0,1.534
540333,Tomas Suslov,Hellas Verona,22.0,Attacking Midfield,6000.0,Slovakia,1.74,Atlas Sports,left,2027.0,31.0,0.87,0.0,1.0,0.0,4.0,20.0,5.0,1.0,0.0,0.0,0.0,2.127
298635,Grigoris Kastanos,Hellas Verona,27.0,Attacking Midfield,1800.0,Cyprus,1.79,,left,2025.0,,,,,,,,,,,,,
964087,Alphadjo Cissè,Hellas Verona,18.0,Attacking Midfield,1400.0,Italy,1.81,,"
                            Jul 1, 2024                        ",,12.0,1.0,1.0,0.0,0.0,2.0,4.0,2.0,0.0,1.0,0.0,866.0,866.0
464598,Casper Tengstedt,Hellas Verona,24.0,Centre-Forward,7000.0,Denmark,1.84,People In Sport,right,2025.0,26.0,0.77,7.0,2.0,0.0,6.0,18.0,2.0,0.0,0.0,1.0,221.0,1.55
748382,Amin Sarr,Hellas Verona,24.0,Centre-Forward,4000.0,Sweden,1.88,HCM Sports ...,right,2025.0,,,,,,,,,,,,,
651569,Daniel Mosquera,Hellas Verona,25.0,Centre-Forward,1500.0,Colombia,1.8,,right,2028.0,35.0,0.97,5.0,1.0,0.0,22.0,12.0,3.0,0.0,0.0,0.0,281.0,1.404
676411,Dailon Rocha Livramento,Hellas Verona,24.0,Centre-Forward,800.0,Cape Verde,1.85,,right,2028.0,,,,,,,,,,,,,
979766,Mathis Lambourde,Hellas Verona,19.0,Centre-Forward,500.0,France,1.79,,left,2029.0,,,,,,,,,,,,,
1111820,Junior Ajayi,Hellas Verona,20.0,Centre-Forward,300.0,Cote d'Ivoire,1.85,,"
                            Jul 1, 2024                        ",,8.0,1.75,3.0,0.0,0.0,2.0,5.0,0.0,0.0,0.0,0.0,145.0,434.0
993645,Tomás Palacios,Monza,22.0,Centre-Back,5000.0,Argentina,1.96,,left,2025.0,11.0,0.82,0.0,0.0,0.0,6.0,2.0,2.0,0.0,0.0,0.0,0.0,471.0
481834,Andrea Carboni,Monza,24.0,Centre-Back,3400.0,Italy,1.87,,left,2027.0,27.0,0.7,0.0,1.0,0.0,2.0,7.0,5.0,0.0,0.0,0.0,0.0,2.177
32113,Armando Izzo,Monza,33.0,Centre-Back,2500.0,Italy,1.83,LIAN Sports Group,right,2026.0,32.0,0.63,1.0,1.0,0.0,2.0,6.0,14.0,0.0,0.0,0.0,2.656,2.656
797572,Stefan Leković,Monza,21.0,Centre-Back,1800.0,Serbia,1.92,LIAN Sports Group,right,2025.0,16.0,1.75,1.0,0.0,1.0,5.0,2.0,1.0,0.0,0.0,0.0,1.099,1.099
88680,Luca Caldirola,Monza,34.0,Centre-Back,800.0,Italy,1.86,,left,2025.0,16.0,0.56,0.0,0.0,0.0,4.0,4.0,5.0,0.0,0.0,0.0,0.0,1.079
55769,Danilo D'Ambrosio,Monza,36.0,Centre-Back,800.0,Italy,1.8,,right,2025.0,22.0,0.55,0.0,1.0,0.0,8.0,9.0,2.0,0.0,1.0,0.0,0.0,1.243
381706,Arvid Brorsson,Monza,26.0,Centre-Back,600.0,Sweden,1.93,A.M.A. Sports Agency,right,2027.0,,,,,,,,,,,,,
461019,Samuele Birindelli,Monza,25.0,Right-Back,3000.0,Italy,1.76,,right,2026.0,,,,,,,,,,,,,
314965,Pedro Pereira,Monza,27.0,Right-Back,1800.0,Portugal,1.85,,right,2025.0,36.0,0.64,1.0,3.0,0.0,5.0,13.0,10.0,0.0,0.0,0.0,2.68,2.68
891869,Leonardo Colombo,Monza,19.0,Defensive Midfield,250.0,Italy,1.75,GR Sports,"
                            Nov 20, 2024                        ",2027.0,20.0,1.1,5.0,3.0,0.0,2.0,8.0,6.0,0.0,0.0,0.0,307.0,1.537
332179,Matteo Pessina,Monza,28.0,Central Midfield,9000.0,Italy,1.87,GR Sports,left,2027.0,13.0,1.08,1.0,0.0,0.0,1.0,6.0,2.0,0.0,0.0,0.0,986.0,986.0
602124,Alessandro Bianco,Monza,22.0,Central Midfield,5000.0,Italy,1.73,,right,2025.0,36.0,0.58,1.0,0.0,0.0,7.0,13.0,8.0,0.0,0.0,0.0,2.646,2.646
303116,Gaetano Castrovilli,Monza,28.0,Central Midfield,3500.0,Italy,1.87,,right,2025.0,21.0,1.1,0.0,0.0,0.0,13.0,8.0,0.0,0.0,0.0,0.0,0.0,735.0
883349,Kevin Zeroli,Monza,20.0,Central Midfield,3500.0,Italy,1.87,Rafaela Pimenta,right,2025.0,,,,,,,,,,,,,
197471,Roberto Gagliardini,Monza,31.0,Central Midfield,2000.0,Italy,1.88,GR Sports,right,2025.0,8.0,0.75,0.0,0.0,0.0,8.0,0.0,1.0,0.0,0.0,0.0,0.0,173.0
216179,Stefano Sensi,Monza,29.0,Central Midfield,1500.0,Italy,1.68,,right,2025.0,,,,,,,,,,,,,
170481,Jean-Daniel Akpa Akpro,Monza,32.0,Central Midfield,500.0,Cote d'Ivoire,1.8,P&P Sport ...,right,2025.0,,,,,,,,,,,,,
255838,Patrick Ciurria,Monza,30.0,Right Midfield,3000.0,Italy,1.78,,both,2026.0,21.0,0.38,1.0,1.0,0.0,9.0,5.0,1.0,0.0,0.0,0.0,1.108,1.108
311178,Georgios Kyriakopoulos,Monza,29.0,Left Midfield,3500.0,Greece,1.86,,left,2026.0,,,,,,,,,,,,,
650966,Samuele Vignato,Monza,21.0,Attacking Midfield,3500.0,Italy,1.72,,right,2025.0,18.0,0.5,0.0,0.0,0.0,14.0,4.0,0.0,0.0,0.0,0.0,0.0,506.0
238752,Keita Baldé,Monza,30.0,Left Winger,1000.0,Senegal,1.78,,both,2025.0,21.0,0.81,3.0,0.0,0.0,9.0,9.0,5.0,1.0,0.0,0.0,332.0,997.0
670845,Omari Forson,Monza,20.0,Right Winger,2000.0,England,1.79,,left,2028.0,13.0,0.92,0.0,0.0,0.0,9.0,2.0,0.0,0.0,0.0,0.0,0.0,490.0
724069,Kevin Martins,Monza,20.0,Right Winger,1500.0,Italy,1.8,,right,2027.0,23.0,0.83,1.0,4.0,0.0,11.0,9.0,2.0,0.0,0.0,0.0,1.066,1.066
347253,Dany Mota,Monza,27.0,Second Striker,5000.0,Portugal,1.8,VV Consulting,right,2027.0,33.0,0.42,5.0,2.0,0.0,8.0,15.0,3.0,0.0,0.0,0.0,455.0,2.276
146752,Gianluca Caprari,Monza,31.0,Second Striker,1500.0,Italy,1.71,,right,2026.0,35.0,0.69,4.0,2.0,0.0,17.0,14.0,3.0,0.0,0.0,3.0,431.0,1.722
312819,Silvere Ganvoula,Monza,28.0,Centre-Forward,2000.0,Congo,1.91,,right,2026.0,,,,,,,,,,,,,
199258,Andrea Petagna,Monza,29.0,Centre-Forward,1400.0,Italy,1.9,GR Sports,left,2027.0,14.0,0.79,0.0,0.0,0.0,10.0,3.0,1.0,0.0,0.0,0.0,0.0,449.0
278531,Sebastiano Luperto,Cagliari,28.0,Centre-Back,3500.0,Italy,1.91,,left,2028.0,36.0,1.08,1.0,4.0,0.0,0.0,1.0,4.0,0.0,0.0,0.0,3.233,3.233
289446,Yerry Mina,Cagliari,30.0,Centre-Back,3000.0,Colombia,1.95,Andrei Martínez,right,2025.0,30.0,1.0,1.0,0.0,0.0,0.0,7.0,4.0,1.0,0.0,0.0,2.486,2.486
568333,Adam Obert,Cagliari,22.0,Centre-Back,3000.0,Slovakia,1.88,,left,2029.0,22.0,1.05,1.0,1.0,0.0,8.0,8.0,4.0,0.0,0.0,0.0,1.157,1.157
125020,José Luis Palomino,Cagliari,35.0,Centre-Back,700.0,Argentina,1.88,,left,2025.0,19.0,1.16,1.0,0.0,0.0,7.0,3.0,4.0,0.0,0.0,0.0,1.224,1.224
284595,Tommaso Augello,Cagliari,30.0,Left-Back,1800.0,Italy,1.8,,left,2025.0,40.0,1.05,0.0,8.0,0.0,8.0,10.0,3.0,0.0,0.0,0.0,0.0,2.897
392569,Gabriele Zappa,Cagliari,25.0,Right-Back,4000.0,Italy,1.87,GR Sports,right,2030.0,39.0,1.08,2.0,0.0,0.0,2.0,5.0,5.0,0.0,0.0,0.0,1.611,3.221
876298,Matteo Prati,Cagliari,21.0,Defensive Midfield,7000.0,Italy,1.85,,right,2028.0,14.0,0.93,1.0,0.0,0.0,5.0,8.0,1.0,0.0,0.0,0.0,686.0,686.0
460651,Antoine Makoumbou,Cagliari,26.0,Defensive Midfield,4000.0,Congo,1.87,Pro transfer,right,2026.0,33.0,1.09,0.0,3.0,0.0,6.0,19.0,1.0,1.0,0.0,0.0,0.0,2.197
295183,Răzvan Marin,Cagliari,28.0,Defensive Midfield,3500.0,Romania,1.78,Pietro Chiodi ...,right,2026.0,34.0,1.0,3.0,2.0,0.0,19.0,10.0,4.0,0.0,0.0,2.0,503.0,1.51
564305,Michel Adopo,Cagliari,24.0,Central Midfield,3000.0,France,1.87,GR Sports,right,2025.0,37.0,1.11,1.0,2.0,0.0,10.0,14.0,3.0,1.0,0.0,0.0,2.456,2.456
235931,Alessandro Deiola,Cagliari,29.0,Central Midfield,1600.0,Italy,1.9,Team Raiola,right,2029.0,31.0,0.97,2.0,1.0,0.0,14.0,13.0,7.0,0.0,0.0,0.0,740.0,1.48
392966,Nadir Zortea,Cagliari,25.0,Right Midfield,4500.0,Italy,1.87,,right,2028.0,,,,,,,,,,,,,
358008,Gianluca Gaetano,Cagliari,25.0,Attacking Midfield,4000.0,Italy,1.83,,right,2029.0,30.0,0.97,2.0,4.0,0.0,20.0,10.0,0.0,0.0,0.0,0.0,562.0,1.124
85393,Nicolas Viola,Cagliari,35.0,Attacking Midfield,1000.0,Italy,1.8,,left,2025.0,,,,,,,,,,,,,
340982,Florinel Coman,Cagliari,27.0,Left Winger,6000.0,Romania,1.82,P&P Sport ...,right,2025.0,28.0,1.32,4.0,8.0,0.0,7.0,15.0,3.0,0.0,0.0,0.0,453.0,1.81
600041,Mattia Felici,Cagliari,24.0,Left Winger,3000.0,Italy,1.82,FIRST,right,2027.0,22.0,0.91,0.0,3.0,0.0,12.0,9.0,1.0,0.0,0.0,0.0,0.0,1.011
432092,Roberto Piccoli,Cagliari,24.0,Centre-Forward,8000.0,Italy,1.9,,right,2025.0,,,,,,,,,,,,,
666547,Zito Luvumbo,Cagliari,23.0,Centre-Forward,5500.0,Angola,1.71,,left,2028.0,28.0,1.07,2.0,2.0,0.0,8.0,15.0,2.0,0.0,0.0,0.0,855.0,1.71
1111663,Kingstone Mutandwa,Cagliari,22.0,Centre-Forward,1000.0,Zambia,1.8,,right,2028.0,11.0,1.27,3.0,0.0,0.0,6.0,1.0,1.0,0.0,0.0,0.0,178.0,535.0
64793,Leonardo Pavoletti,Cagliari,36.0,Centre-Forward,700.0,Italy,1.88,,right,2026.0,28.0,1.0,3.0,0.0,0.0,26.0,2.0,5.0,0.0,0.0,0.0,167.0,502.0
351955,Federico Baschirotto,Lecce,28.0,Centre-Back,3800.0,Italy,1.87,,right,2026.0,38.0,0.89,2.0,0.0,0.0,0.0,0.0,3.0,0.0,0.0,0.0,1.71,3.42
836441,Kialonda Gaspar,Lecce,27.0,Centre-Back,2500.0,Angola,1.93,,right,2027.0,,,,,,,,,,,,,
805886,Gaby Jean,Lecce,25.0,Centre-Back,2000.0,France,1.91,One Team Football,left,2027.0,22.0,0.95,0.0,0.0,0.0,3.0,3.0,0.0,0.0,0.0,0.0,0.0,1.658
1112449,Tiago Gabriel,Lecce,20.0,Centre-Back,1000.0,Portugal,1.94,,right,2027.0,14.0,0.93,1.0,0.0,1.0,2.0,1.0,2.0,0.0,0.0,0.0,1.165,1.165
1118086,Sebastian Esposito,Lecce,20.0,Centre-Back,200.0,Australia,1.91,InterStarDeporte,right,,33.0,1.52,2.0,0.0,0.0,1.0,2.0,7.0,0.0,0.0,0.0,1.452,2.904
392516,Antonino Gallo,Lecce,25.0,Left-Back,4500.0,Italy,1.83,,left,2026.0,,,,,,,,,,,,,
392570,Marco Sala,Lecce,25.0,Left-Back,1000.0,Italy,1.82,,left,2025.0,11.0,0.64,0.0,0.0,0.0,8.0,2.0,3.0,0.0,0.0,0.0,0.0,341.0
1017950,Vernon Addo,Lecce,19.0,Left-Back,150.0,Netherlands,1.88,,"
                            Jul 1, 2024                        ",2027.0,34.0,1.32,1.0,2.0,0.0,0.0,7.0,6.0,0.0,0.0,0.0,2.933,2.933
354352,Frédéric Guilbert,Lecce,30.0,Right-Back,2500.0,France,1.78,Wasserman,right,2026.0,,,,,,,,,,,,,
728485,Danilo Veiga,Lecce,22.0,Right-Back,1000.0,Portugal,1.83,OIS,right,2027.0,28.0,0.71,0.0,2.0,0.0,12.0,3.0,4.0,1.0,0.0,0.0,0.0,1.706
442703,Ylber Ramadani,Lecce,29.0,Defensive Midfield,2200.0,Albania,1.85,LIAN Sports Group,right,2026.0,,,,,,,,,,,,,
642002,Balthazar Pierret,Lecce,25.0,Defensive Midfield,1500.0,France,1.86,One Team Football,left,2027.0,,,,,,,,,,,,,
488996,Thórir Jóhann Helgason,Lecce,24.0,Central Midfield,2500.0,Iceland,1.87,Dirk Hebel,right,2026.0,20.0,1.05,0.0,4.0,0.0,7.0,9.0,0.0,0.0,0.0,0.0,0.0,1.126
386552,Lassana Coulibaly,Lecce,29.0,Central Midfield,2500.0,Mali,1.83,,right,2027.0,37.0,0.84,0.0,1.0,0.0,8.0,13.0,3.0,0.0,0.0,0.0,0.0,2.583
911328,Mohamed Kaba,Lecce,23.0,Central Midfield,2300.0,France,1.85,,right,2027.0,,,,,,,,,,,,,
583046,Medon Berisha,Lecce,21.0,Central Midfield,1000.0,Albania,1.86,LIAN Sports Group,right,2028.0,17.0,0.59,0.0,1.0,0.0,11.0,5.0,5.0,0.0,0.0,0.0,0.0,684.0
692209,Joan González,Lecce,23.0,Central Midfield,800.0,Spain,1.9,YOU FIRST,right,2027.0,,,,,,2.0,,,,,,,
555106,Filip Marchwinski,Lecce,23.0,Attacking Midfield,3000.0,Poland,1.87,,both,2028.0,3.0,1.0,0.0,0.0,0.0,2.0,1.0,0.0,0.0,0.0,0.0,0.0,106.0
545538,Lameck Banda,Lecce,24.0,Left Winger,6000.0,Zambia,1.69,Wasserman,right,2026.0,17.0,0.71,0.0,2.0,0.0,10.0,7.0,1.0,0.0,0.0,0.0,0.0,684.0
367992,Jesper Karlsson,Lecce,26.0,Left Winger,4500.0,Sweden,1.79,,right,2025.0,19.0,0.95,2.0,0.0,0.0,11.0,8.0,3.0,0.0,0.0,1.0,366.0,732.0
339816,Tete Morente,Lecce,28.0,Left Winger,2000.0,Spain,1.84,AS1,right,2027.0,,,,,,,,,,,,,
187587,Ante Rebić,Lecce,31.0,Left Winger,1500.0,Croatia,1.85,LIAN Sports Group,right,2025.0,28.0,0.79,1.0,0.0,0.0,21.0,7.0,3.0,0.0,1.0,0.0,822.0,822.0
82048,Nicola Sansone,Lecce,33.0,Left Winger,400.0,Italy,1.74,,right,2025.0,,,,,,,,,,,,,
674806,Santiago Pierotti,Lecce,24.0,Right Winger,4000.0,Argentina,1.89,,right,2027.0,37.0,0.92,4.0,2.0,0.0,15.0,18.0,4.0,0.0,0.0,0.0,488.0,1.952
649490,Konan N’Dri,Lecce,24.0,Right Winger,1500.0,Cote d'Ivoire,1.74,,"
                            Feb 2, 2025                        ",2027.0,,,,,,,,,,,,,
709985,Jeppe Corfitzen,Lecce,20.0,Right Winger,400.0,Denmark,1.79,Nine Group,"
                            Jul 1, 2023                        ",2025.0,,,,,,2.0,,,,,,,
434433,Nikola Krstović,Lecce,25.0,Centre-Forward,14000.0,Montenegro,1.85,,right,2027.0,37.0,0.89,12.0,4.0,0.0,0.0,14.0,6.0,0.0,0.0,2.0,256.0,3.072
731525,Rareș Burnete,Lecce,21.0,Centre-Forward,700.0,Romania,1.85,Sports360 GmbH,right,2029.0,4.0,0.25,0.0,0.0,0.0,4.0,0.0,0.0,0.0,0.0,0.0,0.0,50.0
647534,Joel Voelkerling Persson,Lecce,22.0,Centre-Forward,350.0,Sweden,1.94,Wesport Football,right,2027.0,1.0,3.0,1.0,0.0,0.0,0.0,0.0,0.0,0.0,0.0,0.0,90.0,90.0
546926,Jay Idzes,Venezia,24.0,Centre-Back,5000.0,Indonesia,1.9,Bilal Achenteh,right,2027.0,36.0,0.72,2.0,0.0,0.0,0.0,1.0,5.0,0.0,0.0,0.0,1.609,3.218
707809,Joël Schingtienne,Venezia,22.0,Centre-Back,3000.0,Belgium,1.88,BTFM,right,2029.0,19.0,0.95,0.0,0.0,0.0,4.0,3.0,2.0,0.0,0.0,0.0,0.0,1.392
438961,Michael Svoboda,Venezia,26.0,Centre-Back,3000.0,Austria,1.95,Ballarbeit,right,2026.0,17.0,0.59,1.0,0.0,0.0,1.0,1.0,1.0,0.0,0.0,0.0,1.404,1.404
520530,Fali Candé,Venezia,27.0,Centre-Back,2000.0,Guinea-Bissau,1.84,,left,2025.0,26.0,1.08,1.0,2.0,0.0,2.0,3.0,5.0,0.0,0.0,0.0,2.125,2.125
818448,Alessandro Marcandalli,Venezia,22.0,Centre-Back,2000.0,Italy,1.9,,right,2025.0,9.0,1.0,0.0,0.0,0.0,3.0,6.0,2.0,0.0,0.0,0.0,0.0,389.0
282169,Marin Šverko,Venezia,27.0,Centre-Back,1200.0,Croatia,1.87,Dirk Hebel,left,2026.0,16.0,0.81,1.0,0.0,0.0,4.0,4.0,4.0,0.0,0.0,0.0,1.132,1.132
228444,Ridgeciano Haps,Venezia,31.0,Left-Back,1000.0,Suriname,1.75,SEG,left,2026.0,,,,,,,,,,,,,
731491,Franco Carboni,Venezia,22.0,Left-Back,1000.0,Argentina,1.9,GR Sports,left,2025.0,8.0,0.63,0.0,1.0,0.0,5.0,3.0,2.0,0.0,0.0,0.0,0.0,223.0
655009,Richie Sagrado,Venezia,21.0,Right-Back,2000.0,Belgium,1.82,,"
                            Aug 3, 2024                        ",2028.0,,,,,,,,,,,,,
216872,Francesco Zampano,Venezia,31.0,Right-Back,1100.0,Italy,1.77,,right,2025.0,,,,,,,,,,,,,
698560,Cheick Condé,Venezia,24.0,Defensive Midfield,2000.0,Guinea,1.85,,right,2027.0,,,,,,,,,,,,,
430280,Hans Nicolussi Caviglia,Venezia,24.0,Central Midfield,8000.0,Italy,1.84,,right,2029.0,,,,,,,,,,,,,
504209,Gianluca Busio,Venezia,22.0,Central Midfield,6500.0,United States,1.72,,right,2026.0,33.0,0.82,2.0,0.0,0.0,5.0,12.0,4.0,0.0,0.0,0.0,1.264,2.527
527698,Kike Pérez,Venezia,28.0,Central Midfield,2800.0,Spain,1.84,LEADERBROCK,left,2027.0,37.0,0.92,5.0,2.0,0.0,8.0,22.0,11.0,0.0,0.0,0.0,501.0,2.505
566615,Mikael Egill Ellertsson,Venezia,23.0,Central Midfield,2800.0,Iceland,1.82,CAA Stellar,left,2025.0,35.0,0.83,2.0,2.0,0.0,7.0,17.0,2.0,0.0,0.0,0.0,1.197,2.394
184894,Alfred Duncan,Venezia,32.0,Central Midfield,2500.0,Ghana,1.78,,left,2026.0,17.0,0.53,0.0,0.0,0.0,4.0,7.0,2.0,0.0,0.0,0.0,0.0,1.023
924349,Issa Doumbia,Venezia,21.0,Central Midfield,2000.0,Italy,1.87,,right,2029.0,,,,,,,,,,,,,
216599,Domen Crnigoj,Venezia,29.0,Central Midfield,900.0,Slovenia,1.88,,right,2026.0,9.0,0.89,0.0,0.0,0.0,8.0,1.0,0.0,0.0,0.0,0.0,0.0,145.0
566613,Bjarki Bjarkason,Venezia,25.0,Left Midfield,800.0,Iceland,1.8,CAA Stellar,right,2027.0,9.0,0.67,0.0,0.0,0.0,8.0,1.0,2.0,0.0,0.0,0.0,0.0,159.0
613393,Gaetano Oristanio,Venezia,22.0,Attacking Midfield,6500.0,Italy,1.74,,left,2029.0,36.0,0.78,3.0,3.0,0.0,7.0,25.0,3.0,0.0,0.0,0.0,773.0,2.319
439914,John Yeboah,Venezia,24.0,Attacking Midfield,2500.0,Ecuador,1.7,Dirk Hebel,left,2028.0,32.0,0.84,1.0,2.0,0.0,22.0,9.0,6.0,0.0,0.0,0.0,1.122,1.122
936684,Saad El Haddad,Venezia,19.0,Attacking Midfield,250.0,Morocco,1.75,,"
                            Jul 1, 2024                        ",2027.0,8.0,,0.0,1.0,0.0,4.0,2.0,1.0,0.0,0.0,0.0,0.0,378.0
433584,Alessio Zerbin,Venezia,26.0,Left Winger,4000.0,Italy,1.82,,right,2025.0,21.0,1.14,1.0,2.0,0.0,4.0,4.0,3.0,0.0,0.0,0.0,1.537,1.537
666268,Daniel Fila,Venezia,22.0,Centre-Forward,3000.0,Czech Republic,1.9,,left,2029.0,20.0,1.2,3.0,0.0,0.0,10.0,9.0,1.0,1.0,0.0,0.0,283.0,850.0
76274,Christian Gytkjær,Venezia,35.0,Centre-Forward,700.0,Denmark,1.85,,right,2025.0,29.0,0.76,2.0,1.0,0.0,22.0,6.0,0.0,0.0,0.0,1.0,402.0,804.0
215649,Mirko Marić,Venezia,30.0,Centre-Forward,700.0,Croatia,1.88,VPA SPORTS ...,left,2025.0,20.0,0.85,0.0,1.0,0.0,13.0,5.0,0.0,0.0,0.0,0.0,0.0,680.0
679423,Tarik Muharemovic,Sassuolo,22.0,Centre-Back,6000.0,Bosnia-Herzegovina,1.87,FutureBall,left,,30.0,2.13,2.0,2.0,0.0,6.0,0.0,3.0,0.0,0.0,0.0,1.13,2.26
406632,Cas Odenthal,Sassuolo,24.0,Centre-Back,3000.0,Netherlands,1.9,GR Sports,right,2027.0,,,,,,,,,,,,,
247377,Kevin Bonifazi,Sassuolo,29.0,Centre-Back,1000.0,Italy,1.87,,right,2025.0,3.0,1.0,0.0,0.0,0.0,3.0,0.0,0.0,0.0,0.0,0.0,0.0,62.0
568377,Tijs Velthuis,Sassuolo,23.0,Centre-Back,800.0,Netherlands,1.89,Forza Sports Group,left,2025.0,,,,,,,,,,,,,
256678,Filippo Romagna,Sassuolo,27.0,Centre-Back,500.0,Italy,1.86,,right,,24.0,2.21,0.0,0.0,0.0,2.0,2.0,3.0,0.0,0.0,0.0,0.0,1.96
567129,Josh Doig,Sassuolo,23.0,Left-Back,4500.0,Scotland,1.89,,left,2028.0,31.0,2.13,1.0,1.0,0.0,4.0,7.0,5.0,0.0,0.0,0.0,2.338,2.338
691825,Edoardo Pieragnolo,Sassuolo,22.0,Left-Back,2400.0,Italy,1.84,,left,2029.0,,,,,,,,,,,,,
129674,Jeremy Toljan,Sassuolo,30.0,Right-Back,2500.0,Germany,1.82,,right,2025.0,37.0,2.22,0.0,7.0,1.0,4.0,2.0,3.0,0.0,0.0,0.0,0.0,3.053
655525,Yeferson Paz,Sassuolo,22.0,Right-Back,500.0,Colombia,1.76,Rafaela Pimenta,right,2027.0,14.0,2.29,0.0,0.0,0.0,7.0,6.0,5.0,0.0,0.0,0.0,0.0,474.0
441515,Daniel Boloca,Sassuolo,26.0,Defensive Midfield,7000.0,Italy,1.85,GG11,right,2028.0,35.0,2.23,4.0,4.0,0.0,2.0,9.0,4.0,0.0,0.0,0.0,697.0,2.786
724106,Luca Lipani,Sassuolo,20.0,Defensive Midfield,3500.0,Italy,1.85,,right,2028.0,,,,,,,,,,,,,
390163,Andrea Ghion,Sassuolo,25.0,Defensive Midfield,650.0,Italy,1.74,,right,2029.0,24.0,2.25,0.0,2.0,0.0,5.0,19.0,2.0,0.0,0.0,0.0,0.0,1.455
226025,Luca Mazzitelli,Sassuolo,29.0,Central Midfield,2000.0,Italy,1.84,GG11,right,2025.0,19.0,1.37,1.0,1.0,0.0,11.0,7.0,2.0,0.0,0.0,0.0,668.0,668.0
700053,Edoardo Iannoni,Sassuolo,24.0,Central Midfield,750.0,Italy,1.85,,right,2028.0,23.0,2.35,1.0,2.0,0.0,12.0,7.0,5.0,0.0,0.0,0.0,1.072,1.072
101213,Pedro Obiang,Sassuolo,33.0,Central Midfield,500.0,Equatorial Guinea,1.86,P&P Sport ...,right,2025.0,38.0,2.16,1.0,0.0,0.0,22.0,9.0,3.0,0.0,0.0,0.0,1.765,1.765
564785,Kristian Thorstvedt,Sassuolo,26.0,Attacking Midfield,9000.0,Norway,1.89,Solbakken / Player ...,left,2027.0,24.0,2.17,7.0,4.0,0.0,1.0,7.0,5.0,0.0,0.0,1.0,289.0,2.022
746891,Cristian Volpato,Sassuolo,21.0,Attacking Midfield,4000.0,Italy,1.87,,left,2028.0,21.0,2.0,4.0,6.0,0.0,10.0,10.0,5.0,0.0,1.0,0.0,223.0,892.0
130360,Simone Verdi,Sassuolo,32.0,Attacking Midfield,2000.0,Italy,1.74,,both,2025.0,19.0,1.21,2.0,0.0,0.0,17.0,3.0,2.0,0.0,0.0,1.0,190.0,380.0
579930,Armand Laurienté,Sassuolo,26.0,Left Winger,13000.0,France,1.71,,right,2027.0,,,,,,,,,,,,,
177843,Domenico Berardi,Sassuolo,30.0,Right Winger,10000.0,Italy,1.83,,left,2027.0,29.0,2.38,6.0,14.0,0.0,4.0,16.0,4.0,0.0,0.0,1.0,378.0,2.266
372720,Nicholas Pierini,Sassuolo,26.0,Right Winger,3000.0,Italy,1.76,,right,2027.0,35.0,2.03,10.0,5.0,0.0,23.0,9.0,1.0,0.0,0.0,0.0,148.0,1.484
457422,Samuele Mulattieri,Sassuolo,24.0,Centre-Forward,4000.0,Italy,1.83,,right,2028.0,,,,,,,,,,,,,
655207,Laurs Skjellerup,Sassuolo,22.0,Centre-Forward,2800.0,Denmark,1.95,,right,2029.0,5.0,1.4,0.0,0.0,0.0,3.0,2.0,0.0,0.0,0.0,0.0,0.0,174.0
600936,Luca Moro,Sassuolo,24.0,Centre-Forward,1500.0,Italy,1.89,GR Sports,right,2027.0,27.0,2.19,7.0,4.0,0.0,16.0,10.0,2.0,0.0,0.0,2.0,155.0,1.082
358003,Simone Canestrelli,Pisa,24.0,Centre-Back,6000.0,Italy,1.92,,right,2028.0,37.0,1.97,3.0,3.0,0.0,1.0,5.0,6.0,0.0,0.0,0.0,1.06,3.18
663900,Giovanni Bonfanti,Pisa,22.0,Centre-Back,2000.0,Italy,1.87,SEG,left,2025.0,,,,,,,,,,,,,
421927,Adrian Rus,Pisa,29.0,Centre-Back,1000.0,Romania,1.88,,right,2026.0,26.0,2.0,2.0,0.0,0.0,11.0,8.0,8.0,0.0,0.0,1.0,655.0,1.309
149525,Antonio Caracciolo,Pisa,34.0,Centre-Back,400.0,Italy,1.85,GR Sports,right,2025.0,36.0,2.0,2.0,2.0,0.0,1.0,5.0,8.0,0.0,0.0,0.0,1.561,3.122
705063,Samuele Angori,Pisa,21.0,Left-Back,4000.0,Italy,1.86,,left,2027.0,,,,,,,,,,,,,
504085,Tomás Esteves,Pisa,23.0,Right-Back,3000.0,Portugal,1.8,Gestifute,right,2026.0,,,,,,,,,,,,,
340707,Leonardo Sernicola,Pisa,27.0,Right-Back,2000.0,Italy,1.87,YOU FIRST,right,2025.0,33.0,1.61,3.0,1.0,0.0,14.0,7.0,3.0,0.0,0.0,0.0,612.0,1.835
240897,Arturo Calabresi,Pisa,29.0,Right-Back,800.0,Italy,1.86,,right,2025.0,,,,,,,,,,,,,
603524,Christian Sussi,Pisa,24.0,Right-Back,100.0,Italy,1.82,,right,2027.0,3.0,1.67,0.0,0.0,0.0,0.0,2.0,0.0,0.0,0.0,0.0,0.0,238.0
379163,Marius Marin,Pisa,26.0,Defensive Midfield,3000.0,Romania,1.8,,right,2026.0,35.0,2.14,1.0,2.0,1.0,3.0,8.0,10.0,0.0,1.0,0.0,2.691,2.691
418567,Markus Solbakken,Pisa,24.0,Defensive Midfield,2500.0,Norway,1.82,Aneke/PMG,right,2025.0,28.0,1.86,1.0,1.0,0.0,16.0,6.0,4.0,0.0,0.0,0.0,1.183,1.183
325993,Oliver Abildgaard,Pisa,28.0,Defensive Midfield,1500.0,Denmark,1.92,,left,2025.0,26.0,1.88,0.0,2.0,0.0,19.0,6.0,4.0,0.0,0.0,0.0,0.0,841.0
543822,Malthe Højholt,Pisa,24.0,Defensive Midfield,1400.0,Denmark,1.82,Elite Consulting,right,2027.0,34.0,2.0,1.0,1.0,0.0,19.0,7.0,1.0,0.0,0.0,0.0,1.601,1.601
628365,Gabriele Piccinini,Pisa,24.0,Central Midfield,3000.0,Italy,1.84,,right,2026.0,39.0,2.03,4.0,6.0,0.0,14.0,16.0,2.0,0.0,0.0,0.0,594.0,2.374
335516,Idrissa Touré,Pisa,27.0,Central Midfield,2800.0,Germany,1.88,,right,2027.0,35.0,2.11,6.0,5.0,0.0,2.0,15.0,7.0,0.0,1.0,0.0,432.0,2.59
475410,Matteo Tramoni,Pisa,25.0,Left Winger,5000.0,Italy,1.75,,right,2026.0,,,,,,,,,,,,,
429551,Olimpiu Moruțan,Pisa,26.0,Right Winger,3000.0,Romania,1.73,,left,2025.0,11.0,1.27,2.0,1.0,0.0,6.0,4.0,1.0,0.0,0.0,0.0,254.0,508.0
678645,Alessandro Arena,Pisa,24.0,Right Winger,900.0,Italy,1.71,,left,2027.0,23.0,1.3,2.0,1.0,0.0,14.0,6.0,0.0,0.0,0.0,1.0,418.0,835.0
514895,Alexander Lind,Pisa,22.0,Centre-Forward,4500.0,Denmark,1.86,CMA Group,right,2028.0,,,,,,,,,,,,,
914934,Henrik Meister,Pisa,21.0,Centre-Forward,3000.0,Denmark,1.92,Solbakken / Player ...,right,2025.0,19.0,1.47,3.0,0.0,0.0,12.0,7.0,5.0,0.0,0.0,0.0,199.0,597.0
279823,Stefano Moreo,Pisa,31.0,Centre-Forward,1000.0,Italy,1.91,,right,2025.0,,,,,,,,,,,,,
632831,Nicolò Bertola,Spezia Calcio,22.0,Centre-Back,6500.0,Italy,1.92,,right,2025.0,29.0,1.83,3.0,2.0,0.0,5.0,3.0,6.0,0.0,1.0,0.0,726.0,2.179
372809,Petko Hristov,Spezia Calcio,26.0,Centre-Back,3500.0,Bulgaria,1.91,,right,2028.0,36.0,1.78,2.0,1.0,0.0,1.0,0.0,8.0,0.0,0.0,0.0,1.577,3.153
386967,Przemysław Wiśniewski,Spezia Calcio,26.0,Centre-Back,2000.0,Poland,1.95,INNfootball,right,2027.0,,,,,,,,,,,,,
242078,Ales Mateju,Spezia Calcio,28.0,Centre-Back,1200.0,Czech Republic,1.85,SPORT INVEST,right,2025.0,36.0,1.75,1.0,2.0,0.0,2.0,6.0,7.0,0.0,0.0,0.0,3.014,3.014
731467,Simone Giorgeschi,Spezia Calcio,20.0,Centre-Back,200.0,Italy,1.89,,left,2027.0,2.0,2.0,0.0,0.0,0.0,2.0,0.0,0.0,0.0,0.0,0.0,0.0,14.0
882980,Mattia Benvenuto,Spezia Calcio,19.0,Centre-Back,100.0,Italy,1.89,,right,2026.0,2.0,1.0,0.0,0.0,0.0,1.0,0.0,0.0,0.0,0.0,0.0,0.0,116.0
268178,Arkadiusz Reca,Spezia Calcio,29.0,Left-Back,1000.0,Poland,1.87,Sports360 GmbH,left,2025.0,,,,,,,,,,,,,
457444,Giuseppe Aurelio,Spezia Calcio,25.0,Left-Back,400.0,Italy,1.86,Team Raiola,left,2025.0,,,,,,,,,,,,,
287367,Luca Vignali,Spezia Calcio,29.0,Right-Back,600.0,Italy,1.86,,right,,31.0,1.74,5.0,1.0,0.0,11.0,11.0,7.0,1.0,0.0,0.0,369.0,1.843
624548,Salva Ferrer,Spezia Calcio,27.0,Right-Back,400.0,Spain,1.84,Goal Management,right,2025.0,,,,,,,,,,,,,
390160,Salvatore Esposito,Spezia Calcio,24.0,Defensive Midfield,7500.0,Italy,1.78,,right,2027.0,35.0,1.74,7.0,9.0,0.0,2.0,3.0,6.0,0.0,0.0,3.0,422.0,2.955
368559,Ádám Nagy,Spezia Calcio,29.0,Defensive Midfield,900.0,Hungary,1.78,,right,2027.0,,,,,,,,,,,,,
702324,Rachid Kouda,Spezia Calcio,22.0,Central Midfield,3500.0,Italy,1.88,,right,2025.0,18.0,1.56,3.0,3.0,0.0,11.0,6.0,3.0,0.0,0.0,0.0,234.0,702.0
240934,Filippo Bandinelli,Spezia Calcio,30.0,Central Midfield,1200.0,Italy,1.8,,left,2027.0,,,,,,,,,,,,,
301236,Francesco Cassata,Spezia Calcio,27.0,Central Midfield,600.0,Italy,1.83,GR Sports,right,2027.0,,,,,,,,,,,,,
934386,Pietro Candelari,Spezia Calcio,20.0,Central Midfield,300.0,Italy,1.78,,right,2028.0,,,,,,,,,,,,,
924901,Halid Djankpata,Spezia Calcio,20.0,Central Midfield,300.0,Italy,1.85,,right,2027.0,7.0,0.86,0.0,0.0,0.0,1.0,3.0,0.0,0.0,0.0,0.0,0.0,471.0
392963,Salvatore Elia,Spezia Calcio,25.0,Right Winger,800.0,Italy,1.83,Mp Management,right,2026.0,33.0,1.82,2.0,3.0,0.0,6.0,16.0,7.0,0.0,0.0,0.0,1.089,2.178
930781,Francesco Pio Esposito,Spezia Calcio,19.0,Centre-Forward,17000.0,Italy,1.91,,right,2025.0,37.0,1.68,18.0,2.0,0.0,3.0,17.0,8.0,0.0,0.0,1.0,160.0,2.883
160668,Antonio Colak,Spezia Calcio,31.0,Centre-Forward,1700.0,Croatia,1.88,CAA Stellar,right,2026.0,25.0,1.72,1.0,3.0,0.0,19.0,6.0,0.0,0.0,0.0,0.0,680.0,680.0
532040,Giuseppe Di Serio,Spezia Calcio,23.0,Centre-Forward,1200.0,Italy,1.88,,right,2027.0,32.0,1.69,2.0,2.0,0.0,17.0,14.0,7.0,0.0,0.0,0.0,697.0,1.394
130394,Gianluca Lapadula,Spezia Calcio,35.0,Centre-Forward,1000.0,Peru,1.78,,left,2026.0,28.0,1.36,5.0,0.0,0.0,16.0,10.0,2.0,0.0,1.0,1.0,248.0,1.24
321065,Edoardo Soleri,Spezia Calcio,27.0,Centre-Forward,500.0,Italy,1.92,,right,2027.0,21.0,1.81,5.0,1.0,0.0,11.0,10.0,4.0,0.0,0.0,0.0,188.0,942.0
119115,Diego Falcinelli,Spezia Calcio,33.0,Centre-Forward,400.0,Italy,1.86,,left,2025.0,24.0,1.83,1.0,1.0,0.0,18.0,6.0,1.0,0.0,0.0,0.0,656.0,656.0
394872,Rayyan Baniya,Palermo,26.0,Centre-Back,2500.0,Türkiye,1.94,GG11,right,2025.0,32.0,1.5,2.0,0.0,0.0,4.0,3.0,3.0,0.0,0.0,0.0,1.252,2.503
310458,Giangiacomo Magnani,Palermo,29.0,Centre-Back,2500.0,Italy,1.92,,right,2028.0,31.0,1.1,1.0,0.0,0.0,6.0,4.0,7.0,0.0,0.0,0.0,2.299,2.299
292772,Dimitrios Nikolaou,Palermo,26.0,Centre-Back,1600.0,Greece,1.88,,left,2028.0,,,,,,,,,,,,,
239099,Pietro Ceccaroni,Palermo,29.0,Centre-Back,1400.0,Italy,1.88,,left,2027.0,31.0,1.42,2.0,3.0,0.0,2.0,6.0,6.0,0.0,1.0,0.0,1.25,2.5
623773,Kristoffer Lund,Palermo,23.0,Left-Back,3500.0,United States,1.84,,left,2027.0,,,,,,,,,,,,,
696550,Salim Diakité,Palermo,24.0,Right-Back,2500.0,Mali,1.86,,right,2028.0,33.0,1.45,1.0,2.0,0.0,9.0,6.0,8.0,0.0,0.0,0.0,2.238,2.238
534084,Niccolò Pierozzi,Palermo,23.0,Right-Back,1500.0,Italy,1.84,,right,2028.0,27.0,1.37,2.0,0.0,0.0,8.0,16.0,7.0,0.0,0.0,0.0,837.0,1.674
552939,Alessio Buttaro,Palermo,22.0,Right-Back,500.0,Italy,1.83,,right,2027.0,5.0,1.2,0.0,0.0,0.0,4.0,0.0,1.0,0.0,0.0,0.0,0.0,121.0
395239,Claudio Gomes,Palermo,24.0,Defensive Midfield,2800.0,France,1.71,ROGON,right,2027.0,35.0,1.4,2.0,1.0,0.0,6.0,10.0,6.0,0.0,0.0,0.0,1.289,2.577
236041,Alexis Blin,Palermo,28.0,Defensive Midfield,1500.0,France,1.86,Kemari,right,2027.0,19.0,1.63,0.0,2.0,0.0,0.0,8.0,6.0,0.0,0.0,0.0,0.0,1.548
489611,Filippo Ranocchia,Palermo,24.0,Central Midfield,4000.0,Italy,1.86,,both,2028.0,38.0,1.29,1.0,8.0,0.0,10.0,17.0,2.0,0.0,0.0,0.0,2.475,2.475
373899,Jacopo Segre,Palermo,28.0,Central Midfield,2500.0,Italy,1.85,,right,2027.0,36.0,1.36,3.0,4.0,0.0,10.0,11.0,5.0,0.0,0.0,0.0,785.0,2.356
615897,Aljosa Vasic,Palermo,23.0,Central Midfield,1000.0,Serbia,1.88,GR Sports,right,2028.0,27.0,1.52,0.0,1.0,0.0,24.0,2.0,2.0,0.0,1.0,0.0,0.0,626.0
162961,Valerio Verre,Palermo,31.0,Central Midfield,500.0,Italy,1.81,P&P Sport ...,right,2027.0,28.0,1.32,2.0,4.0,0.0,11.0,17.0,5.0,0.0,0.0,0.0,647.0,1.293
38607,Federico Di Francesco,Palermo,30.0,Left Winger,1200.0,Italy,1.71,,right,2026.0,30.0,1.27,1.0,7.0,0.0,11.0,15.0,3.0,0.0,0.0,0.0,1.589,1.589
238950,Francesco Di Mariano,Palermo,29.0,Left Winger,800.0,Italy,1.77,,right,2026.0,22.0,1.23,1.0,0.0,0.0,11.0,9.0,2.0,0.0,0.0,0.0,1.027,1.027
200174,Roberto Insigne,Palermo,31.0,Right Winger,1200.0,Italy,1.72,Team Raiola,left,2026.0,27.0,1.26,5.0,2.0,0.0,11.0,12.0,2.0,0.0,0.0,0.0,270.0,1.349
173491,Joel Pohjanpalo,Palermo,30.0,Centre-Forward,5000.0,Finland,1.86,Dirk Hebel,right,2029.0,35.0,1.06,15.0,3.0,0.0,1.0,18.0,1.0,0.0,0.0,5.0,194.0,2.913
188889,Matteo Luigi Brunori,Palermo,30.0,Centre-Forward,3500.0,Italy,1.8,,right,2027.0,36.0,1.22,9.0,3.0,0.0,12.0,15.0,8.0,0.0,0.0,3.0,250.0,2.25
412513,Thomas Henry,Palermo,30.0,Centre-Forward,1800.0,France,1.91,,right,2025.0,25.0,1.32,2.0,1.0,0.0,14.0,11.0,4.0,0.0,0.0,0.0,463.0,925.0
354909,Giorgio Altare,Sampdoria,26.0,Centre-Back,1800.0,Italy,1.9,,right,2026.0,26.0,1.04,0.0,0.0,1.0,5.0,5.0,3.0,0.0,0.0,0.0,0.0,1.812
705097,Davide Veroli,Sampdoria,22.0,Centre-Back,1500.0,Italy,1.88,,left,2025.0,,,,,,,,,,,,,
315857,Marco Curto,Sampdoria,26.0,Centre-Back,1200.0,Italy,1.91,,right,2025.0,29.0,1.17,2.0,1.0,0.0,5.0,8.0,8.0,0.0,0.0,0.0,1.072,2.143
487835,Alessandro Pio Riccio,Sampdoria,23.0,Centre-Back,600.0,Italy,1.87,LIAN Sports Group,right,2027.0,26.0,1.15,1.0,1.0,0.0,2.0,2.0,6.0,1.0,0.0,0.0,2.192,2.192
88706,Simone Romagnoli,Sampdoria,35.0,Centre-Back,500.0,Italy,1.93,,right,2025.0,13.0,1.46,0.0,0.0,0.0,1.0,2.0,2.0,0.0,1.0,0.0,0.0,922.0
197491,Alex Ferrari,Sampdoria,30.0,Centre-Back,350.0,Italy,1.91,,right,2027.0,9.0,1.44,0.0,1.0,0.0,2.0,2.0,2.0,1.0,0.0,0.0,0.0,676.0
381370,Pietro Beruatto,Sampdoria,26.0,Left-Back,2400.0,Italy,1.85,GR Sports,left,2025.0,34.0,1.68,0.0,2.0,0.0,10.0,17.0,3.0,0.0,0.0,0.0,0.0,1.968
265033,Nikolas Ioannou,Sampdoria,29.0,Left-Back,1200.0,Cyprus,1.83,CAA Stellar,left,2025.0,27.0,1.3,3.0,1.0,0.0,7.0,10.0,6.0,0.0,1.0,0.0,565.0,1.695
324282,Fabio Depaoli,Sampdoria,28.0,Right-Back,2000.0,Italy,1.82,,right,2028.0,35.0,1.14,4.0,3.0,0.0,10.0,12.0,9.0,1.0,0.0,0.0,550.0,2.201
144143,Bartosz Bereszyński,Sampdoria,32.0,Right-Back,1000.0,Poland,1.83,Fabryka Futbolu,right,2025.0,,,,,,,,,,,,,
240219,Lorenzo Venuti,Sampdoria,30.0,Right-Back,800.0,Italy,1.79,Team Raiola,right,2026.0,32.0,1.22,2.0,1.0,0.0,7.0,12.0,6.0,0.0,0.0,0.0,1.076,2.151
624436,Gerard Yepes,Sampdoria,22.0,Defensive Midfield,2000.0,Spain,1.7,,right,2025.0,27.0,1.07,1.0,1.0,0.0,5.0,8.0,5.0,0.0,0.0,0.0,1.97,1.97
426280,Melle Meulensteen,Sampdoria,25.0,Defensive Midfield,800.0,Netherlands,1.88,Nine Group,right,2027.0,,,,,,,,,,,,,
198087,Matteo Ricci,Sampdoria,30.0,Defensive Midfield,400.0,Italy,1.76,P&P Sport ...,both,2026.0,14.0,1.14,0.0,1.0,0.0,4.0,5.0,1.0,0.0,0.0,0.0,0.0,855.0
969192,Ebenezer Akinsanmiro,Sampdoria,20.0,Central Midfield,2000.0,Nigeria,1.84,,"
                            Jul 19, 2024                        ",2025.0,38.0,1.05,1.0,1.0,0.0,21.0,11.0,4.0,0.0,1.0,0.0,1.735,1.735
241052,Alessandro Bellemo,Sampdoria,29.0,Central Midfield,1500.0,Italy,1.84,,right,2025.0,,,,,,,,,,,,,
423615,Leonardo Benedetti,Sampdoria,24.0,Central Midfield,1200.0,Italy,1.8,,right,2026.0,28.0,1.21,0.0,1.0,0.0,15.0,11.0,6.0,0.0,0.0,0.0,0.0,1.206
434676,Ronaldo Vieira,Sampdoria,26.0,Central Midfield,400.0,England,1.78,P&P Sport ...,right,2027.0,,,,,,,,,,,,,
399543,Rémi Oudin,Sampdoria,28.0,Attacking Midfield,2500.0,France,1.86,,left,2025.0,,,,,,,,,,,,,
424275,Giuseppe Sibilli,Sampdoria,28.0,Attacking Midfield,1300.0,Italy,1.8,,right,2025.0,33.0,1.21,3.0,6.0,0.0,9.0,19.0,8.0,0.0,0.0,1.0,646.0,1.937
542336,Nikola Sekulov,Sampdoria,23.0,Attacking Midfield,800.0,Italy,1.85,GG11,right,,,,,,,,,,,,,,
96754,Fabio Borini,Sampdoria,34.0,Left Winger,900.0,Italy,1.8,,right,2025.0,15.0,0.87,1.0,0.0,0.0,9.0,5.0,2.0,0.0,0.0,0.0,515.0,515.0
202979,Gennaro Tutino,Sampdoria,28.0,Centre-Forward,3500.0,Italy,1.77,,right,2028.0,23.0,1.17,5.0,4.0,0.0,3.0,9.0,4.0,0.0,0.0,1.0,354.0,1.77
157501,M'Baye Niang,Sampdoria,30.0,Centre-Forward,1500.0,Senegal,1.88,,right,2025.0,24.0,1.33,5.0,0.0,0.0,6.0,11.0,5.0,1.0,0.0,1.0,324.0,1.62
33763,Massimo Coda,Sampdoria,36.0,Centre-Forward,1000.0,Italy,1.84,,right,2026.0,35.0,1.17,8.0,3.0,0.0,11.0,16.0,1.0,0.0,0.0,1.0,262.0,2.094
817150,Fabio Abiuso,Sampdoria,22.0,Centre-Forward,500.0,Italy,1.85,,right,2025.0,26.0,0.73,2.0,1.0,0.0,19.0,4.0,1.0,0.0,0.0,0.0,420.0,839.0
227347,Valentin Antov,Cremonese,24.0,Centre-Back,2000.0,Bulgaria,1.87,Universal Twenty Two,right,2025.0,33.0,1.61,1.0,0.0,1.0,4.0,5.0,9.0,0.0,0.0,0.0,2.59,2.59
312341,Luca Ravanelli,Cremonese,28.0,Centre-Back,1800.0,Italy,1.87,,right,2025.0,29.0,1.76,1.0,1.0,0.0,2.0,4.0,3.0,0.0,0.0,0.0,2.363,2.363
603675,Francesco Folino,Cremonese,23.0,Centre-Back,650.0,Italy,1.92,,right,2028.0,24.0,1.38,3.0,0.0,0.0,5.0,0.0,5.0,1.0,0.0,0.0,609.0,1.826
160986,Matteo Bianchetti,Cremonese,32.0,Centre-Back,500.0,Italy,1.89,,right,2026.0,37.0,1.7,1.0,1.0,1.0,0.0,2.0,8.0,1.0,0.0,0.0,3.209,3.209
163639,Federico Ceccherini,Cremonese,33.0,Centre-Back,500.0,Italy,1.87,P&P Sport ...,right,2026.0,18.0,1.5,1.0,2.0,0.0,1.0,10.0,5.0,0.0,0.0,0.0,1.287,1.287
539632,Lorenzo Moretti,Cremonese,23.0,Centre-Back,300.0,Italy,1.87,,right,2027.0,7.0,1.0,0.0,0.0,0.0,4.0,1.0,1.0,0.0,0.0,0.0,0.0,429.0
716411,Maissa Ndiaye,Cremonese,23.0,Centre-Back,125.0,Senegal,1.9,,right,,,,,,,,,,,,,,
310527,Paulo Azzi,Cremonese,30.0,Left-Back,1000.0,Brazil,1.88,,right,2026.0,26.0,1.27,3.0,3.0,0.0,5.0,3.0,5.0,0.0,0.0,0.0,635.0,1.905
569939,Tommaso Barbieri,Cremonese,22.0,Right-Back,1800.0,Italy,1.81,GR Sports,right,2028.0,34.0,1.65,3.0,4.0,0.0,12.0,15.0,9.0,0.0,0.0,0.0,658.0,1.973
243879,Charles Pickel,Cremonese,28.0,Defensive Midfield,2400.0,DR Congo,1.87,,right,2026.0,32.0,1.72,2.0,0.0,0.0,10.0,8.0,4.0,2.0,0.0,0.0,995.0,1.99
195335,Michele Castagnetti,Cremonese,35.0,Defensive Midfield,400.0,Italy,1.8,,left,2026.0,33.0,1.73,1.0,4.0,0.0,5.0,14.0,6.0,0.0,0.0,0.0,2.422,2.422
434551,Michele Collocolo,Cremonese,25.0,Central Midfield,2500.0,Italy,1.88,,right,2027.0,33.0,1.48,7.0,2.0,0.0,5.0,7.0,7.0,0.0,0.0,0.0,352.0,2.467
167741,Mattia Valoti,Cremonese,31.0,Central Midfield,1000.0,Italy,1.87,GR Sports,right,,19.0,1.47,3.0,1.0,0.0,14.0,3.0,2.0,0.0,0.0,0.0,209.0,628.0
180805,Zan Majer,Cremonese,32.0,Central Midfield,400.0,Slovenia,1.8,,right,2025.0,22.0,1.55,0.0,1.0,0.0,11.0,8.0,4.0,0.0,0.0,0.0,0.0,932.0
99227,Andrea Bertolacci,Cremonese,34.0,Central Midfield,250.0,Italy,1.79,,left,2025.0,,,,,,,,,,,,,
894456,Dachi Lordkipanidze,Cremonese,20.0,Central Midfield,100.0,Georgia,1.86,,both,2027.0,30.0,1.13,2.0,2.0,0.0,1.0,10.0,8.0,1.0,0.0,0.0,1.266,2.531
76163,Franco Vázquez,Cremonese,36.0,Attacking Midfield,1000.0,Argentina,1.87,,left,2025.0,30.0,1.5,9.0,3.0,0.0,7.0,17.0,6.0,0.0,0.0,1.0,219.0,1.97
337811,Francesco Gelli,Cremonese,28.0,Attacking Midfield,750.0,Italy,1.73,,right,2025.0,25.0,0.96,0.0,1.0,0.0,7.0,2.0,2.0,0.0,0.0,0.0,0.0,1.723
258827,Jari Vandeputte,Cremonese,29.0,Left Winger,3000.0,Belgium,1.77,,right,2025.0,38.0,1.66,4.0,13.0,0.0,10.0,25.0,4.0,0.0,0.0,0.0,541.0,2.164
406042,Dennis Johnsen,Cremonese,27.0,Left Winger,2500.0,Norway,1.85,PURE,right,2027.0,34.0,1.5,7.0,9.0,0.0,19.0,9.0,5.0,0.0,0.0,0.0,241.0,1.687
407265,Luca Zanimacchia,Cremonese,26.0,Right Winger,1400.0,Italy,1.78,GR Sports,right,2027.0,32.0,1.66,1.0,4.0,0.0,11.0,13.0,3.0,0.0,0.0,0.0,1.886,1.886
629016,Marco Nasti,Cremonese,21.0,Centre-Forward,2300.0,Italy,1.79,GR Sports,right,2028.0,28.0,1.68,2.0,2.0,0.0,21.0,6.0,10.0,0.0,0.0,0.0,478.0,956.0
375816,Manuel De Luca,Cremonese,26.0,Centre-Forward,1400.0,Italy,1.92,YOU FIRST,both,2028.0,,,,,,,,,,,,,
241527,Federico Bonazzoli,Cremonese,28.0,Centre-Forward,1300.0,Italy,1.85,,left,2028.0,28.0,1.32,6.0,1.0,0.0,10.0,15.0,2.0,0.0,0.0,0.0,225.0,1.35
450417,Dylan Bronn,Salernitana,29.0,Centre-Back,1300.0,Tunisia,1.85,,right,2025.0,25.0,1.2,0.0,2.0,0.0,2.0,3.0,5.0,0.0,0.0,0.0,0.0,2.009
277167,Gian Marco Ferrari,Salernitana,33.0,Centre-Back,1000.0,Italy,1.89,P&P Sport ...,left,2025.0,34.0,1.06,3.0,2.0,0.0,0.0,0.0,4.0,0.0,0.0,0.0,1.02,3.06
345189,Luka Lochoshvili,Salernitana,26.0,Centre-Back,600.0,Georgia,1.92,FA PLAYERS AGENTS,left,2025.0,26.0,1.31,0.0,0.0,0.0,4.0,3.0,4.0,1.0,1.0,0.0,0.0,1.979
748720,Fabio Andrea Ruggeri,Salernitana,20.0,Centre-Back,200.0,Italy,1.84,GR Sports,right,2025.0,22.0,1.14,0.0,1.0,0.0,4.0,4.0,5.0,0.0,0.0,0.0,0.0,1.626
832977,Juan Cruz Guasone,Salernitana,24.0,Centre-Back,200.0,Argentina,1.97,,right,2025.0,1.0,,0.0,0.0,0.0,1.0,0.0,0.0,0.0,0.0,0.0,0.0,1.0
818880,Tommaso Corazza,Salernitana,20.0,Left-Back,1000.0,Italy,1.74,,right,2025.0,15.0,1.47,1.0,4.0,0.0,5.0,4.0,1.0,0.0,0.0,0.0,965.0,965.0
960164,Lilian Njoh,Salernitana,23.0,Left-Back,750.0,France,1.8,,left,2026.0,27.0,1.04,0.0,2.0,0.0,7.0,5.0,1.0,1.0,0.0,0.0,0.0,1.773
287600,Pawel Jaroszynski,Salernitana,30.0,Left-Back,300.0,Poland,1.84,P&P Sport ...,left,2025.0,,,,,,,,,,,,,
183841,Petar Stojanović,Salernitana,29.0,Right-Back,1000.0,Slovenia,1.78,,right,2025.0,30.0,1.13,0.0,0.0,0.0,11.0,11.0,9.0,0.0,0.0,0.0,0.0,1.741
313477,Paolo Ghiglione,Salernitana,28.0,Right-Back,750.0,Italy,1.91,,right,2027.0,,,,,,,,,,,,,
679271,Davide Gentile,Salernitana,21.0,Right-Back,200.0,Italy,1.91,,right,2025.0,9.0,1.22,0.0,0.0,0.0,7.0,1.0,0.0,0.0,0.0,0.0,0.0,218.0
707450,Lorenzo Amatucci,Salernitana,21.0,Defensive Midfield,3500.0,Italy,1.72,YOU FIRST,right,2025.0,38.0,1.18,3.0,2.0,0.0,1.0,13.0,5.0,0.0,0.0,0.0,1.044,3.133
567472,Federico Zuccon,Salernitana,22.0,Central Midfield,1500.0,Italy,1.88,GR Sports,right,2025.0,18.0,1.44,0.0,0.0,0.0,10.0,6.0,1.0,0.0,0.0,0.0,0.0,756.0
386574,Fabrizio Caligara,Salernitana,25.0,Central Midfield,1300.0,Italy,1.8,,left,2025.0,14.0,1.57,0.0,0.0,0.0,5.0,9.0,2.0,0.0,0.0,0.0,0.0,703.0
331389,Andrés Tello,Salernitana,28.0,Central Midfield,350.0,Colombia,1.8,Team Raiola,right,2025.0,19.0,1.26,1.0,0.0,0.0,8.0,8.0,8.0,0.0,1.0,0.0,916.0,916.0
533321,Stefano Girelli,Salernitana,24.0,Central Midfield,350.0,Italy,1.8,,right,2025.0,4.0,1.0,0.0,0.0,0.0,3.0,1.0,1.0,0.0,0.0,0.0,0.0,89.0
1222050,Rocco Di Vico,Salernitana,18.0,Central Midfield,250.0,Italy,1.78,,right,,30.0,1.2,6.0,1.0,0.0,3.0,8.0,4.0,0.0,1.0,2.0,372.0,2.229
326300,Jeff Reine-Adélaïde,Salernitana,27.0,Attacking Midfield,1500.0,France,1.84,Concept Sport Agency,right,2026.0,13.0,1.0,1.0,0.0,0.0,6.0,7.0,0.0,0.0,0.0,0.0,555.0,555.0
530851,Franco Tongya,Salernitana,23.0,Attacking Midfield,1200.0,Italy,1.75,,right,2027.0,,,,,,,,,,,,,
63186,Roberto Soriano,Salernitana,34.0,Attacking Midfield,900.0,Italy,1.82,,right,2025.0,32.0,1.0,4.0,1.0,0.0,10.0,17.0,4.0,0.0,0.0,0.0,499.0,1.995
265625,Ajdin Hrustić,Salernitana,28.0,Attacking Midfield,400.0,Australia,1.8,,left,2025.0,,,,,,,,,,,,,
470391,Jayden Braaf,Salernitana,22.0,Left Winger,800.0,Netherlands,1.81,,right,2025.0,18.0,1.06,2.0,0.0,0.0,12.0,6.0,3.0,0.0,0.0,0.0,363.0,726.0
256361,Daniele Verde,Salernitana,28.0,Right Winger,1300.0,Italy,1.68,,left,2025.0,36.0,1.14,3.0,4.0,0.0,12.0,19.0,1.0,0.0,0.0,2.0,707.0,2.121
818888,Antonio Raimondo,Salernitana,21.0,Centre-Forward,4500.0,Italy,1.85,,left,2025.0,22.0,0.59,1.0,0.0,0.0,16.0,6.0,0.0,0.0,0.0,0.0,580.0,580.0
554282,Szymon Wlodarczyk,Salernitana,22.0,Centre-Forward,2000.0,Poland,1.92,INNfootball,right,2025.0,,,,,,,,,,,,,
197751,Alberto Cerri,Salernitana,29.0,Centre-Forward,1500.0,Italy,1.94,,right,2025.0,,,,,,,,,,,,,
194549,Simy,Salernitana,33.0,Centre-Forward,500.0,Nigeria,1.98,,right,2025.0,,,,,,,,,,,,,
550116,Ilario Monterisi,Frosinone,23.0,Centre-Back,2200.0,Italy,1.9,LIAN Sports Group,right,2027.0,36.0,1.11,1.0,0.0,0.0,0.0,2.0,9.0,0.0,0.0,0.0,3.179,3.179
616628,Giorgio Cittadini,Frosinone,23.0,Centre-Back,1000.0,Italy,1.93,,right,2025.0,,,,,,,,,,,,,
199927,Davide Biraschi,Frosinone,30.0,Centre-Back,700.0,Italy,1.82,,right,2026.0,19.0,0.89,0.0,0.0,0.0,1.0,6.0,5.0,0.0,0.0,0.0,0.0,1.447
571600,Gabriele Bracaglia,Frosinone,21.0,Centre-Back,600.0,Italy,1.85,,left,,,,,,,,,,,,,,
255461,Przemyslaw Szyminski,Frosinone,30.0,Centre-Back,400.0,Poland,1.85,,right,2025.0,1.0,1.0,0.0,0.0,0.0,0.0,1.0,0.0,0.0,0.0,0.0,0.0,16.0
357995,Davide Bettella,Frosinone,25.0,Centre-Back,300.0,Italy,1.85,,right,2025.0,18.0,1.39,0.0,0.0,0.0,6.0,2.0,2.0,0.0,0.0,0.0,0.0,1.14
1159022,Mateus Lusuardi,Frosinone,21.0,Centre-Back,300.0,Brazil,1.9,,"
                    Defender - Centre-Back                ",2027.0,12.0,1.17,2.0,0.0,0.0,1.0,2.0,0.0,0.0,0.0,0.0,462.0,924.0
160561,Fabio Lucioni,Frosinone,37.0,Centre-Back,200.0,Italy,1.85,,left,2025.0,9.0,2.0,0.0,1.0,0.0,6.0,0.0,2.0,0.0,0.0,0.0,0.0,401.0
457237,Sergio Kalaj,Frosinone,25.0,Centre-Back,200.0,Albania,1.93,,right,2026.0,,,,,,,,,,,,,
297645,Riccardo Marchizza,Frosinone,27.0,Left-Back,1500.0,Italy,1.86,,left,2026.0,26.0,1.12,2.0,4.0,0.0,1.0,5.0,4.0,0.0,0.0,1.0,1.082,2.163
189340,Gianluca Di Chiara,Frosinone,31.0,Left-Back,500.0,Italy,1.86,,left,2025.0,4.0,1.5,0.0,0.0,0.0,0.0,2.0,0.0,1.0,0.0,0.0,0.0,308.0
804812,Anthony Oyono,Frosinone,24.0,Right-Back,1500.0,Gabon,1.84,,right,2027.0,32.0,1.25,1.0,2.0,0.0,2.0,13.0,2.0,0.0,1.0,0.0,2.44,2.44
917376,Jérémy Oyono,Frosinone,24.0,Right-Back,250.0,Gabon,1.78,,right,2027.0,23.0,0.96,1.0,0.0,0.0,5.0,6.0,4.0,0.0,0.0,0.0,1.588,1.588
406806,Emil Bohinen,Frosinone,26.0,Defensive Midfield,1800.0,Norway,1.89,Solbakken / Player ...,left,2025.0,16.0,1.06,3.0,1.0,0.0,3.0,2.0,3.0,0.0,0.0,1.0,396.0,1.188
647484,Ebrima Darboe,Frosinone,23.0,Defensive Midfield,1300.0,The Gambia,1.79,,right,2025.0,26.0,1.08,2.0,1.0,0.0,5.0,11.0,5.0,0.0,1.0,0.0,860.0,1.719
927905,Matteo Cichella,Frosinone,19.0,Defensive Midfield,750.0,Italy,1.69,,right,,21.0,1.19,1.0,1.0,0.0,8.0,6.0,2.0,0.0,1.0,0.0,1.173,1.173
534161,Ilias Koutsoupias,Frosinone,24.0,Central Midfield,900.0,Greece,1.82,,right,2025.0,,,,,,,,,,,,,
989621,İsak Vural,Frosinone,18.0,Central Midfield,700.0,Türkiye,1.89,Unique Sports Group,right,2026.0,,,,,,,,,,,,,
522681,Ben Lhassine Kone,Frosinone,25.0,Central Midfield,600.0,Cote d'Ivoire,1.72,,left,2025.0,14.0,1.5,2.0,1.0,0.0,5.0,4.0,3.0,0.0,1.0,1.0,399.0,798.0
412758,Giorgi Kvernadze,Frosinone,22.0,Left Winger,800.0,Georgia,1.88,,right,2028.0,34.0,1.21,3.0,5.0,0.0,20.0,9.0,2.0,0.0,0.0,0.0,574.0,1.723
708186,Tjas Begic,Frosinone,21.0,Left Winger,700.0,Slovenia,1.75,,right,2025.0,22.0,1.09,1.0,0.0,0.0,10.0,11.0,4.0,0.0,0.0,0.0,1.069,1.069
182517,Anthony Partipilo,Frosinone,30.0,Right Winger,750.0,Italy,1.81,,left,2025.0,,,,,,,,,,,,,
888738,Farès Ghedjemis,Frosinone,22.0,Right Winger,500.0,France,1.83,,left,2026.0,22.0,0.91,2.0,1.0,0.0,8.0,12.0,1.0,0.0,0.0,0.0,577.0,1.154
188436,Luigi Canotto,Frosinone,31.0,Right Winger,400.0,Italy,1.78,,both,2025.0,9.0,1.33,1.0,1.0,0.0,5.0,5.0,1.0,0.0,0.0,0.0,366.0,366.0
669915,Filippo Distefano,Frosinone,21.0,Second Striker,1800.0,Italy,1.76,P&P Sport ...,right,2025.0,,,,,,,,,,,,,
707295,Giuseppe Ambrosino,Frosinone,21.0,Centre-Forward,2200.0,Italy,1.87,GG11,right,2025.0,37.0,1.05,5.0,4.0,0.0,9.0,22.0,3.0,0.0,0.0,0.0,456.0,2.28
392545,Frank Tsadjout,Frosinone,25.0,Centre-Forward,600.0,Italy,1.9,,left,2025.0,18.0,1.11,0.0,1.0,0.0,8.0,9.0,5.0,0.0,0.0,0.0,0.0,876.0
658729,Emanuele Pecorino,Frosinone,23.0,Centre-Forward,350.0,Italy,1.92,,left,2025.0,21.0,1.1,1.0,0.0,0.0,16.0,5.0,1.0,0.0,0.0,0.0,698.0,698.0
1086590,Alejandro Cichero,Frosinone,18.0,Centre-Forward,300.0,Venezuela,1.96,,right,2026.0,24.0,1.67,8.0,1.0,0.0,4.0,6.0,1.0,0.0,1.0,0.0,204.0,1.635
395805,Massimiliano Mangraviti,Cesena,27.0,Centre-Back,1200.0,Italy,1.88,,left,2027.0,40.0,1.5,0.0,1.0,1.0,1.0,4.0,5.0,0.0,0.0,0.0,0.0,3.493
392524,Andrea Ciofi,Cesena,25.0,Centre-Back,900.0,Italy,1.87,,right,2028.0,37.0,1.49,0.0,2.0,0.0,7.0,4.0,9.0,0.0,0.0,0.0,0.0,2.8
163187,Giuseppe Prestia,Cesena,31.0,Centre-Back,600.0,Italy,1.9,,right,2026.0,38.0,1.53,4.0,2.0,1.0,1.0,6.0,3.0,0.0,0.0,0.0,792.0,3.166
391453,Matteo Piacentini,Cesena,26.0,Centre-Back,100.0,Italy,1.87,,right,2028.0,11.0,1.0,0.0,0.0,0.0,3.0,2.0,1.0,0.0,0.0,0.0,0.0,758.0
167900,Daniele Donnarumma,Cesena,33.0,Left-Back,450.0,Italy,1.8,,left,2026.0,31.0,1.61,1.0,3.0,1.0,7.0,11.0,3.0,0.0,1.0,0.0,2.038,2.038
195057,Raffaele Celia,Cesena,26.0,Left-Back,300.0,Italy,1.78,,left,2026.0,31.0,1.13,1.0,1.0,0.0,12.0,8.0,4.0,0.0,0.0,0.0,1.709,1.709
932737,Enea Pitti,Cesena,20.0,Left-Back,50.0,Italy,1.87,,"
                            Aug 13, 2023                        ",2027.0,25.0,1.6,2.0,0.0,0.0,2.0,4.0,3.0,0.0,0.0,0.0,1.036,2.072
364278,Joseph Ceesay,Cesena,26.0,Right-Back,400.0,The Gambia,1.84,,right,2025.0,32.0,1.5,1.0,5.0,0.0,14.0,13.0,3.0,1.0,0.0,0.0,1.576,1.576
927261,Giulio Manetti,Cesena,19.0,Right-Back,150.0,Italy,1.79,Sferico Sports ...,"
                            Jul 1, 2024                        ",,27.0,1.3,1.0,0.0,0.0,1.0,14.0,8.0,0.0,0.0,0.0,2.181,2.181
938678,Leonardo Mendicino,Cesena,18.0,Defensive Midfield,800.0,Italy,1.82,,right,2025.0,21.0,1.57,0.0,0.0,0.0,15.0,4.0,6.0,0.0,0.0,0.0,0.0,746.0
301235,Giacomo Calò,Cesena,28.0,Defensive Midfield,750.0,Italy,1.8,,right,2027.0,36.0,1.42,2.0,5.0,0.0,3.0,14.0,10.0,0.0,1.0,0.0,1.348,2.695
257751,Simone Bastoni,Cesena,28.0,Central Midfield,1000.0,Italy,1.81,,left,2026.0,40.0,1.48,4.0,5.0,0.0,10.0,20.0,7.0,0.0,0.0,0.0,617.0,2.469
293228,Dario Saric,Cesena,27.0,Central Midfield,750.0,Bosnia-Herzegovina,1.8,MVP United,both,2025.0,26.0,1.38,3.0,0.0,0.0,11.0,14.0,2.0,0.0,0.0,0.0,418.0,1.254
908791,Matteo Francesconi,Cesena,21.0,Central Midfield,500.0,Italy,1.83,Sferico Sports ...,right,2028.0,33.0,1.64,1.0,1.0,0.0,14.0,9.0,8.0,1.0,0.0,0.0,1.634,1.634
927251,Gianmarco Castorri,Cesena,19.0,Central Midfield,150.0,Italy,1.85,,right,,38.0,1.32,5.0,6.0,0.0,5.0,13.0,4.0,0.0,1.0,0.0,582.0,2.911
411666,Emanuele Adamo,Cesena,26.0,Right Midfield,800.0,Italy,1.77,Team Raiola,right,2027.0,38.0,1.47,2.0,1.0,0.0,12.0,16.0,13.0,0.0,0.0,0.0,1.214,2.428
908768,Tommaso Berti,Cesena,21.0,Attacking Midfield,3500.0,Italy,1.71,,right,2026.0,32.0,1.34,2.0,3.0,0.0,7.0,16.0,1.0,0.0,0.0,0.0,1.059,2.118
315852,Mirko Antonucci,Cesena,26.0,Attacking Midfield,1000.0,Italy,1.78,,both,2025.0,39.0,1.49,4.0,4.0,0.0,18.0,14.0,6.0,0.0,0.0,0.0,520.0,2.081
462086,Elayis Tavsan,Cesena,24.0,Right Winger,1000.0,Netherlands,1.83,PRO10 Sports,left,2025.0,32.0,1.13,4.0,3.0,0.0,22.0,7.0,3.0,0.0,0.0,0.0,327.0,1.308
908760,Cristian Shpendi,Cesena,22.0,Centre-Forward,6000.0,Albania,1.81,LIAN Sports Group,right,2028.0,38.0,1.63,13.0,1.0,0.0,4.0,23.0,3.0,0.0,0.0,5.0,213.0,2.765
908788,Flavio Russo,Cesena,20.0,Centre-Forward,800.0,Italy,1.88,,right,2025.0,23.0,1.83,2.0,2.0,0.0,16.0,7.0,3.0,0.0,0.0,0.0,365.0,730.0
287876,Antonino La Gumina,Cesena,29.0,Centre-Forward,400.0,Italy,1.82,,right,2025.0,22.0,1.23,2.0,2.0,0.0,13.0,7.0,3.0,0.0,0.0,1.0,444.0,887.0
927268,Valentino Coveri,Cesena,20.0,Centre-Forward,150.0,Italy,1.81,,"
                            Jul 1, 2024                        ",,30.0,1.17,20.0,3.0,0.0,3.0,14.0,2.0,1.0,0.0,8.0,119.0,2.378
704825,Alessandro Dellavalle,Modena,21.0,Centre-Back,3000.0,Italy,1.89,,right,2025.0,26.0,1.27,1.0,0.0,0.0,4.0,7.0,5.0,0.0,0.0,0.0,2.007,2.007
199583,Giovanni Zaro,Modena,31.0,Centre-Back,900.0,Italy,1.93,,right,2026.0,36.0,1.22,1.0,2.0,0.0,5.0,0.0,9.0,0.0,0.0,0.0,2.831,2.831
197470,Mattia Caldara,Modena,31.0,Centre-Back,800.0,Italy,1.87,GR Sports,right,2025.0,27.0,1.11,1.0,1.0,0.0,4.0,5.0,4.0,0.0,1.0,0.0,1.938,1.938
664743,Stipe Vulikic,Modena,24.0,Centre-Back,500.0,Croatia,1.93,,left,2025.0,20.0,1.1,0.0,1.0,0.0,5.0,1.0,4.0,0.0,1.0,0.0,0.0,1.378
283421,Cristian Căuz,Modena,28.0,Centre-Back,350.0,Italy,1.88,,left,2026.0,25.0,1.4,1.0,2.0,1.0,5.0,3.0,4.0,0.0,1.0,0.0,1.69,1.69
387013,Antonio Pergreffi,Modena,37.0,Centre-Back,200.0,Italy,1.89,,left,2025.0,7.0,1.14,0.0,0.0,0.0,2.0,1.0,2.0,0.0,0.0,0.0,0.0,485.0
56601,Eric Botteghin,Modena,37.0,Centre-Back,200.0,Brazil,1.93,,right,2025.0,5.0,1.0,0.0,0.0,0.0,2.0,2.0,0.0,0.0,0.0,0.0,0.0,230.0
534082,Fabio Ponsi,Modena,24.0,Left-Back,600.0,Italy,1.86,,right,2025.0,7.0,0.86,0.0,0.0,0.0,4.0,4.0,0.0,0.0,0.0,0.0,0.0,256.0
382567,Matteo Cotali,Modena,28.0,Left-Back,600.0,Italy,1.77,,left,2026.0,31.0,1.16,1.0,0.0,0.0,6.0,20.0,6.0,0.0,1.0,0.0,2.014,2.014
1175798,Gady Beyuku,Modena,19.0,Right-Back,750.0,France,1.88,,right,2026.0,13.0,1.31,2.0,0.0,0.0,7.0,2.0,3.0,0.0,0.0,0.0,298.0,595.0
457674,Alessandro Di Pardo,Modena,25.0,Right-Back,750.0,Italy,1.82,,right,2025.0,26.0,1.27,2.0,2.0,0.0,8.0,15.0,2.0,0.0,1.0,0.0,721.0,1.441
330288,Fabio Gerli,Modena,28.0,Defensive Midfield,900.0,Italy,1.73,,right,2026.0,35.0,1.17,1.0,3.0,0.0,2.0,11.0,4.0,0.0,0.0,0.0,2.9,2.9
287863,Antonio Palumbo,Modena,28.0,Central Midfield,2200.0,Italy,1.82,,left,2027.0,36.0,1.14,9.0,10.0,0.0,1.0,10.0,10.0,0.0,1.0,5.0,339.0,3.049
392515,Simone Santoro,Modena,25.0,Central Midfield,900.0,Italy,1.81,BSP FOOTBALL AGENCY,right,2026.0,35.0,1.2,4.0,0.0,0.0,1.0,9.0,11.0,0.0,0.0,0.0,715.0,2.86
297444,Luca Magnino,Modena,27.0,Central Midfield,750.0,Italy,1.85,,right,2026.0,30.0,1.17,1.0,0.0,1.0,10.0,8.0,6.0,0.0,0.0,0.0,1.916,1.916
473871,Thomas Battistella,Modena,23.0,Central Midfield,450.0,Italy,1.86,,right,2026.0,26.0,1.27,0.0,1.0,0.0,15.0,7.0,5.0,0.0,0.0,0.0,0.0,1.062
431581,Edoardo Duca,Modena,28.0,Central Midfield,300.0,Italy,1.78,,right,2025.0,18.0,1.33,0.0,1.0,0.0,14.0,5.0,4.0,0.0,0.0,0.0,0.0,566.0
929748,Marco Oliva,Modena,19.0,Central Midfield,150.0,Italy,1.8,,left,2027.0,7.0,0.86,0.0,3.0,0.0,1.0,4.0,1.0,0.0,1.0,0.0,0.0,471.0
221421,Kleis Bozhanaj,Modena,24.0,Attacking Midfield,450.0,Albania,1.8,,right,2026.0,28.0,0.96,2.0,3.0,0.0,19.0,11.0,1.0,0.0,0.0,0.0,469.0,938.0
398030,Giuseppe Caso,Modena,26.0,Left Winger,1000.0,Italy,1.72,,right,2027.0,30.0,1.17,5.0,3.0,0.0,6.0,23.0,3.0,0.0,0.0,0.0,369.0,1.846
885623,Issiaka Kamate,Modena,20.0,Right Winger,800.0,France,1.86,,left,2025.0,19.0,0.63,0.0,0.0,0.0,13.0,5.0,1.0,0.0,0.0,0.0,0.0,669.0
498235,Pedro Mendes,Modena,25.0,Centre-Forward,2200.0,Portugal,1.87,,right,2027.0,26.0,1.42,5.0,0.0,0.0,9.0,12.0,0.0,0.0,1.0,0.0,295.0,1.475
209936,Ettore Gliozzi,Modena,29.0,Centre-Forward,700.0,Italy,1.86,,right,2025.0,24.0,1.08,4.0,2.0,0.0,16.0,7.0,4.0,0.0,0.0,1.0,242.0,966.0
163222,Grégoire Defrel,Modena,33.0,Centre-Forward,500.0,France,1.79,,left,2026.0,26.0,1.04,3.0,4.0,0.0,13.0,12.0,2.0,0.0,1.0,0.0,395.0,1.185
240158,Francesco Vicari,Bari,30.0,Centre-Back,1100.0,Italy,1.9,,right,2027.0,26.0,1.0,0.0,0.0,0.0,3.0,3.0,4.0,0.0,0.0,0.0,0.0,2.051
324378,Valerio Mantovani,Bari,29.0,Centre-Back,600.0,Italy,1.84,,right,2025.0,33.0,1.39,1.0,0.0,0.0,0.0,2.0,7.0,0.0,0.0,0.0,2.941,2.941
226093,Lorenco Simic,Bari,28.0,Centre-Back,550.0,Croatia,1.95,MVP United,right,2025.0,,,,,,,,,,,,,
704456,Nosa Edward Obaretin,Bari,22.0,Centre-Back,500.0,Italy,1.93,,left,2025.0,,,,,,,,,,,,,
139307,Raffaele Pucino,Bari,34.0,Centre-Back,250.0,Italy,1.83,,right,2025.0,,,,,,,,,,,,,
357176,Alessandro Tripaldelli,Bari,26.0,Left-Back,300.0,Italy,1.82,,left,2027.0,9.0,1.22,0.0,0.0,0.0,8.0,0.0,1.0,0.0,0.0,0.0,0.0,243.0
140559,Raffaele Maiello,Bari,33.0,Defensive Midfield,300.0,Italy,1.77,,right,2025.0,15.0,0.93,1.0,0.0,0.0,7.0,7.0,3.0,0.0,0.0,0.0,677.0,677.0
353796,Giulio Maggiore,Bari,27.0,Central Midfield,2000.0,Italy,1.84,,right,2025.0,,,,,,,,,,,,,
167470,Mattia Maita,Bari,30.0,Central Midfield,750.0,Italy,1.82,,right,2026.0,,,,,,,,,,,,,
459945,Nunzio Lella,Bari,24.0,Central Midfield,750.0,Italy,1.86,,right,2025.0,27.0,1.22,2.0,0.0,0.0,13.0,6.0,2.0,0.0,1.0,0.0,708.0,1.416
121402,Ahmad Benali,Bari,33.0,Central Midfield,400.0,Libya,1.73,GR Sports,right,2025.0,35.0,1.2,1.0,2.0,0.0,1.0,11.0,14.0,0.0,0.0,0.0,2.906,2.906
820633,Coli Saco,Bari,23.0,Central Midfield,300.0,Mali,1.97,,left,2025.0,11.0,2.27,0.0,0.0,0.0,11.0,0.0,2.0,0.0,0.0,0.0,0.0,150.0
663939,Andrea Oliveri,Bari,22.0,Right Midfield,800.0,Italy,1.81,,right,2025.0,30.0,1.27,0.0,3.0,0.0,10.0,12.0,3.0,0.0,0.0,0.0,0.0,1.793
784575,Mehdi Dorval,Bari,24.0,Left Midfield,4000.0,Algeria,1.76,,both,2026.0,38.0,1.24,4.0,6.0,0.0,0.0,13.0,4.0,0.0,0.0,0.0,787.0,3.146
820635,Costantino Favasuli,Bari,21.0,Left Midfield,800.0,Italy,1.78,,right,2025.0,30.0,1.37,1.0,1.0,0.0,10.0,15.0,8.0,0.0,0.0,0.0,1.726,1.726
264116,Gastón Pereiro,Bari,29.0,Attacking Midfield,1000.0,Uruguay,1.88,,left,2026.0,11.0,0.64,1.0,0.0,0.0,8.0,3.0,2.0,0.0,0.0,0.0,301.0,301.0
218306,César Falletti,Bari,32.0,Attacking Midfield,700.0,Uruguay,1.74,,right,2025.0,27.0,1.22,1.0,4.0,0.0,8.0,16.0,3.0,0.0,0.0,1.0,1.539,1.539
107958,Nicola Bellomo,Bari,34.0,Attacking Midfield,200.0,Italy,1.74,,right,2025.0,19.0,1.21,1.0,1.0,0.0,14.0,5.0,3.0,0.0,0.0,0.0,511.0,511.0
553513,Nicholas Bonfanti,Bari,23.0,Centre-Forward,2500.0,Italy,1.84,,right,2025.0,32.0,1.56,7.0,1.0,0.0,15.0,16.0,3.0,0.0,0.0,1.0,220.0,1.541
131951,Kevin Lasagna,Bari,32.0,Centre-Forward,900.0,Italy,1.86,P&P Sport ...,left,2025.0,35.0,1.14,7.0,1.0,0.0,8.0,23.0,1.0,0.0,0.0,0.0,319.0,2.232
336160,Andrija Novakovich,Bari,28.0,Centre-Forward,500.0,United States,1.92,Alberto Jimmy ...,right,2025.0,29.0,1.21,3.0,2.0,0.0,19.0,9.0,3.0,0.0,0.0,0.0,388.0,1.163
340151,Andrea Favilli,Bari,28.0,Centre-Forward,300.0,Italy,1.91,,right,2025.0,22.0,1.41,5.0,1.0,0.0,15.0,7.0,6.0,0.0,0.0,1.0,156.0,779.0
337381,Andrea Cistana,Brescia,28.0,Centre-Back,1800.0,Italy,1.85,,right,2027.0,23.0,1.39,1.0,2.0,0.0,3.0,2.0,2.0,0.0,2.0,0.0,1.797,1.797
503619,Andrea Papetti,Brescia,22.0,Centre-Back,1800.0,Italy,1.86,P&P Sport ...,right,2027.0,19.0,1.16,0.0,1.0,0.0,4.0,6.0,3.0,0.0,0.0,0.0,0.0,1.263
163212,Davide Adorni,Brescia,32.0,Centre-Back,500.0,Italy,1.85,,right,2026.0,37.0,1.22,3.0,1.0,0.0,0.0,2.0,11.0,0.0,0.0,0.0,1.098,3.295
745778,Gabriele Calvani,Brescia,21.0,Centre-Back,300.0,Italy,1.9,,right,2026.0,21.0,1.14,1.0,0.0,1.0,6.0,3.0,3.0,0.0,0.0,0.0,1.38,1.38
444662,Niccolò Corrado,Brescia,25.0,Left-Back,1000.0,Italy,1.79,GR Sports,left,2027.0,,,,,,,,,,,,,
357622,Alexander Jallow,Brescia,27.0,Right-Back,1000.0,Sweden,1.85,,right,2026.0,35.0,1.2,0.0,0.0,0.0,9.0,9.0,2.0,0.0,0.0,0.0,0.0,2.386
283060,Lorenzo Dickmann,Brescia,28.0,Right-Back,1000.0,Italy,1.77,,right,2026.0,38.0,1.18,0.0,2.0,0.0,3.0,6.0,10.0,0.0,0.0,0.0,0.0,3.11
887738,Zylyf Muça,Brescia,20.0,Right-Back,50.0,Albania,1.85,,"
                            Jul 1, 2023                        ",,3.0,0.67,0.0,0.0,0.0,1.0,1.0,1.0,0.0,0.0,0.0,0.0,177.0
292817,Matthias Verreth,Brescia,27.0,Defensive Midfield,1000.0,Belgium,1.81,,right,2026.0,34.0,1.24,4.0,2.0,0.0,2.0,10.0,8.0,0.0,0.0,0.0,709.0,2.834
163216,Dimitri Bisoli,Brescia,31.0,Central Midfield,1000.0,Italy,1.8,,right,2027.0,,,,,,,,,,,,,
616031,Michele Besaggio,Brescia,23.0,Central Midfield,750.0,Italy,1.81,,right,2026.0,35.0,1.17,1.0,0.0,0.0,12.0,18.0,5.0,0.0,0.0,0.0,1.986,1.986
394352,Massimo Bertagnoli,Brescia,26.0,Central Midfield,700.0,Italy,1.78,,right,2026.0,,,,,,,,,,,,,
814000,Riccardo Fogliata,Brescia,21.0,Central Midfield,400.0,Italy,1.83,,right,2028.0,7.0,1.14,1.0,0.0,0.0,4.0,3.0,0.0,0.0,0.0,0.0,320.0,320.0
34453,Birkir Bjarnason,Brescia,36.0,Central Midfield,300.0,Iceland,1.84,,right,2025.0,27.0,0.74,4.0,1.0,0.0,22.0,5.0,4.0,0.0,0.0,0.0,174.0,694.0
524428,Nicolas Galazzi,Brescia,24.0,Attacking Midfield,1100.0,Italy,1.82,,left,2028.0,24.0,1.25,1.0,6.0,0.0,6.0,16.0,2.0,0.0,0.0,0.0,1.55,1.55
539132,Giacomo Olzer,Brescia,24.0,Attacking Midfield,450.0,Italy,1.88,GR Sports,left,2026.0,27.0,1.3,3.0,2.0,0.0,9.0,17.0,4.0,0.0,0.0,0.0,445.0,1.335
813961,Patrick Nuamah,Brescia,19.0,Left Winger,500.0,Italy,1.79,Excellence Sport,right,2028.0,24.0,0.96,2.0,0.0,0.0,10.0,11.0,3.0,0.0,0.0,0.0,653.0,1.306
459988,Gennaro Borrelli,Brescia,25.0,Centre-Forward,2800.0,Italy,1.94,LIAN Sports Group,right,2028.0,36.0,1.06,7.0,2.0,0.0,6.0,17.0,8.0,0.0,0.0,0.0,380.0,2.662
927331,Ante Matej Juric,Brescia,22.0,Centre-Forward,1000.0,Croatia,1.9,GreenField,right,2028.0,33.0,1.24,3.0,3.0,0.0,20.0,10.0,6.0,0.0,0.0,0.0,476.0,1.427
238977,Gabriele Moncini,Brescia,29.0,Centre-Forward,1000.0,Italy,1.83,,right,2026.0,26.0,1.19,5.0,2.0,0.0,12.0,10.0,2.0,0.0,1.0,1.0,254.0,1.268
364132,Flavio Bianchi,Brescia,25.0,Centre-Forward,500.0,Italy,1.78,,right,2026.0,24.0,1.0,4.0,0.0,0.0,19.0,5.0,2.0,0.0,0.0,0.0,156.0,623.0
530552,Federico Bonini,Catanzaro,23.0,Centre-Back,1400.0,Italy,1.88,,left,2025.0,39.0,1.33,9.0,5.0,1.0,0.0,5.0,5.0,0.0,0.0,0.0,382.0,3.439
142990,Stefano Scognamillo,Catanzaro,31.0,Centre-Back,700.0,Italy,1.84,,right,2026.0,37.0,1.38,1.0,2.0,1.0,3.0,4.0,9.0,0.0,0.0,0.0,2.978,2.978
109110,Nicolò Brighenti,Catanzaro,35.0,Centre-Back,300.0,Italy,1.78,,right,2025.0,34.0,1.41,1.0,2.0,0.0,1.0,5.0,11.0,0.0,0.0,0.0,2.93,2.93
811279,Philipp Breit,Catanzaro,21.0,Centre-Back,50.0,Austria,2.01,,"
                            Aug 30, 2024                        ",2025.0,1.0,,0.0,0.0,0.0,1.0,0.0,0.0,0.0,0.0,0.0,0.0,24.0
458777,Giacomo Quagliata,Catanzaro,25.0,Left-Back,1000.0,Italy,1.8,,left,2025.0,29.0,1.48,2.0,5.0,0.0,7.0,11.0,3.0,0.0,1.0,0.0,976.0,1.951
412649,Tommaso Cassandro,Catanzaro,25.0,Right-Back,500.0,Italy,1.85,GR Sports,right,2025.0,31.0,1.52,1.0,2.0,0.0,11.0,6.0,3.0,0.0,0.0,0.0,1.906,1.906
138741,Mario Situm,Catanzaro,33.0,Right-Back,350.0,Croatia,1.78,,right,2025.0,25.0,1.48,1.0,3.0,0.0,6.0,8.0,2.0,0.0,0.0,0.0,1.62,1.62
459991,Marco Pompetti,Catanzaro,25.0,Defensive Midfield,1000.0,Italy,1.82,,left,2027.0,36.0,1.19,4.0,2.0,0.0,8.0,6.0,2.0,2.0,1.0,0.0,651.0,2.604
292422,Simone Pontisso,Catanzaro,28.0,Defensive Midfield,750.0,Italy,1.84,,right,2027.0,34.0,1.44,3.0,8.0,0.0,3.0,29.0,7.0,0.0,0.0,0.0,759.0,2.277
218067,Jacopo Petriccione,Catanzaro,30.0,Defensive Midfield,650.0,Italy,1.76,,right,2026.0,37.0,1.41,0.0,3.0,0.0,4.0,13.0,6.0,0.0,0.0,0.0,0.0,2.745
1295724,Francesco Maiolo,Catanzaro,18.0,,100.0,Italy,1.84,,"
                            Jul 1, 2024                        ",,1.0,,0.0,0.0,0.0,1.0,0.0,0.0,0.0,0.0,0.0,0.0,1.0
659415,Riccardo Pagano,Catanzaro,20.0,Central Midfield,2500.0,Italy,1.75,,right,2025.0,21.0,1.48,0.0,2.0,0.0,9.0,7.0,1.0,0.0,0.0,0.0,0.0,1.056
472161,Mamadou Coulibaly,Catanzaro,26.0,Central Midfield,700.0,Senegal,1.83,P&P Sport ...,right,2025.0,25.0,1.88,1.0,1.0,0.0,20.0,5.0,5.0,0.0,0.0,0.0,648.0,648.0
812654,Rareș Ilie,Catanzaro,22.0,Attacking Midfield,1500.0,Romania,1.86,,right,2025.0,16.0,1.13,0.0,3.0,0.0,10.0,5.0,3.0,0.0,0.0,0.0,0.0,733.0
551752,Demba Seck,Catanzaro,24.0,Right Winger,1000.0,Senegal,1.9,GR Sports,left,2025.0,18.0,0.89,0.0,1.0,0.0,16.0,1.0,1.0,0.0,0.0,0.0,0.0,386.0
537509,Mattia Compagnon,Catanzaro,23.0,Right Winger,400.0,Italy,1.83,,left,2025.0,22.0,1.14,2.0,0.0,0.0,8.0,14.0,2.0,0.0,0.0,0.0,596.0,1.191
99232,Marco D'Alessandro,Catanzaro,34.0,Right Winger,300.0,Italy,1.73,,right,2026.0,16.0,1.25,0.0,1.0,0.0,9.0,8.0,0.0,0.0,0.0,0.0,0.0,688.0
240129,Tommaso Biasci,Catanzaro,30.0,Second Striker,800.0,Italy,1.82,,right,2026.0,34.0,1.32,6.0,2.0,0.0,11.0,23.0,1.0,0.0,0.0,0.0,290.0,1.742
408293,Nicolò Buso,Catanzaro,25.0,Second Striker,500.0,Italy,1.76,,right,2025.0,18.0,1.11,1.0,1.0,0.0,14.0,4.0,1.0,0.0,0.0,0.0,470.0,470.0
1262393,Gabriel Rafele,Catanzaro,19.0,Second Striker,100.0,Italy,1.86,,"
                            Jul 1, 2024                        ",,0.0,,0.0,0.0,0.0,0.0,0.0,0.0,0.0,0.0,0.0,0.0,0.0
62735,Pietro Iemmello,Catanzaro,33.0,Centre-Forward,1000.0,Italy,1.86,,right,2026.0,38.0,1.42,17.0,2.0,0.0,0.0,13.0,7.0,0.0,0.0,2.0,195.0,3.312
134983,Andrea La Mantia,Catanzaro,34.0,Centre-Forward,400.0,Italy,1.9,,right,2025.0,16.0,1.31,1.0,1.0,0.0,11.0,5.0,1.0,0.0,0.0,0.0,487.0,487.0
355455,Filippo Pittarello,Catanzaro,28.0,Centre-Forward,400.0,Italy,1.85,,right,2027.0,36.0,1.33,2.0,0.0,0.0,23.0,7.0,6.0,0.0,0.0,0.0,783.0,1.566
391710,Marco Bellich,Juve Stabia,26.0,Centre-Back,750.0,Italy,1.88,,left,2027.0,36.0,1.36,2.0,0.0,0.0,1.0,10.0,8.0,0.0,0.0,0.0,1.442,2.884
362981,Marco Varnier,Juve Stabia,26.0,Centre-Back,500.0,Italy,1.86,,both,2025.0,27.0,1.52,1.0,0.0,0.0,4.0,5.0,3.0,0.0,1.0,0.0,1.994,1.994
555113,Patryk Peda,Juve Stabia,23.0,Centre-Back,400.0,Poland,1.92,,"
                            Jan 25, 2025                        ",2025.0,15.0,1.8,0.0,1.0,0.0,3.0,1.0,2.0,0.0,0.0,0.0,0.0,1.104
396307,Danilo Quaranta,Juve Stabia,28.0,Centre-Back,300.0,Italy,1.92,,left,2026.0,19.0,1.21,0.0,0.0,0.0,10.0,1.0,4.0,0.0,0.0,0.0,0.0,1.026
984964,Niccolò Fortini,Juve Stabia,19.0,Left-Back,3500.0,Italy,1.85,,right,2025.0,28.0,1.43,2.0,4.0,0.0,3.0,13.0,4.0,0.0,0.0,0.0,1.04,2.08
667627,Yuri Rocchetti,Juve Stabia,21.0,Left-Back,700.0,Italy,1.82,,left,2025.0,32.0,1.53,0.0,0.0,0.0,18.0,6.0,4.0,0.0,0.0,0.0,0.0,1.594
708086,Romano Floriani Mussolini,Juve Stabia,22.0,Right-Back,1000.0,Italy,1.88,P&P Sport ...,right,2025.0,36.0,1.58,1.0,4.0,0.0,0.0,16.0,8.0,0.0,0.0,0.0,2.98,2.98
860639,Matteo Baldi,Juve Stabia,23.0,Right-Back,200.0,Italy,1.93,,right,2026.0,,,,,,,,,,,,,
273126,Cristian Andreoni,Juve Stabia,32.0,Right-Back,150.0,Italy,1.82,,right,2026.0,14.0,2.07,0.0,0.0,0.0,8.0,2.0,2.0,0.0,0.0,0.0,0.0,590.0
479284,Giuseppe Leone,Juve Stabia,24.0,Defensive Midfield,450.0,Italy,1.83,GR Sports,right,2026.0,35.0,1.37,1.0,2.0,0.0,7.0,23.0,4.0,0.0,0.0,0.0,2.317,2.317
385379,Davide Buglio,Juve Stabia,27.0,Central Midfield,750.0,Italy,1.78,,left,2026.0,31.0,1.35,0.0,1.0,0.0,4.0,10.0,11.0,0.0,0.0,0.0,0.0,2.336
398031,Fabio Maistro,Juve Stabia,27.0,Central Midfield,450.0,Italy,1.8,,right,2026.0,27.0,1.19,2.0,1.0,0.0,13.0,14.0,2.0,0.0,0.0,0.0,548.0,1.095
364138,Marco Meli,Juve Stabia,25.0,Central Midfield,150.0,Italy,1.85,LEADERBROCK,right,2026.0,32.0,1.72,0.0,0.0,0.0,32.0,0.0,2.0,0.0,0.0,0.0,0.0,475.0
979009,Alessandro Louati,Juve Stabia,22.0,Central Midfield,150.0,Tunisia,1.91,,left,2025.0,,,,,,,,,,,,,
88690,Alberto Gerbo,Juve Stabia,35.0,Central Midfield,100.0,Italy,1.78,,right,2025.0,0.0,,0.0,0.0,0.0,0.0,0.0,0.0,0.0,1.0,0.0,0.0,0.0
302497,Nicola Mosti,Juve Stabia,27.0,Attacking Midfield,450.0,Italy,1.77,,left,2026.0,21.0,1.1,2.0,4.0,0.0,6.0,13.0,2.0,0.0,0.0,0.0,663.0,1.326
535797,Lorenzo Sgarbi,Juve Stabia,24.0,Second Striker,500.0,Italy,1.89,,right,2025.0,19.0,1.37,0.0,2.0,0.0,15.0,3.0,1.0,0.0,1.0,0.0,0.0,510.0
395739,Kevin Piscopo,Juve Stabia,27.0,Second Striker,250.0,Italy,1.81,GR Sports,right,2026.0,38.0,1.53,4.0,9.0,0.0,10.0,20.0,4.0,0.0,0.0,0.0,599.0,2.397
364206,Andrea Adorante,Juve Stabia,25.0,Centre-Forward,2000.0,Italy,1.84,,right,2027.0,,,,,,,,,,,,,
342341,Leonardo Candellone,Juve Stabia,27.0,Centre-Forward,400.0,Italy,1.86,LEADERBROCK,right,2025.0,39.0,1.49,6.0,2.0,0.0,11.0,14.0,6.0,0.0,1.0,1.0,437.0,2.622
395295,Edgaras Dubickas,Juve Stabia,26.0,Centre-Forward,325.0,Lithuania,1.85,,right,2025.0,27.0,1.59,5.0,2.0,0.0,11.0,13.0,1.0,0.0,0.0,0.0,285.0,1.423
567454,Lorenzo Lucchesi,Reggiana,22.0,Centre-Back,800.0,Italy,1.9,,left,2025.0,27.0,1.22,2.0,0.0,0.0,1.0,5.0,3.0,0.0,1.0,0.0,1.129,2.257
337149,Andrea Meroni,Reggiana,28.0,Centre-Back,600.0,Italy,1.88,,right,2026.0,37.0,1.03,0.0,0.0,1.0,1.0,4.0,5.0,0.0,0.0,0.0,0.0,3.184
61617,Paolo Rozzio,Reggiana,32.0,Centre-Back,400.0,Italy,1.9,,right,2025.0,17.0,1.29,0.0,0.0,1.0,2.0,2.0,4.0,0.0,0.0,0.0,0.0,1.307
904707,Yannis Nahounou,Reggiana,21.0,Centre-Back,50.0,France,1.93,,right,2026.0,5.0,2.4,0.0,0.0,0.0,5.0,0.0,0.0,0.0,0.0,0.0,0.0,78.0
580421,Filip Brekalo,Reggiana,22.0,Left-Back,200.0,Croatia,1.84,Bola,left,,0.0,,0.0,0.0,0.0,0.0,0.0,0.0,0.0,0.0,0.0,0.0,0.0
341481,Lorenzo Libutti,Reggiana,27.0,Right-Back,400.0,Italy,1.8,,right,2025.0,31.0,1.29,0.0,1.0,0.0,3.0,7.0,4.0,0.0,0.0,0.0,0.0,2.457
160357,Mario Sampirisi,Reggiana,32.0,Right-Back,400.0,Italy,1.88,GR Sports,right,2025.0,20.0,1.25,0.0,0.0,0.0,2.0,3.0,5.0,0.0,0.0,0.0,0.0,1.552
197745,Riccardo Fiamozzi,Reggiana,32.0,Right-Back,300.0,Italy,1.75,,right,2025.0,25.0,1.04,0.0,2.0,0.0,7.0,8.0,3.0,0.0,0.0,0.0,0.0,1.585
171159,Leo Stulac,Reggiana,30.0,Defensive Midfield,700.0,Slovenia,1.75,,right,2026.0,11.0,1.36,0.0,1.0,0.0,6.0,4.0,2.0,0.0,0.0,0.0,0.0,437.0
613085,Tobías Reinhart,Reggiana,25.0,Defensive Midfield,700.0,Argentina,1.76,AREA SPORT TEAM,right,2026.0,32.0,1.25,1.0,2.0,1.0,5.0,13.0,7.0,0.0,0.0,0.0,2.276,2.276
33218,Luca Cigarini,Reggiana,38.0,Defensive Midfield,100.0,Italy,1.75,,right,2025.0,,,,,,,,,,,,,
657550,Alessandro Sersanti,Reggiana,23.0,Central Midfield,1500.0,Italy,1.82,,right,2025.0,38.0,1.08,4.0,1.0,0.0,4.0,11.0,5.0,0.0,0.0,0.0,733.0,2.933
814445,Lorenzo Ignacchiti,Reggiana,21.0,Central Midfield,1500.0,Italy,1.84,Bola,left,2025.0,33.0,1.21,0.0,1.0,0.0,7.0,9.0,9.0,0.0,1.0,0.0,0.0,2.354
394304,Manolo Portanova,Reggiana,24.0,Central Midfield,500.0,Italy,1.83,,right,2026.0,36.0,1.22,8.0,3.0,0.0,5.0,23.0,4.0,0.0,0.0,0.0,315.0,2.52
200057,Elvis Kabashi,Reggiana,31.0,Central Midfield,250.0,Albania,1.84,,left,2025.0,16.0,1.19,0.0,2.0,0.0,8.0,7.0,4.0,0.0,0.0,0.0,0.0,676.0
390719,Oliver Urso,Reggiana,26.0,Central Midfield,150.0,Denmark,1.81,,left,2027.0,7.0,0.57,0.0,0.0,0.0,7.0,0.0,0.0,0.0,0.0,0.0,0.0,128.0
703245,Antonio Vergara,Reggiana,22.0,Attacking Midfield,1500.0,Italy,1.82,,left,2025.0,33.0,1.06,5.0,6.0,0.0,6.0,16.0,11.0,0.0,0.0,0.0,468.0,2.339
611861,Natan Girma,Reggiana,23.0,Attacking Midfield,600.0,Switzerland,1.9,,right,2027.0,,,,,,,,,,,,,
936646,Matteo Maggio,Reggiana,23.0,Left Winger,400.0,Italy,1.76,BSP FOOTBALL AGENCY,both,2026.0,21.0,0.76,2.0,1.0,0.0,16.0,5.0,4.0,0.0,0.0,0.0,325.0,649.0
198128,Manuel Marras,Reggiana,31.0,Right Winger,400.0,Italy,1.68,,left,2026.0,28.0,1.25,0.0,2.0,0.0,9.0,11.0,8.0,0.0,1.0,0.0,0.0,1.701
264514,Luca Vido,Reggiana,28.0,Centre-Forward,500.0,Italy,1.82,,right,2025.0,29.0,0.9,6.0,2.0,0.0,20.0,8.0,4.0,0.0,0.0,1.0,168.0,1.005
213854,Cedric Gondo,Reggiana,28.0,Centre-Forward,500.0,Cote d'Ivoire,1.87,,right,2026.0,34.0,1.12,7.0,1.0,0.0,10.0,16.0,9.0,0.0,0.0,1.0,294.0,2.056
88683,Mattia Destro,Reggiana,34.0,Centre-Forward,350.0,Italy,1.82,,right,2025.0,1.0,,0.0,0.0,0.0,1.0,0.0,0.0,0.0,0.0,0.0,0.0,6.0
130369,Stefano Pettinari,Reggiana,33.0,Centre-Forward,200.0,Italy,1.85,,right,2025.0,12.0,0.75,1.0,0.0,0.0,7.0,4.0,1.0,0.0,0.0,0.0,529.0,529.0
475149,Marco Imperiale,Carrarese,26.0,Centre-Back,1000.0,Italy,1.82,,left,2027.0,38.0,1.11,0.0,0.0,0.0,0.0,1.0,4.0,0.0,1.0,0.0,0.0,3.394
745427,Gabriele Guarino,Carrarese,21.0,Centre-Back,900.0,Italy,1.93,,right,2025.0,16.0,1.5,2.0,1.0,0.0,2.0,6.0,3.0,1.0,0.0,0.0,589.0,1.177
616162,Alessandro Fontanarosa,Carrarese,22.0,Centre-Back,750.0,Italy,1.85,,left,2025.0,15.0,1.0,0.0,0.0,0.0,4.0,5.0,3.0,0.0,0.0,0.0,0.0,971.0
250921,Mauro Coppolaro,Carrarese,28.0,Centre-Back,400.0,Italy,1.89,,right,2025.0,,,,,,,,,,,,,
393607,Filippo Oliana,Carrarese,25.0,Centre-Back,300.0,Italy,1.85,,right,,21.0,1.05,1.0,0.0,0.0,6.0,4.0,5.0,0.0,0.0,0.0,1.466,1.466
441264,Julián Illanes,Carrarese,28.0,Centre-Back,250.0,Argentina,1.88,,right,,32.0,1.16,1.0,0.0,0.0,0.0,2.0,9.0,0.0,2.0,0.0,2.806,2.806
293367,Nicolás Schiavi,Carrarese,30.0,Defensive Midfield,500.0,Argentina,1.73,,right,2027.0,37.0,1.27,6.0,2.0,0.0,0.0,20.0,9.0,0.0,0.0,3.0,484.0,2.901
567470,Samuel Giovane,Carrarese,22.0,Central Midfield,1500.0,Italy,1.83,,left,2025.0,,,,,,,,,,,,,
315862,Filippo Melegoni,Carrarese,26.0,Central Midfield,1000.0,Italy,1.86,P&P Sport ...,right,2027.0,13.0,0.62,0.0,1.0,0.0,7.0,5.0,1.0,0.0,0.0,0.0,0.0,501.0
538569,Tommaso Milanese,Carrarese,22.0,Central Midfield,750.0,Italy,1.73,,right,2025.0,14.0,1.5,0.0,0.0,0.0,9.0,5.0,0.0,0.0,0.0,0.0,0.0,488.0
477556,Emanuele Zuelli,Carrarese,23.0,Central Midfield,300.0,Italy,1.82,,both,2026.0,35.0,1.23,2.0,3.0,0.0,10.0,13.0,3.0,0.0,0.0,0.0,1.068,2.136
84442,Leonardo Capezzi,Carrarese,30.0,Central Midfield,250.0,Italy,1.78,GR Sports,right,,23.0,1.13,0.0,1.0,0.0,13.0,6.0,5.0,0.0,0.0,0.0,0.0,1.071
199971,Michele Cavion,Carrarese,30.0,Central Midfield,200.0,Italy,1.8,,both,2025.0,3.0,2.33,0.0,0.0,0.0,2.0,1.0,0.0,0.0,0.0,0.0,0.0,83.0
593381,Simone Zanon,Carrarese,23.0,Right Midfield,600.0,Italy,1.78,,right,2027.0,36.0,1.22,1.0,5.0,0.0,5.0,19.0,3.0,0.0,0.0,0.0,2.466,2.466
457235,Devid Eugene Bouah,Carrarese,23.0,Right Midfield,350.0,Italy,1.83,,right,2026.0,32.0,1.28,3.0,0.0,0.0,18.0,5.0,3.0,0.0,0.0,0.0,515.0,1.546
386850,Manuel Cicconi,Carrarese,27.0,Left Midfield,600.0,Italy,1.82,,left,2027.0,36.0,1.25,3.0,9.0,0.0,3.0,12.0,10.0,0.0,0.0,0.0,968.0,2.904
721227,Luigi Cherubini,Carrarese,21.0,Left Winger,1000.0,Italy,1.75,,right,2025.0,35.0,1.29,4.0,5.0,0.0,15.0,14.0,4.0,0.0,0.0,0.0,475.0,1.901
459953,Giacomo Manzari,Carrarese,24.0,Right Winger,300.0,Italy,1.78,,left,2025.0,16.0,0.81,1.0,0.0,0.0,14.0,2.0,2.0,0.0,0.0,0.0,480.0,480.0
240190,Niccolò Belloni,Carrarese,30.0,Right Winger,150.0,Italy,1.76,,left,2025.0,23.0,0.78,0.0,0.0,0.0,16.0,5.0,2.0,0.0,0.0,0.0,0.0,727.0
931567,Stiven Shpendi,Carrarese,22.0,Centre-Forward,1800.0,Albania,1.81,LIAN Sports Group,right,2025.0,25.0,1.12,4.0,2.0,0.0,9.0,11.0,4.0,0.0,0.0,0.0,389.0,1.557
672830,Leonardo Cerri,Carrarese,22.0,Centre-Forward,1000.0,Italy,1.98,Pietro Chiodi ...,both,2025.0,,,,,,,,,,,,,
159883,Ernesto Torregrossa,Carrarese,32.0,Centre-Forward,400.0,Venezuela,1.84,,left,2025.0,,,,,,,,,,,,,
284604,Mattia Finotto,Carrarese,32.0,Centre-Forward,300.0,Italy,1.86,,right,2026.0,37.0,1.22,6.0,1.0,0.0,12.0,19.0,0.0,0.0,0.0,0.0,360.0,2.161
691235,Andrea Giorgini,Südtirol,23.0,Centre-Back,1200.0,Italy,1.9,GG11,right,2026.0,31.0,1.35,2.0,1.0,0.0,4.0,1.0,6.0,0.0,0.0,0.0,1.268,2.536
1039342,Raphael Kofler,Südtirol,20.0,Centre-Back,800.0,Italy,1.93,,right,2028.0,29.0,1.31,1.0,0.0,0.0,7.0,8.0,5.0,0.0,0.0,0.0,1.95,1.95
457468,Nicola Pietrangeli,Südtirol,24.0,Centre-Back,300.0,Italy,1.91,,right,2027.0,29.0,1.28,4.0,0.0,1.0,2.0,0.0,2.0,0.0,0.0,0.0,616.0,2.463
102745,Luca Ceppitelli,Südtirol,35.0,Centre-Back,300.0,Italy,1.86,BSP FOOTBALL AGENCY,both,2025.0,11.0,1.09,0.0,0.0,0.0,0.0,1.0,2.0,0.0,0.0,0.0,0.0,994.0
111433,Frédéric Veseli,Südtirol,32.0,Centre-Back,250.0,Albania,1.85,Gold and Foot,right,2026.0,24.0,1.46,0.0,1.0,0.0,1.0,4.0,5.0,0.0,0.0,0.0,0.0,1.991
34198,Andrea Masiello,Südtirol,39.0,Centre-Back,200.0,Italy,1.84,,right,2025.0,17.0,1.06,0.0,1.0,0.0,2.0,2.0,4.0,0.0,0.0,0.0,0.0,1.37
1185019,Benedikt Rottensteiner,Südtirol,19.0,Centre-Back,100.0,Italy,1.86,Alberto Jimmy ...,right,2027.0,28.0,1.21,3.0,2.0,0.0,0.0,1.0,2.0,0.0,0.0,0.0,833.0,2.5
934272,Alessandro Vimercati,Südtirol,22.0,Centre-Back,50.0,Italy,1.92,,left,2026.0,1.0,,0.0,0.0,0.0,1.0,0.0,0.0,0.0,0.0,0.0,0.0,14.0
611197,Simone Davi,Südtirol,25.0,Left-Back,600.0,Italy,1.78,,left,2027.0,27.0,1.15,2.0,2.0,0.0,9.0,9.0,4.0,0.0,0.0,0.0,865.0,1.729
241889,Antonio Barreca,Südtirol,30.0,Left-Back,300.0,Italy,1.8,MVP United,left,2025.0,16.0,1.25,2.0,0.0,0.0,8.0,7.0,0.0,0.0,0.0,0.0,376.0,752.0
395089,Hamza El Kaouakibi,Südtirol,27.0,Right-Back,250.0,Morocco,1.85,,right,2026.0,,,,,,,,,,,,,
679754,Niklas Pyyhtiä,Südtirol,21.0,Central Midfield,1000.0,Finland,1.88,,left,2025.0,21.0,1.33,4.0,3.0,0.0,8.0,13.0,4.0,0.0,0.0,0.0,290.0,1.159
467994,Luca Belardinelli,Südtirol,24.0,Central Midfield,800.0,Italy,1.9,,right,2025.0,15.0,1.6,0.0,2.0,0.0,7.0,6.0,1.0,0.0,0.0,0.0,0.0,699.0
331395,Fabian Tait,Südtirol,32.0,Central Midfield,500.0,Italy,1.86,,right,2025.0,20.0,1.45,1.0,3.0,0.0,10.0,10.0,1.0,0.0,0.0,0.0,796.0,796.0
199070,Tommaso Arrigoni,Südtirol,31.0,Central Midfield,300.0,Italy,1.71,,right,,21.0,0.86,1.0,1.0,0.0,2.0,4.0,3.0,0.0,0.0,0.0,1.727,1.727
346560,Alessandro Mallamo,Südtirol,26.0,Central Midfield,300.0,Italy,1.74,,right,,22.0,1.05,2.0,2.0,0.0,14.0,8.0,3.0,0.0,0.0,0.0,367.0,734.0
163582,Salvatore Molina,Südtirol,33.0,Right Midfield,400.0,Italy,1.77,,right,2025.0,38.0,1.18,4.0,3.0,0.0,1.0,19.0,6.0,0.0,0.0,0.0,780.0,3.118
612065,Karim Zedadka,Südtirol,24.0,Left Midfield,250.0,Algeria,1.84,P&P Sport ...,right,2027.0,18.0,0.72,1.0,1.0,0.0,8.0,5.0,2.0,0.0,0.0,0.0,872.0,872.0
199272,Daniele Casiraghi,Südtirol,32.0,Attacking Midfield,900.0,Italy,1.77,,right,2026.0,37.0,1.14,5.0,3.0,0.0,8.0,21.0,4.0,1.0,0.0,3.0,470.0,2.351
374418,Mateusz Praszelik,Südtirol,24.0,Attacking Midfield,700.0,Poland,1.84,,right,2025.0,28.0,1.14,1.0,1.0,0.0,9.0,14.0,0.0,1.0,0.0,0.0,1.689,1.689
392577,Matteo Rover,Südtirol,26.0,Second Striker,900.0,Italy,1.85,,right,2026.0,29.0,1.14,4.0,1.0,0.0,14.0,11.0,5.0,0.0,0.0,0.0,349.0,1.397
315859,Gabriele Gori,Südtirol,26.0,Centre-Forward,500.0,Italy,1.87,P&P Sport ...,left,2025.0,35.0,1.83,8.0,2.0,0.0,20.0,12.0,6.0,0.0,0.0,2.0,200.0,1.598
460842,Silvio Merkaj,Südtirol,27.0,Centre-Forward,500.0,Albania,1.88,,right,2026.0,36.0,1.14,7.0,3.0,0.0,14.0,16.0,12.0,0.0,0.0,0.0,301.0,2.104
307335,Raphael Odogwu,Südtirol,34.0,Centre-Forward,400.0,Italy,1.88,,left,2025.0,38.0,1.13,5.0,9.0,0.0,5.0,13.0,3.0,0.0,0.0,1.0,580.0,2.902
421780,Edoardo Vergani,Südtirol,24.0,Centre-Forward,200.0,Italy,1.86,,right,2025.0,22.0,1.64,1.0,2.0,0.0,8.0,7.0,0.0,0.0,1.0,0.0,1.253,1.253
355791,Fabrizio Brignani,Mantova,27.0,Centre-Back,700.0,Italy,1.91,,right,2028.0,30.0,1.23,3.0,1.0,0.0,1.0,5.0,6.0,1.0,0.0,0.0,798.0,2.393
538937,Stefano Cella,Mantova,24.0,Centre-Back,500.0,Italy,1.87,,right,2027.0,22.0,1.23,0.0,0.0,0.0,3.0,2.0,6.0,0.0,1.0,0.0,0.0,1.848
136135,Matteo Solini,Mantova,32.0,Centre-Back,200.0,Italy,1.86,,left,2026.0,22.0,1.18,2.0,0.0,0.0,10.0,6.0,8.0,0.0,0.0,0.0,595.0,1.19
56830,Sebastien De Maio,Mantova,38.0,Centre-Back,100.0,France,1.9,,right,2025.0,14.0,1.14,0.0,0.0,0.0,6.0,0.0,3.0,0.0,0.0,0.0,0.0,913.0
480046,Simone Giordano,Mantova,23.0,Left-Back,1000.0,Italy,1.84,,left,2025.0,18.0,1.17,0.0,0.0,0.0,7.0,6.0,2.0,0.0,0.0,0.0,0.0,917.0
211416,Erik Panizzi,Mantova,31.0,Left-Back,250.0,Italy,1.76,,left,2026.0,7.0,1.14,0.0,0.0,0.0,2.0,0.0,1.0,0.0,0.0,0.0,0.0,507.0
497693,Tommaso Maggioni,Mantova,23.0,Right-Back,350.0,Italy,1.81,,right,2025.0,30.0,1.17,3.0,2.0,0.0,9.0,7.0,1.0,0.0,0.0,0.0,662.0,1.986
627625,Nicolò Radaelli,Mantova,22.0,Right-Back,300.0,Italy,1.89,,right,2027.0,20.0,0.95,3.0,2.0,0.0,2.0,11.0,5.0,0.0,0.0,0.0,485.0,1.454
41920,Salvatore Burrai,Mantova,37.0,Defensive Midfield,300.0,Italy,1.77,,right,2026.0,29.0,1.31,1.0,3.0,0.0,0.0,6.0,15.0,0.0,0.0,0.0,2.513,2.513
497312,Federico Artioli,Mantova,23.0,Defensive Midfield,250.0,Italy,1.78,,right,2027.0,12.0,0.92,0.0,1.0,0.0,2.0,5.0,2.0,0.0,0.0,0.0,0.0,817.0
562255,David Wieser,Mantova,23.0,Central Midfield,350.0,Italy,1.82,,"
                            Jul 28, 2023                        ",2027.0,31.0,1.32,0.0,3.0,0.0,23.0,8.0,3.0,0.0,0.0,0.0,0.0,933.0
391057,Cristiano Bani,Mantova,26.0,Central Midfield,300.0,Italy,1.87,,right,2026.0,26.0,1.38,0.0,1.0,0.0,4.0,10.0,5.0,0.0,0.0,0.0,0.0,1.949
235923,Mattia Muroni,Mantova,29.0,Central Midfield,300.0,Italy,1.76,,right,2026.0,7.0,1.0,0.0,0.0,0.0,1.0,4.0,2.0,0.0,0.0,0.0,0.0,489.0
565162,Giacomo Fedel,Mantova,22.0,Central Midfield,200.0,Italy,1.71,,right,2027.0,9.0,0.89,0.0,1.0,0.0,6.0,0.0,0.0,0.0,0.0,0.0,0.0,388.0
200188,Mattia Aramu,Mantova,30.0,Attacking Midfield,1000.0,Italy,1.8,,left,2025.0,27.0,1.3,2.0,3.0,0.0,15.0,11.0,4.0,0.0,0.0,0.0,564.0,1.127
619494,Francesco Ruocco,Mantova,24.0,Attacking Midfield,450.0,Italy,1.7,,right,2028.0,23.0,1.35,2.0,2.0,0.0,16.0,6.0,0.0,0.0,0.0,0.0,412.0,824.0
704680,Antonio Fiori,Mantova,22.0,Left Winger,550.0,Italy,1.8,,right,2027.0,37.0,1.16,3.0,5.0,0.0,12.0,21.0,4.0,0.0,0.0,0.0,681.0,2.044
704335,Davide Bragantini,Mantova,21.0,Right Winger,800.0,Italy,1.79,,left,2029.0,37.0,1.14,7.0,3.0,0.0,20.0,17.0,2.0,0.0,0.0,0.0,223.0,1.561
160344,Leonardo Mancuso,Mantova,32.0,Centre-Forward,500.0,Italy,1.82,,right,2026.0,40.0,1.18,10.0,2.0,0.0,10.0,24.0,3.0,0.0,0.0,2.0,243.0,2.431
307334,Davis Mensah,Mantova,33.0,Centre-Forward,200.0,Italy,1.86,,right,2026.0,37.0,1.22,2.0,8.0,0.0,6.0,25.0,4.0,0.0,0.0,0.0,1.217,2.433
441611,Michael Venturi,Cosenza,26.0,Centre-Back,650.0,Italy,1.93,,right,2025.0,28.0,0.96,1.0,1.0,0.0,6.0,6.0,6.0,0.0,1.0,0.0,1.966,1.966
487829,Christian Dalle Mura,Cosenza,23.0,Centre-Back,600.0,Italy,1.85,,left,2027.0,23.0,1.09,0.0,1.0,1.0,0.0,5.0,5.0,0.0,0.0,0.0,0.0,1.935
397115,Alessandro Caporale,Cosenza,29.0,Centre-Back,400.0,Italy,1.9,,left,2026.0,,,,,,,,,,,,,
394920,Filippo Sgarbi,Cosenza,27.0,Centre-Back,300.0,Italy,1.91,,right,2025.0,16.0,0.63,0.0,0.0,0.0,1.0,0.0,3.0,0.0,1.0,0.0,0.0,1.302
415520,Andrea Hristov,Cosenza,26.0,Centre-Back,200.0,Bulgaria,1.92,,both,2025.0,20.0,0.85,1.0,1.0,0.0,2.0,0.0,2.0,0.0,1.0,0.0,1.648,1.648
309746,Pietro Martino,Cosenza,27.0,Right-Back,350.0,Italy,1.78,,right,2025.0,14.0,1.0,0.0,0.0,1.0,8.0,0.0,3.0,1.0,0.0,0.0,0.0,611.0
816006,Baldovino Cimino,Cosenza,21.0,Right-Back,300.0,Italy,1.84,,right,2027.0,14.0,1.36,0.0,2.0,0.0,6.0,8.0,0.0,0.0,0.0,0.0,0.0,653.0
1082519,Charlys,Cosenza,21.0,Defensive Midfield,500.0,Brazil,1.88,,right,2025.0,28.0,1.0,1.0,1.0,0.0,5.0,14.0,9.0,0.0,0.0,0.0,1.874,1.874
619326,Aldo Florenzi,Cosenza,23.0,Central Midfield,1000.0,Italy,1.68,,right,2026.0,30.0,0.83,2.0,2.0,1.0,1.0,18.0,10.0,2.0,0.0,0.0,1.133,2.265
529885,Christian Kouan,Cosenza,25.0,Central Midfield,600.0,Cote d'Ivoire,1.78,,right,2026.0,34.0,0.97,0.0,1.0,0.0,4.0,12.0,9.0,0.0,1.0,0.0,0.0,2.533
650224,Christos Kourfalidis,Cosenza,22.0,Central Midfield,600.0,Greece,1.78,,right,2026.0,25.0,1.0,0.0,0.0,0.0,15.0,6.0,5.0,0.0,1.0,0.0,0.0,1.11
242469,Mario Gargiulo,Cosenza,29.0,Central Midfield,500.0,Italy,1.87,,left,2026.0,33.0,0.79,1.0,1.0,0.0,6.0,7.0,6.0,0.0,0.0,0.0,2.446,2.446
411465,Andrea Rizzo Pinna,Cosenza,25.0,Central Midfield,450.0,Italy,1.72,,right,2027.0,31.0,0.61,2.0,1.0,0.0,18.0,8.0,0.0,0.0,0.0,0.0,715.0,1.43
457672,Manuel Ricciardi,Cosenza,25.0,Right Midfield,350.0,Italy,1.84,,right,2026.0,32.0,0.91,4.0,2.0,0.0,11.0,14.0,6.0,1.0,0.0,0.0,495.0,1.978
261056,Giacomo Ricci,Cosenza,28.0,Left Midfield,400.0,Italy,1.8,,left,2026.0,25.0,0.92,1.0,1.0,0.0,9.0,11.0,5.0,0.0,0.0,0.0,1.409,1.409
331199,Tommaso D'Orazio,Cosenza,35.0,Left Midfield,250.0,Italy,1.85,,left,2025.0,26.0,0.58,2.0,2.0,0.0,10.0,13.0,9.0,0.0,0.0,0.0,685.0,1.37
205677,Luca Garritano,Cosenza,31.0,Attacking Midfield,500.0,Italy,1.72,,right,2026.0,20.0,1.05,0.0,0.0,0.0,12.0,5.0,5.0,0.0,0.0,0.0,0.0,830.0
1065999,Gianmarco Begheldo,Cosenza,22.0,Attacking Midfield,100.0,Italy,1.83,,right,2027.0,4.0,1.5,0.0,0.0,0.0,0.0,2.0,0.0,0.0,0.0,0.0,0.0,332.0
628558,Riccardo Ciervo,Cosenza,23.0,Left Winger,1000.0,Italy,1.9,,right,2025.0,31.0,0.77,1.0,2.0,0.0,13.0,13.0,2.0,0.0,0.0,1.0,1.605,1.605
691678,Tommaso Fumagalli,Cosenza,25.0,Centre-Forward,500.0,Italy,1.85,,right,2025.0,25.0,0.76,4.0,1.0,0.0,8.0,13.0,4.0,0.0,0.0,1.0,334.0,1.337
337809,Simone Mazzocchi,Cosenza,26.0,Centre-Forward,500.0,Italy,1.82,,right,,,,,,,,,,,,,,
748316,Juan Manuel Cruz,Cosenza,25.0,Centre-Forward,400.0,Argentina,1.85,,right,2025.0,8.0,1.0,0.0,0.0,0.0,5.0,3.0,1.0,0.0,0.0,0.0,0.0,256.0
539582,Massimo Zilli,Cosenza,22.0,Centre-Forward,400.0,Italy,1.94,,left,2025.0,25.0,0.88,3.0,1.0,0.0,17.0,8.0,2.0,0.0,0.0,0.0,245.0,735.0
821125,Jahce Novello,Cosenza,21.0,Centre-Forward,50.0,Australia,1.86,MVP United,left,,4.0,,0.0,0.0,0.0,2.0,2.0,0.0,0.0,0.0,0.0,0.0,184.0
621122,Matteo Angeli,Cittadella,22.0,Centre-Back,500.0,Italy,1.85,,right,2026.0,17.0,0.76,0.0,0.0,1.0,1.0,1.0,5.0,0.0,0.0,0.0,0.0,1.435
167480,Nicola Pavan,Cittadella,31.0,Centre-Back,500.0,Italy,1.86,,right,,28.0,1.07,0.0,0.0,0.0,2.0,2.0,5.0,1.0,0.0,0.0,0.0,2.31
602607,Stefano Piccinini,Cittadella,22.0,Centre-Back,250.0,Italy,1.86,,right,,5.0,1.0,0.0,0.0,0.0,2.0,2.0,3.0,0.0,0.0,0.0,0.0,363.0
395527,Emmanuele Matino,Cittadella,26.0,Centre-Back,200.0,Italy,1.86,,right,2025.0,6.0,0.67,0.0,0.0,0.0,2.0,1.0,0.0,0.0,0.0,0.0,0.0,379.0
238947,Elio Capradossi,Cittadella,29.0,Centre-Back,200.0,Uganda,1.85,,both,2025.0,,,,,,,,,,,,,
249046,Stefano Negro,Cittadella,29.0,Centre-Back,150.0,Italy,1.93,,right,,7.0,1.14,0.0,0.0,0.0,3.0,4.0,1.0,0.0,0.0,0.0,0.0,256.0
704191,Andrea Cecchetto,Cittadella,22.0,Centre-Back,50.0,Italy,1.8,,right,,4.0,0.75,0.0,0.0,0.0,2.0,2.0,1.0,0.0,0.0,0.0,0.0,161.0
286293,Edoardo Masciangelo,Cittadella,28.0,Left-Back,300.0,Italy,1.77,GG11,left,,36.0,0.92,1.0,5.0,0.0,5.0,9.0,5.0,0.0,0.0,0.0,2.771,2.771
641553,Alessio Rizza,Cittadella,22.0,Left-Back,200.0,Italy,1.75,,left,,6.0,1.0,0.0,0.0,0.0,4.0,2.0,1.0,0.0,0.0,0.0,0.0,175.0
381794,Lorenzo Carissoni,Cittadella,28.0,Right-Back,600.0,Italy,1.8,,right,2025.0,36.0,0.97,2.0,0.0,1.0,1.0,0.0,6.0,0.0,0.0,0.0,1.585,3.169
150462,Alessandro Salvi,Cittadella,36.0,Right-Back,200.0,Italy,1.83,,right,,,,,,,,,,,,,,
659649,Federico Casolari,Cittadella,22.0,Defensive Midfield,400.0,Italy,1.77,Excellence Sport,right,2027.0,22.0,1.0,1.0,0.0,1.0,5.0,11.0,8.0,0.0,0.0,0.0,1.335,1.335
536342,Francesco Amatucci,Cittadella,23.0,Central Midfield,900.0,Italy,1.82,,right,,38.0,0.95,1.0,0.0,0.0,6.0,9.0,9.0,0.0,0.0,0.0,2.902,2.902
163606,Alessio Vita,Cittadella,32.0,Central Midfield,500.0,Italy,1.78,,right,,,,,,,,,,,,,,
723614,Francesco D'Alessio,Cittadella,21.0,Central Midfield,500.0,Italy,1.82,,right,2027.0,24.0,1.5,0.0,2.0,0.0,6.0,7.0,2.0,0.0,0.0,0.0,0.0,1.572
393605,Andrea Tessiore,Cittadella,25.0,Central Midfield,250.0,Italy,1.77,YOU FIRST,right,2026.0,25.0,0.84,0.0,1.0,0.0,19.0,5.0,3.0,0.0,0.0,0.0,0.0,811.0
685509,Simone Tronchin,Cittadella,22.0,Central Midfield,150.0,Italy,1.85,,right,2027.0,23.0,1.17,2.0,2.0,0.0,2.0,17.0,5.0,0.0,0.0,0.0,758.0,1.515
285913,Riccardo Palmieri,Cittadella,29.0,Central Midfield,100.0,Italy,1.82,,left,,24.0,1.17,1.0,0.0,0.0,10.0,10.0,8.0,0.0,0.0,0.0,1.198,1.198
199947,Davide Voltan,Cittadella,30.0,Attacking Midfield,100.0,Italy,1.77,,right,,11.0,0.18,1.0,0.0,0.0,10.0,1.0,0.0,0.0,0.0,1.0,194.0,194.0
610878,Jacopo Desogus,Cittadella,22.0,Left Winger,250.0,Italy,1.74,,right,2026.0,24.0,0.71,1.0,1.0,0.0,14.0,11.0,3.0,0.0,0.0,0.0,910.0,910.0
401935,Orji Okwonkwo,Cittadella,27.0,Right Winger,250.0,Nigeria,1.8,,right,2025.0,27.0,0.89,3.0,1.0,0.0,11.0,15.0,5.0,0.0,0.0,0.0,459.0,1.376
827997,Ahmed Sanogo,Cittadella,20.0,Second Striker,50.0,Italy,1.8,,right,,,,,,,,,,,,,,
438021,Luca Pandolfi,Cittadella,27.0,Centre-Forward,500.0,Italy,1.86,,right,,,,,,,,,,,,,,
482792,Simone Rabbi,Cittadella,23.0,Centre-Forward,250.0,Italy,1.77,,right,,36.0,1.06,4.0,3.0,0.0,15.0,19.0,7.0,0.0,0.0,0.0,448.0,1.791
661171,Willian Pacho,Paris SG,23.0,Centre-Back,45000.0,Ecuador,1.87,,left,2029.0,50.0,2.36,0.0,2.0,1.0,7.0,5.0,2.0,0.0,0.0,0.0,0.0,3.952
181767,Marquinhos,Paris SG,31.0,Centre-Back,40000.0,Brazil,1.83,Bertolucci Sports,right,2028.0,40.0,2.25,3.0,0.0,0.0,3.0,4.0,7.0,0.0,0.0,0.0,1.115,3.345
872171,Lucas Beraldo,Paris SG,21.0,Centre-Back,25000.0,Brazil,1.86,,left,2028.0,32.0,2.63,1.0,0.0,0.0,6.0,3.0,7.0,0.0,0.0,0.0,2.423,2.423
282041,Presnel Kimpembe,Paris SG,29.0,Centre-Back,8000.0,France,1.83,,left,2026.0,5.0,3.0,0.0,0.0,0.0,5.0,0.0,1.0,0.0,0.0,0.0,0.0,76.0
616341,Nuno Mendes,Paris SG,22.0,Left-Back,55000.0,Portugal,1.8,AS1,left,2029.0,44.0,2.27,6.0,6.0,0.0,7.0,7.0,8.0,0.0,0.0,0.0,568.0,3.407
281963,Lucas Hernández,Paris SG,29.0,Left-Back,30000.0,France,1.84,,left,2028.0,23.0,2.78,0.0,0.0,1.0,9.0,8.0,2.0,0.0,0.0,0.0,0.0,1.174
398073,Achraf Hakimi,Paris SG,26.0,Right-Back,65000.0,Morocco,1.81,Footfeel ISM,right,2029.0,46.0,2.43,7.0,14.0,0.0,2.0,6.0,6.0,0.0,0.0,0.0,556.0,3.895
1047097,Yoram Zague,Paris SG,19.0,Right-Back,2500.0,France,1.68,VV Consulting,right,2028.0,9.0,2.56,1.0,0.0,0.0,2.0,5.0,0.0,0.0,0.0,0.0,543.0,543.0
670681,João Neves,Paris SG,20.0,Defensive Midfield,65000.0,Portugal,1.74,Gestifute,right,2029.0,50.0,2.38,5.0,9.0,0.0,8.0,18.0,4.0,0.0,0.0,0.0,721.0,3.606
487469,Vitinha,Paris SG,25.0,Central Midfield,60000.0,Portugal,1.72,Gestifute,right,2029.0,50.0,2.36,7.0,2.0,0.0,12.0,3.0,1.0,0.0,0.0,3.0,533.0,3.73
810092,Warren Zaïre-Emery,Paris SG,19.0,Central Midfield,60000.0,France,1.78,Gestifute,right,2029.0,46.0,2.3,3.0,2.0,0.0,14.0,13.0,3.0,0.0,0.0,0.0,977.0,2.93
350219,Fabián Ruiz,Paris SG,29.0,Central Midfield,35000.0,Spain,1.89,YOU FIRST,left,2027.0,52.0,2.33,5.0,10.0,0.0,14.0,19.0,4.0,0.0,0.0,0.0,661.0,3.307
903693,Senny Mayulu,Paris SG,19.0,Central Midfield,10000.0,France,1.83,,both,2027.0,27.0,2.48,4.0,3.0,0.0,16.0,6.0,3.0,0.0,0.0,0.0,261.0,1.044
502670,Khvicha Kvaratskhelia,Paris SG,24.0,Left Winger,80000.0,Georgia,1.83,,both,2029.0,43.0,2.4,11.0,9.0,0.0,7.0,22.0,2.0,0.0,0.0,1.0,274.0,3.015
708265,Bradley Barcola,Paris SG,22.0,Left Winger,70000.0,France,1.82,Gestifute,right,2028.0,56.0,2.38,19.0,17.0,0.0,13.0,32.0,4.0,0.0,0.0,0.0,186.0,3.529
288230,Ousmane Dembélé,Paris SG,28.0,Right Winger,75000.0,France,1.78,,both,2028.0,47.0,2.38,33.0,13.0,0.0,12.0,21.0,1.0,1.0,0.0,1.0,94.0,3.11
914562,Désiré Doué,Paris SG,19.0,Right Winger,60000.0,France,1.81,,right,2029.0,52.0,2.42,13.0,13.0,0.0,21.0,24.0,1.0,0.0,0.0,0.0,222.0,2.882
557149,Kang-in Lee,Paris SG,24.0,Right Winger,30000.0,"Korea, South",1.74,,left,2028.0,45.0,2.42,6.0,6.0,0.0,19.0,19.0,1.0,0.0,0.0,0.0,400.0,2.397
550550,Gonçalo Ramos,Paris SG,23.0,Centre-Forward,45000.0,Portugal,1.85,Gestifute,right,2028.0,39.0,2.49,18.0,6.0,0.0,23.0,9.0,2.0,0.0,0.0,4.0,89.0,1.605
648779,Wilfried Singo,Monaco,24.0,Centre-Back,25000.0,Cote d'Ivoire,1.9,,right,2028.0,35.0,1.77,3.0,3.0,0.0,4.0,1.0,4.0,1.0,0.0,0.0,900.0,2.699
228948,Thilo Kehrer,Monaco,28.0,Centre-Back,15000.0,Germany,1.86,,both,2028.0,40.0,1.75,5.0,1.0,0.0,1.0,4.0,3.0,0.0,0.0,0.0,695.0,3.474
563963,Mohammed Salisu,Monaco,26.0,Centre-Back,15000.0,Ghana,1.88,CAA Stellar,left,2028.0,24.0,1.63,3.0,0.0,0.0,6.0,1.0,3.0,0.0,0.0,0.0,568.0,1.705
1005240,Christian Mawissa,Monaco,20.0,Centre-Back,12000.0,France,1.84,Classico,left,2029.0,28.0,1.82,0.0,0.0,0.0,7.0,7.0,6.0,0.0,1.0,0.0,0.0,1.797
420064,Caio Henrique,Monaco,27.0,Left-Back,15000.0,Brazil,1.78,Bertolucci Sports,left,2027.0,38.0,1.58,0.0,6.0,0.0,10.0,14.0,3.0,0.0,0.0,0.0,0.0,2.619
947360,Kassoum Ouattara,Monaco,20.0,Left-Back,8000.0,France,1.76,,left,2028.0,16.0,1.44,0.0,1.0,0.0,10.0,6.0,2.0,0.0,0.0,0.0,0.0,526.0
789082,Vanderson,Monaco,23.0,Right-Back,20000.0,Brazil,1.73,Bertolucci Sports,right,2028.0,41.0,1.68,2.0,5.0,0.0,6.0,15.0,8.0,1.0,0.0,0.0,1.56,3.12
364245,Jordan Teze,Monaco,25.0,Right-Back,12000.0,Netherlands,1.83,HCM Sports ...,right,2029.0,25.0,1.84,2.0,1.0,0.0,15.0,7.0,1.0,0.0,1.0,0.0,451.0,901.0
334526,Denis Zakaria,Monaco,28.0,Defensive Midfield,30000.0,Switzerland,1.9,HCM Sports ...,right,2028.0,34.0,1.85,7.0,4.0,0.0,2.0,8.0,8.0,0.0,0.0,3.0,407.0,2.852
745181,Soungoutou Magassa,Monaco,21.0,Defensive Midfield,12000.0,France,1.9,,right,2029.0,31.0,1.65,1.0,1.0,0.0,15.0,10.0,5.0,0.0,1.0,0.0,1.4,1.4
377641,Moatasem Al-Musrati,Monaco,29.0,Defensive Midfield,10000.0,Libya,1.89,Proeleven S.A.,right,2025.0,36.0,1.69,3.0,1.0,0.0,12.0,10.0,4.0,1.0,0.0,0.0,742.0,2.227
918969,Lamine Camara,Monaco,21.0,Central Midfield,20000.0,Senegal,1.73,Wasserman,right,2029.0,40.0,1.7,2.0,7.0,0.0,5.0,23.0,10.0,1.0,0.0,0.0,1.392,2.783
745178,Edan Diop,Monaco,20.0,Central Midfield,1500.0,France,1.73,,right,2028.0,0.0,,0.0,0.0,0.0,0.0,0.0,0.0,0.0,0.0,0.0,0.0,0.0
263918,Aleksandr Golovin,Monaco,28.0,Attacking Midfield,25000.0,Russia,1.78,,right,2029.0,29.0,1.48,3.0,1.0,0.0,9.0,10.0,2.0,0.0,0.0,0.0,601.0,1.802
810895,Eliesse Ben Seghir,Monaco,20.0,Left Winger,30000.0,Morocco,1.78,,right,2027.0,46.0,1.63,9.0,4.0,0.0,17.0,20.0,1.0,0.0,0.0,2.0,279.0,2.509
165793,Takumi Minamino,Monaco,30.0,Left Winger,15000.0,Japan,1.72,,right,2027.0,43.0,1.65,9.0,5.0,0.0,7.0,23.0,5.0,0.0,0.0,0.0,340.0,3.063
745200,Maghnes Akliouche,Monaco,23.0,Right Winger,40000.0,France,1.83,HCM Sports ...,left,2028.0,43.0,1.65,7.0,12.0,0.0,5.0,10.0,3.0,0.0,0.0,1.0,472.0,3.301
490426,Krépin Diatta,Monaco,26.0,Right Winger,10000.0,Senegal,1.75,Wasserman,right,2026.0,24.0,1.71,0.0,0.0,0.0,19.0,2.0,3.0,0.0,0.0,0.0,0.0,713.0
565821,Mika Biereth,Monaco,22.0,Centre-Forward,25000.0,Denmark,1.87,ROOF,right,2029.0,44.0,1.8,27.0,8.0,0.0,4.0,27.0,3.0,0.0,0.0,1.0,124.0,3.337
503770,Folarin Balogun,Monaco,23.0,Centre-Forward,20000.0,United States,1.78,,right,2028.0,16.0,1.94,4.0,1.0,0.0,9.0,4.0,1.0,0.0,0.0,0.0,177.0,706.0
1004834,George Ilenikhena,Monaco,18.0,Centre-Forward,15000.0,Nigeria,1.85,,left,2029.0,31.0,1.68,6.0,2.0,0.0,24.0,7.0,1.0,0.0,0.0,0.0,153.0,916.0
237662,Breel Embolo,Monaco,28.0,Centre-Forward,12000.0,Switzerland,1.87,SEG,right,2026.0,42.0,1.57,7.0,9.0,0.0,11.0,20.0,7.0,0.0,0.0,0.0,395.0,2.765
463605,Bafodé Diakité,LOSC Lille,24.0,Centre-Back,25000.0,France,1.84,Classico,right,2028.0,48.0,1.85,4.0,1.0,1.0,1.0,0.0,9.0,1.0,0.0,0.0,1.071,4.282
648020,Alexsandro,LOSC Lille,25.0,Centre-Back,15000.0,Brazil,1.91,Roc Nation Sports,both,2028.0,47.0,1.81,1.0,2.0,1.0,1.0,0.0,13.0,0.0,0.0,0.0,4.186,4.186
126540,Samuel Umtiti,LOSC Lille,31.0,Centre-Back,2000.0,France,1.82,AC Talent,left,2025.0,0.0,,0.0,0.0,0.0,0.0,0.0,0.0,0.0,0.0,0.0,0.0,0.0
80293,Aïssa Mandi,LOSC Lille,33.0,Centre-Back,1500.0,Algeria,1.86,Wasserman,right,2026.0,31.0,1.68,0.0,0.0,0.0,6.0,8.0,4.0,1.0,1.0,0.0,0.0,2.173
362108,Gabriel Gudmundsson,LOSC Lille,26.0,Left-Back,9000.0,Sweden,1.8,,left,2026.0,45.0,1.71,2.0,1.0,0.0,15.0,17.0,3.0,0.0,0.0,0.0,1.341,2.682
361065,Mitchel Bakker,LOSC Lille,24.0,Left-Back,7000.0,Netherlands,1.89,Team Raiola,left,2025.0,37.0,1.62,4.0,3.0,0.0,15.0,17.0,6.0,0.0,1.0,0.0,464.0,1.855
124028,Ismaily,LOSC Lille,35.0,Left-Back,1500.0,Brazil,1.77,,left,2025.0,24.0,1.83,1.0,2.0,0.0,10.0,11.0,4.0,0.0,0.0,0.0,1.296,1.296
816580,Tiago Santos,LOSC Lille,22.0,Right-Back,15000.0,Portugal,1.75,Gestifute,right,2029.0,13.0,1.77,1.0,1.0,0.0,4.0,5.0,3.0,0.0,0.0,0.0,869.0,869.0
1016015,Ngal'ayel Mukau,LOSC Lille,20.0,Defensive Midfield,15000.0,DR Congo,1.86,,left,2028.0,37.0,1.73,2.0,1.0,0.0,13.0,19.0,6.0,0.0,0.0,0.0,1.05,2.1
245537,Nabil Bentaleb,LOSC Lille,30.0,Defensive Midfield,8000.0,Algeria,1.87,,left,2026.0,10.0,1.9,1.0,0.0,0.0,7.0,1.0,0.0,0.0,0.0,0.0,324.0,324.0
84301,Benjamin André,LOSC Lille,34.0,Defensive Midfield,6000.0,France,1.8,,right,2026.0,45.0,1.71,0.0,4.0,0.0,0.0,1.0,14.0,0.0,0.0,0.0,0.0,4.073
1097139,Ayyoub Bouaddi,LOSC Lille,17.0,Central Midfield,30000.0,France,1.86,,right,2027.0,36.0,1.81,0.0,2.0,0.0,17.0,10.0,3.0,0.0,0.0,0.0,0.0,1.863
221025,André Gomes,LOSC Lille,31.0,Central Midfield,8000.0,Portugal,1.9,Wasserman,right,2026.0,24.0,1.88,1.0,0.0,0.0,8.0,10.0,3.0,0.0,0.0,0.0,1.323,1.323
903666,Ethan Mbappé,LOSC Lille,18.0,Central Midfield,5000.0,France,1.8,,left,2027.0,14.0,1.79,0.0,0.0,0.0,12.0,3.0,3.0,0.0,0.0,0.0,0.0,327.0
392770,Angel Gomes,LOSC Lille,24.0,Attacking Midfield,20000.0,England,1.66,ROOF,right,2025.0,20.0,1.55,2.0,1.0,0.0,5.0,11.0,2.0,1.0,0.0,0.0,535.0,1.069
652275,Hákon Arnar Haraldsson,LOSC Lille,22.0,Attacking Midfield,15000.0,Iceland,1.78,CAA Stellar,right,2028.0,38.0,1.76,8.0,4.0,0.0,8.0,21.0,6.0,0.0,0.0,0.0,326.0,2.61
113707,Rémy Cabella,LOSC Lille,35.0,Attacking Midfield,3000.0,France,1.72,,right,2025.0,37.0,1.68,2.0,4.0,0.0,12.0,20.0,2.0,0.0,0.0,0.0,985.0,1.969
580657,Osame Sahraoui,LOSC Lille,23.0,Left Winger,12000.0,Morocco,1.7,,right,2029.0,46.0,1.78,5.0,6.0,0.0,29.0,16.0,1.0,0.0,0.0,0.0,384.0,1.919
496857,Edon Zhegrova,LOSC Lille,26.0,Right Winger,25000.0,Kosovo,1.8,HCM Sports ...,left,2026.0,21.0,1.76,8.0,2.0,0.0,4.0,9.0,3.0,0.0,0.0,0.0,199.0,1.591
533738,Jonathan David,LOSC Lille,25.0,Centre-Forward,45000.0,Canada,1.78,Axia Sports ...,both,2025.0,49.0,1.78,25.0,12.0,0.0,6.0,14.0,6.0,0.0,0.0,9.0,158.0,3.938
724129,Matías Fernández-Pardo,LOSC Lille,20.0,Centre-Forward,10000.0,Spain,1.88,,right,2029.0,38.0,1.89,6.0,4.0,0.0,20.0,15.0,6.0,0.0,0.0,0.0,301.0,1.805
197642,Chuba Akpom,LOSC Lille,29.0,Centre-Forward,8000.0,England,1.83,,right,2025.0,48.0,1.98,11.0,2.0,0.0,27.0,17.0,2.0,0.0,0.0,2.0,202.0,2.225
575998,Leonardo Balerdi,Marseille,26.0,Centre-Back,20000.0,Argentina,1.87,SP,right,2028.0,29.0,1.93,0.0,0.0,1.0,0.0,2.0,7.0,1.0,0.0,0.0,0.0,2.456
457931,Luiz Felipe,Marseille,28.0,Centre-Back,6000.0,Italy,1.87,AIS Football,right,2026.0,6.0,2.5,0.0,0.0,0.0,2.0,4.0,1.0,0.0,0.0,0.0,0.0,186.0
328609,Derek Cornelius,Marseille,27.0,Centre-Back,5000.0,Canada,1.87,Axia Sports ...,left,2028.0,23.0,2.09,0.0,0.0,0.0,5.0,7.0,4.0,2.0,0.0,0.0,0.0,1.522
203348,Chancel Mbemba,Marseille,30.0,Centre-Back,3000.0,DR Congo,1.82,,right,2025.0,,,,,,,,,,,,90.0,90.0
557613,Quentin Merlin,Marseille,23.0,Left-Back,12000.0,France,1.74,One Team Football,left,2028.0,29.0,1.9,1.0,3.0,0.0,6.0,19.0,1.0,0.0,0.0,0.0,1.713,1.713
192616,Ulisses Garcia,Marseille,29.0,Left-Back,4000.0,Switzerland,1.82,ONEANDTEN,left,2028.0,22.0,1.91,2.0,3.0,0.0,12.0,8.0,2.0,0.0,0.0,0.0,498.0,995.0
519184,Amar Dedic,Marseille,22.0,Right-Back,15000.0,Bosnia-Herzegovina,1.8,LIAN Sports Group,right,,35.0,1.43,0.0,7.0,0.0,11.0,5.0,4.0,0.0,0.0,0.0,0.0,2.234
354482,Amir Murillo,Marseille,29.0,Right-Back,9000.0,Panama,1.84,SEG,right,2028.0,32.0,2.09,1.0,3.0,0.0,3.0,2.0,3.0,0.0,0.0,0.0,2.616,2.616
298975,Pol Lirola,Marseille,27.0,Right-Back,4000.0,Spain,1.83,Universal Twenty Two,right,2026.0,19.0,1.68,1.0,2.0,1.0,14.0,6.0,1.0,0.0,1.0,0.0,675.0,675.0
167799,Pierre-Emile Højbjerg,Marseille,29.0,Defensive Midfield,20000.0,Denmark,1.85,,right,2025.0,32.0,1.94,3.0,4.0,0.0,0.0,2.0,5.0,0.0,0.0,0.0,949.0,2.846
351816,Ismaël Bennacer,Marseille,27.0,Defensive Midfield,15000.0,Algeria,1.75,,left,2025.0,20.0,1.85,0.0,3.0,0.0,6.0,14.0,4.0,0.0,0.0,0.0,0.0,1.081
127189,Geoffrey Kondogbia,Marseille,32.0,Defensive Midfield,8000.0,Central African Republic,1.88,Sport Cover,left,2027.0,26.0,1.77,0.0,0.0,0.0,3.0,5.0,1.0,0.0,0.0,0.0,0.0,2.096
182913,Adrien Rabiot,Marseille,30.0,Central Midfield,25000.0,France,1.91,,left,2026.0,31.0,1.77,10.0,6.0,0.0,2.0,1.0,4.0,0.0,0.0,0.0,264.0,2.636
332889,Valentin Rongier,Marseille,30.0,Central Midfield,9000.0,France,1.72,,right,2026.0,27.0,2.19,3.0,1.0,0.0,8.0,10.0,5.0,0.0,0.0,0.0,576.0,1.728
659520,Bilal Nadir,Marseille,21.0,Central Midfield,5000.0,Morocco,1.79,,left,2026.0,17.0,2.06,1.0,0.0,0.0,11.0,6.0,2.0,0.0,0.0,0.0,466.0,466.0
372711,Amine Harit,Marseille,27.0,Attacking Midfield,10000.0,Morocco,1.8,Sport Cover,right,2027.0,13.0,2.0,2.0,5.0,0.0,5.0,7.0,1.0,0.0,1.0,0.0,261.0,522.0
1170286,Darryl Bakola,Marseille,17.0,Attacking Midfield,200.0,France,1.78,,right,2027.0,15.0,2.0,2.0,1.0,0.0,4.0,5.0,2.0,0.0,0.0,0.0,480.0,960.0
672381,Jonathan Rowe,Marseille,22.0,Left Winger,12000.0,England,1.73,Unique Sports Group,right,2025.0,30.0,1.77,3.0,4.0,0.0,24.0,6.0,3.0,0.0,0.0,0.0,282.0,846.0
532826,Mason Greenwood,Marseille,23.0,Right Winger,35000.0,England,1.81,,both,2029.0,36.0,1.89,22.0,6.0,0.0,2.0,18.0,3.0,0.0,0.0,7.0,135.0,2.971
691316,Luis Henrique,Marseille,23.0,Right Winger,18000.0,Brazil,1.81,Roc Nation Sports,right,2028.0,35.0,1.86,9.0,10.0,0.0,4.0,12.0,0.0,0.0,0.0,0.0,311.0,2.802
418659,Amine Gouiri,Marseille,25.0,Centre-Forward,20000.0,Algeria,1.81,HCM Sports ...,right,2029.0,34.0,1.24,13.0,5.0,0.0,10.0,13.0,2.0,0.0,0.0,0.0,168.0,2.179
217115,Neal Maupay,Marseille,28.0,Centre-Forward,10000.0,France,1.71,,right,2025.0,24.0,1.75,4.0,4.0,0.0,9.0,13.0,2.0,1.0,0.0,0.0,295.0,1.178
599663,Faris Moumbagna,Marseille,24.0,Centre-Forward,8000.0,Cameroon,1.85,Aneke/PMG,left,2028.0,1.0,3.0,0.0,0.0,0.0,1.0,1.0,0.0,0.0,0.0,0.0,0.0,8.0
291200,Moussa Niakhaté,Olympique Lyon,29.0,Centre-Back,15000.0,Senegal,1.9,CAA Stellar,left,2028.0,,,,,,,,,,,,,
238266,Duje Caleta-Car,Olympique Lyon,28.0,Centre-Back,8000.0,Croatia,1.93,ROOF,right,2027.0,28.0,1.71,1.0,1.0,0.0,5.0,3.0,9.0,0.0,0.0,0.0,2.198,2.198
711996,Warmed Omari,Olympique Lyon,25.0,Centre-Back,4000.0,Comoros,1.88,,right,2025.0,4.0,1.75,0.0,0.0,0.0,1.0,0.0,0.0,0.0,0.0,0.0,0.0,277.0
646402,Abner,Olympique Lyon,24.0,Left-Back,9000.0,Brazil,1.81,ADM Esporte,left,2029.0,27.0,1.74,2.0,1.0,0.0,9.0,8.0,1.0,0.0,0.0,0.0,813.0,1.626
131225,Nicolás Tagliafico,Olympique Lyon,32.0,Left-Back,7000.0,Argentina,1.71,CAA Stellar,left,2025.0,,,,,,,,,,,,,
285845,Ainsley Maitland-Niles,Olympique Lyon,27.0,Right-Back,10000.0,England,1.8,Tier One,right,2027.0,44.0,1.7,1.0,7.0,0.0,13.0,2.0,4.0,0.0,0.0,0.0,3.0,3.0
951579,Saël Kumbedi,Olympique Lyon,20.0,Right-Back,6000.0,France,1.75,,right,2027.0,19.0,1.89,0.0,0.0,0.0,4.0,10.0,3.0,0.0,0.0,0.0,0.0,1.195
187718,Clinton Mata,Olympique Lyon,32.0,Right-Back,4000.0,Angola,1.8,,right,2026.0,40.0,1.6,0.0,4.0,0.0,3.0,3.0,7.0,0.0,0.0,0.0,0.0,3.278
670096,Tanner Tessmann,Olympique Lyon,23.0,Defensive Midfield,6000.0,United States,1.88,,right,2029.0,35.0,1.94,1.0,0.0,0.0,15.0,12.0,4.0,0.0,0.0,0.0,1.84,1.84
74683,Nemanja Matic,Olympique Lyon,36.0,Defensive Midfield,2500.0,Serbia,1.94,Universal Twenty Two,left,2026.0,39.0,1.82,1.0,1.0,0.0,8.0,24.0,1.0,0.0,0.0,0.0,2.53,2.53
429901,Paul Akouokou,Olympique Lyon,27.0,Defensive Midfield,800.0,Cote d'Ivoire,1.81,,right,2027.0,5.0,1.4,0.0,0.0,0.0,3.0,3.0,1.0,0.0,0.0,0.0,0.0,125.0
190393,Corentin Tolisso,Olympique Lyon,30.0,Central Midfield,10000.0,France,1.81,,right,2027.0,46.0,1.76,10.0,9.0,0.0,7.0,14.0,6.0,1.0,0.0,0.0,335.0,3.347
164771,Jordan Veretout,Olympique Lyon,32.0,Central Midfield,5000.0,France,1.77,VV Consulting,right,2026.0,38.0,1.87,2.0,1.0,0.0,13.0,15.0,5.0,0.0,0.0,0.0,1.061,2.122
576028,Thiago Almada,Olympique Lyon,24.0,Attacking Midfield,25000.0,Argentina,1.71,,right,2025.0,20.0,1.75,2.0,5.0,0.0,9.0,4.0,3.0,0.0,0.0,0.0,605.0,1.21
607223,Rayan Cherki,Olympique Lyon,21.0,Right Winger,35000.0,France,1.77,,both,2026.0,44.0,1.77,12.0,20.0,0.0,10.0,21.0,5.0,0.0,0.0,0.0,258.0,3.099
955070,Ernest Nuamah,Olympique Lyon,21.0,Right Winger,15000.0,Ghana,1.78,ROOF,left,2028.0,33.0,1.79,6.0,2.0,0.0,13.0,16.0,3.0,0.0,0.0,0.0,268.0,1.606
729814,Georges Mikautadze,Olympique Lyon,24.0,Centre-Forward,20000.0,Georgia,1.76,VV Consulting,right,2028.0,47.0,1.68,17.0,11.0,0.0,25.0,11.0,2.0,0.0,0.0,3.0,129.0,2.189
93720,Alexandre Lacazette,Olympique Lyon,33.0,Centre-Forward,8000.0,France,1.75,,right,2025.0,42.0,1.71,19.0,3.0,0.0,13.0,20.0,7.0,0.0,0.0,6.0,142.0,2.706
910905,Mamadou Sarr,R. Strasbourg,19.0,Centre-Back,15000.0,France,1.94,Classico,right,2029.0,29.0,1.93,0.0,1.0,0.0,0.0,4.0,4.0,0.0,0.0,0.0,0.0,2.527
786436,Ismaël Doukouré,R. Strasbourg,21.0,Centre-Back,15000.0,France,1.83,,right,2026.0,32.0,1.69,1.0,1.0,1.0,0.0,8.0,8.0,0.0,0.0,0.0,2.737,2.737
962555,Abakar Sylla,R. Strasbourg,22.0,Centre-Back,12000.0,Cote d'Ivoire,1.88,Epic Sylla,left,2028.0,24.0,1.75,1.0,0.0,1.0,11.0,4.0,2.0,0.0,1.0,0.0,1.17,1.17
621993,Andrew Omobamidele,R. Strasbourg,22.0,Centre-Back,10000.0,Ireland,1.88,,right,2025.0,12.0,1.67,0.0,0.0,0.0,5.0,1.0,3.0,1.0,0.0,0.0,0.0,672.0
988272,Yoni Gomis,R. Strasbourg,19.0,Centre-Back,1000.0,France,1.86,,left,2029.0,15.0,1.6,1.0,1.0,0.0,0.0,1.0,2.0,0.0,0.0,0.0,1.324,1.324
206717,Eduard Sobol,R. Strasbourg,30.0,Left-Back,1200.0,Ukraine,1.86,ProStar,left,2026.0,13.0,2.85,0.0,1.0,0.0,10.0,1.0,3.0,0.0,0.0,0.0,0.0,336.0
170961,Thomas Delaine,R. Strasbourg,33.0,Left-Back,800.0,France,1.8,,left,2025.0,2.0,3.0,0.0,0.0,0.0,2.0,0.0,0.0,0.0,0.0,0.0,0.0,8.0
711980,Guéla Doué,R. Strasbourg,22.0,Right-Back,12000.0,Cote d'Ivoire,1.87,,right,2029.0,34.0,1.68,1.0,2.0,0.0,2.0,1.0,7.0,0.0,0.0,0.0,2.896,2.896
743600,Andrey Santos,R. Strasbourg,21.0,Central Midfield,25000.0,Brazil,1.8,Bertolucci Sports,right,2025.0,34.0,1.71,11.0,5.0,0.0,0.0,3.0,8.0,0.0,0.0,0.0,275.0,3.024
876631,Habib Diarra,R. Strasbourg,21.0,Central Midfield,20000.0,Senegal,1.78,Carmenta,right,2028.0,33.0,1.64,4.0,5.0,0.0,6.0,8.0,6.0,0.0,0.0,2.0,610.0,2.438
849410,Valentín Barco,R. Strasbourg,20.0,Central Midfield,8000.0,Argentina,1.7,,left,2025.0,24.0,2.04,0.0,3.0,0.0,5.0,11.0,3.0,0.0,0.0,0.0,0.0,1.665
579928,Sebastian Nanasi,R. Strasbourg,23.0,Left Midfield,15000.0,Sweden,1.78,HCM Sports ...,right,2029.0,37.0,1.76,9.0,5.0,0.0,7.0,24.0,2.0,0.0,0.0,0.0,281.0,2.526
655006,Diego Moreira,R. Strasbourg,20.0,Left Midfield,10000.0,Belgium,1.79,Gestifute,left,2029.0,34.0,1.71,2.0,7.0,0.0,4.0,12.0,4.0,0.0,1.0,0.0,1.344,2.688
659518,Félix Lemaréchal,R. Strasbourg,21.0,Attacking Midfield,7000.0,France,1.8,,right,2029.0,32.0,1.75,5.0,4.0,0.0,9.0,14.0,2.0,0.0,0.0,0.0,405.0,2.027
1015624,Óscar Perea,R. Strasbourg,19.0,Left Winger,2500.0,Colombia,1.74,CANTERA LATINA / ...,right,2029.0,10.0,1.2,2.0,1.0,0.0,2.0,4.0,2.0,0.0,0.0,0.0,345.0,689.0
540664,Dilane Bakwa,R. Strasbourg,22.0,Right Winger,18000.0,France,1.8,Sport Cover,left,2027.0,31.0,1.65,6.0,9.0,0.0,2.0,17.0,4.0,0.0,0.0,0.0,420.0,2.518
933900,Samuel Amo-Ameyaw,R. Strasbourg,18.0,Right Winger,2000.0,England,1.74,Two Touch Agency,left,2025.0,20.0,1.65,5.0,1.0,0.0,9.0,7.0,1.0,0.0,0.0,0.0,210.0,1.051
991487,Abdoul Ouattara,R. Strasbourg,19.0,Right Winger,800.0,Cote d'Ivoire,1.8,ROGON,"
                            Jan 1, 2025                        ",2029.0,23.0,1.57,2.0,1.0,0.0,14.0,3.0,1.0,0.0,0.0,0.0,479.0,957.0
559328,Emanuel Emegha,R. Strasbourg,22.0,Centre-Forward,20000.0,Netherlands,1.96,Team Emegha,right,2028.0,29.0,2.07,14.0,3.0,0.0,1.0,16.0,5.0,0.0,0.0,0.0,172.0,2.408
557612,Sékou Mara,R. Strasbourg,22.0,Centre-Forward,6000.0,France,1.83,BS Group - BS Law,right,2029.0,28.0,1.5,3.0,1.0,0.0,18.0,6.0,2.0,0.0,0.0,0.0,323.0,970.0
880330,Moïse Sahi Dion,R. Strasbourg,23.0,Centre-Forward,1500.0,Cote d'Ivoire,1.75,Epic Dion,left,2026.0,,,,,,2.0,,,,,,,
674612,Youssouf Ndayishimiye,OGC Nice,26.0,Centre-Back,12000.0,Burundi,1.83,FutureBall,right,2027.0,29.0,1.55,3.0,0.0,0.0,2.0,3.0,5.0,0.0,0.0,0.0,776.0,2.328
1089202,Moïse Bombito,OGC Nice,25.0,Centre-Back,10000.0,Canada,1.9,Axia Sports ...,right,2028.0,35.0,1.54,0.0,0.0,1.0,2.0,4.0,6.0,1.0,0.0,0.0,0.0,2.915
16136,Dante,OGC Nice,41.0,Centre-Back,500.0,Brazil,1.88,,left,2026.0,28.0,1.68,0.0,0.0,0.0,4.0,4.0,6.0,0.0,1.0,0.0,0.0,2.212
1075574,Amidou Doumbouya,OGC Nice,17.0,Centre-Back,300.0,France,1.82,,left,2026.0,19.0,1.84,1.0,0.0,0.0,3.0,1.0,1.0,0.0,0.0,0.0,1.489,1.489
532775,Melvin Bard,OGC Nice,24.0,Left-Back,12000.0,France,1.73,CAA Stellar,left,2028.0,32.0,1.78,2.0,1.0,0.0,4.0,6.0,2.0,1.0,1.0,0.0,1.231,2.462
211474,Ali Abdi,OGC Nice,31.0,Left-Back,3000.0,Tunisia,1.83,Scuderia,left,2027.0,,,,,,,,,,,,,
984699,Yaël Nandjou,OGC Nice,19.0,Left-Back,150.0,France,1.85,Darren Dein,left,2025.0,,,,,,,,,,,,,
175639,Jonathan Clauss,OGC Nice,32.0,Right-Back,6000.0,France,1.78,UTOPIA,right,2026.0,38.0,1.47,3.0,11.0,0.0,6.0,11.0,9.0,0.0,0.0,0.0,954.0,2.863
891998,Antoine Mendy,OGC Nice,20.0,Right-Back,3000.0,Senegal,1.87,Wasserman,right,2028.0,23.0,1.65,0.0,0.0,0.0,10.0,6.0,2.0,0.0,0.0,0.0,0.0,1.225
370791,Pablo Rosario,OGC Nice,28.0,Defensive Midfield,8000.0,Dominican Republic,1.85,Team Raiola,right,2026.0,35.0,1.46,4.0,1.0,0.0,8.0,8.0,7.0,0.0,2.0,1.0,574.0,2.296
285323,Baptiste Santamaria,OGC Nice,30.0,Defensive Midfield,7000.0,France,1.83,Scuderia,right,2025.0,25.0,1.64,0.0,2.0,1.0,8.0,8.0,2.0,0.0,0.0,0.0,0.0,1.504
560593,Hicham Boudaoui,OGC Nice,25.0,Central Midfield,10000.0,Algeria,1.75,,right,2027.0,36.0,1.5,2.0,4.0,0.0,4.0,10.0,9.0,0.0,0.0,0.0,1.442,2.884
450936,Tanguy Ndombélé,OGC Nice,28.0,Central Midfield,10000.0,France,1.81,,right,2026.0,25.0,1.56,2.0,2.0,0.0,11.0,11.0,2.0,0.0,0.0,0.0,704.0,1.407
174094,Morgan Sanson,OGC Nice,30.0,Central Midfield,5000.0,France,1.8,,right,2027.0,6.0,1.67,3.0,0.0,0.0,3.0,3.0,0.0,0.0,0.0,0.0,78.0,234.0
750904,Tom Louchet,OGC Nice,22.0,Right Midfield,3000.0,France,1.78,,both,2027.0,31.0,1.48,2.0,0.0,0.0,16.0,6.0,4.0,0.0,0.0,0.0,720.0,1.44
216569,Jérémie Boga,OGC Nice,28.0,Left Winger,12000.0,Cote d'Ivoire,1.72,LIAN Sports Group,right,2027.0,24.0,1.54,3.0,1.0,0.0,11.0,11.0,0.0,0.0,0.0,0.0,399.0,1.196
569389,Sofiane Diop,OGC Nice,24.0,Left Winger,12000.0,Morocco,1.75,,right,2027.0,38.0,1.61,6.0,8.0,0.0,23.0,10.0,4.0,0.0,1.0,0.0,277.0,1.663
670847,Mohamed-Ali Cho,OGC Nice,21.0,Right Winger,15000.0,France,1.82,Sparka Management,left,2028.0,,,,,,,,,,,,,
707242,Badredine Bouanani,OGC Nice,20.0,Right Winger,5000.0,Algeria,1.77,Classico,left,2029.0,37.0,1.41,5.0,3.0,0.0,18.0,12.0,2.0,0.0,0.0,1.0,363.0,1.813
500689,Evann Guessand,OGC Nice,23.0,Centre-Forward,25000.0,Cote d'Ivoire,1.88,,right,2028.0,42.0,1.55,13.0,10.0,0.0,7.0,17.0,3.0,0.0,0.0,0.0,237.0,3.075
538874,Terem Moffi,OGC Nice,25.0,Centre-Forward,15000.0,Nigeria,1.88,,left,2027.0,5.0,1.4,1.0,0.0,0.0,5.0,0.0,0.0,0.0,0.0,0.0,53.0,53.0
467720,Youssoufa Moukoko,OGC Nice,20.0,Centre-Forward,10000.0,Germany,1.79,Wasserman,left,2025.0,22.0,1.27,2.0,3.0,0.0,12.0,8.0,0.0,0.0,0.0,0.0,408.0,816.0
181378,Gaëtan Laborde,OGC Nice,31.0,Centre-Forward,6000.0,France,1.81,,left,2026.0,36.0,1.64,11.0,5.0,0.0,11.0,20.0,2.0,0.0,0.0,4.0,212.0,2.33
1231401,Victor Orakpo,OGC Nice,19.0,Centre-Forward,500.0,Nigeria,1.94,,"
                            Jul 1, 2024                        ",2028.0,5.0,1.6,0.0,0.0,0.0,5.0,0.0,0.0,0.0,0.0,0.0,0.0,48.0
485960,Lilian Brassier,Stade Rennais,25.0,Centre-Back,10000.0,France,1.86,HD,left,2029.0,26.0,1.62,1.0,1.0,0.0,3.0,5.0,4.0,0.0,0.0,0.0,2.016,2.016
690799,Anthony Rouault,Stade Rennais,23.0,Centre-Back,10000.0,France,1.86,One Team Football,right,2029.0,39.0,1.59,1.0,0.0,0.0,4.0,8.0,7.0,0.0,0.0,0.0,3.076,3.076
798404,Alidu Seidu,Stade Rennais,24.0,Centre-Back,9000.0,Ghana,1.73,,right,2029.0,11.0,1.0,0.0,0.0,0.0,1.0,5.0,4.0,0.0,0.0,0.0,0.0,807.0
666974,Mikayil Faye,Stade Rennais,20.0,Centre-Back,8000.0,Senegal,1.83,Niagara Sports ...,left,2028.0,12.0,1.08,0.0,0.0,0.0,4.0,3.0,1.0,0.0,1.0,0.0,0.0,779.0
572326,Christopher Wooh,Stade Rennais,23.0,Centre-Back,7000.0,Cameroon,1.91,Sport Cover,right,2026.0,21.0,1.1,0.0,0.0,1.0,3.0,4.0,6.0,0.0,1.0,0.0,0.0,1.531
1004301,Jérémy Jacquet,Stade Rennais,19.0,Centre-Back,5000.0,France,1.9,One Team Football,right,2027.0,29.0,1.31,2.0,2.0,0.0,1.0,3.0,4.0,0.0,0.0,0.0,1.24,2.479
654539,Adrien Truffert,Stade Rennais,23.0,Left-Back,15000.0,France,1.76,CAA Stellar,left,2026.0,35.0,1.26,3.0,2.0,0.0,2.0,7.0,3.0,0.0,0.0,0.0,976.0,2.927
1176345,Mahamadou Nagida,Stade Rennais,19.0,Left-Back,1000.0,Cameroon,1.76,,left,2028.0,17.0,1.18,2.0,0.0,0.0,10.0,4.0,2.0,0.0,0.0,0.0,341.0,681.0
711969,Lorenz Assignon,Stade Rennais,24.0,Right-Back,9000.0,France,1.81,,right,2028.0,34.0,1.26,4.0,5.0,0.0,5.0,12.0,9.0,0.0,0.0,0.0,634.0,2.535
275303,Hans Hateboer,Stade Rennais,31.0,Right-Back,3000.0,Netherlands,1.87,SEG,right,2026.0,,,,,,,,,,,,,
315145,Azor Matusiwa,Stade Rennais,27.0,Defensive Midfield,10000.0,Netherlands,1.73,,right,2028.0,31.0,1.03,1.0,4.0,0.0,6.0,7.0,3.0,0.0,0.0,0.0,2.258,2.258
182893,Seko Fofana,Stade Rennais,30.0,Central Midfield,12000.0,Cote d'Ivoire,1.85,Sport Cover,right,2029.0,32.0,1.22,1.0,1.0,0.0,10.0,13.0,4.0,0.0,0.0,0.0,1.993,1.993
921655,Ismaël Koné,Stade Rennais,22.0,Central Midfield,10000.0,Canada,1.88,Axia Sports ...,right,2025.0,22.0,1.64,2.0,1.0,0.0,15.0,7.0,1.0,0.0,0.0,0.0,426.0,852.0
667517,Jordan James,Stade Rennais,20.0,Central Midfield,8000.0,Wales,1.82,Unique Sports Group,right,2028.0,25.0,1.36,1.0,1.0,0.0,9.0,12.0,5.0,0.0,0.0,0.0,1.351,1.351
538971,Naouirou Ahamada,Stade Rennais,23.0,Central Midfield,5000.0,France,1.83,,right,2025.0,,,,,,,,,,,,,
931160,Djaoui Cissé,Stade Rennais,21.0,Central Midfield,5000.0,France,1.88,,right,2029.0,22.0,1.77,1.0,0.0,0.0,0.0,15.0,5.0,0.0,0.0,0.0,1.695,1.695
977877,Ayanda Sishuba,Stade Rennais,20.0,Attacking Midfield,2000.0,Belgium,1.69,,right,2029.0,3.0,2.0,0.0,0.0,0.0,1.0,2.0,0.0,0.0,0.0,0.0,0.0,119.0
565406,Kazeem Olaigbe,Stade Rennais,22.0,Left Winger,4000.0,Belgium,1.78,,right,2029.0,41.0,1.37,8.0,3.0,0.0,21.0,17.0,1.0,0.0,0.0,1.0,234.0,1.868
288225,Ludovic Blas,Stade Rennais,27.0,Right Winger,18000.0,France,1.8,Sport Cover,left,2027.0,31.0,1.13,6.0,9.0,0.0,3.0,13.0,6.0,0.0,0.0,0.0,411.0,2.466
551505,Mousa Tamari,Stade Rennais,27.0,Right Winger,6000.0,Jordan,1.78,,left,2028.0,27.0,1.11,3.0,1.0,0.0,7.0,10.0,4.0,0.0,0.0,0.0,592.0,1.776
957461,Carlos Andrés Gómez,Stade Rennais,22.0,Right Winger,5000.0,Colombia,1.71,Wasserman,right,2029.0,19.0,1.16,3.0,0.0,0.0,17.0,1.0,1.0,0.0,0.0,0.0,131.0,393.0
585959,Arnaud Kalimuendo,Stade Rennais,23.0,Centre-Forward,20000.0,France,1.75,,right,2027.0,34.0,1.21,18.0,4.0,0.0,2.0,17.0,2.0,0.0,0.0,5.0,149.0,2.681
489463,Kyogo Furuhashi,Stade Rennais,30.0,Centre-Forward,12000.0,Japan,1.7,,right,2027.0,38.0,2.29,12.0,4.0,0.0,13.0,20.0,1.0,0.0,0.0,0.0,179.0,2.146
910192,Wilson Samaké,Stade Rennais,21.0,Centre-Forward,150.0,Mali,1.82,,right,2026.0,13.0,1.62,3.0,1.0,0.0,6.0,2.0,0.0,0.0,0.0,1.0,269.0,807.0
474800,Facundo Medina,Lens,25.0,Centre-Back,25000.0,Argentina,1.84,,left,2028.0,31.0,1.68,0.0,1.0,0.0,0.0,4.0,13.0,1.0,1.0,0.0,0.0,2.659
344596,Malang Sarr,Lens,26.0,Centre-Back,5000.0,France,1.83,,left,2026.0,23.0,1.22,0.0,0.0,0.0,7.0,3.0,0.0,0.0,0.0,0.0,0.0,1.454
126557,Jonathan Gradit,Lens,32.0,Centre-Back,4000.0,France,1.8,,right,2028.0,27.0,1.52,0.0,0.0,0.0,1.0,6.0,5.0,0.0,0.0,0.0,0.0,2.293
1121298,Juma Bah,Lens,19.0,Centre-Back,4000.0,Sierra Leone,1.95,,right,2025.0,24.0,1.42,0.0,0.0,0.0,4.0,3.0,4.0,0.0,0.0,0.0,0.0,1.729
819566,Nidal Celik,Lens,18.0,Centre-Back,1800.0,Bosnia-Herzegovina,1.92,,right,2029.0,22.0,1.77,0.0,2.0,0.0,1.0,3.0,3.0,0.0,1.0,0.0,0.0,1.911
713787,Jhoanner Chávez,Lens,23.0,Left-Back,4000.0,Ecuador,1.82,,left,2028.0,13.0,1.62,1.0,0.0,0.0,6.0,6.0,1.0,0.0,0.0,0.0,620.0,620.0
332560,Deiver Machado,Lens,31.0,Left-Back,3500.0,Colombia,1.8,Wasserman,left,2026.0,30.0,1.37,1.0,4.0,0.0,7.0,7.0,5.0,1.0,1.0,0.0,2.056,2.056
203746,Ruben Aguilar,Lens,32.0,Right-Back,4000.0,France,1.72,One Team Football,right,2028.0,16.0,1.69,1.0,3.0,0.0,3.0,8.0,4.0,0.0,0.0,0.0,1.129,1.129
718312,Hamzat Ojediran,Lens,21.0,Defensive Midfield,2000.0,Nigeria,1.79,DUKASO SPORTS,right,2028.0,23.0,1.74,2.0,0.0,0.0,17.0,3.0,7.0,0.0,0.0,0.0,443.0,886.0
111051,Nampalys Mendy,Lens,32.0,Defensive Midfield,2000.0,Senegal,1.68,,right,2025.0,11.0,2.18,0.0,1.0,0.0,4.0,5.0,2.0,0.0,0.0,0.0,0.0,591.0
917817,Tom Pouilly,Lens,21.0,Defensive Midfield,100.0,France,1.8,HD,right,2027.0,20.0,1.45,8.0,2.0,0.0,8.0,6.0,3.0,0.0,0.0,4.0,141.0,1.128
711976,Andy Diouf,Lens,22.0,Central Midfield,10000.0,France,1.87,,left,2028.0,37.0,1.49,1.0,2.0,0.0,7.0,19.0,2.0,0.0,0.0,0.0,2.504,2.504
901019,Neil El Aynaoui,Lens,23.0,Central Midfield,10000.0,Morocco,1.85,,right,2027.0,26.0,1.5,8.0,1.0,0.0,7.0,6.0,4.0,0.0,0.0,3.0,215.0,1.722
491296,Anass Zaroury,Lens,24.0,Attacking Midfield,8000.0,Morocco,1.76,SBB Global,right,2028.0,29.0,1.45,2.0,3.0,0.0,13.0,12.0,1.0,1.0,0.0,0.0,716.0,1.431
250013,Angelo Fulgini,Lens,28.0,Attacking Midfield,6000.0,France,1.82,,right,2027.0,25.0,1.36,1.0,1.0,0.0,13.0,11.0,3.0,0.0,0.0,0.0,1.137,1.137
215977,Adrien Thomasson,Lens,31.0,Attacking Midfield,5000.0,France,1.75,One Team Football,right,2026.0,36.0,1.44,3.0,7.0,0.0,2.0,15.0,6.0,0.0,0.0,0.0,965.0,2.894
1057820,Jeremy Agbonifo,Lens,19.0,Right Winger,5000.0,Sweden,1.78,MANGMT,left,2025.0,16.0,1.69,4.0,1.0,0.0,11.0,4.0,2.0,0.0,0.0,0.0,173.0,692.0
354814,M'Bala Nzola,Lens,28.0,Centre-Forward,8000.0,Angola,1.85,,left,2025.0,24.0,1.04,7.0,1.0,0.0,6.0,9.0,3.0,0.0,1.0,0.0,233.0,1.634
640109,Martín Satriano,Lens,24.0,Centre-Forward,5000.0,Uruguay,1.87,All Iron Sports,right,2025.0,7.0,1.86,0.0,0.0,0.0,7.0,0.0,0.0,0.0,0.0,0.0,0.0,81.0
182916,Wesley Saïd,Lens,30.0,Centre-Forward,3500.0,France,1.71,Wasserman,right,2026.0,26.0,1.5,4.0,0.0,0.0,13.0,13.0,4.0,0.0,0.0,0.0,260.0,1.04
354726,Florian Sotoca,Lens,34.0,Centre-Forward,2500.0,France,1.87,One Team Football,right,2026.0,34.0,1.41,1.0,2.0,0.0,10.0,15.0,2.0,0.0,1.0,0.0,1.98,1.98
917778,Rémy Labeau Lascary,Lens,22.0,Centre-Forward,2500.0,Guadeloupe,1.84,FAIR SPORT MNG,right,2028.0,16.0,1.63,2.0,1.0,0.0,10.0,5.0,5.0,0.0,0.0,0.0,340.0,680.0
525140,Goduine Koyalipou,Lens,25.0,Centre-Forward,1800.0,Central African Republic,1.84,Wasserman,right,2028.0,32.0,1.5,19.0,2.0,0.0,5.0,17.0,0.0,0.0,0.0,2.0,117.0,2.226
659513,Soumaïla Coulibaly,Stade Brestois,21.0,Centre-Back,9000.0,France,1.91,Epic Coulibaly,left,2025.0,16.0,1.63,0.0,1.0,0.0,3.0,2.0,2.0,0.0,0.0,0.0,0.0,1.162
250779,Brendan Chardonnet,Stade Brestois,30.0,Centre-Back,6000.0,France,1.81,,right,2027.0,39.0,1.41,2.0,1.0,1.0,0.0,1.0,8.0,0.0,0.0,0.0,1.749,3.497
673514,Abdoulaye Ndiaye,Stade Brestois,23.0,Centre-Back,3000.0,Senegal,1.95,,left,2025.0,27.0,1.85,1.0,0.0,0.0,3.0,1.0,6.0,0.0,1.0,0.0,2.157,2.157
794349,Julien Le Cardinal,Stade Brestois,27.0,Centre-Back,1500.0,France,1.84,Soccer Connect,right,2027.0,21.0,1.24,1.0,1.0,1.0,2.0,2.0,7.0,0.0,0.0,0.0,1.725,1.725
805908,Bradley Locko,Stade Brestois,23.0,Left-Back,9000.0,France,1.8,,left,2027.0,2.0,1.5,0.0,0.0,0.0,1.0,1.0,1.0,0.0,0.0,0.0,0.0,97.0
241229,Jordan Amavi,Stade Brestois,31.0,Left-Back,2000.0,France,1.76,Classico,left,2025.0,13.0,1.46,0.0,1.0,0.0,3.0,6.0,2.0,0.0,0.0,0.0,0.0,968.0
170929,Massadio Haidara,Stade Brestois,32.0,Left-Back,1800.0,Mali,1.79,HD,left,2025.0,32.0,1.63,0.0,0.0,0.0,5.0,5.0,4.0,1.0,1.0,0.0,0.0,2.327
1030153,Justin Bourgault,Stade Brestois,19.0,Left-Back,300.0,France,1.85,,left,2029.0,19.0,1.58,2.0,3.0,0.0,3.0,10.0,2.0,0.0,0.0,0.0,641.0,1.281
1144999,Luck Zogbé,Stade Brestois,20.0,Right-Back,3000.0,Cote d'Ivoire,1.78,Epic Zogbe,right,2027.0,18.0,1.72,0.0,0.0,0.0,6.0,2.0,2.0,0.0,0.0,0.0,0.0,1.086
174196,Kenny Lala,Stade Brestois,33.0,Right-Back,2500.0,France,1.78,S.O.M FOOTBALL,right,2027.0,40.0,1.5,3.0,2.0,0.0,2.0,0.0,6.0,0.0,0.0,3.0,1.165,3.496
377393,Pierre Lees-Melou,Stade Brestois,31.0,Defensive Midfield,7000.0,France,1.85,,right,2027.0,28.0,1.29,3.0,2.0,0.0,6.0,6.0,8.0,0.0,0.0,0.0,673.0,2.02
247555,Edimilson Fernandes,Stade Brestois,29.0,Defensive Midfield,3500.0,Switzerland,1.87,Wasserman,right,2025.0,32.0,1.44,1.0,1.0,1.0,11.0,11.0,1.0,0.0,0.0,0.0,1.893,1.893
127142,Jonas Martin,Stade Brestois,35.0,Defensive Midfield,800.0,France,1.84,Wasserman,right,2025.0,23.0,1.26,1.0,0.0,0.0,18.0,5.0,2.0,0.0,0.0,0.0,582.0,582.0
1200289,Hamidou Makalou,Stade Brestois,18.0,Defensive Midfield,200.0,Mali,1.64,,right,2029.0,4.0,1.0,0.0,0.0,0.0,4.0,0.0,0.0,0.0,0.0,0.0,0.0,28.0
324795,Mahdi Camara,Stade Brestois,26.0,Central Midfield,10000.0,France,1.78,,right,2027.0,47.0,1.47,6.0,5.0,0.0,5.0,24.0,7.0,0.0,0.0,0.0,586.0,3.515
474662,Hugo Magnetti,Stade Brestois,26.0,Central Midfield,7000.0,France,1.8,,right,2027.0,46.0,1.5,2.0,1.0,1.0,7.0,18.0,6.0,0.0,0.0,0.0,1.659,3.317
555076,Romain Faivre,Stade Brestois,26.0,Right Midfield,7000.0,France,1.8,,left,2025.0,32.0,1.38,3.0,3.0,0.0,16.0,14.0,2.0,0.0,0.0,1.0,498.0,1.493
671594,Kamory Doumbia,Stade Brestois,22.0,Attacking Midfield,5000.0,Mali,1.7,,right,2029.0,44.0,1.5,3.0,2.0,0.0,24.0,19.0,1.0,0.0,0.0,0.0,646.0,1.938
776798,Abdallah Sima,Stade Brestois,23.0,Left Winger,10000.0,Senegal,1.88,PSM,right,2025.0,40.0,1.45,12.0,2.0,0.0,18.0,20.0,4.0,0.0,0.0,0.0,161.0,1.927
928323,Ibrahim Salah,Stade Brestois,23.0,Left Winger,4000.0,Morocco,1.86,Libera Sports,right,2025.0,21.0,1.38,2.0,1.0,0.0,14.0,5.0,1.0,0.0,0.0,0.0,329.0,658.0
424072,Mathias Pereira Lage,Stade Brestois,28.0,Left Winger,2000.0,France,1.8,,right,2025.0,42.0,1.6,4.0,8.0,0.0,18.0,15.0,5.0,0.0,0.0,0.0,552.0,2.207
353399,Romain Del Castillo,Stade Brestois,29.0,Right Winger,8000.0,France,1.72,,left,2027.0,34.0,1.41,6.0,5.0,0.0,16.0,15.0,1.0,0.0,0.0,3.0,274.0,1.643
325223,Mama Baldé,Stade Brestois,29.0,Centre-Forward,4500.0,Guinea-Bissau,1.76,,right,2027.0,42.0,1.4,2.0,4.0,0.0,24.0,20.0,5.0,0.0,0.0,0.0,873.0,1.746
283994,Ludovic Ajorque,Stade Brestois,31.0,Centre-Forward,4000.0,France,1.96,,left,2025.0,43.0,1.51,14.0,6.0,0.0,4.0,18.0,8.0,0.0,0.0,0.0,240.0,3.366
453376,Joseph Okumu,Stade Reims,27.0,Centre-Back,7000.0,Kenya,1.9,,right,2028.0,26.0,0.88,1.0,0.0,0.0,2.0,7.0,3.0,0.0,1.0,0.0,2.033,2.033
364827,Cédric Kipré,Stade Reims,28.0,Centre-Back,3000.0,Cote d'Ivoire,1.93,,right,2027.0,32.0,1.16,2.0,1.0,0.0,2.0,2.0,5.0,0.0,2.0,0.0,1.276,2.551
1126894,Malcolm Jeng,Stade Reims,20.0,Centre-Back,2500.0,Sweden,1.9,,"
                            Jan 12, 2025                        ",2029.0,6.0,2.17,0.0,0.0,0.0,2.0,2.0,0.0,0.0,0.0,0.0,0.0,305.0
1130445,Abdoul Koné,Stade Reims,20.0,Centre-Back,500.0,France,1.92,,right,2027.0,10.0,1.7,1.0,1.0,0.0,4.0,5.0,1.0,0.0,0.0,0.0,476.0,476.0
355627,Sergio Akieme,Stade Reims,27.0,Left-Back,7000.0,Spain,1.75,AS1,left,2028.0,35.0,1.06,2.0,4.0,0.0,3.0,7.0,6.0,0.0,0.0,0.0,1.416,2.831
955281,Nhoa Sangui,Stade Reims,19.0,Left-Back,2500.0,France,1.78,One Team Football,left,2027.0,31.0,1.23,1.0,3.0,0.0,18.0,5.0,3.0,0.0,0.0,0.0,1.428,1.428
258039,Aurélio Buta,Stade Reims,28.0,Right-Back,5000.0,Portugal,1.72,Proeleven S.A.,right,2025.0,30.0,1.33,0.0,1.0,0.0,4.0,11.0,5.0,0.0,0.0,0.0,0.0,2.182
1137808,Hiroki Sekine,Stade Reims,22.0,Right-Back,800.0,Japan,1.87,,right,2029.0,19.0,1.16,0.0,1.0,0.0,6.0,2.0,2.0,0.0,0.0,0.0,0.0,1.219
1086636,Gabriel Moscardo,Stade Reims,19.0,Defensive Midfield,10000.0,Brazil,1.85,,right,2025.0,9.0,1.78,1.0,0.0,0.0,8.0,1.0,1.0,0.0,0.0,0.0,211.0,211.0
717585,Mory Gbane,Stade Reims,24.0,Defensive Midfield,4000.0,Cote d'Ivoire,1.88,BTFM,right,2029.0,38.0,1.21,1.0,1.0,0.0,3.0,3.0,8.0,0.0,0.0,0.0,3.159,3.159
1178474,Amadou Koné,Stade Reims,20.0,Defensive Midfield,1500.0,Cote d'Ivoire,1.78,,left,2028.0,29.0,1.14,0.0,0.0,0.0,9.0,15.0,3.0,0.0,1.0,0.0,0.0,1.608
923759,Valentin Atangana,Stade Reims,19.0,Central Midfield,9000.0,France,1.76,One Team Football,right,2027.0,39.0,1.18,1.0,0.0,0.0,1.0,16.0,8.0,0.0,0.0,0.0,3.234,3.234
1044893,Yaya Fofana,Stade Reims,20.0,Central Midfield,5000.0,Cote d'Ivoire,1.8,,right,2029.0,12.0,1.5,1.0,1.0,0.0,4.0,8.0,4.0,0.0,0.0,0.0,638.0,638.0
409153,Teddy Teuma,Stade Reims,31.0,Central Midfield,4000.0,Malta,1.76,Libera Sports,left,2027.0,20.0,1.4,2.0,1.0,0.0,9.0,10.0,2.0,0.0,0.0,1.0,467.0,933.0
405686,Reda Khadra,Stade Reims,23.0,Attacking Midfield,2500.0,Germany,1.75,Footfeel ISM,right,2027.0,4.0,1.75,0.0,0.0,0.0,4.0,1.0,0.0,0.0,0.0,0.0,0.0,75.0
1132634,Ange Martial Tia,Stade Reims B,18.0,Attacking Midfield,150.0,Mali,1.78,,"Jun 30, 2029",2029.0,9.0,1.44,0.0,0.0,0.0,5.0,4.0,0.0,0.0,0.0,0.0,0.0,318.0
405397,Keito Nakamura,Stade Reims,24.0,Left Winger,10000.0,Japan,1.8,,right,2028.0,38.0,1.29,12.0,3.0,0.0,2.0,16.0,5.0,0.0,0.0,0.0,257.0,3.082
574385,Mohamed Daramy,Stade Reims,23.0,Left Winger,5000.0,Denmark,1.8,HCM Sports ...,right,2028.0,2.0,3.0,0.0,0.0,0.0,2.0,0.0,0.0,0.0,0.0,0.0,0.0,14.0
348791,Junya Ito,Stade Reims,32.0,Right Winger,8000.0,Japan,1.76,,right,2026.0,37.0,1.22,4.0,5.0,0.0,2.0,15.0,1.0,0.0,0.0,0.0,759.0,3.034
847279,Oumar Diakité,Stade Reims,21.0,Centre-Forward,7000.0,Cote d'Ivoire,1.85,Wasserman,right,2028.0,31.0,1.16,4.0,1.0,0.0,10.0,19.0,7.0,0.0,0.0,0.0,460.0,1.841
355369,Jordan,Stade Reims,29.0,Centre-Forward,3000.0,United States,1.91,Gestifute,right,2027.0,29.0,1.17,1.0,1.0,0.0,10.0,17.0,2.0,0.0,0.0,0.0,1.554,1.554
923832,Nathan Zézé,FC Nantes,19.0,Centre-Back,12000.0,France,1.9,,left,2028.0,21.0,1.33,1.0,0.0,0.0,1.0,3.0,7.0,0.0,0.0,0.0,1.738,1.738
807128,Saïdou Sow,FC Nantes,22.0,Centre-Back,6000.0,Guinea,1.87,,right,2025.0,22.0,1.32,1.0,1.0,0.0,1.0,2.0,3.0,0.0,0.0,0.0,1.909,1.909
182875,Jean-Charles Castelletto,FC Nantes,30.0,Centre-Back,3500.0,Cameroon,1.86,BTFM,both,2028.0,32.0,1.06,0.0,0.0,1.0,0.0,2.0,5.0,0.0,1.0,0.0,0.0,2.802
139279,Nicolas Pallois,FC Nantes,37.0,Centre-Back,500.0,France,1.89,Sport Cover,left,2025.0,27.0,1.15,0.0,3.0,1.0,3.0,4.0,8.0,0.0,0.0,0.0,0.0,2.11
485965,Nicolas Cozza,FC Nantes,26.0,Left-Back,3500.0,France,1.78,One Team Football,left,2025.0,29.0,0.97,1.0,1.0,0.0,4.0,3.0,3.0,0.0,1.0,0.0,2.211,2.211
344072,Kelvin Amian,FC Nantes,27.0,Right-Back,2500.0,France,1.8,,right,2028.0,32.0,1.09,1.0,1.0,0.0,8.0,6.0,5.0,0.0,0.0,0.0,2.228,2.228
384859,Fabien Centonze,FC Nantes,29.0,Right-Back,2000.0,France,1.82,,right,2027.0,10.0,1.4,0.0,0.0,1.0,5.0,4.0,0.0,0.0,0.0,0.0,0.0,407.0
353365,Marcus Coco,FC Nantes,28.0,Right-Back,1500.0,Guadeloupe,1.84,,right,2025.0,23.0,1.26,2.0,1.0,0.0,11.0,8.0,3.0,0.0,2.0,0.0,582.0,1.164
585973,Johann Lepenant,FC Nantes,22.0,Defensive Midfield,7000.0,France,1.76,,right,2025.0,31.0,1.19,2.0,1.0,0.0,6.0,13.0,3.0,0.0,0.0,0.0,1.111,2.221
242273,Pedro Chirivella,FC Nantes,27.0,Defensive Midfield,5000.0,Spain,1.78,,right,2026.0,32.0,1.0,0.0,4.0,0.0,2.0,17.0,6.0,0.0,0.0,0.0,0.0,2.543
74869,Francis Coquelin,FC Nantes,34.0,Defensive Midfield,1000.0,France,1.77,One Team Football,right,2025.0,7.0,1.86,1.0,1.0,0.0,3.0,3.0,1.0,0.0,0.0,0.0,314.0,314.0
393621,Douglas Augusto,FC Nantes,28.0,Central Midfield,6000.0,Brazil,1.73,,left,2027.0,30.0,1.03,4.0,3.0,0.0,0.0,12.0,8.0,0.0,0.0,0.0,616.0,2.463
1004619,Dehmaine Tabibou,FC Nantes,20.0,Central Midfield,100.0,France,1.83,,left,2026.0,19.0,1.37,2.0,1.0,0.0,13.0,5.0,1.0,0.0,0.0,1.0,276.0,552.0
1119456,Louis Leroux,FC Nantes,19.0,Attacking Midfield,2000.0,France,1.84,,left,2028.0,24.0,1.42,3.0,1.0,0.0,10.0,5.0,1.0,0.0,0.0,0.0,453.0,1.358
222859,Florent Mollet,FC Nantes,33.0,Attacking Midfield,1500.0,France,1.75,LB SPORT & ...,right,2025.0,10.0,0.6,0.0,2.0,0.0,6.0,4.0,1.0,0.0,0.0,0.0,0.0,307.0
274862,Moses Simon,FC Nantes,29.0,Left Winger,12000.0,Nigeria,1.68,,right,2026.0,33.0,1.06,8.0,10.0,0.0,1.0,19.0,2.0,0.0,0.0,4.0,337.0,2.694
1119453,Herba Guirassy,FC Nantes,18.0,Left Winger,1000.0,France,1.86,Concept Sport Agency,"
                            Jul 1, 2024                        ",2028.0,28.0,1.25,6.0,0.0,0.0,18.0,8.0,0.0,0.0,0.0,0.0,154.0,923.0
475416,Sorba Thomas,FC Nantes,26.0,Right Winger,4000.0,Wales,1.85,Wasserman,right,2025.0,27.0,1.19,1.0,3.0,0.0,11.0,16.0,3.0,0.0,0.0,0.0,1.39,1.39
659543,Matthis Abline,FC Nantes,22.0,Centre-Forward,12000.0,France,1.82,Wasserman,right,2028.0,36.0,1.08,11.0,2.0,0.0,1.0,21.0,3.0,0.0,0.0,1.0,270.0,2.968
462348,Mostafa Mohamed,FC Nantes,27.0,Centre-Forward,6000.0,Egypt,1.85,,"
                    Attack - Centre-Forward                ",2027.0,32.0,1.06,6.0,1.0,0.0,21.0,10.0,3.0,0.0,0.0,0.0,218.0,1.31
423678,Meschack Elia,FC Nantes,27.0,Centre-Forward,5000.0,DR Congo,1.73,,right,2025.0,31.0,1.16,2.0,2.0,0.0,20.0,8.0,4.0,0.0,0.0,0.0,617.0,1.234
384060,Tino Kadewere,FC Nantes,29.0,Centre-Forward,3000.0,Zimbabwe,1.83,,right,2027.0,13.0,1.08,1.0,3.0,0.0,6.0,6.0,1.0,0.0,0.0,0.0,603.0,603.0
597659,Charlie Cresswell,Toulouse,22.0,Centre-Back,7000.0,England,1.9,,right,2028.0,34.0,1.35,4.0,2.0,1.0,2.0,4.0,7.0,0.0,0.0,0.0,713.0,2.85
429259,Mark McKenzie,Toulouse,26.0,Centre-Back,6000.0,United States,1.84,Wasserman,right,2027.0,34.0,1.35,1.0,1.0,0.0,3.0,2.0,2.0,0.0,1.0,0.0,2.705,2.705
283227,Rasmus Nicolaisen,Toulouse,28.0,Centre-Back,5000.0,Denmark,1.91,BTAM,left,2025.0,8.0,0.63,0.0,1.0,1.0,1.0,1.0,0.0,0.0,0.0,0.0,0.0,654.0
1006411,Jaydee Canvot,Toulouse,18.0,Centre-Back,2500.0,France,1.88,,right,2029.0,24.0,1.46,0.0,0.0,0.0,7.0,6.0,2.0,0.0,0.0,0.0,0.0,1.497
958647,Ümit Akdağ,Toulouse,21.0,Centre-Back,800.0,Romania,1.92,,left,2025.0,12.0,1.17,0.0,0.0,0.0,3.0,8.0,2.0,0.0,0.0,0.0,0.0,698.0
385105,Gabriel Suazo,Toulouse,27.0,Left-Back,4000.0,Chile,1.78,Vibra Futbol,left,2026.0,33.0,1.15,0.0,7.0,1.0,8.0,7.0,1.0,0.0,0.0,0.0,0.0,2.353
794758,Warren Kamanzi,Toulouse,24.0,Right-Back,2000.0,Norway,1.77,Solbakken / Player ...,right,2026.0,24.0,1.63,1.0,1.0,0.0,13.0,7.0,3.0,0.0,0.0,0.0,1.019,1.019
161869,Djibril Sidibé,Toulouse,32.0,Right-Back,1200.0,France,1.83,,right,2025.0,28.0,1.39,0.0,3.0,0.0,4.0,8.0,1.0,0.0,0.0,0.0,0.0,2.105
467632,Cristian Cásseres Jr.,Toulouse,25.0,Central Midfield,5000.0,Venezuela,1.76,,right,2027.0,34.0,1.26,1.0,3.0,0.0,2.0,11.0,11.0,0.0,0.0,0.0,2.823,2.823
280387,Vincent Sierro,Toulouse,29.0,Central Midfield,4000.0,Switzerland,1.85,Gold Kick SA,right,2026.0,30.0,1.23,5.0,1.0,0.0,3.0,9.0,4.0,0.0,0.0,2.0,488.0,2.44
275249,Niklas Schmidt,Toulouse,27.0,Central Midfield,2000.0,Germany,1.84,SEG,both,2027.0,10.0,1.7,0.0,1.0,0.0,7.0,2.0,0.0,0.0,1.0,0.0,0.0,227.0
149829,Miha Zajc,Toulouse,30.0,Central Midfield,1800.0,Slovenia,1.78,SEG,right,2025.0,22.0,1.27,0.0,0.0,0.0,18.0,3.0,2.0,0.0,0.0,0.0,0.0,461.0
883865,Rafik Messali,Toulouse,22.0,Right Midfield,800.0,Algeria,1.77,,right,2026.0,22.0,1.68,0.0,1.0,0.0,8.0,8.0,1.0,0.0,0.0,0.0,0.0,1.211
476836,Aron Dønnum,Toulouse,27.0,Left Midfield,4000.0,Norway,1.78,Nordic Sky,left,2028.0,35.0,1.26,2.0,3.0,0.0,3.0,11.0,7.0,0.0,0.0,0.0,1.417,2.834
463613,Yann Gboho,Toulouse,24.0,Left Winger,8000.0,France,1.78,ND SPORTS MANAGEMENT,right,2026.0,33.0,1.33,5.0,4.0,0.0,5.0,14.0,2.0,0.0,0.0,0.0,486.0,2.429
393238,Zakaria Aboukhlal,Toulouse,25.0,Right Winger,12000.0,Morocco,1.79,PANTHERA,both,2026.0,27.0,1.26,7.0,4.0,0.0,4.0,13.0,4.0,0.0,0.0,1.0,286.0,2.0
916920,Shavy Babicka,Toulouse,24.0,Right Winger,3000.0,Gabon,1.79,,right,2027.0,33.0,1.3,4.0,2.0,0.0,19.0,10.0,3.0,0.0,0.0,0.0,361.0,1.443
1078326,Noah Edjouma,Toulouse,19.0,Right Winger,500.0,France,1.82,Classico,right,2027.0,17.0,1.12,6.0,2.0,0.0,10.0,2.0,1.0,0.0,1.0,0.0,112.0,674.0
807689,Frank Magri,Toulouse,25.0,Centre-Forward,2500.0,Cameroon,1.78,,right,2026.0,34.0,1.24,5.0,1.0,0.0,14.0,10.0,5.0,0.0,1.0,0.0,357.0,1.784
91059,Joshua King,Toulouse,33.0,Centre-Forward,2000.0,Norway,1.8,ROGON,right,2025.0,30.0,1.3,6.0,4.0,0.0,9.0,16.0,2.0,0.0,0.0,0.0,285.0,1.712
702441,Sinaly Diomandé,AJ Auxerre,24.0,Centre-Back,5000.0,Cote d'Ivoire,1.84,,right,2027.0,24.0,0.88,3.0,2.0,1.0,1.0,2.0,6.0,0.0,0.0,0.0,678.0,2.035
364409,Gabriel Osho,AJ Auxerre,26.0,Centre-Back,3000.0,Nigeria,1.85,Wasserman,right,2025.0,21.0,1.33,1.0,0.0,0.0,0.0,3.0,1.0,0.0,1.0,0.0,1.748,1.748
806793,Clément Akpa,AJ Auxerre,23.0,Centre-Back,3000.0,Cote d'Ivoire,1.81,PSM,left,2027.0,32.0,1.25,0.0,1.0,0.0,2.0,10.0,7.0,0.0,0.0,0.0,0.0,2.585
149928,Jubal,AJ Auxerre,31.0,Centre-Back,2000.0,Brazil,1.9,LEFT Sports,right,2025.0,30.0,1.3,6.0,0.0,1.0,0.0,3.0,7.0,0.0,0.0,3.0,441.0,2.643
397171,Gideon Mensah,AJ Auxerre,26.0,Left-Back,3500.0,Ghana,1.78,,left,2026.0,29.0,1.34,0.0,1.0,0.0,3.0,7.0,2.0,0.0,0.0,0.0,0.0,2.284
539665,Fredrik Oppegård,AJ Auxerre,22.0,Left-Back,600.0,Norway,1.75,Keypass AS,left,2028.0,19.0,1.95,0.0,0.0,0.0,11.0,4.0,0.0,0.0,0.0,0.0,0.0,833.0
485583,Ki-Jana Hoever,AJ Auxerre,23.0,Right-Back,4500.0,Netherlands,1.83,Wasserman,right,2025.0,30.0,1.27,1.0,2.0,0.0,4.0,19.0,2.0,1.0,0.0,0.0,2.139,2.139
806168,Paul Joly,AJ Auxerre,24.0,Right-Back,2000.0,France,1.82,Concept Sport Agency,right,2027.0,27.0,1.0,0.0,1.0,0.0,16.0,6.0,3.0,0.0,1.0,0.0,0.0,1.091
855215,Ange Loïc N'Gatta,AJ Auxerre,21.0,Right-Back,100.0,France,1.75,,right,2025.0,15.0,1.33,1.0,0.0,0.0,2.0,6.0,2.0,0.0,0.0,0.0,951.0,951.0
395695,Elisha Owusu,AJ Auxerre,27.0,Defensive Midfield,3000.0,Ghana,1.82,,right,2027.0,29.0,1.14,1.0,3.0,1.0,1.0,12.0,7.0,0.0,0.0,0.0,2.37,2.37
287635,Assane Dioussé,AJ Auxerre,27.0,Defensive Midfield,800.0,Senegal,1.75,LB SPORT & ...,left,2026.0,18.0,0.94,0.0,0.0,0.0,10.0,6.0,1.0,0.0,0.0,0.0,0.0,735.0
743523,Nathan Buayi-Kiala,AJ Auxerre,21.0,Defensive Midfield,150.0,France,1.77,,right,2026.0,,,,,,2.0,,,,,,,
536508,Han-Noah Massengo,AJ Auxerre,23.0,Central Midfield,5000.0,France,1.78,Classico,right,2025.0,26.0,1.62,0.0,1.0,0.0,13.0,6.0,6.0,0.0,0.0,0.0,0.0,1.229
743496,Kévin Danois,AJ Auxerre,20.0,Central Midfield,4000.0,France,1.83,,right,2028.0,23.0,1.3,0.0,0.0,0.0,7.0,6.0,1.0,0.0,0.0,0.0,0.0,1.474
391065,Hamed Junior Traoré,AJ Auxerre,25.0,Attacking Midfield,18000.0,Cote d'Ivoire,1.77,GG11,right,2025.0,26.0,1.23,10.0,2.0,0.0,0.0,16.0,5.0,0.0,0.0,0.0,211.0,2.108
569140,Lassine Sinayoko,AJ Auxerre,25.0,Left Winger,3500.0,Mali,1.86,VV Consulting,right,2026.0,35.0,1.2,5.0,9.0,0.0,10.0,16.0,5.0,0.0,0.0,1.0,467.0,2.333
1310513,Aristide Zossou,AJ Auxerre B,19.0,Left Winger,100.0,Cote d'Ivoire,1.78,,right,2029.0,21.0,1.52,7.0,3.0,0.0,4.0,11.0,2.0,0.0,0.0,0.0,199.0,1.395
353404,Gaëtan Perrin,AJ Auxerre,28.0,Right Winger,6000.0,France,1.69,,right,2026.0,35.0,1.2,10.0,11.0,0.0,3.0,19.0,2.0,0.0,0.0,0.0,280.0,2.797
658534,Lasso Coulibaly,AJ Auxerre,22.0,Right Winger,1500.0,Cote d'Ivoire,1.76,,right,2028.0,4.0,1.5,2.0,0.0,0.0,3.0,1.0,0.0,0.0,0.0,0.0,44.0,87.0
412934,Eros Maddy,AJ Auxerre,24.0,Right Winger,200.0,Netherlands,1.77,,right,2027.0,6.0,1.67,0.0,0.0,0.0,2.0,2.0,3.0,0.0,0.0,0.0,0.0,261.0
501709,Theo Bair,AJ Auxerre,25.0,Centre-Forward,1800.0,Canada,1.91,,right,2028.0,30.0,1.3,2.0,1.0,0.0,18.0,12.0,1.0,0.0,0.0,0.0,498.0,996.0
308133,Ado Onaiwu,AJ Auxerre,29.0,Centre-Forward,1800.0,Japan,1.8,,right,2026.0,32.0,1.19,4.0,1.0,0.0,22.0,7.0,1.0,0.0,1.0,0.0,259.0,1.035
372713,Florian Ayé,AJ Auxerre,28.0,Centre-Forward,1500.0,France,1.84,Classico,right,2026.0,27.0,0.96,2.0,0.0,0.0,22.0,5.0,0.0,0.0,0.0,0.0,312.0,623.0
768380,Arouna Sangante,Le Havre AC,23.0,Centre-Back,10000.0,Senegal,1.89,,right,2026.0,16.0,1.25,3.0,0.0,0.0,0.0,6.0,4.0,0.0,1.0,0.0,417.0,1.251
639712,Étienne Youté Kinkoué,Le Havre AC,23.0,Centre-Back,8000.0,France,1.96,WINS,right,2026.0,28.0,1.11,0.0,0.0,1.0,2.0,1.0,4.0,0.0,1.0,0.0,0.0,2.32
249636,Gautier Lloris,Le Havre AC,29.0,Centre-Back,3000.0,France,1.91,,left,2026.0,31.0,1.0,2.0,1.0,0.0,0.0,2.0,5.0,0.0,0.0,0.0,1.385,2.77
296422,Fodé Ballo-Touré,Le Havre AC,28.0,Left-Back,1500.0,Senegal,1.82,Horizon,left,2025.0,13.0,1.0,0.0,0.0,0.0,1.0,9.0,0.0,1.0,0.0,0.0,0.0,790.0
691841,Yanis Zouaoui,Le Havre AC,27.0,Left-Back,800.0,France,1.83,S.O.M FOOTBALL,left,2027.0,18.0,1.0,0.0,2.0,0.0,8.0,3.0,3.0,0.0,0.0,0.0,0.0,1.063
538998,Timothée Pembélé,Le Havre AC,22.0,Right-Back,2500.0,France,1.83,Sport Cover,right,2025.0,21.0,1.1,1.0,0.0,0.0,8.0,3.0,3.0,0.0,0.0,0.0,1.198,1.198
122840,Loïc Nego,Le Havre AC,34.0,Right-Back,800.0,Hungary,1.81,Sport Cover,right,2025.0,32.0,1.06,0.0,1.0,0.0,3.0,7.0,5.0,0.0,0.0,0.0,0.0,2.554
283127,Oualid El Hajjam,Le Havre AC,34.0,Right-Back,400.0,Morocco,1.81,,right,2026.0,0.0,,0.0,0.0,0.0,0.0,0.0,0.0,0.0,0.0,0.0,0.0,0.0
1011200,Junior Mwanga,Le Havre AC,22.0,Defensive Midfield,6000.0,France,1.84,Sport Cover,both,2025.0,20.0,1.4,1.0,3.0,0.0,7.0,2.0,1.0,0.0,1.0,0.0,1.258,1.258
181382,Abdoulaye Touré,Le Havre AC,31.0,Defensive Midfield,3000.0,Guinea,1.88,,right,2026.0,28.0,0.93,10.0,1.0,0.0,2.0,9.0,5.0,0.0,0.0,8.0,233.0,2.331
662242,Rassoul Ndiaye,Le Havre AC,23.0,Defensive Midfield,2500.0,Senegal,1.79,ND SPORTS MANAGEMENT,right,2026.0,28.0,1.21,1.0,1.0,0.0,16.0,11.0,2.0,0.0,0.0,0.0,1.122,1.122
292820,Aloïs Confais,Le Havre AC,28.0,Defensive Midfield,200.0,France,1.74,,right,2025.0,2.0,,0.0,0.0,0.0,2.0,0.0,0.0,0.0,0.0,0.0,0.0,27.0
667967,Yassine Kechta,Le Havre AC,23.0,Central Midfield,5000.0,Morocco,1.74,,left,2026.0,31.0,1.0,2.0,1.0,0.0,6.0,21.0,4.0,0.0,0.0,0.0,1.056,2.111
279570,Daler Kuzyaev,Le Havre AC,32.0,Central Midfield,5000.0,Russia,1.82,,right,2025.0,13.0,0.69,1.0,0.0,0.0,6.0,4.0,2.0,0.0,0.0,0.0,645.0,645.0
1053147,Mahamadou Diawara,Le Havre AC,20.0,Central Midfield,2500.0,France,1.87,,left,2025.0,20.0,1.5,0.0,1.0,0.0,13.0,5.0,0.0,0.0,0.0,0.0,0.0,708.0
986286,Ismaïl Bouneb,Le Havre AC,18.0,Attacking Midfield,50.0,France,1.82,,right,2028.0,5.0,2.0,3.0,0.0,0.0,0.0,1.0,1.0,0.0,0.0,2.0,144.0,433.0
568698,Issa Soumaré,Le Havre AC,24.0,Left Winger,1500.0,Senegal,1.82,FAIR SPORT MNG,right,2026.0,29.0,1.07,5.0,4.0,0.0,8.0,9.0,0.0,0.0,0.0,0.0,381.0,1.904
763182,Josué Casimir,Le Havre AC,23.0,Right Winger,3500.0,Guadeloupe,1.78,ND SPORTS MANAGEMENT,right,2025.0,27.0,1.15,4.0,6.0,0.0,4.0,13.0,5.0,0.0,0.0,0.0,502.0,2.006
825437,Ilyes Housni,Le Havre AC,20.0,Centre-Forward,2000.0,Morocco,1.72,VV Consulting,right,2025.0,13.0,0.23,0.0,0.0,0.0,10.0,3.0,0.0,0.0,0.0,0.0,0.0,236.0
184816,Ahmed Hassan,Le Havre AC,32.0,Centre-Forward,900.0,Egypt,1.91,,"
                    Attack - Centre-Forward                ",2025.0,27.0,1.44,5.0,1.0,0.0,15.0,10.0,4.0,0.0,0.0,1.0,240.0,1.199
45403,André Ayew,Le Havre AC,35.0,Centre-Forward,700.0,Ghana,1.75,Wasserman,left,2025.0,28.0,1.0,4.0,1.0,0.0,12.0,10.0,2.0,0.0,0.0,0.0,385.0,1.541
770407,Elysée Logbo,Le Havre AC,21.0,Centre-Forward,600.0,France,1.88,,left,2027.0,2.0,,0.0,0.0,0.0,2.0,0.0,0.0,0.0,0.0,0.0,0.0,27.0
395677,Yann Kitala,Le Havre AC,27.0,Centre-Forward,500.0,DR Congo,1.86,HCM Sports ...,left,2025.0,0.0,,0.0,0.0,0.0,0.0,0.0,0.0,0.0,0.0,0.0,0.0,0.0
324819,Maxime Bernauer,Saint-Étienne,26.0,Centre-Back,2000.0,France,1.85,One Team Football,right,2025.0,29.0,1.34,0.0,0.0,0.0,8.0,2.0,4.0,1.0,0.0,0.0,0.0,2.106
494586,Mickaël Nade,Saint-Étienne,26.0,Centre-Back,1500.0,France,1.93,Horizon,left,2028.0,27.0,0.89,1.0,3.0,1.0,1.0,0.0,1.0,0.0,0.0,0.0,2.395,2.395
289432,Dylan Batubinsika,Saint-Étienne,29.0,Centre-Back,1500.0,DR Congo,1.85,,right,2026.0,26.0,0.73,1.0,0.0,1.0,3.0,1.0,3.0,0.0,1.0,0.0,2.107,2.107
199704,Yunis Abdelhamid,Saint-Étienne,37.0,Centre-Back,500.0,Morocco,1.9,,left,2025.0,18.0,0.89,0.0,0.0,0.0,5.0,2.0,3.0,0.0,0.0,0.0,0.0,1.211
190338,Anthony Briançon,Saint-Étienne,30.0,Centre-Back,500.0,France,1.85,Kemari,right,2025.0,2.0,0.5,0.0,0.0,0.0,1.0,1.0,0.0,0.0,0.0,0.0,0.0,46.0
536156,Pierre Cornud,Saint-Étienne,28.0,Left-Back,1000.0,France,1.77,,left,2026.0,,,,,,,,,,,,,
412829,Léo Pétrot,Saint-Étienne,28.0,Left-Back,1000.0,France,1.88,,left,2025.0,32.0,0.84,0.0,3.0,0.0,2.0,6.0,4.0,0.0,0.0,0.0,0.0,2.698
580747,Yvann Maçon,Saint-Étienne,26.0,Right-Back,2000.0,Guadeloupe,1.76,Wasserman,right,2025.0,13.0,0.85,0.0,0.0,0.0,2.0,7.0,4.0,0.0,0.0,0.0,0.0,886.0
111038,Dennis Appiah,Saint-Étienne,32.0,Right-Back,900.0,France,1.79,,right,2026.0,30.0,0.87,0.0,1.0,0.0,7.0,2.0,2.0,0.0,0.0,0.0,0.0,2.216
538994,Pierre Ekwah,Saint-Étienne,23.0,Defensive Midfield,5000.0,France,1.89,BS Group - BS Law,left,2025.0,,,,,,,,,,,,,
391376,Lamine Fomba,Saint-Étienne,27.0,Defensive Midfield,700.0,France,1.88,,right,2026.0,10.0,0.9,0.0,0.0,0.0,4.0,3.0,2.0,0.0,0.0,0.0,0.0,486.0
783094,Benjamin Bouchouari,Saint-Étienne,23.0,Central Midfield,5000.0,Morocco,1.65,PANTHERA,right,2026.0,26.0,0.77,1.0,0.0,0.0,5.0,9.0,6.0,0.0,0.0,0.0,1.837,1.837
484992,Aïmen Moueffek,Saint-Étienne,24.0,Central Midfield,2500.0,Morocco,1.79,,right,2028.0,22.0,1.09,0.0,1.0,0.0,9.0,12.0,2.0,0.0,0.0,0.0,0.0,1.041
904662,Louis Mouton,Saint-Étienne,22.0,Central Midfield,800.0,France,1.8,Kemari,right,2025.0,27.0,0.85,0.0,1.0,0.0,12.0,14.0,3.0,0.0,0.0,0.0,0.0,1.239
212804,Florian Tardieu,Saint-Étienne,33.0,Central Midfield,700.0,France,1.81,AGJ SP MGMT,right,2026.0,24.0,0.96,2.0,4.0,0.0,11.0,6.0,0.0,0.0,0.0,0.0,625.0,1.249
579263,Augustine Boakye,Saint-Étienne,24.0,Attacking Midfield,3000.0,Ghana,1.78,,left,2028.0,,,,,,,,,,,,,
729872,Igor Miladinovic,Saint-Étienne,21.0,Attacking Midfield,1500.0,Serbia,1.66,DV Sports,right,2028.0,14.0,1.57,3.0,1.0,0.0,4.0,9.0,2.0,0.0,1.0,1.0,211.0,633.0
427572,Zuriko Davitashvili,Saint-Étienne,24.0,Left Winger,10000.0,Georgia,1.75,,right,2028.0,34.0,0.79,9.0,8.0,0.0,1.0,13.0,3.0,0.0,0.0,2.0,315.0,2.835
617021,Ben Old,Saint-Étienne,22.0,Left Winger,800.0,New Zealand,1.73,,left,2028.0,13.0,1.0,0.0,0.0,0.0,9.0,4.0,0.0,0.0,0.0,0.0,0.0,523.0
655012,Lucas Stassin,Saint-Étienne,20.0,Centre-Forward,7000.0,Belgium,1.83,Libera Sports,right,2028.0,34.0,1.09,14.0,8.0,0.0,6.0,16.0,5.0,0.0,0.0,0.0,165.0,2.312
342226,Irvin Cardona,Saint-Étienne,27.0,Centre-Forward,2000.0,France,1.85,Wasserman,right,2025.0,,,,,,,,,,,,,
484888,Ibrahim Sissoko,Saint-Étienne,29.0,Centre-Forward,2000.0,Mali,1.92,Sport Cover,right,2026.0,,,,,,,,,,,,,
364232,Ibrahima Wadji,Saint-Étienne,30.0,Centre-Forward,800.0,Senegal,1.75,,right,2025.0,10.0,0.3,0.0,0.0,0.0,8.0,2.0,1.0,0.0,0.0,0.0,0.0,343.0
807165,Bamo Meïté,Montpellier,23.0,Centre-Back,5000.0,Cote d'Ivoire,1.84,,right,2025.0,,,,,,,,,,,,,
507344,Becir Omeragic,Montpellier,23.0,Centre-Back,5000.0,Switzerland,1.87,,right,2028.0,23.0,0.57,0.0,0.0,0.0,1.0,5.0,1.0,0.0,0.0,0.0,0.0,1.893
211637,Kiki Kouyaté,Montpellier,28.0,Centre-Back,3500.0,Mali,1.92,,right,2026.0,11.0,0.55,0.0,0.0,0.0,3.0,1.0,4.0,1.0,0.0,0.0,0.0,755.0
524925,Modibo Sagnan,Montpellier,26.0,Centre-Back,3000.0,Mali,1.87,,left,2028.0,27.0,0.56,2.0,0.0,0.0,3.0,6.0,10.0,0.0,0.0,0.0,1.072,2.144
201737,Christopher Jullien,Montpellier,32.0,Centre-Back,1500.0,Guadeloupe,1.96,Classico,right,2025.0,0.0,,0.0,0.0,0.0,0.0,0.0,0.0,0.0,0.0,0.0,0.0,0.0
124715,Nikola Maksimović,Montpellier,33.0,Centre-Back,400.0,Serbia,1.93,,right,2025.0,7.0,0.71,0.0,0.0,0.0,0.0,3.0,2.0,0.0,0.0,0.0,0.0,584.0
970364,Yaël Mouanga,Montpellier,19.0,Centre-Back,300.0,France,1.83,Smartalent,"
                            Nov 1, 2024                        ",2025.0,21.0,0.67,0.0,0.0,0.0,5.0,6.0,4.0,0.0,0.0,0.0,0.0,1.48
220878,Issiaga Sylla,Montpellier,31.0,Left-Back,2000.0,Guinea,1.8,,left,2025.0,,,,,,,,,,,,,
982393,Lucas Mincarelli,Montpellier,21.0,Left-Back,900.0,France,1.79,,left,2027.0,,,,,,,,,,,,,
537127,Théo Sainte-Luce,Montpellier,26.0,Left-Back,800.0,France,1.76,One Team Football,left,2027.0,18.0,0.61,1.0,0.0,0.0,6.0,6.0,3.0,0.0,0.0,0.0,1.122,1.122
842338,Enzo Tchato,Montpellier,22.0,Right-Back,2500.0,Cameroon,1.82,Wasserman,right,2027.0,27.0,0.56,0.0,0.0,0.0,6.0,8.0,3.0,0.0,0.0,0.0,0.0,1.902
364857,Falaye Sacko,Montpellier,30.0,Right-Back,2000.0,Mali,1.8,Sferico Sports ...,right,2026.0,17.0,0.29,0.0,1.0,0.0,2.0,5.0,1.0,0.0,0.0,0.0,0.0,1.309
624037,Joris Chotard,Montpellier,23.0,Defensive Midfield,7000.0,France,1.79,FAIR SPORT MNG,right,2026.0,27.0,0.37,1.0,0.0,0.0,3.0,9.0,6.0,0.0,0.0,0.0,1.988,1.988
1068110,Rabby Nzingoula,Montpellier,19.0,Defensive Midfield,2500.0,France,1.83,,right,2025.0,27.0,0.56,1.0,0.0,0.0,7.0,15.0,11.0,0.0,0.0,0.0,1.722,1.722
782630,Khalil Fayad,Montpellier,20.0,Central Midfield,4000.0,Morocco,1.72,BS Group - BS Law,right,2027.0,22.0,0.45,0.0,0.0,1.0,11.0,7.0,7.0,0.0,0.0,0.0,0.0,1.113
118284,Jordan Ferri,Montpellier,33.0,Central Midfield,2500.0,France,1.73,FAIR SPORT MNG,right,2026.0,27.0,0.26,0.0,2.0,0.0,4.0,12.0,6.0,0.0,1.0,0.0,0.0,1.933
127156,Téji Savanier,Montpellier,33.0,Attacking Midfield,3000.0,France,1.72,VV Consulting,right,2026.0,32.0,0.41,2.0,5.0,0.0,4.0,7.0,4.0,0.0,1.0,2.0,1.228,2.456
1093482,Nicolas Pays,Montpellier,21.0,Attacking Midfield,700.0,France,1.77,,left,2025.0,,,,,,,,,,,,,
103565,Wahbi Khazri,Montpellier,34.0,Left Winger,1500.0,Tunisia,1.76,,right,2025.0,31.0,0.48,1.0,1.0,0.0,21.0,9.0,4.0,0.0,0.0,0.0,1.138,1.138
618425,Tanguy Coulibaly,Montpellier,24.0,Right Winger,1800.0,France,1.79,,left,2026.0,26.0,0.46,3.0,0.0,0.0,9.0,9.0,2.0,1.0,1.0,0.0,505.0,1.516
1081219,Othmane Maamma,Montpellier,19.0,Right Winger,800.0,Morocco,1.82,,both,2027.0,14.0,0.86,2.0,1.0,0.0,10.0,3.0,2.0,0.0,0.0,0.0,238.0,476.0
122797,Andy Delort,Montpellier,33.0,Centre-Forward,2000.0,Algeria,1.81,,right,2025.0,24.0,1.04,3.0,1.0,0.0,2.0,16.0,2.0,0.0,0.0,0.0,621.0,1.864
986262,Junior Ndiaye,Montpellier,20.0,Centre-Forward,50.0,United Arab Emirates,1.8,,left,,22.0,0.77,5.0,0.0,0.0,12.0,5.0,0.0,1.0,0.0,2.0,189.0,944.0
1071956,Emmanuel Biumla,Angers SCO,20.0,Centre-Back,4000.0,France,1.85,,right,2027.0,18.0,1.28,1.0,0.0,0.0,2.0,1.0,2.0,0.0,0.0,0.0,1.424,1.424
198709,Cédric Hountondji,Angers SCO,31.0,Centre-Back,1500.0,Benin,1.94,,right,2026.0,4.0,0.75,0.0,1.0,0.0,1.0,0.0,0.0,0.0,0.0,0.0,0.0,315.0
192492,Jordan Lefort,Angers SCO,31.0,Centre-Back,1200.0,France,1.84,,left,2026.0,38.0,1.18,0.0,1.0,0.0,1.0,1.0,3.0,0.0,0.0,0.0,0.0,3.301
804711,Ousmane Camara,Angers SCO,22.0,Centre-Back,500.0,France,1.97,,right,2026.0,15.0,1.47,1.0,1.0,0.0,0.0,2.0,7.0,0.0,0.0,0.0,1.33,1.33
62351,Abdoulaye Bamba,Angers SCO,35.0,Centre-Back,350.0,Cote d'Ivoire,1.82,,right,2025.0,23.0,1.04,0.0,0.0,0.0,3.0,2.0,2.0,0.0,0.0,0.0,0.0,1.871
970279,Jacques Ekomié,Angers SCO,21.0,Left-Back,800.0,Gabon,1.79,,right,2027.0,21.0,0.9,0.0,0.0,0.0,11.0,7.0,2.0,0.0,0.0,0.0,0.0,960.0
111811,Florent Hanin,Angers SCO,35.0,Left-Back,350.0,France,1.77,,left,2025.0,35.0,1.11,1.0,2.0,0.0,3.0,10.0,2.0,0.0,0.0,0.0,2.774,2.774
371686,Carlens Arcus,Angers SCO,28.0,Right-Back,1500.0,Haiti,1.76,Kemari,right,2026.0,30.0,1.03,0.0,1.0,0.0,5.0,12.0,3.0,0.0,0.0,0.0,0.0,2.084
829874,Lilian Raolisoa,Angers SCO,24.0,Right-Back,700.0,France,1.78,,right,2026.0,33.0,1.15,0.0,4.0,0.0,16.0,9.0,2.0,0.0,2.0,0.0,0.0,1.613
422986,Halid Sabanovic,Angers SCO,25.0,Right-Back,200.0,Bosnia-Herzegovina,1.82,FENOMENOW,right,2025.0,3.0,1.33,0.0,0.0,0.0,1.0,2.0,1.0,0.0,0.0,0.0,0.0,119.0
178313,Jean-Eudes Aholou,Angers SCO,31.0,Defensive Midfield,2000.0,Cote d'Ivoire,1.86,,left,2026.0,29.0,1.21,2.0,0.0,0.0,2.0,20.0,8.0,0.0,0.0,0.0,1.025,2.05
650104,Zinédine Ould Khaled,Angers SCO,25.0,Defensive Midfield,300.0,France,1.95,Concept Sport Agency,right,2025.0,12.0,0.83,0.0,0.0,0.0,7.0,5.0,2.0,0.0,0.0,0.0,0.0,447.0
1075575,Marius Courcoul,Angers SCO,18.0,Defensive Midfield,50.0,France,1.82,,right,2026.0,22.0,0.91,1.0,0.0,0.0,5.0,10.0,2.0,0.0,0.0,0.0,1.327,1.327
138055,Haris Belkebla,Angers SCO,31.0,Central Midfield,2000.0,Algeria,1.77,,right,2026.0,24.0,1.33,0.0,2.0,0.0,2.0,4.0,1.0,0.0,0.0,0.0,0.0,1.9
807688,Yassin Belkhdim,Angers SCO,23.0,Central Midfield,800.0,Morocco,1.75,,right,2027.0,33.0,1.15,1.0,2.0,0.0,13.0,12.0,6.0,0.0,0.0,0.0,1.86,1.86
214532,Pierrick Capelle,Angers SCO,38.0,Central Midfield,200.0,France,1.81,FAIR SPORT MNG,left,2025.0,19.0,1.53,0.0,0.0,0.0,13.0,5.0,4.0,0.0,0.0,0.0,0.0,718.0
592979,Himad Abdelli,Angers SCO,25.0,Attacking Midfield,7000.0,Algeria,1.85,,right,2026.0,36.0,1.17,6.0,1.0,0.0,2.0,7.0,4.0,0.0,0.0,3.0,514.0,3.083
425400,Farid El Melali,Angers SCO,27.0,Left Winger,4000.0,Algeria,1.68,,both,2025.0,35.0,1.2,3.0,7.0,0.0,12.0,21.0,1.0,0.0,0.0,0.0,673.0,2.018
646733,Jim Allevinah,Angers SCO,30.0,Right Winger,1800.0,Gabon,1.72,,right,2027.0,31.0,1.35,2.0,4.0,0.0,5.0,25.0,3.0,0.0,0.0,0.0,976.0,1.951
232895,Zinedine Ferhat,Angers SCO,32.0,Right Winger,1200.0,Algeria,1.8,,right,2025.0,28.0,1.14,2.0,1.0,0.0,17.0,7.0,3.0,0.0,0.0,0.0,564.0,1.127
461607,Estéban Lepaul,Angers SCO,25.0,Centre-Forward,5000.0,France,1.81,,right,2027.0,31.0,1.35,13.0,0.0,0.0,10.0,11.0,2.0,0.0,0.0,0.0,144.0,1.866
822458,Bamba Dieng,Angers SCO,25.0,Centre-Forward,3500.0,Senegal,1.78,Classico,right,2025.0,22.0,1.14,6.0,2.0,0.0,14.0,6.0,1.0,0.0,0.0,2.0,124.0,741.0
490417,Ibrahima Niane,Angers SCO,26.0,Centre-Forward,1500.0,Senegal,1.87,,right,2025.0,,,,,,,,,,,,,
986288,Sidiki Chérif,Angers SCO,18.0,Centre-Forward,1000.0,France,1.85,Concept Sport Agency,right,2028.0,8.0,0.88,0.0,0.0,0.0,5.0,2.0,0.0,0.0,0.0,0.0,0.0,337.0
203507,Adrien Hunou,Angers SCO,31.0,Centre-Forward,500.0,France,1.79,,right,2025.0,,,,,,,,,,,,,
496706,Montassar Talbi,FC Lorient,26.0,Centre-Back,5000.0,Tunisia,1.9,,right,2027.0,31.0,2.0,1.0,1.0,0.0,0.0,0.0,5.0,0.0,1.0,0.0,2.74,2.74
649023,Formose Mendy,FC Lorient,24.0,Centre-Back,3000.0,Senegal,1.91,Wasserman,right,2028.0,22.0,2.05,1.0,0.0,0.0,10.0,0.0,2.0,0.0,0.0,0.0,1.218,1.218
646829,Nathaniel Adjei,FC Lorient,22.0,Centre-Back,2000.0,Ghana,1.91,Alpha sports ...,right,2026.0,9.0,2.11,0.0,0.0,0.0,2.0,0.0,0.0,0.0,0.0,0.0,0.0,647.0
386057,Julien Laporte,FC Lorient,31.0,Centre-Back,1200.0,France,1.85,,right,2025.0,24.0,2.17,5.0,1.0,0.0,1.0,0.0,6.0,0.0,0.0,0.0,414.0,2.071
1130941,Enzo Genton,FC Lorient,19.0,Centre-Back,100.0,France,1.88,,right,,22.0,2.18,3.0,0.0,0.0,6.0,2.0,6.0,0.0,0.0,0.0,487.0,1.462
717118,Darlin Yongwa,FC Lorient,24.0,Left-Back,3000.0,Cameroon,1.77,Sport Cover,left,2026.0,33.0,2.12,1.0,7.0,0.0,2.0,2.0,4.0,0.0,0.0,0.0,2.828,2.828
746642,Isaac James,FC Lorient,20.0,Left-Back,200.0,Nigeria,1.75,,left,2025.0,13.0,2.15,0.0,1.0,0.0,4.0,5.0,4.0,0.0,0.0,0.0,0.0,719.0
395685,Gédéon Kalulu,FC Lorient,27.0,Right-Back,2500.0,DR Congo,1.79,Classico,right,2026.0,22.0,2.09,0.0,0.0,0.0,10.0,6.0,2.0,0.0,0.0,0.0,0.0,1.158
391720,Igor Silva,FC Lorient,28.0,Right-Back,800.0,Brazil,1.73,Think Ball & Sports ...,right,2026.0,28.0,2.29,0.0,1.0,0.0,4.0,10.0,6.0,0.0,0.0,0.0,0.0,2.094
238626,Laurent Abergel,FC Lorient,32.0,Defensive Midfield,2500.0,France,1.7,,right,2029.0,33.0,2.06,1.0,7.0,0.0,0.0,6.0,6.0,0.0,0.0,0.0,2.914,2.914
322305,Jean-Victor Makengo,FC Lorient,26.0,Central Midfield,3000.0,France,1.77,Sport Cover,left,2027.0,22.0,1.68,1.0,2.0,0.0,10.0,10.0,1.0,0.0,0.0,0.0,991.0,991.0
1074628,Arthur Avom,FC Lorient,20.0,Central Midfield,2000.0,Cameroon,1.73,,right,2026.0,34.0,2.06,2.0,6.0,0.0,6.0,9.0,1.0,0.0,0.0,0.0,1.258,2.516
816308,Panos Katseris,FC Lorient,23.0,Right Midfield,2500.0,Greece,1.87,,right,2028.0,25.0,1.96,4.0,0.0,0.0,8.0,14.0,3.0,0.0,0.0,0.0,361.0,1.444
569390,Julien Ponceau,FC Lorient,24.0,Attacking Midfield,3500.0,France,1.7,,right,2025.0,32.0,2.03,4.0,6.0,0.0,7.0,9.0,3.0,0.0,0.0,0.0,566.0,2.265
590914,Bandiougou Fadiga,FC Lorient,24.0,Attacking Midfield,300.0,France,1.78,SAgency,right,2028.0,9.0,2.0,0.0,1.0,0.0,6.0,4.0,0.0,0.0,0.0,0.0,0.0,223.0
700078,Joel Mvuka,FC Lorient,22.0,Right Winger,3000.0,Norway,1.76,Keypass AS,"
                            Jan 31, 2023                        ",2027.0,31.0,2.13,3.0,1.0,0.0,12.0,18.0,0.0,0.0,0.0,0.0,537.0,1.611
428954,Stéphane Diarra,FC Lorient,26.0,Right Winger,1000.0,Cote d'Ivoire,1.73,ROGON,left,2025.0,10.0,2.1,0.0,1.0,0.0,5.0,5.0,1.0,0.0,0.0,0.0,0.0,319.0
955357,Eli Junior Kroupi,FC Lorient,18.0,Centre-Forward,12000.0,France,1.79,EVOLUTION SC,right,2025.0,,,,,,,,,,,,,
619461,Mohamed Bamba,FC Lorient,23.0,Centre-Forward,5000.0,Cote d'Ivoire,1.85,Scoutpush by Dudu ...,"
                            Jan 26, 2024                        ",2028.0,18.0,2.0,3.0,7.0,0.0,8.0,11.0,1.0,0.0,0.0,0.0,275.0,826.0
239647,Aiyegun Tosin,FC Lorient,26.0,Centre-Forward,2000.0,Benin,1.79,Binary Sports Group,right,2027.0,27.0,2.04,4.0,9.0,0.0,13.0,12.0,0.0,0.0,0.0,1.0,324.0,1.294
704270,Sambou Soumano,FC Lorient,24.0,Centre-Forward,2000.0,Senegal,1.82,,right,2026.0,34.0,2.0,14.0,4.0,0.0,21.0,8.0,1.0,0.0,0.0,4.0,104.0,1.449
810411,Pablo Pagis,FC Lorient,22.0,Centre-Forward,1200.0,France,1.8,Ltma Consulting,both,2027.0,29.0,2.1,5.0,9.0,0.0,5.0,22.0,3.0,0.0,0.0,0.0,361.0,1.807
938009,Bassirou N'Diaye,FC Lorient,23.0,Centre-Forward,300.0,Senegal,1.81,VV Consulting,"
                            Jul 1, 2024                        ",2026.0,3.0,3.0,1.0,0.0,0.0,0.0,3.0,0.0,0.0,0.0,0.0,169.0,169.0
649026,Moustapha Mbow,Paris FC,25.0,Centre-Back,1500.0,Senegal,1.92,Wasserman,right,2026.0,33.0,1.91,2.0,1.0,0.0,0.0,1.0,2.0,0.0,0.0,0.0,1.482,2.963
668167,Samir Chergui,Paris FC,26.0,Centre-Back,800.0,France,1.85,,right,2025.0,9.0,2.22,1.0,0.0,0.0,3.0,0.0,1.0,0.0,0.0,0.0,573.0,573.0
84085,Timothée Kolodziejczak,Paris FC,33.0,Centre-Back,250.0,France,1.83,,left,2025.0,32.0,2.06,2.0,1.0,1.0,0.0,0.0,5.0,0.0,0.0,0.0,1.44,2.88
340177,Thibault De Smet,Paris FC,26.0,Left-Back,2000.0,Belgium,1.83,,left,2025.0,21.0,2.05,0.0,4.0,0.0,3.0,3.0,6.0,0.0,0.0,0.0,0.0,1.585
433887,Tuomas Ollila,Paris FC,25.0,Left-Back,600.0,Finland,1.74,,left,2027.0,22.0,1.95,0.0,0.0,0.0,12.0,8.0,1.0,0.0,0.0,0.0,0.0,949.0
536506,Mathys Tourraine,Paris FC,24.0,Right-Back,1200.0,Morocco,1.72,One Team Football,right,2027.0,30.0,1.97,0.0,0.0,1.0,5.0,6.0,5.0,0.0,0.0,0.0,0.0,2.197
434358,Sofiane Alakouch,Paris FC,26.0,Right-Back,300.0,Morocco,1.75,,right,2026.0,1.0,,0.0,0.0,0.0,1.0,0.0,0.0,0.0,0.0,0.0,0.0,10.0
290862,Maxime Lopez,Paris FC,27.0,Defensive Midfield,5000.0,France,1.67,,right,2027.0,28.0,1.96,3.0,6.0,0.0,1.0,4.0,11.0,0.0,0.0,0.0,810.0,2.431
973949,Adama Camara,Paris FC,28.0,Defensive Midfield,1000.0,France,1.8,,right,2027.0,32.0,1.94,3.0,1.0,0.0,5.0,11.0,7.0,0.0,0.0,0.0,801.0,2.403
830265,Lohann Doucet,Paris FC,22.0,Defensive Midfield,700.0,France,1.8,One Team Football,right,2027.0,31.0,2.0,2.0,0.0,0.0,17.0,10.0,3.0,0.0,0.0,0.0,600.0,1.2
374040,Vincent Marchetti,Paris FC,27.0,Central Midfield,1500.0,France,1.78,,left,2026.0,29.0,1.97,2.0,5.0,0.0,4.0,16.0,3.0,1.0,1.0,0.0,1.051,2.102
739769,Ilan Kebbal,Paris FC,26.0,Attacking Midfield,3500.0,Algeria,1.69,Playeleven,left,2028.0,31.0,1.9,5.0,7.0,0.0,5.0,13.0,4.0,0.0,0.0,2.0,478.0,2.392
435492,Alimami Gory,Paris FC,28.0,Left Winger,1000.0,France,1.82,,right,2026.0,31.0,2.03,4.0,6.0,0.0,8.0,19.0,5.0,0.0,0.0,0.0,480.0,1.92
170506,Julien Lopez,Paris FC,33.0,Left Winger,250.0,Algeria,1.73,,right,2025.0,31.0,2.06,3.0,1.0,0.0,22.0,8.0,4.0,1.0,0.0,0.0,352.0,1.057
399383,Mathieu Cafaro,Paris FC,28.0,Right Winger,2000.0,France,1.75,One Team Football,right,2027.0,27.0,1.59,5.0,3.0,0.0,8.0,16.0,7.0,0.0,1.0,0.0,276.0,1.38
568701,Lamine Gueye,Paris FC,27.0,Right Winger,400.0,Senegal,1.78,,right,2026.0,0.0,,0.0,0.0,0.0,0.0,0.0,0.0,0.0,0.0,0.0,0.0,0.0
798893,Andy Pembélé,Paris FC,24.0,Right Winger,100.0,France,1.8,,right,2026.0,,,,,,1.0,,,,,,,
358515,Jean-Philippe Krasso,Paris FC,27.0,Centre-Forward,4000.0,Cote d'Ivoire,1.87,LB SPORT & ...,left,2027.0,31.0,1.94,17.0,5.0,0.0,4.0,15.0,1.0,1.0,0.0,1.0,138.0,2.341
203504,Pierre-Yves Hamel,Paris FC,31.0,Centre-Forward,500.0,France,1.89,,right,2026.0,24.0,1.75,5.0,0.0,0.0,15.0,8.0,1.0,0.0,0.0,0.0,187.0,936.0
173750,Nouha Dicko,Paris FC,33.0,Centre-Forward,400.0,Mali,1.73,,right,2025.0,33.0,2.0,2.0,4.0,0.0,16.0,17.0,2.0,0.0,0.0,0.0,738.0,1.476
1132426,Omar Sissoko,Paris FC,18.0,Centre-Forward,100.0,France,1.75,,right,2027.0,18.0,2.22,4.0,0.0,0.0,11.0,5.0,1.0,0.0,0.0,0.0,158.0,632.0
1111777,Sadibou Sané,FC Metz,20.0,Centre-Back,3000.0,Senegal,1.82,Wasserman,right,2028.0,29.0,2.0,1.0,0.0,0.0,0.0,1.0,7.0,0.0,0.0,0.0,2.559,2.559
1038308,Urie-Michel Mboula,FC Metz,22.0,Centre-Back,600.0,Gabon,1.85,,"
                            Feb 1, 2025                        ",2025.0,28.0,1.57,1.0,3.0,0.0,0.0,1.0,4.0,0.0,2.0,1.0,2.477,2.477
739076,Aboubacar Lô,FC Metz,25.0,Centre-Back,250.0,Senegal,1.87,,right,2025.0,,,,,,,,,,,,,
57216,Ismaël Traoré,FC Metz,38.0,Centre-Back,200.0,Cote d'Ivoire,1.84,,right,2025.0,,,,,,,,,,,,,
344886,Matthieu Udol,FC Metz,29.0,Left-Back,2500.0,France,1.78,,left,2027.0,36.0,1.89,5.0,8.0,0.0,0.0,0.0,6.0,0.0,0.0,0.0,648.0,3.24
481513,Koffi Kouao,FC Metz,27.0,Right-Back,1800.0,Cote d'Ivoire,1.73,Team Anchor,right,2026.0,33.0,1.85,0.0,3.0,0.0,3.0,11.0,6.0,0.0,1.0,0.0,0.0,2.633
400680,Kevin Van Den Kerkhof,FC Metz,29.0,Right-Back,1500.0,Algeria,1.9,,right,2026.0,20.0,1.55,2.0,3.0,0.0,11.0,7.0,4.0,0.0,0.0,0.0,455.0,909.0
127160,Benjamin Stambouli,FC Metz,34.0,Defensive Midfield,500.0,France,1.8,Wasserman,right,2026.0,,,,,,,,,,,,,
1178489,Alpha Touré,FC Metz,19.0,Defensive Midfield,200.0,Senegal,1.8,,left,2028.0,25.0,1.88,1.0,0.0,0.0,11.0,4.0,4.0,0.0,0.0,0.0,1.409,1.409
539232,Jessy Deminguet,FC Metz,27.0,Central Midfield,1500.0,France,1.78,,left,2025.0,34.0,2.09,2.0,4.0,0.0,1.0,17.0,5.0,0.0,0.0,0.0,1.364,2.727
919620,Joseph Nduquidi,FC Metz,20.0,Central Midfield,500.0,Angola,1.87,CAA Stellar,"
                            Aug 31, 2023                        ",2026.0,18.0,1.39,0.0,0.0,0.0,8.0,4.0,2.0,0.0,0.0,0.0,0.0,980.0
568696,Cheikh Sabaly,FC Metz,26.0,Left Winger,3000.0,Senegal,1.68,Wasserman,right,2026.0,36.0,1.83,15.0,4.0,0.0,3.0,22.0,1.0,0.0,0.0,1.0,191.0,2.867
1099726,Papa Amadou Diallo,FC Metz,20.0,Left Winger,2000.0,Senegal,1.82,Wasserman,right,2026.0,32.0,1.94,7.0,4.0,0.0,8.0,23.0,0.0,0.0,0.0,0.0,276.0,1.933
838562,Morgan Bokele,FC Metz,21.0,Left Winger,400.0,Cameroon,1.75,Sport Cover,right,2026.0,37.0,1.92,4.0,4.0,0.0,23.0,12.0,3.0,0.0,0.0,0.0,347.0,1.386
344892,Gauthier Hein,FC Metz,28.0,Right Winger,3000.0,France,1.7,,left,2028.0,38.0,1.89,12.0,7.0,0.0,0.0,6.0,5.0,0.0,0.0,6.0,282.0,3.388
366045,Ablie Jallow,FC Metz,26.0,Right Winger,1500.0,The Gambia,1.66,,left,2025.0,32.0,1.91,5.0,1.0,0.0,13.0,13.0,2.0,0.0,0.0,0.0,351.0,1.753
375391,Joel Asoro,FC Metz,26.0,Right Winger,1200.0,Sweden,1.76,,right,2027.0,24.0,2.08,5.0,2.0,0.0,19.0,5.0,0.0,0.0,0.0,0.0,104.0,521.0
1178488,Idrissa Gueye,FC Metz,18.0,Centre-Forward,1500.0,Senegal,1.85,,right,2029.0,19.0,2.05,5.0,1.0,0.0,6.0,10.0,2.0,0.0,0.0,0.0,229.0,1.147
1111776,Ibou Sané,FC Metz,20.0,Centre-Forward,800.0,Senegal,1.79,Wasserman,right,2028.0,29.0,1.69,3.0,1.0,0.0,14.0,12.0,4.0,0.0,0.0,0.0,431.0,1.293
1009596,Junior Diaz,Troyes,21.0,Centre-Back,3000.0,Cote d'Ivoire,1.93,,right,2029.0,39.0,1.44,0.0,2.0,0.0,0.0,1.0,6.0,0.0,0.0,0.0,0.0,3.51
487333,Paolo Gozzi,Troyes,24.0,Centre-Back,600.0,Italy,1.82,Scuderia,left,2026.0,21.0,1.48,0.0,2.0,0.0,5.0,4.0,2.0,0.0,1.0,0.0,0.0,1.425
281611,Adrien Monfray,Troyes,34.0,Centre-Back,300.0,France,1.85,,right,2026.0,29.0,1.45,0.0,0.0,0.0,0.0,1.0,4.0,0.0,0.0,0.0,0.0,2.605
238584,Mehdi Tahrat,Troyes,35.0,Centre-Back,200.0,Algeria,1.93,,right,2025.0,,,,,,,,,,,,,
770895,Ismaël Boura,Troyes,24.0,Left-Back,900.0,Comoros,1.73,Playeleven,left,2027.0,33.0,1.24,0.0,4.0,0.0,3.0,3.0,6.0,1.0,0.0,0.0,0.0,2.692
982864,Mathis Hamdi,Troyes,21.0,Left-Back,150.0,France,1.8,One Team Football,left,2026.0,9.0,1.78,0.0,1.0,0.0,1.0,2.0,1.0,0.0,1.0,0.0,0.0,652.0
709482,Thierno Baldé,Troyes,22.0,Right-Back,1500.0,France,1.82,Gestifute,right,2027.0,5.0,0.6,0.0,0.0,0.0,2.0,2.0,0.0,0.0,0.0,0.0,0.0,239.0
442552,Houboulang Mendes,Troyes,27.0,Right-Back,1000.0,Guinea-Bissau,1.85,FAIR SPORT MNG,right,2025.0,33.0,1.52,1.0,0.0,0.0,1.0,4.0,6.0,0.0,0.0,0.0,2.856,2.856
1091219,Abdoulaye Kanté,Troyes,19.0,Defensive Midfield,2000.0,Cote d'Ivoire,1.8,,right,2026.0,34.0,1.53,0.0,2.0,0.0,5.0,8.0,5.0,1.0,0.0,0.0,0.0,2.55
585951,Alexandre Phliponeau,Troyes,25.0,Defensive Midfield,400.0,France,1.8,,right,2025.0,10.0,1.6,0.0,0.0,0.0,3.0,5.0,1.0,0.0,0.0,0.0,0.0,616.0
814976,Martin Adeline,Troyes,21.0,Central Midfield,900.0,France,1.8,,right,2027.0,,,,,,,,,,,,,
118278,Xavier Chavalerin,Troyes,34.0,Central Midfield,400.0,France,1.79,,left,2026.0,18.0,1.28,0.0,0.0,0.0,11.0,6.0,0.0,0.0,0.0,0.0,0.0,621.0
167472,Youssouf M'Changama,Troyes,34.0,Central Midfield,250.0,Comoros,1.75,,right,2025.0,37.0,1.43,3.0,6.0,0.0,4.0,12.0,1.0,0.0,0.0,0.0,984.0,2.951
933147,Mouhamed Diop,Troyes,24.0,Attacking Midfield,700.0,Senegal,1.82,VV Consulting,right,2028.0,31.0,1.26,3.0,2.0,0.0,7.0,14.0,3.0,0.0,0.0,0.0,720.0,2.159
780147,Rafiki Saïd,Troyes,25.0,Left Winger,2000.0,Comoros,1.8,,both,2027.0,37.0,1.43,9.0,6.0,0.0,3.0,23.0,2.0,0.0,0.0,0.0,316.0,2.84
1145064,Cyriaque Irié,Troyes,19.0,Right Winger,5000.0,Burkina Faso,1.85,,left,2029.0,38.0,1.47,8.0,3.0,0.0,3.0,22.0,4.0,0.0,0.0,0.0,374.0,2.989
234802,Renaud Ripart,Troyes,32.0,Right Winger,600.0,France,1.81,,right,2025.0,17.0,1.35,6.0,1.0,0.0,9.0,5.0,1.0,0.0,0.0,2.0,138.0,829.0
982863,Kyliane Dong,Troyes,20.0,Right Winger,600.0,France,1.78,Wasserman,right,2025.0,20.0,1.5,1.0,0.0,0.0,15.0,5.0,0.0,0.0,0.0,0.0,593.0,593.0
627163,Mounaïm El Idrissy,Troyes,26.0,Centre-Forward,500.0,France,1.81,,right,2026.0,28.0,1.21,0.0,0.0,0.0,22.0,5.0,7.0,0.0,0.0,0.0,0.0,777.0
1066904,Jaurès Assoumou,Troyes,22.0,Centre-Forward,300.0,Cote d'Ivoire,1.82,,right,2026.0,28.0,1.29,1.0,1.0,0.0,20.0,7.0,1.0,0.0,0.0,0.0,814.0,814.0
565060,Pape Ibnou Ba,Troyes,32.0,Centre-Forward,300.0,Mauritania,1.77,PSM,both,2026.0,22.0,1.32,3.0,0.0,0.0,12.0,10.0,2.0,0.0,0.0,0.0,276.0,827.0
122116,Nicolas de Préville,Troyes,34.0,Centre-Forward,200.0,France,1.82,Wasserman,right,2025.0,20.0,1.5,7.0,1.0,0.0,9.0,11.0,1.0,0.0,0.0,2.0,136.0,951.0
357148,Diogo Queirós,USL Dunkerque,26.0,Centre-Back,400.0,Portugal,1.85,,right,2026.0,25.0,1.68,1.0,0.0,0.0,7.0,15.0,3.0,0.0,0.0,0.0,1.426,1.426
743495,Nehemiah Fernandez,USL Dunkerque,20.0,Centre-Back,300.0,France,1.84,,right,2025.0,10.0,1.4,0.0,0.0,0.0,2.0,3.0,2.0,0.0,0.0,0.0,0.0,695.0
352448,Opa Sangante,USL Dunkerque,34.0,Centre-Back,300.0,Guinea-Bissau,1.88,,left,2026.0,40.0,1.75,4.0,1.0,0.0,4.0,1.0,5.0,0.0,1.0,0.0,819.0,3.274
122115,Vincent Sasso,USL Dunkerque,34.0,Centre-Back,200.0,France,1.9,,right,2025.0,37.0,1.73,5.0,0.0,0.0,2.0,5.0,5.0,0.0,0.0,0.0,623.0,3.115
290261,Núrio Fortuna,USL Dunkerque,30.0,Left-Back,800.0,Angola,1.77,,left,2025.0,11.0,2.09,0.0,0.0,0.0,5.0,3.0,2.0,0.0,0.0,0.0,0.0,563.0
273455,Felipe Abner,USL Dunkerque,28.0,Left-Back,700.0,Brazil,1.8,LEFT Sports,left,2025.0,33.0,1.67,0.0,3.0,0.0,3.0,6.0,7.0,0.0,0.0,0.0,0.0,2.628
1027253,Geoffrey Kondo,USL Dunkerque,23.0,Left-Back,200.0,France,1.8,,left,2028.0,16.0,1.56,0.0,0.0,0.0,6.0,0.0,1.0,0.0,0.0,0.0,0.0,1.027
324800,Alec Georgen,USL Dunkerque,26.0,Right-Back,800.0,France,1.72,,right,2026.0,40.0,1.78,0.0,2.0,0.0,2.0,4.0,6.0,0.0,0.0,0.0,0.0,3.435
635486,Allan Linguet,USL Dunkerque,25.0,Right-Back,500.0,France,1.76,,right,2026.0,5.0,1.4,0.0,0.0,0.0,1.0,3.0,0.0,1.0,0.0,0.0,0.0,336.0
315075,Benjaloud Youssouf,USL Dunkerque,31.0,Right-Back,200.0,Comoros,1.75,,right,2025.0,15.0,1.73,0.0,2.0,1.0,7.0,2.0,2.0,0.0,0.0,0.0,0.0,791.0
412088,Junior Senneville,USL Dunkerque,34.0,Right-Back,50.0,Guadeloupe,1.7,,right,2025.0,6.0,2.0,0.0,0.0,0.0,5.0,0.0,1.0,0.0,0.0,0.0,0.0,156.0
707230,Ugo Raghouber,USL Dunkerque,21.0,Defensive Midfield,3000.0,France,1.88,Horizon,left,2025.0,32.0,2.0,1.0,2.0,0.0,7.0,3.0,11.0,0.0,0.0,0.0,2.325,2.325
707222,Enzo Bardeli,USL Dunkerque,24.0,Central Midfield,3000.0,France,1.73,Wasserman,right,2026.0,39.0,1.79,7.0,5.0,0.0,2.0,15.0,0.0,0.0,1.0,0.0,454.0,3.18
654412,Abdoullah Ba,USL Dunkerque,21.0,Right Midfield,3000.0,France,1.8,Sport Cover,right,2025.0,18.0,1.44,4.0,3.0,0.0,5.0,7.0,2.0,0.0,0.0,0.0,288.0,1.153
567309,Naatan Skyttä,USL Dunkerque,23.0,Attacking Midfield,2500.0,Finland,1.74,YOU FIRST,left,2026.0,37.0,1.84,8.0,5.0,0.0,6.0,18.0,3.0,0.0,0.0,0.0,334.0,2.675
1178476,Anto Sekongo,USL Dunkerque,20.0,Attacking Midfield,400.0,Mali,1.78,,left,2026.0,34.0,1.76,2.0,1.0,0.0,22.0,4.0,4.0,0.0,1.0,0.0,662.0,1.323
735700,Maxence Rivera,USL Dunkerque,22.0,Left Winger,1000.0,France,1.68,,right,2026.0,35.0,1.69,4.0,2.0,0.0,9.0,20.0,4.0,0.0,0.0,0.0,525.0,2.098
547822,Alexi Pitu,USL Dunkerque,22.0,Left Winger,700.0,Romania,1.8,,right,2027.0,,,,,,,,,,,,,
628697,Marco Essimi,USL Dunkerque,26.0,Left Winger,200.0,France,1.82,,right,2026.0,18.0,2.11,1.0,2.0,0.0,11.0,7.0,0.0,0.0,0.0,0.0,635.0,635.0
1151929,Gessime Yassine,USL Dunkerque,19.0,Right Winger,1500.0,Morocco,1.72,,left,2027.0,37.0,1.78,3.0,2.0,0.0,15.0,18.0,4.0,0.0,0.0,0.0,619.0,1.857
1185707,Muhanad Al-Saad,USL Dunkerque,21.0,Right Winger,400.0,Saudi Arabia,1.72,Golden Goal Agency,right,2025.0,30.0,1.77,9.0,0.0,0.0,4.0,25.0,3.0,0.0,0.0,0.0,195.0,1.757
442885,Kay Tejan,USL Dunkerque,28.0,Centre-Forward,500.0,Netherlands,1.87,,left,2026.0,34.0,1.88,3.0,5.0,0.0,21.0,12.0,4.0,0.0,0.0,0.0,517.0,1.551
276255,Yacine Bammou,USL Dunkerque,33.0,Centre-Forward,300.0,Morocco,1.89,,right,2025.0,35.0,1.74,7.0,4.0,2.0,17.0,11.0,4.0,0.0,0.0,2.0,255.0,1.782
171408,Gaëtan Courtet,USL Dunkerque,36.0,Centre-Forward,200.0,France,1.8,,both,2025.0,41.0,1.78,7.0,7.0,0.0,14.0,11.0,6.0,0.0,0.0,2.0,365.0,2.558
743517,Brahim Traoré,SM Caen,21.0,Centre-Back,3000.0,France,1.91,Kemari,both,2026.0,26.0,0.81,0.0,1.0,0.0,3.0,2.0,3.0,0.0,0.0,0.0,0.0,2.123
850875,Alex Moucketou-Moussounda,SM Caen,24.0,Centre-Back,450.0,Gabon,1.85,,right,2025.0,12.0,0.67,0.0,1.0,0.0,1.0,2.0,1.0,0.0,0.0,0.0,0.0,945.0
375287,Emmanuel Ntim,SM Caen,29.0,Centre-Back,400.0,Ghana,1.79,Supernova Management,right,2025.0,,,,,,,,,,,,,
57467,Romain Thomas,SM Caen,36.0,Centre-Back,200.0,France,1.93,FAIR SPORT MNG,left,2025.0,26.0,0.85,2.0,1.0,0.0,2.0,1.0,1.0,0.0,1.0,0.0,1.065,2.13
413111,Jules Gaudin,SM Caen,25.0,Left-Back,800.0,France,1.8,,right,2025.0,28.0,1.32,0.0,3.0,0.0,10.0,11.0,5.0,0.0,0.0,0.0,0.0,1.648
926385,Diabé Bolumbu,SM Caen,20.0,Left-Back,400.0,France,1.8,,left,2027.0,25.0,0.96,0.0,0.0,0.0,5.0,9.0,3.0,0.0,0.0,0.0,0.0,1.714
332142,Quentin Lecoeuche,SM Caen,31.0,Left-Back,400.0,France,1.72,Kemari,left,2025.0,23.0,1.04,0.0,0.0,0.0,4.0,6.0,6.0,0.0,0.0,0.0,0.0,1.707
796865,Lamine Sy,SM Caen,22.0,Right-Back,500.0,France,1.71,BS Group - BS Law,right,2025.0,15.0,0.2,0.0,0.0,0.0,5.0,5.0,0.0,0.0,0.0,0.0,0.0,921.0
353981,Valentin Henry,SM Caen,31.0,Right-Back,400.0,France,1.8,Kemari,right,2026.0,19.0,0.95,0.0,0.0,0.0,7.0,5.0,5.0,0.0,1.0,0.0,0.0,1.088
990790,Héliohdino Tavares,SM Caen B,20.0,Right-Back,50.0,France,1.85,SPORTBOLD,right,2025.0,16.0,1.06,0.0,0.0,0.0,2.0,1.0,6.0,0.0,0.0,0.0,0.0,1.266
926389,Noé Lebreton,SM Caen,21.0,Defensive Midfield,1500.0,France,1.78,,right,2027.0,35.0,0.77,4.0,2.0,0.0,7.0,16.0,7.0,0.0,0.0,0.0,607.0,2.428
868793,Dieudonné Gaucho Debohi,SM Caen,24.0,Defensive Midfield,1000.0,Cote d'Ivoire,1.85,,right,2026.0,32.0,0.81,0.0,1.0,0.0,1.0,9.0,10.0,0.0,0.0,0.0,0.0,2.533
60573,Yann M'Vila,SM Caen,34.0,Defensive Midfield,400.0,France,1.83,SEG,right,2026.0,19.0,0.58,1.0,1.0,0.0,3.0,0.0,7.0,0.0,0.0,0.0,1.527,1.527
509044,Lorenzo Rajot,SM Caen,27.0,Central Midfield,400.0,France,1.79,,left,2027.0,29.0,0.76,1.0,1.0,0.0,12.0,8.0,4.0,0.0,0.0,0.0,1.528,1.528
789094,Bilal Brahimi,SM Caen,25.0,Attacking Midfield,1500.0,France,1.77,,left,2027.0,33.0,0.79,6.0,6.0,0.0,7.0,13.0,2.0,0.0,1.0,0.0,370.0,2.217
344599,Yassine Benrahou,SM Caen,26.0,Attacking Midfield,1500.0,Morocco,1.72,SAgency,left,2025.0,16.0,1.31,3.0,1.0,0.0,7.0,8.0,0.0,0.0,0.0,1.0,262.0,786.0
138171,Mathias Autret,SM Caen,34.0,Attacking Midfield,200.0,France,1.79,One Team Football,right,2025.0,15.0,0.8,1.0,0.0,0.0,11.0,3.0,1.0,0.0,0.0,0.0,473.0,473.0
937054,Mohamed Hafid,SM Caen,20.0,Attacking Midfield,100.0,Morocco,1.78,,left,2027.0,15.0,1.6,0.0,4.0,0.0,5.0,3.0,0.0,0.0,0.0,0.0,0.0,895.0
796862,Ilyes Najim,SM Caen,22.0,Left Winger,250.0,France,1.73,,right,2025.0,21.0,0.62,4.0,1.0,0.0,10.0,8.0,1.0,0.0,0.0,0.0,260.0,1.041
432772,Samuel Grandsir,SM Caen,28.0,Right Winger,1000.0,France,1.7,,right,2027.0,16.0,0.38,1.0,0.0,0.0,6.0,7.0,0.0,0.0,0.0,0.0,846.0,846.0
651973,Godson Kyeremeh,SM Caen,24.0,Right Winger,800.0,France,1.75,SPORTBOLD,right,2025.0,33.0,0.82,4.0,3.0,0.0,14.0,10.0,2.0,0.0,0.0,0.0,474.0,1.894
364314,Adriel Ba Loua,SM Caen,28.0,Right Winger,450.0,Cote d'Ivoire,1.7,,left,2027.0,14.0,1.5,1.0,2.0,0.0,5.0,9.0,1.0,0.0,0.0,0.0,689.0,689.0
290561,Alexandre Mendy,SM Caen,31.0,Centre-Forward,2500.0,Guinea-Bissau,1.84,S.O.M FOOTBALL,right,2026.0,33.0,0.85,11.0,3.0,0.0,3.0,5.0,4.0,0.0,0.0,1.0,249.0,2.74
184935,Kalifa Coulibaly,SM Caen,33.0,Centre-Forward,300.0,Mali,1.97,,right,2025.0,19.0,0.95,2.0,0.0,0.0,15.0,2.0,1.0,0.0,1.0,0.0,232.0,463.0
139018,Mickaël Le Bihan,SM Caen,35.0,Centre-Forward,200.0,France,1.84,,right,2025.0,28.0,0.93,2.0,1.0,0.0,12.0,14.0,2.0,0.0,1.0,0.0,671.0,1.341
966312,Sohaib Naïr,Guingamp,23.0,Centre-Back,600.0,Algeria,1.86,,right,2027.0,31.0,1.74,1.0,1.0,0.0,3.0,2.0,3.0,0.0,1.0,0.0,2.479,2.479
806043,Matthis Riou,Guingamp,24.0,Centre-Back,600.0,France,1.81,Kemari,right,2025.0,33.0,1.7,1.0,1.0,0.0,11.0,2.0,0.0,0.0,0.0,0.0,2.069,2.069
562576,Donatien Gomis,Guingamp,30.0,Centre-Back,500.0,Senegal,1.88,,right,2027.0,23.0,1.74,1.0,0.0,0.0,0.0,2.0,3.0,0.0,1.0,0.0,2.012,2.012
371148,Lenny Vallier,Guingamp,26.0,Left-Back,500.0,France,1.78,Horizon,left,2025.0,24.0,1.63,0.0,2.0,0.0,4.0,6.0,3.0,0.0,0.0,0.0,0.0,1.688
1010044,Dylan Ourega,Guingamp,20.0,Left-Back,300.0,France,1.83,FLM,left,2028.0,22.0,1.91,0.0,1.0,0.0,4.0,4.0,1.0,0.0,0.0,0.0,0.0,1.614
594992,Alpha Sissoko,Guingamp,28.0,Right-Back,1200.0,France,1.78,Sport Cover,right,2026.0,34.0,1.79,0.0,8.0,0.0,0.0,5.0,4.0,0.0,1.0,0.0,0.0,2.944
536473,Lucas Maronnier,Guingamp,25.0,Right-Back,300.0,France,1.72,,right,2025.0,24.0,1.5,1.0,2.0,0.0,7.0,5.0,2.0,0.0,0.0,0.0,1.656,1.656
629585,Kalidou Sidibé,Guingamp,26.0,Defensive Midfield,1500.0,France,2.02,Scuderia,right,2026.0,37.0,1.7,2.0,7.0,0.0,3.0,14.0,7.0,0.0,0.0,0.0,1.453,2.905
291415,Dylan Louiserre,Guingamp,30.0,Defensive Midfield,1200.0,France,1.73,Wasserman,right,2028.0,40.0,1.68,1.0,0.0,0.0,1.0,18.0,5.0,0.0,0.0,1.0,3.295,3.295
253316,Lebogang Phiri,Guingamp,30.0,Central Midfield,150.0,South Africa,1.73,,right,2025.0,20.0,1.75,1.0,1.0,0.0,12.0,6.0,1.0,0.0,0.0,0.0,739.0,739.0
944181,Hugo Picard,Guingamp,22.0,Left Midfield,2500.0,France,1.68,,right,2026.0,41.0,1.71,5.0,11.0,0.0,2.0,20.0,1.0,0.0,0.0,1.0,648.0,3.242
766412,Théo Le Bris,Guingamp,22.0,Left Midfield,1500.0,France,1.7,Ltma Consulting,right,2025.0,27.0,1.93,3.0,1.0,0.0,14.0,7.0,2.0,0.0,0.0,0.0,434.0,1.302
503291,Rayan Ghrieb,Guingamp,26.0,Attacking Midfield,500.0,France,1.82,,left,2026.0,32.0,1.44,9.0,3.0,0.0,14.0,18.0,1.0,0.0,0.0,1.0,180.0,1.622
649025,Amadou Sagna,Guingamp,25.0,Left Winger,800.0,Senegal,1.72,Wasserman,right,2026.0,25.0,1.64,5.0,1.0,0.0,11.0,13.0,0.0,0.0,0.0,0.0,226.0,1.13
510260,Taylor Luvambo,Guingamp,25.0,Left Winger,300.0,France,1.8,,right,2025.0,31.0,1.58,6.0,0.0,0.0,24.0,7.0,4.0,0.0,0.0,0.0,144.0,865.0
796894,Sabri Guendouz,Guingamp,25.0,Left Winger,200.0,France,1.8,Excensy,both,2025.0,29.0,1.66,5.0,2.0,0.0,19.0,6.0,3.0,0.0,0.0,2.0,204.0,1.02
967688,Junior Armando Mendes,Guingamp,23.0,Left Winger,200.0,Spain,1.86,,right,2026.0,23.0,1.91,4.0,3.0,0.0,16.0,2.0,2.0,0.0,0.0,0.0,220.0,880.0
804933,Jacques Siwe,Guingamp,23.0,Centre-Forward,1800.0,France,1.87,Niagara Sports ...,right,2027.0,33.0,1.67,13.0,2.0,0.0,7.0,19.0,3.0,0.0,0.0,1.0,176.0,2.286
342227,Brighton Labeau,Guingamp,29.0,Centre-Forward,600.0,Martinique,1.83,Excensy,right,2027.0,35.0,1.74,8.0,6.0,0.0,14.0,18.0,0.0,0.0,0.0,0.0,231.0,1.845
395228,Till Cissokho,Rodez AF,25.0,Centre-Back,800.0,France,2.0,SAgency,left,2025.0,16.0,0.94,0.0,0.0,0.0,0.0,2.0,5.0,0.0,0.0,0.0,0.0,1.436
961647,Loni Laurent,Rodez AF,24.0,Centre-Back,600.0,France,1.84,,right,2026.0,22.0,0.95,0.0,0.0,0.0,1.0,2.0,5.0,0.0,0.0,0.0,0.0,1.878
591911,Stone Mambo,Rodez AF,26.0,Centre-Back,500.0,France,1.84,,left,2025.0,25.0,1.04,0.0,2.0,0.0,2.0,0.0,4.0,0.0,0.0,0.0,0.0,2.097
213030,Éric Vandenabeele,Rodez AF,33.0,Centre-Back,200.0,France,1.84,One Team Football,right,2025.0,23.0,1.43,0.0,1.0,0.0,1.0,4.0,2.0,0.0,1.0,0.0,0.0,1.759
918268,Aurélien Pelon,Rodez AF,21.0,Centre-Back,150.0,France,1.86,FAIR SPORT MNG,right,2027.0,8.0,1.25,0.0,0.0,0.0,3.0,1.0,2.0,0.0,0.0,0.0,0.0,483.0
525109,Joris Chougrani,Rodez AF,34.0,Centre-Back,150.0,France,1.85,,left,2025.0,6.0,1.17,0.0,0.0,0.0,3.0,1.0,3.0,0.0,0.0,0.0,0.0,277.0
483460,Akim Abdallah,Rodez AF,27.0,Left-Back,700.0,Comoros,1.7,,left,2025.0,32.0,1.09,1.0,7.0,0.0,6.0,19.0,6.0,0.0,0.0,0.0,2.241,2.241
913323,Raphaël Lipinski,Rodez AF,22.0,Left-Back,300.0,France,1.81,,left,2025.0,7.0,1.14,0.0,0.0,0.0,4.0,1.0,0.0,0.0,0.0,0.0,0.0,338.0
918302,Cheick Doumbia,Rodez AF,20.0,Left-Back,100.0,France,1.75,FAIR SPORT MNG,left,2027.0,4.0,,0.0,0.0,0.0,3.0,1.0,0.0,0.0,0.0,0.0,0.0,96.0
546225,Mohamed Bouchouari,Rodez AF,24.0,Right-Back,600.0,Belgium,1.7,VV Consulting,right,2027.0,34.0,1.12,4.0,5.0,0.0,11.0,9.0,3.0,0.0,0.0,0.0,520.0,2.078
723416,Ahmad Ngouyamsa,Rodez AF,24.0,Right-Back,500.0,Chad,1.76,,right,2025.0,18.0,1.06,0.0,0.0,1.0,2.0,2.0,5.0,0.0,0.0,0.0,0.0,1.489
855098,Nolan Galves,Rodez AF,21.0,Right-Back,400.0,France,1.8,Scuderia,right,2027.0,33.0,1.27,2.0,3.0,1.0,13.0,14.0,4.0,0.0,0.0,0.0,907.0,1.814
804934,Wilitty Younoussa,Rodez AF,23.0,Defensive Midfield,800.0,Cameroon,1.74,,right,2026.0,34.0,1.15,1.0,2.0,0.0,5.0,16.0,6.0,0.0,0.0,0.0,2.555,2.555
691958,Noah Cadiou,Rodez AF,26.0,Central Midfield,1200.0,Guadeloupe,1.91,FAIR SPORT MNG,right,2027.0,33.0,1.18,6.0,4.0,0.0,1.0,6.0,4.0,0.0,0.0,0.0,470.0,2.82
482769,Alexis Trouillet,Rodez AF,24.0,Central Midfield,700.0,France,1.75,,right,2027.0,11.0,1.18,0.0,1.0,0.0,6.0,5.0,0.0,0.0,0.0,0.0,0.0,409.0
917104,Derek Mazou-Sacko,Rodez AF,20.0,Central Midfield,400.0,France,1.86,,right,2027.0,32.0,1.09,1.0,0.0,0.0,22.0,10.0,0.0,0.0,0.0,0.0,1.067,1.067
855158,Mohamed Achi,Rodez AF,23.0,Central Midfield,150.0,France,1.81,,left,2027.0,13.0,0.85,0.0,0.0,0.0,12.0,1.0,0.0,0.0,0.0,0.0,0.0,194.0
1134211,Morgan Corredor,Rodez AF B,20.0,Central Midfield,50.0,France,1.83,,right,,5.0,0.2,0.0,0.0,0.0,5.0,0.0,0.0,0.0,0.0,0.0,0.0,38.0
680447,Waniss Taïbi,Rodez AF,23.0,Attacking Midfield,1200.0,France,1.84,BS Group - BS Law,both,2026.0,33.0,1.18,4.0,5.0,0.0,3.0,14.0,2.0,0.0,0.0,0.0,644.0,2.575
879750,Yannis Verdier,Rodez AF,21.0,Left Winger,100.0,France,1.89,ROGON,both,2025.0,14.0,1.0,1.0,1.0,0.0,13.0,1.0,0.0,0.0,0.0,0.0,202.0,202.0
522788,Timothé Nkada,Rodez AF,25.0,Centre-Forward,2000.0,France,1.8,FAIR SPORT MNG,right,2027.0,35.0,1.17,17.0,5.0,0.0,2.0,20.0,1.0,0.0,0.0,3.0,163.0,2.772
804884,Ibrahima Baldé,Rodez AF,22.0,Centre-Forward,500.0,France,1.85,BS Group - BS Law,right,2027.0,33.0,1.09,7.0,3.0,0.0,16.0,15.0,4.0,0.0,0.0,0.0,225.0,1.574
667995,Tawfik Bentayeb,Rodez AF,23.0,Centre-Forward,400.0,Morocco,1.79,,right,2025.0,31.0,1.06,11.0,1.0,0.0,15.0,14.0,5.0,0.0,0.0,0.0,123.0,1.352
857638,Juan Guevara,SC Bastia,23.0,Centre-Back,800.0,Colombia,1.8,,right,2025.0,16.0,1.44,0.0,1.0,1.0,4.0,2.0,4.0,0.0,0.0,0.0,0.0,1.077
523780,Gustave Akueson,SC Bastia,29.0,Centre-Back,600.0,Togo,1.89,,right,2027.0,29.0,1.34,0.0,0.0,0.0,0.0,5.0,8.0,0.0,1.0,0.0,0.0,2.446
651979,Anthony Roncaglia,SC Bastia,24.0,Centre-Back,400.0,France,1.8,,right,2026.0,27.0,1.63,0.0,0.0,0.0,11.0,0.0,2.0,0.0,1.0,0.0,0.0,1.722
588645,Dumè Guidi,SC Bastia,29.0,Centre-Back,400.0,France,1.77,Soccer Connect,right,2026.0,,,,,,,,,,,,,
982403,Zakaria Ariss,SC Bastia,20.0,Left-Back,1200.0,Morocco,1.78,,left,2028.0,32.0,1.47,1.0,3.0,0.0,3.0,5.0,7.0,0.0,0.0,0.0,2.577,2.577
321930,Dylan Tavares,SC Bastia,28.0,Left-Back,300.0,Cape Verde,1.72,Scuderia,left,2025.0,8.0,1.25,0.0,0.0,0.0,3.0,3.0,1.0,0.0,1.0,0.0,0.0,377.0
948009,Steevy Mazikou,SC Bastia,21.0,Left-Back,50.0,France,1.8,,left,2026.0,16.0,1.38,0.0,0.0,0.0,2.0,5.0,3.0,0.0,0.0,0.0,0.0,1.127
863038,Tom Meynadier,SC Bastia,25.0,Right-Back,600.0,France,1.76,,right,2026.0,31.0,1.42,0.0,1.0,0.0,9.0,8.0,3.0,0.0,0.0,0.0,0.0,1.986
251448,Florian Bohnert,SC Bastia,27.0,Right-Back,500.0,Luxembourg,1.82,SEG,right,2027.0,31.0,1.61,0.0,0.0,0.0,9.0,4.0,3.0,0.0,0.0,0.0,0.0,2.073
652128,Tom Ducrocq,SC Bastia,25.0,Defensive Midfield,1500.0,France,1.76,,right,2027.0,35.0,1.49,3.0,4.0,0.0,2.0,7.0,6.0,0.0,0.0,3.0,979.0,2.936
973852,Jocelyn Janneh,SC Bastia,22.0,Defensive Midfield,1000.0,Sierra Leone,1.84,ROOF,right,2027.0,,,,,,,,,,,,,
203324,Christophe Vincent,SC Bastia,32.0,Defensive Midfield,400.0,France,1.78,SBB Global,right,2025.0,29.0,1.41,5.0,1.0,0.0,8.0,13.0,6.0,0.0,0.0,1.0,379.0,1.893
666960,Loïc Etoga,SC Bastia,22.0,Defensive Midfield,400.0,Cameroon,1.87,,right,2026.0,21.0,1.57,1.0,1.0,0.0,8.0,6.0,6.0,1.0,0.0,0.0,1.184,1.184
781808,Julien Maggiotti,SC Bastia,29.0,Central Midfield,500.0,France,1.86,,right,2026.0,30.0,1.6,3.0,0.0,0.0,18.0,10.0,4.0,0.0,0.0,1.0,389.0,1.168
1279526,Christ Inao Oulaï,SC Bastia,19.0,Central Midfield,300.0,Cote d'Ivoire,1.73,,right,2028.0,24.0,1.54,1.0,0.0,0.0,6.0,15.0,8.0,0.0,0.0,0.0,1.469,1.469
640488,Félix Tomi,SC Bastia,24.0,Attacking Midfield,200.0,France,1.81,Wasserman,"
                            Jul 1, 2023                        ",2026.0,26.0,1.46,7.0,3.0,0.0,16.0,9.0,1.0,0.0,0.0,0.0,136.0,953.0
651977,Amine Boutrah,SC Bastia,24.0,Left Winger,1200.0,France,1.71,,right,2028.0,,,,,,,,,,,,,
999229,Jérémy Sebas,SC Bastia,22.0,Left Winger,800.0,Martinique,1.87,,right,2025.0,31.0,1.45,2.0,1.0,0.0,12.0,17.0,3.0,0.0,0.0,0.0,748.0,1.495
627362,Lamine Cissé,SC Bastia,22.0,Right Winger,1200.0,France,1.79,,right,2027.0,34.0,1.44,11.0,5.0,0.0,6.0,17.0,0.0,0.0,0.0,1.0,217.0,2.382
607227,Lisandru Tramoni,SC Bastia,22.0,Right Winger,700.0,France,1.8,CAA Stellar,left,2025.0,31.0,1.68,3.0,5.0,0.0,14.0,14.0,3.0,0.0,0.0,0.0,513.0,1.54
351843,Yoann Salmier,Clermont Foot,32.0,Centre-Back,1000.0,French Guiana,1.88,S.O.M FOOTBALL,right,2026.0,27.0,0.85,1.0,0.0,0.0,4.0,3.0,4.0,0.0,0.0,0.0,2.057,2.057
914539,Yoan Koré,Clermont Foot,20.0,Centre-Back,900.0,France,1.87,PSM,right,2025.0,,,,,,,,,,,,,
57370,Damien Da Silva,Clermont Foot,37.0,Centre-Back,300.0,France,1.84,,right,2025.0,28.0,1.25,1.0,1.0,0.0,1.0,1.0,2.0,1.0,0.0,0.0,2.388,2.388
1108456,Josué Mwimba Isala,Clermont Foot,22.0,Centre-Back,200.0,DR Congo,1.87,,right,2027.0,13.0,1.15,0.0,0.0,0.0,3.0,1.0,3.0,0.0,1.0,0.0,0.0,915.0
1247360,Ivan M'Bahia,Clermont Foot,20.0,Centre-Back,50.0,Cote d'Ivoire,1.74,,right,2028.0,11.0,0.55,0.0,0.0,0.0,4.0,1.0,3.0,0.0,1.0,0.0,0.0,643.0
857482,Baïla Diallo,Clermont Foot,23.0,Left-Back,800.0,Senegal,1.76,,left,2025.0,33.0,0.97,0.0,1.0,0.0,3.0,6.0,6.0,0.0,0.0,0.0,0.0,2.658
1108145,Cheick Oumar Konaté,Clermont Foot,21.0,Right-Back,2000.0,Mali,1.73,,right,2026.0,32.0,1.16,0.0,2.0,1.0,4.0,10.0,6.0,0.0,0.0,0.0,0.0,2.446
594997,Yohann Magnin,Clermont Foot,27.0,Defensive Midfield,1000.0,France,1.83,,right,2025.0,31.0,1.23,2.0,0.0,0.0,8.0,11.0,5.0,0.0,0.0,0.0,972.0,1.943
1063609,Tidyane Diagouraga,Clermont Foot,22.0,Defensive Midfield,200.0,France,1.8,,right,2025.0,26.0,1.19,1.0,0.0,0.0,11.0,8.0,4.0,0.0,0.0,0.0,1.418,1.418
669000,Habib Keïta,Clermont Foot,23.0,Central Midfield,1500.0,Mali,1.82,,left,2027.0,30.0,1.1,1.0,4.0,0.0,1.0,15.0,5.0,1.0,0.0,0.0,2.389,2.389
978027,Allan Ackra,Clermont Foot,21.0,Central Midfield,500.0,France,1.85,,right,2027.0,23.0,1.0,0.0,1.0,0.0,13.0,5.0,6.0,0.0,0.0,0.0,0.0,1.039
51540,Henri Saivet,Clermont Foot,34.0,Attacking Midfield,300.0,Senegal,1.75,,right,2026.0,26.0,1.04,3.0,3.0,0.0,0.0,14.0,1.0,0.0,0.0,1.0,701.0,2.102
512690,Maïdine Douane,Clermont Foot,22.0,Left Winger,600.0,Algeria,1.77,,right,2026.0,36.0,1.0,5.0,2.0,0.0,6.0,25.0,5.0,0.0,0.0,0.0,520.0,2.598
560725,Abdoul Kader Bamba,Clermont Foot,31.0,Right Winger,750.0,France,1.77,,right,2026.0,9.0,1.11,0.0,3.0,0.0,3.0,6.0,1.0,0.0,0.0,0.0,0.0,519.0
1185046,Ousmane Diop,Clermont Foot,19.0,Right Winger,300.0,Senegal,1.7,BMG,right,2027.0,28.0,1.25,5.0,1.0,0.0,11.0,13.0,2.0,0.0,1.0,0.0,317.0,1.585
955360,Mohamed-Amine Bouchenna,Clermont Foot,18.0,Second Striker,100.0,France,1.79,FLM,right,2026.0,27.0,1.37,2.0,1.0,0.0,8.0,12.0,1.0,0.0,0.0,0.0,764.0,1.528
391377,Mons Bassouamina,Clermont Foot,26.0,Centre-Forward,700.0,Congo,1.72,FAIR SPORT MNG,right,2027.0,32.0,1.0,5.0,4.0,0.0,5.0,22.0,2.0,0.0,0.0,0.0,430.0,2.15
1029955,Marks Inchaud,Clermont Foot,22.0,Centre-Forward,400.0,France,1.89,,right,2026.0,8.0,0.25,1.0,0.0,1.0,4.0,4.0,0.0,0.0,0.0,0.0,263.0,263.0
801566,Mehdi Baaloudj,Clermont Foot,24.0,Centre-Forward,400.0,Algeria,1.83,,right,2025.0,31.0,1.19,3.0,2.0,0.0,19.0,9.0,1.0,0.0,0.0,0.0,409.0,1.228
237125,Famara Diédhiou,Clermont Foot,32.0,Centre-Forward,300.0,Senegal,1.89,,right,2026.0,24.0,0.96,5.0,2.0,0.0,10.0,10.0,2.0,0.0,0.0,1.0,261.0,1.307
345067,Jean Ruiz,Pau FC,27.0,Centre-Back,900.0,France,1.88,LB SPORT & ...,left,2026.0,30.0,1.3,1.0,2.0,0.0,3.0,3.0,8.0,0.0,0.0,0.0,2.398,2.398
768439,Daylam Meddah,Pau FC,22.0,Centre-Back,300.0,France,1.87,S.O.M FOOTBALL,right,2025.0,16.0,1.0,1.0,0.0,0.0,2.0,6.0,3.0,0.0,0.0,0.0,1.144,1.144
132587,Xavier Kouassi,Pau FC,35.0,Centre-Back,200.0,Cote d'Ivoire,1.73,Wasserman,right,2025.0,22.0,1.23,0.0,0.0,0.0,11.0,3.0,2.0,1.0,0.0,0.0,0.0,1.045
528470,Ousmane Kanté,Pau FC,35.0,Centre-Back,200.0,Guinea,1.82,,right,2025.0,19.0,1.21,0.0,0.0,0.0,4.0,3.0,5.0,0.0,0.0,0.0,0.0,1.347
229012,Kenji-Van Boto,Pau FC,29.0,Left-Back,400.0,Madagascar,1.83,Wasserman,left,2025.0,14.0,1.0,0.0,0.0,0.0,3.0,2.0,1.0,0.0,0.0,0.0,0.0,966.0
1117092,Joseph Kalulu,Pau FC,20.0,Left-Back,300.0,France,1.8,,left,2027.0,35.0,1.29,0.0,0.0,0.0,13.0,10.0,2.0,0.0,0.0,0.0,0.0,2.104
254358,Johann Obiang,Pau FC,31.0,Left-Back,300.0,Gabon,1.7,,left,2025.0,19.0,1.26,0.0,0.0,0.0,7.0,7.0,1.0,0.0,0.0,0.0,0.0,1.074
543720,Evans Jean-Lambert,Pau FC,26.0,Left-Back,300.0,France,1.8,,left,2025.0,14.0,1.43,1.0,1.0,0.0,2.0,2.0,1.0,1.0,0.0,0.0,1.053,1.053
910176,Thérence Koudou,Pau FC,20.0,Right-Back,1500.0,France,1.78,One Team Football,right,2026.0,,,,,,,,,,,,,
353395,Jordy Gaspar,Pau FC,28.0,Right-Back,700.0,Angola,1.79,,right,2025.0,28.0,1.25,0.0,0.0,0.0,8.0,8.0,5.0,0.0,0.0,0.0,0.0,1.754
344575,Antonin Bobichon,Pau FC,29.0,Central Midfield,500.0,France,1.78,Horizon,right,2026.0,,,,,,,,,,,,,
807653,Antoine Mille,Pau FC,27.0,Central Midfield,500.0,France,1.81,,"
                            Jul 1, 2024                        ",2026.0,35.0,1.29,5.0,5.0,0.0,5.0,9.0,8.0,0.0,0.0,1.0,534.0,2.668
204585,Joseph Lopy,Pau FC,33.0,Central Midfield,400.0,Senegal,1.81,FAIR SPORT MNG,right,2025.0,10.0,1.0,0.0,0.0,0.0,2.0,7.0,0.0,0.0,0.0,0.0,0.0,567.0
468246,Steeve Beusnard,Pau FC,32.0,Central Midfield,400.0,France,1.7,,left,2026.0,28.0,1.18,1.0,2.0,0.0,5.0,16.0,4.0,0.0,0.0,0.0,1.857,1.857
979551,Pathé Mboup,Pau FC,21.0,Left Winger,2000.0,Senegal,1.75,,right,2027.0,34.0,1.24,11.0,3.0,0.0,2.0,11.0,9.0,1.0,0.0,2.0,250.0,2.754
575319,Kandet Diawara,Pau FC,25.0,Left Winger,500.0,Guinea,1.8,,right,2025.0,31.0,1.19,4.0,2.0,0.0,16.0,13.0,2.0,0.0,0.0,1.0,380.0,1.519
358509,Mehdi Chahiri,Pau FC,28.0,Left Winger,250.0,France,1.8,,right,2025.0,14.0,1.5,1.0,1.0,0.0,9.0,5.0,0.0,0.0,0.0,0.0,485.0,485.0
817180,Mamady Bangré,Pau FC,23.0,Right Winger,500.0,Burkina Faso,1.71,Scuderia,left,2025.0,27.0,1.22,1.0,0.0,0.0,15.0,12.0,1.0,0.0,0.0,0.0,1.11,1.11
855056,Taïryk Arconte,Pau FC,21.0,Centre-Forward,600.0,Guadeloupe,1.81,,"
                            Jul 30, 2024                        ",2027.0,30.0,1.23,2.0,3.0,0.0,14.0,11.0,4.0,0.0,0.0,1.0,763.0,1.525
231941,Khalid Boutaïb,Pau FC,38.0,Centre-Forward,175.0,Morocco,1.89,,right,2025.0,30.0,1.4,8.0,1.0,0.0,4.0,10.0,3.0,0.0,1.0,2.0,281.0,2.249
1057563,Christ-Owen Kouassi,Stade Lavallois,22.0,Centre-Back,1500.0,France,1.87,,right,2027.0,36.0,1.56,2.0,1.0,1.0,0.0,2.0,5.0,1.0,0.0,0.0,1.596,3.191
238716,Théo Pellenard,Stade Lavallois,31.0,Centre-Back,800.0,France,1.84,,left,2027.0,17.0,1.53,0.0,0.0,0.0,2.0,1.0,3.0,0.0,0.0,0.0,0.0,1.385
391375,Peter Ouaneh,Stade Lavallois,27.0,Centre-Back,400.0,France,1.84,Ltma Consulting,right,2026.0,10.0,1.7,0.0,0.0,0.0,2.0,3.0,0.0,0.0,0.0,0.0,0.0,663.0
427197,William Bianda,Stade Lavallois,25.0,Centre-Back,250.0,France,1.87,,left,2027.0,,,,,,,,,,,,,
198629,Moïse Adilehou,Stade Lavallois,29.0,Centre-Back,200.0,Benin,1.9,,right,2027.0,14.0,0.79,1.0,0.0,0.0,4.0,5.0,3.0,0.0,0.0,0.0,797.0,797.0
85953,Yohan Tavares,Stade Lavallois,37.0,Centre-Back,150.0,Portugal,1.88,,right,2026.0,32.0,1.72,0.0,0.0,0.0,0.0,0.0,5.0,0.0,0.0,0.0,0.0,2.88
782935,Amin Cherni,Stade Lavallois,23.0,Left-Back,900.0,Tunisia,1.81,,"
                            Jul 1, 2023                        ",2025.0,27.0,1.44,1.0,0.0,0.0,8.0,15.0,3.0,0.0,0.0,0.0,1.625,1.625
510686,William Kokolo,Stade Lavallois,24.0,Left-Back,600.0,France,1.81,,left,2027.0,36.0,1.53,1.0,3.0,1.0,13.0,3.0,4.0,0.0,0.0,0.0,2.187,2.187
126164,Edson Seidou,Stade Lavallois,33.0,Left-Back,100.0,France,1.82,,left,2025.0,6.0,1.5,0.0,0.0,0.0,2.0,2.0,1.0,0.0,0.0,0.0,0.0,364.0
627463,Thibaut Vargas,Stade Lavallois,25.0,Right-Back,1000.0,France,1.75,,both,2026.0,36.0,1.47,3.0,6.0,0.0,1.0,15.0,3.0,0.0,0.0,0.0,1.008,3.023
694549,Sam Sanna,Stade Lavallois,26.0,Defensive Midfield,1000.0,France,1.7,,right,2029.0,32.0,1.56,2.0,3.0,0.0,5.0,7.0,3.0,0.0,0.0,0.0,1.215,2.429
228891,Jordan Adéoti,Stade Lavallois,36.0,Defensive Midfield,100.0,Benin,1.83,,right,2025.0,15.0,1.33,0.0,0.0,0.0,5.0,8.0,1.0,0.0,0.0,0.0,0.0,758.0
1066677,Enzo Montet,Stade Lavallois,22.0,Defensive Midfield,100.0,France,1.8,,left,2028.0,24.0,1.38,4.0,2.0,0.0,2.0,5.0,8.0,0.0,0.0,0.0,485.0,1.941
546884,Titouan Thomas,Stade Lavallois,23.0,Central Midfield,500.0,France,1.83,Horizon,right,2026.0,36.0,1.47,4.0,0.0,0.0,18.0,5.0,7.0,0.0,0.0,0.0,455.0,1.821
102998,Jimmy Roye,Stade Lavallois,36.0,Central Midfield,200.0,France,1.75,,right,2025.0,31.0,1.61,2.0,3.0,0.0,11.0,15.0,5.0,0.0,0.0,0.0,864.0,1.727
920222,Loïs Martins,Stade Lavallois,21.0,Central Midfield,100.0,Portugal,1.76,,right,2027.0,23.0,1.65,6.0,2.0,0.0,8.0,8.0,4.0,0.0,0.0,4.0,234.0,1.406
111528,Anthony Gonçalves,Stade Lavallois,39.0,Central Midfield,100.0,France,1.79,,right,2025.0,20.0,1.75,0.0,0.0,0.0,16.0,2.0,2.0,0.0,1.0,0.0,0.0,424.0
811430,Malik Sellouki,Stade Lavallois,25.0,Attacking Midfield,1000.0,France,1.77,,right,2027.0,37.0,1.59,11.0,4.0,0.0,6.0,26.0,4.0,0.0,0.0,0.0,233.0,2.568
857148,Mamadou Camara,Stade Lavallois,24.0,Left Winger,800.0,Mali,1.84,Kemari,right,2027.0,33.0,1.55,7.0,3.0,0.0,8.0,20.0,5.0,0.0,0.0,1.0,294.0,2.055
802747,Siriné Doucouré,Stade Lavallois,23.0,Centre-Forward,800.0,Mali,1.95,,right,2025.0,,,,,,,,,,,,,
524929,Kévin Zohi,Stade Lavallois,28.0,Centre-Forward,500.0,Mali,1.77,,right,2027.0,33.0,1.58,1.0,3.0,0.0,16.0,16.0,1.0,0.0,0.0,0.0,1.582,1.582
272644,Jordan Tell,Stade Lavallois,27.0,Centre-Forward,250.0,Guadeloupe,1.85,Kemari,right,2025.0,23.0,1.48,1.0,5.0,0.0,16.0,7.0,2.0,0.0,0.0,0.0,806.0,806.0
412085,Malik Tchokounté,Stade Lavallois,36.0,Centre-Forward,200.0,France,1.88,,right,2026.0,34.0,1.68,9.0,2.0,0.0,5.0,17.0,6.0,0.0,0.0,2.0,283.0,2.544
1004502,Aymeric Faurand-Tournaire,Stade Lavallois,21.0,Centre-Forward,50.0,France,1.81,,right,2028.0,27.0,1.44,7.0,2.0,0.0,8.0,4.0,1.0,0.0,0.0,1.0,254.0,1.776
465294,Allan Tchaptchet,Grenoble,23.0,Centre-Back,1000.0,France,1.93,,right,2026.0,27.0,1.52,0.0,0.0,0.0,0.0,0.0,1.0,1.0,1.0,0.0,0.0,2.328
456467,Mamadou Diarra,Grenoble,27.0,Centre-Back,900.0,Senegal,1.84,,right,2025.0,25.0,1.48,1.0,0.0,1.0,1.0,0.0,4.0,0.0,0.0,0.0,2.161,2.161
799936,Loris Mouyokolo,Grenoble,24.0,Centre-Back,500.0,France,1.94,FAIR SPORT MNG,right,2027.0,26.0,1.46,1.0,2.0,0.0,2.0,0.0,1.0,0.0,0.0,0.0,2.185,2.185
975729,Efe Sarıkaya,Grenoble,19.0,Centre-Back,200.0,Türkiye,1.85,,left,2027.0,3.0,2.0,0.0,0.0,0.0,0.0,0.0,0.0,0.0,0.0,0.0,0.0,270.0
66490,Loïc Nestor,Grenoble,36.0,Centre-Back,150.0,Guadeloupe,1.79,Wasserman,right,2025.0,3.0,1.0,0.0,0.0,0.0,2.0,1.0,0.0,0.0,0.0,0.0,0.0,91.0
744936,Matthéo Xantippe,Grenoble,23.0,Left-Back,400.0,France,1.83,,left,2026.0,19.0,1.47,2.0,2.0,0.0,2.0,9.0,2.0,0.0,0.0,0.0,740.0,1.48
422715,Arial Mendy,Grenoble,30.0,Left-Back,400.0,Senegal,1.8,,left,2025.0,25.0,1.48,0.0,3.0,0.0,7.0,7.0,3.0,0.0,1.0,0.0,0.0,1.593
650809,Shaquil Delos,Grenoble,25.0,Right-Back,500.0,France,1.83,Gestifute,both,2027.0,34.0,1.41,2.0,3.0,0.0,12.0,3.0,2.0,0.0,0.0,0.0,1.078,2.156
412092,Gaëtan Paquiez,Grenoble,31.0,Right-Back,450.0,France,1.82,Kemari,right,2025.0,31.0,1.52,1.0,3.0,0.0,1.0,10.0,8.0,0.0,1.0,0.0,2.516,2.516
314974,Dante Rigo,Grenoble,26.0,Defensive Midfield,800.0,Belgium,1.8,,right,2026.0,26.0,1.5,1.0,0.0,0.0,8.0,8.0,1.0,0.0,0.0,0.0,1.59,1.59
276768,Nolan Mbemba,Grenoble,30.0,Defensive Midfield,300.0,Congo,1.81,FAIR SPORT MNG,right,2025.0,17.0,1.18,1.0,1.0,0.0,5.0,11.0,1.0,0.0,0.0,0.0,930.0,930.0
332047,Jessy Benet,Grenoble,29.0,Central Midfield,800.0,France,1.86,Kemari,right,2026.0,35.0,1.31,5.0,3.0,0.0,5.0,10.0,4.0,0.0,0.0,1.0,540.0,2.7
341396,Théo Valls,Grenoble,29.0,Central Midfield,800.0,France,1.78,Horizon,left,2026.0,30.0,1.5,5.0,3.0,0.0,2.0,7.0,1.0,0.0,0.0,0.0,497.0,2.483
629566,Eddy Sylvestre,Grenoble,25.0,Central Midfield,400.0,France,1.73,FAIR SPORT MNG,left,2026.0,27.0,1.26,4.0,0.0,0.0,23.0,4.0,4.0,0.0,0.0,0.0,152.0,607.0
694402,Saikou Touray,Grenoble,24.0,Central Midfield,300.0,The Gambia,1.75,,right,2025.0,16.0,1.5,0.0,0.0,0.0,5.0,10.0,2.0,0.0,0.0,0.0,0.0,893.0
900938,Junior Olaitan,Grenoble,23.0,Attacking Midfield,350.0,Benin,1.74,Wasserman,right,2027.0,25.0,1.04,4.0,3.0,0.0,10.0,14.0,2.0,0.0,0.0,1.0,340.0,1.358
806496,Yadaly Diaby,Grenoble,24.0,Left Winger,400.0,Guinea,1.86,,right,2027.0,28.0,1.21,3.0,3.0,0.0,13.0,15.0,0.0,0.0,0.0,0.0,470.0,1.411
395244,Alan Kerouedan,Grenoble,25.0,Right Winger,500.0,France,1.77,VV Consulting,right,2027.0,33.0,1.3,3.0,1.0,0.0,14.0,19.0,3.0,0.0,0.0,1.0,505.0,1.514
794116,Ayoub Jabbari,Grenoble,25.0,Centre-Forward,400.0,Morocco,1.94,,right,2027.0,30.0,1.6,3.0,0.0,0.0,18.0,10.0,4.0,0.0,0.0,1.0,406.0,1.219
862606,Nesta Elphege,Grenoble,24.0,Centre-Forward,250.0,France,1.96,,left,2025.0,10.0,0.9,0.0,1.0,0.0,7.0,3.0,0.0,0.0,0.0,0.0,0.0,318.0
324798,Bradley Danger,Red Star FC,27.0,Centre-Back,600.0,France,1.8,,right,2027.0,14.0,1.21,1.0,0.0,0.0,4.0,2.0,2.0,0.0,0.0,1.0,880.0,880.0
863891,Blondon Meyapya,Red Star FC,24.0,Centre-Back,500.0,Cameroon,1.85,,right,2025.0,13.0,1.15,0.0,0.0,0.0,3.0,3.0,1.0,0.0,0.0,0.0,0.0,894.0
170477,Pierre Lemonnier,Red Star FC,31.0,Centre-Back,500.0,France,1.84,,right,2025.0,,,,,,,,,,,,,
862972,Josué Escartin,Red Star FC,22.0,Centre-Back,400.0,France,1.93,,right,2027.0,32.0,1.19,1.0,0.0,0.0,15.0,5.0,5.0,0.0,0.0,0.0,1.522,1.522
410061,Loïc Kouagba,Red Star FC,30.0,Centre-Back,400.0,France,1.82,BTFM,left,2025.0,,,,,,,,,,,,,
781775,Bissenty Mendy,Red Star FC,33.0,Centre-Back,200.0,France,1.79,,right,2025.0,12.0,1.0,0.0,0.0,0.0,1.0,4.0,4.0,0.0,0.0,0.0,0.0,983.0
465296,Rayane Doucouré,Red Star FC,24.0,Centre-Back,200.0,Guinea,1.83,ND SPORTS MANAGEMENT,right,2026.0,,,,,,,,,,,,,
796883,Ryad Hachem,Red Star FC,26.0,Left-Back,700.0,France,1.72,Playeleven,left,2027.0,35.0,1.17,2.0,4.0,0.0,0.0,9.0,6.0,0.0,0.0,0.0,1.54,3.08
798925,Fodé Doucouré,Red Star FC,24.0,Right-Back,500.0,Mali,1.72,,right,2025.0,23.0,1.13,1.0,0.0,0.0,3.0,7.0,2.0,0.0,0.0,0.0,1.693,1.693
756171,Dylan Durivaux,Red Star FC,23.0,Right-Back,500.0,France,1.77,,right,2027.0,30.0,1.17,1.0,3.0,0.0,4.0,6.0,2.0,0.0,0.0,0.0,2.386,2.386
271390,Joachim Eickmayer,Red Star FC,32.0,Defensive Midfield,400.0,France,1.79,,right,2026.0,24.0,0.96,2.0,1.0,0.0,9.0,12.0,3.0,0.0,0.0,0.0,618.0,1.236
467571,Fred Dembi,Red Star FC,30.0,Defensive Midfield,300.0,Congo,1.84,Sport Striker,right,2025.0,32.0,1.03,0.0,1.0,0.0,15.0,12.0,2.0,0.0,0.0,0.0,0.0,1.505
722739,Samuel Renel,Red Star FC,23.0,Central Midfield,600.0,Martinique,1.78,,right,2027.0,33.0,1.06,2.0,3.0,0.0,9.0,18.0,1.0,0.0,0.0,0.0,1.058,2.116
684062,Hianga'a Mbock,Red Star FC,25.0,Central Midfield,500.0,France,1.86,,right,2025.0,30.0,1.03,1.0,1.0,0.0,16.0,8.0,5.0,0.0,1.0,0.0,1.456,1.456
1226637,Vincent Kany,Red Star FC,22.0,Central Midfield,50.0,France,1.88,,left,2026.0,2.0,3.0,0.0,0.0,0.0,2.0,0.0,0.0,0.0,0.0,0.0,0.0,35.0
1064905,Rayan Slimani,Red Star FC,21.0,Central Midfield,50.0,France,1.74,,"
                            Jul 1, 2022                        ",2026.0,1.0,3.0,0.0,0.0,0.0,1.0,0.0,0.0,0.0,0.0,0.0,0.0,27.0
976861,Merwan Ifnaoui,Red Star FC,26.0,Attacking Midfield,800.0,France,1.78,,left,2026.0,36.0,1.14,3.0,5.0,0.0,4.0,16.0,3.0,0.0,0.0,0.0,929.0,2.788
792328,Damien Durand,Red Star FC,29.0,Left Winger,400.0,France,1.73,,right,2026.0,36.0,1.14,7.0,4.0,0.0,11.0,14.0,2.0,0.0,0.0,0.0,324.0,2.271
806494,Kemo Cissé,Red Star FC,28.0,Right Winger,300.0,France,1.7,Sport Striker,left,2027.0,28.0,0.93,5.0,2.0,0.0,14.0,12.0,1.0,0.0,0.0,0.0,257.0,1.287
676187,Hacène Benali,Red Star FC,25.0,Centre-Forward,500.0,Algeria,1.82,,right,2025.0,31.0,1.19,6.0,2.0,0.0,12.0,14.0,3.0,0.0,0.0,2.0,296.0,1.773
292739,Alioune Fall,Red Star FC,30.0,Centre-Forward,150.0,Senegal,1.78,,right,2025.0,16.0,0.88,0.0,0.0,0.0,12.0,4.0,0.0,0.0,0.0,0.0,0.0,465.0
844299,Mohamed Jaouab,Amiens SC,23.0,Centre-Back,500.0,Morocco,1.9,,right,2025.0,27.0,1.37,0.0,0.0,0.0,5.0,2.0,8.0,0.0,0.0,0.0,0.0,2.01
986258,Siaka Bakayoko,Amiens SC,19.0,Centre-Back,300.0,France,1.88,Smartalent,right,2027.0,25.0,1.4,2.0,0.0,0.0,6.0,3.0,4.0,0.0,0.0,0.0,859.0,1.717
1134251,Abdelhamid Ait Boudlal,Amiens SC,19.0,Centre-Back,200.0,Morocco,1.9,,right,2028.0,17.0,1.47,0.0,1.0,0.0,1.0,4.0,4.0,0.0,0.0,0.0,0.0,1.359
1172908,Amine Chabane,Amiens SC,18.0,Centre-Back,200.0,Morocco,1.83,,right,2027.0,15.0,1.6,1.0,0.0,0.0,7.0,4.0,3.0,0.0,0.0,0.0,673.0,673.0
805835,Rémy Vita,Amiens SC,24.0,Left-Back,800.0,Comoros,1.7,FAIR SPORT MNG,left,2025.0,33.0,1.27,0.0,0.0,0.0,0.0,4.0,4.0,0.0,0.0,0.0,0.0,2.9
102744,Sébastien Corchia,Amiens SC,34.0,Right-Back,500.0,France,1.76,SVF FOOT,right,2025.0,28.0,1.32,0.0,4.0,0.0,1.0,15.0,8.0,0.0,0.0,0.0,0.0,2.348
612143,Kylian Kaïboue,Amiens SC,26.0,Defensive Midfield,1000.0,France,1.79,,left,2026.0,27.0,1.26,3.0,3.0,0.0,2.0,11.0,6.0,1.0,0.0,0.0,749.0,2.248
127182,Thomas Monconduit,Amiens SC,34.0,Defensive Midfield,300.0,France,1.84,,right,2025.0,,,,,,,,,,,,,
1001788,Ibrahim Fofana,Amiens SC,21.0,Defensive Midfield,300.0,Cote d'Ivoire,1.78,,"
                            Jul 1, 2022                        ",2026.0,25.0,1.4,1.0,0.0,0.0,15.0,3.0,3.0,0.0,0.0,0.0,1.058,1.058
592358,Victor Lobry,Amiens SC,29.0,Attacking Midfield,500.0,France,1.81,,left,2026.0,15.0,1.13,0.0,2.0,0.0,1.0,4.0,0.0,0.0,0.0,0.0,0.0,1.239
954090,Rayan Lutin,Amiens SC,22.0,Attacking Midfield,500.0,Comoros,1.7,Classico,left,2027.0,32.0,1.31,2.0,6.0,0.0,9.0,22.0,4.0,0.0,0.0,0.0,879.0,1.758
1248495,Messy Manitu,Amiens SC,19.0,Attacking Midfield,50.0,DR Congo,1.77,,left,2027.0,,,,,,,,,,,,,
891379,Nordine Kandil,Amiens SC,23.0,Left Winger,1000.0,Morocco,1.67,ROGON,left,2027.0,27.0,1.15,4.0,0.0,0.0,2.0,21.0,1.0,0.0,0.0,0.0,507.0,2.027
467486,Antoine Leautey,Amiens SC,29.0,Right Winger,1500.0,France,1.72,,left,2026.0,36.0,1.28,10.0,5.0,0.0,1.0,12.0,1.0,0.0,0.0,1.0,313.0,3.13
707063,Malick Mbaye,Amiens SC,21.0,Right Winger,300.0,Senegal,1.73,Wasserman,right,2025.0,20.0,1.45,6.0,5.0,0.0,6.0,10.0,2.0,0.0,0.0,0.0,207.0,1.24
708078,Josué Chibozo,Amiens SC,21.0,Second Striker,150.0,Benin,1.75,,right,2027.0,9.0,0.67,0.0,0.0,0.0,9.0,0.0,0.0,0.0,0.0,0.0,0.0,82.0
461790,Louis Mafouta,Amiens SC,30.0,Centre-Forward,1500.0,Central African Republic,1.81,,"
                            Jul 12, 2023                        ",2026.0,34.0,1.26,10.0,4.0,0.0,2.0,10.0,4.0,0.0,1.0,5.0,278.0,2.783
975348,Joan Tincres,Amiens SC,18.0,Centre-Forward,150.0,France,1.82,Classico,right,2025.0,15.0,1.13,7.0,1.0,0.0,6.0,2.0,3.0,0.0,0.0,0.0,126.0,880.0
935507,Axel Drouhin,FC Annecy,25.0,Centre-Back,600.0,France,1.87,,right,2025.0,,,,,,,,,,,,,
1063470,Thibault Delphis,FC Annecy,22.0,Centre-Back,500.0,France,1.83,,right,2026.0,35.0,1.54,0.0,0.0,0.0,6.0,3.0,2.0,0.0,0.0,0.0,0.0,2.79
1000828,Sidi Bane,FC Annecy,21.0,Centre-Back,400.0,Senegal,1.84,PSM,right,2025.0,23.0,1.3,0.0,0.0,0.0,3.0,3.0,5.0,0.0,1.0,0.0,0.0,1.827
1020191,Ismaëlo Ganiou,FC Annecy,20.0,Centre-Back,200.0,France,1.85,HD,right,2025.0,17.0,1.24,1.0,2.0,0.0,1.0,4.0,3.0,0.0,0.0,0.0,1.41,1.41
86930,Fabrice N'Sakala,FC Annecy,34.0,Left-Back,100.0,DR Congo,1.79,,left,2026.0,29.0,1.66,0.0,1.0,0.0,3.0,7.0,2.0,0.0,0.0,0.0,0.0,2.291
374039,François Lajugie,FC Annecy,29.0,Right-Back,600.0,France,1.9,Soccer and more,right,2026.0,16.0,1.63,1.0,1.0,0.0,5.0,5.0,5.0,0.0,0.0,0.0,901.0,901.0
808846,Julien Kouadio,FC Annecy,25.0,Right-Back,400.0,France,1.75,,right,2025.0,24.0,2.0,0.0,1.0,0.0,8.0,5.0,3.0,0.0,0.0,0.0,0.0,1.501
126699,Vincent Pajot,FC Annecy,34.0,Defensive Midfield,250.0,France,1.8,One Team Football,right,2026.0,33.0,1.61,2.0,3.0,0.0,3.0,5.0,12.0,1.0,0.0,0.0,1.346,2.692
73120,Ahmed Kashi,FC Annecy,36.0,Defensive Midfield,200.0,Algeria,1.77,,right,2027.0,,,,,,,,,,,,,
289435,Yohan Demoncy,FC Annecy,29.0,Central Midfield,600.0,France,1.81,,right,2025.0,36.0,1.56,7.0,6.0,0.0,2.0,23.0,7.0,0.0,0.0,0.0,396.0,2.773
816124,Noha Lemina,FC Annecy,19.0,Attacking Midfield,300.0,Gabon,1.68,,right,2027.0,8.0,2.38,0.0,0.0,0.0,7.0,1.0,2.0,0.0,0.0,0.0,0.0,107.0
1305235,Josué Tiendrébéogo,FC Annecy,22.0,Attacking Midfield,250.0,Burkina Faso,1.69,Wasserman,"
                            Aug 6, 2024                        ",2026.0,28.0,1.39,3.0,2.0,0.0,20.0,8.0,6.0,0.0,0.0,0.0,320.0,961.0
1052288,Karim Cissé,FC Annecy,20.0,Attacking Midfield,150.0,Guinea,1.75,Wasserman,right,2025.0,17.0,1.41,1.0,0.0,0.0,11.0,4.0,0.0,0.0,1.0,1.0,605.0,605.0
1273127,Kilyan Jusseron-Veniere,FC Annecy,18.0,Attacking Midfield,50.0,France,1.85,,left,2028.0,21.0,0.9,9.0,0.0,0.0,7.0,4.0,0.0,0.0,0.0,0.0,140.0,1.264
1088110,Anthony Bermont,FC Annecy,20.0,Left Winger,500.0,France,1.87,YOU FIRST,right,2025.0,33.0,1.61,2.0,1.0,0.0,14.0,15.0,3.0,0.0,0.0,0.0,857.0,1.713
579205,Clément Billemaz,FC Annecy,26.0,Left Winger,400.0,France,1.75,Soccer Connect,left,2025.0,28.0,1.5,4.0,3.0,0.0,7.0,14.0,3.0,0.0,1.0,0.0,446.0,1.785
803839,Goteh Ntignee,FC Annecy,23.0,Left Winger,50.0,Nigeria,1.72,Wasserman,both,2026.0,3.0,2.33,3.0,0.0,0.0,2.0,0.0,1.0,0.0,0.0,0.0,43.0,128.0
775330,Antoine Larose,FC Annecy,32.0,Right Winger,600.0,France,1.82,,left,2026.0,36.0,1.5,5.0,5.0,0.0,6.0,24.0,3.0,0.0,0.0,0.0,481.0,2.406
412091,Kapit Djoco,FC Annecy,29.0,Centre-Forward,600.0,France,1.86,,right,2026.0,37.0,1.62,3.0,4.0,0.0,12.0,23.0,3.0,0.0,1.0,2.0,649.0,1.948
984697,Trévis Dago,FC Annecy,20.0,Centre-Forward,400.0,France,1.83,Darren Dein,right,2025.0,27.0,1.56,6.0,0.0,0.0,16.0,11.0,6.0,0.0,0.0,0.0,192.0,1.153
923434,Ranjan Neelakandan,FC Annecy,20.0,Centre-Forward,300.0,Switzerland,1.82,,"
                            Feb 3, 2025                        ",2028.0,18.0,1.39,1.0,0.0,0.0,11.0,7.0,2.0,0.0,0.0,0.0,653.0,653.0
1284766,Quentin Paris,FC Annecy,18.0,Centre-Forward,100.0,France,1.87,LF Sport Management,"
                            Nov 16, 2024                        ",2029.0,17.0,1.65,4.0,0.0,0.0,12.0,5.0,4.0,0.0,0.0,0.0,114.0,456.0
569388,Clément Vidal,AC Ajaccio,24.0,Centre-Back,700.0,France,1.81,,right,2025.0,28.0,1.46,0.0,0.0,0.0,5.0,1.0,6.0,0.0,0.0,0.0,0.0,2.137
545487,Axel Bamba,AC Ajaccio,25.0,Centre-Back,600.0,Cote d'Ivoire,1.85,,right,2026.0,31.0,1.16,4.0,0.0,0.0,0.0,5.0,4.0,1.0,0.0,0.0,676.0,2.702
935843,Jésah Ayessa,AC Ajaccio,25.0,Centre-Back,500.0,France,1.88,SEG,right,2026.0,,,,,,,,,,,,,
1088199,Arsène Kouassi,AC Ajaccio,20.0,Left-Back,800.0,Burkina Faso,1.78,,left,2027.0,25.0,1.36,0.0,3.0,0.0,0.0,1.0,2.0,1.0,1.0,0.0,0.0,2.221
588997,Matthieu Huard,AC Ajaccio,27.0,Left-Back,400.0,France,1.78,,left,2025.0,23.0,1.22,0.0,1.0,0.0,0.0,8.0,4.0,0.0,1.0,0.0,0.0,1.769
550572,Stephen Quemper,AC Ajaccio,32.0,Left-Back,250.0,France,1.78,Kemari,left,2025.0,6.0,1.33,0.0,0.0,0.0,2.0,1.0,3.0,0.0,0.0,0.0,0.0,413.0
1004681,Tony Strata,AC Ajaccio,20.0,Right-Back,350.0,Romania,1.77,,right,2027.0,29.0,1.17,1.0,3.0,0.0,11.0,2.0,1.0,0.0,0.0,0.0,1.808,1.808
57482,Mohamed Youssouf,AC Ajaccio,37.0,Right-Back,150.0,Comoros,1.69,,right,2026.0,21.0,1.1,0.0,0.0,0.0,3.0,5.0,4.0,0.0,0.0,0.0,0.0,1.633
449223,Thibault Campanini,AC Ajaccio,26.0,Right-Back,100.0,France,1.79,,right,2025.0,7.0,1.29,0.0,0.0,0.0,1.0,2.0,0.0,0.0,0.0,0.0,0.0,522.0
919236,Everson Jr,AC Ajaccio,21.0,Defensive Midfield,300.0,France,1.78,,right,2026.0,26.0,1.19,2.0,0.0,0.0,4.0,4.0,6.0,0.0,1.0,0.0,973.0,1.946
989826,Mehdi Puch-Herrantz,AC Ajaccio,21.0,Defensive Midfield,200.0,Algeria,1.75,,right,2027.0,28.0,1.07,0.0,0.0,0.0,17.0,5.0,3.0,0.0,1.0,0.0,0.0,1.08
520819,Julien Anziani,AC Ajaccio,25.0,Central Midfield,600.0,France,1.76,,right,2026.0,35.0,1.2,4.0,2.0,0.0,4.0,15.0,4.0,0.0,0.0,0.0,688.0,2.75
18934,Thomas Mangani,AC Ajaccio,38.0,Central Midfield,200.0,France,1.83,Kemari,left,2025.0,20.0,1.1,0.0,1.0,0.0,12.0,5.0,5.0,0.0,0.0,0.0,0.0,908.0
284526,Valentin Jacob,AC Ajaccio,30.0,Attacking Midfield,300.0,France,1.71,One Team Football,both,2025.0,7.0,1.29,0.0,1.0,0.0,4.0,3.0,0.0,0.0,0.0,0.0,0.0,259.0
149518,Michaël Barreto,AC Ajaccio,34.0,Attacking Midfield,200.0,France,1.75,,right,2025.0,25.0,1.44,2.0,4.0,0.0,3.0,14.0,6.0,0.0,0.0,0.0,882.0,1.764
989819,Ivane Chegra,AC Ajaccio,21.0,Right Winger,150.0,Algeria,1.8,,right,2027.0,29.0,1.31,5.0,0.0,0.0,15.0,5.0,5.0,0.0,0.0,0.0,273.0,1.363
1053240,Moussa Soumano,AC Ajaccio,19.0,Centre-Forward,1000.0,France,1.85,,right,2026.0,27.0,1.26,4.0,2.0,0.0,6.0,15.0,2.0,0.0,0.0,0.0,429.0,1.717
989824,Ben Hamed Touré,AC Ajaccio,21.0,Centre-Forward,400.0,Cote d'Ivoire,1.85,,right,2026.0,22.0,1.41,3.0,0.0,0.0,10.0,9.0,3.0,0.0,0.0,0.0,358.0,1.075
315095,Abou Kanté,AC Ajaccio,30.0,Centre-Forward,350.0,The Gambia,1.84,,left,2026.0,26.0,1.31,6.0,1.0,0.0,9.0,16.0,0.0,0.0,0.0,0.0,230.0,1.377
342701,Benjamin Santelli,AC Ajaccio,33.0,Centre-Forward,250.0,France,1.8,Soccer Connect,left,2026.0,24.0,1.04,1.0,1.0,0.0,11.0,7.0,5.0,0.0,1.0,1.0,1.321,1.321
68718,Yoann Touzghar,AC Ajaccio,38.0,Centre-Forward,150.0,Tunisia,1.8,AGJ SP MGMT,right,2025.0,10.0,1.4,1.0,0.0,0.0,4.0,5.0,0.0,0.0,0.0,0.0,487.0,487.0
585950,Nathanaël Saintini,FC Martigues,24.0,Centre-Back,600.0,Guadeloupe,1.88,,right,2025.0,29.0,0.86,0.0,3.0,0.0,3.0,12.0,5.0,0.0,0.0,0.0,0.0,2.244
780990,Steve Solvet,FC Martigues,29.0,Centre-Back,400.0,Guadeloupe,1.91,,right,2025.0,27.0,1.15,3.0,1.0,0.0,1.0,1.0,5.0,1.0,2.0,0.0,767.0,2.302
691354,Léandro Morante,FC Martigues,28.0,Centre-Back,400.0,France,1.94,,right,2025.0,21.0,1.14,0.0,0.0,0.0,6.0,3.0,4.0,0.0,0.0,0.0,0.0,1.402
170927,Simon Falette,FC Martigues,33.0,Centre-Back,200.0,Guinea,1.85,ND SPORTS MANAGEMENT,left,2025.0,35.0,1.0,0.0,1.0,0.0,2.0,3.0,4.0,1.0,0.0,0.0,0.0,2.911
1119795,Luan Gautier,FC Martigues,19.0,Centre-Back,50.0,France,1.83,,right,,10.0,0.8,1.0,0.0,0.0,3.0,3.0,3.0,0.0,0.0,0.0,632.0,632.0
860051,Ayoub Amraoui,FC Martigues,21.0,Left-Back,1000.0,Morocco,1.84,,left,2025.0,33.0,1.06,3.0,4.0,0.0,2.0,1.0,1.0,0.0,0.0,2.0,951.0,2.854
734756,Akim Djaha,FC Martigues,26.0,Right-Back,300.0,Comoros,1.78,Supernova Management,right,2025.0,20.0,1.0,0.0,0.0,0.0,10.0,3.0,3.0,0.0,0.0,0.0,0.0,1.0
801569,Yanis Hadjem,FC Martigues,24.0,Right-Back,250.0,Algeria,1.75,Sport Striker,right,2025.0,26.0,1.19,1.0,3.0,0.0,8.0,11.0,4.0,0.0,0.0,0.0,1.523,1.523
587646,Mahamé Siby,FC Martigues,28.0,Defensive Midfield,500.0,Mali,1.92,,right,2025.0,31.0,1.13,2.0,1.0,0.0,9.0,14.0,0.0,0.0,0.0,0.0,944.0,1.887
411440,Francis Kembolo,FC Martigues,34.0,Defensive Midfield,100.0,France,1.66,,right,2025.0,17.0,1.18,0.0,0.0,0.0,5.0,5.0,5.0,0.0,0.0,0.0,0.0,1.066
371143,Milan Robin,FC Martigues,25.0,Central Midfield,500.0,France,1.86,Scuderia,right,2025.0,33.0,0.88,3.0,1.0,0.0,2.0,10.0,2.0,0.0,0.0,0.0,911.0,2.733
745210,Mohamed Bamba,FC Martigues,22.0,Central Midfield,300.0,France,1.8,,right,2025.0,17.0,1.0,0.0,1.0,0.0,5.0,10.0,1.0,0.0,0.0,0.0,0.0,1.006
805477,Ilyes Zouaoui,FC Martigues,21.0,Central Midfield,200.0,France,1.83,,right,2025.0,17.0,0.88,1.0,0.0,0.0,14.0,2.0,1.0,0.0,0.0,0.0,412.0,412.0
765758,Samir Belloumou,FC Martigues,31.0,Central Midfield,200.0,France,1.76,,right,2025.0,28.0,1.07,0.0,1.0,0.0,4.0,11.0,4.0,0.0,1.0,0.0,0.0,1.947
209937,Oualid Orinel,FC Martigues,34.0,Central Midfield,100.0,France,1.75,,"
                            Jul 1, 2021                        ",2025.0,14.0,1.21,3.0,1.0,0.0,4.0,10.0,1.0,0.0,0.0,0.0,283.0,849.0
808121,Alain Ipiélé,FC Martigues,27.0,Left Winger,300.0,Congo,1.8,Sport Striker,right,2025.0,35.0,1.0,2.0,5.0,0.0,15.0,15.0,2.0,0.0,0.0,0.0,905.0,1.809
345225,Steve Shamal,FC Martigues,29.0,Left Winger,150.0,France,1.82,,right,2025.0,11.0,0.91,0.0,0.0,0.0,10.0,0.0,0.0,0.0,0.0,0.0,0.0,280.0
859536,Oucasse Mendy,FC Martigues,23.0,Right Winger,300.0,France,1.82,Wasserman,left,2025.0,32.0,0.94,6.0,1.0,0.0,13.0,11.0,4.0,0.0,0.0,1.0,317.0,1.902
491779,Karim Tlili,FC Martigues,35.0,Right Winger,150.0,France,1.8,,right,2025.0,26.0,0.96,7.0,1.0,0.0,7.0,10.0,2.0,0.0,1.0,1.0,234.0,1.636
398509,Romain Montiel,FC Martigues,30.0,Centre-Forward,250.0,France,1.86,,right,2025.0,17.0,1.35,2.0,1.0,0.0,7.0,10.0,1.0,0.0,0.0,0.0,383.0,766.0
364525,Bevic Moussiti-Oko,FC Martigues,30.0,Centre-Forward,200.0,Congo,1.84,,right,2025.0,28.0,1.07,0.0,0.0,0.0,19.0,9.0,1.0,0.0,0.0,0.0,0.0,961.0
171422,Abdoul Diawara,FC Martigues,34.0,Centre-Forward,100.0,France,1.81,,right,2025.0,6.0,0.67,1.0,0.0,0.0,5.0,1.0,0.0,0.0,0.0,0.0,127.0,127.0
401530,Éder Militão,Real Madrid,27.0,Centre-Back,40000.0,Brazil,1.86,,right,2028.0,17.0,2.12,1.0,1.0,0.0,2.0,3.0,4.0,0.0,0.0,0.0,1.311,1.311
935245,Raúl Asencio,Real Madrid,22.0,Centre-Back,30000.0,Spain,1.84,DPO Sports,right,2026.0,51.0,1.94,0.0,2.0,0.0,9.0,8.0,10.0,0.0,0.0,0.0,0.0,3.964
86202,Antonio Rüdiger,Real Madrid,32.0,Centre-Back,24000.0,Germany,1.9,HCM Sports ...,right,2026.0,49.0,2.06,3.0,1.0,0.0,4.0,4.0,7.0,0.0,1.0,0.0,1.367,4.101
59016,David Alaba,Real Madrid,32.0,Centre-Back,10000.0,Austria,1.8,,left,2026.0,14.0,2.0,0.0,0.0,1.0,7.0,6.0,2.0,0.0,0.0,0.0,0.0,599.0
251896,Jesús Vallejo,Real Madrid,28.0,Centre-Back,1000.0,Spain,1.84,,right,2025.0,3.0,3.0,0.0,1.0,0.0,2.0,1.0,0.0,0.0,0.0,0.0,0.0,102.0
291417,Ferland Mendy,Real Madrid,29.0,Left-Back,18000.0,France,1.8,FAIR SPORT MNG,left,2028.0,31.0,2.03,0.0,2.0,0.0,3.0,14.0,2.0,0.0,1.0,0.0,0.0,2.245
341264,Fran García,Real Madrid,25.0,Left-Back,15000.0,Spain,1.69,,left,2027.0,46.0,1.89,0.0,4.0,0.0,19.0,6.0,0.0,0.0,0.0,0.0,0.0,2.78
138927,Daniel Carvajal,Real Madrid,33.0,Right-Back,10000.0,Spain,1.73,,right,2026.0,11.0,2.18,1.0,1.0,0.0,1.0,3.0,2.0,0.0,0.0,0.0,878.0,878.0
221316,Lucas Vázquez,Real Madrid,33.0,Right-Back,3500.0,Spain,1.73,AC Talent,right,2025.0,49.0,2.02,2.0,7.0,0.0,14.0,16.0,9.0,0.0,1.0,0.0,1.58,3.16
413112,Aurélien Tchouaméni,Real Madrid,25.0,Defensive Midfield,80000.0,France,1.88,,right,2028.0,50.0,2.06,2.0,1.0,0.0,2.0,10.0,10.0,0.0,0.0,0.0,2.093,4.185
369081,Federico Valverde,Real Madrid,26.0,Central Midfield,130000.0,Uruguay,1.82,Wasserman,right,2029.0,57.0,2.12,9.0,8.0,0.0,3.0,11.0,5.0,0.0,0.0,0.0,539.0,4.852
640428,Eduardo Camavinga,Real Madrid,22.0,Central Midfield,70000.0,France,1.82,CAA Stellar,left,2029.0,34.0,2.06,2.0,2.0,0.0,13.0,10.0,7.0,1.0,0.0,0.0,1.01,2.02
319745,Dani Ceballos,Real Madrid,28.0,Central Midfield,10000.0,Spain,1.79,,right,2027.0,39.0,2.28,0.0,2.0,0.0,18.0,17.0,5.0,0.0,0.0,0.0,0.0,1.87
27992,Luka Modrić,Real Madrid,39.0,Central Midfield,5000.0,Croatia,1.72,Universal Twenty Two,right,2025.0,55.0,2.04,4.0,9.0,0.0,29.0,16.0,11.0,0.0,0.0,0.0,689.0,2.757
581678,Jude Bellingham,Real Madrid,21.0,Attacking Midfield,180000.0,England,1.86,,right,2029.0,51.0,2.06,14.0,14.0,0.0,3.0,16.0,10.0,0.0,2.0,1.0,304.0,4.259
371998,Vinicius Junior,Real Madrid,24.0,Left Winger,200000.0,Brazil,1.76,Roc Nation Sports,right,2027.0,50.0,2.06,20.0,16.0,0.0,7.0,19.0,15.0,0.0,1.0,3.0,203.0,4.05
412363,Rodrygo,Real Madrid,24.0,Right Winger,100000.0,Brazil,1.74,,right,2028.0,50.0,2.18,13.0,10.0,0.0,12.0,28.0,0.0,0.0,0.0,0.0,253.0,3.29
861410,Arda Güler,Real Madrid,20.0,Right Winger,45000.0,Türkiye,1.75,,left,2029.0,41.0,2.29,5.0,9.0,0.0,24.0,15.0,1.0,0.0,0.0,0.0,337.0,1.683
314678,Brahim Díaz,Real Madrid,25.0,Right Winger,45000.0,Morocco,1.7,,both,2027.0,50.0,2.04,6.0,7.0,0.0,28.0,15.0,1.0,0.0,0.0,0.0,351.0,2.103
342229,Kylian Mbappé,Real Madrid,26.0,Centre-Forward,170000.0,France,1.78,,right,2029.0,54.0,2.09,40.0,4.0,0.0,4.0,19.0,4.0,0.0,1.0,7.0,111.0,4.458
971570,Endrick,Real Madrid,18.0,Centre-Forward,40000.0,Brazil,1.73,Roc Nation Sports,left,2030.0,37.0,2.14,7.0,1.0,0.0,29.0,7.0,4.0,0.0,0.0,0.0,121.0,847.0
962110,Pau Cubarsí,Barcelona,18.0,Centre-Back,70000.0,Spain,1.84,,right,2029.0,55.0,2.25,1.0,4.0,0.0,8.0,16.0,5.0,0.0,1.0,0.0,4.123,4.123
480267,Ronald Araujo,Barcelona,26.0,Centre-Back,50000.0,Uruguay,1.92,Excellence Sport,right,2031.0,24.0,2.42,2.0,2.0,1.0,8.0,6.0,4.0,0.0,0.0,0.0,748.0,1.496
196948,Andreas Christensen,Barcelona,29.0,Centre-Back,15000.0,Denmark,1.87,,right,2026.0,,,,,,,,,,,,,
158863,Iñigo Martínez,Barcelona,34.0,Centre-Back,5000.0,Spain,1.82,,left,2026.0,,,,,,,,,,,,,
636688,Alejandro Balde,Barcelona,21.0,Left-Back,60000.0,Spain,1.75,Gestifute,left,2028.0,,,,,,,,,,,,,
705395,Gerard Martín,Barcelona,23.0,Left-Back,7500.0,Spain,1.86,,left,2028.0,41.0,2.41,1.0,6.0,0.0,22.0,10.0,4.0,0.0,0.0,0.0,1.784,1.784
411975,Jules Koundé,Barcelona,26.0,Right-Back,60000.0,France,1.8,,right,2027.0,,,,,,,,,,,,,
937955,Héctor Fort,Barcelona,18.0,Right-Back,10000.0,Spain,1.85,AC Talent,right,2026.0,21.0,2.24,0.0,0.0,0.0,15.0,5.0,2.0,0.0,0.0,0.0,0.0,710.0
636695,Marc Casadó,Barcelona,21.0,Defensive Midfield,30000.0,Spain,1.72,Wasserman,right,2028.0,36.0,2.36,1.0,6.0,0.0,7.0,11.0,3.0,1.0,0.0,0.0,2.447,2.447
1018920,Marc Bernal,Barcelona,17.0,Defensive Midfield,5000.0,Spain,1.91,,left,2026.0,3.0,3.0,0.0,0.0,0.0,0.0,2.0,2.0,0.0,0.0,0.0,0.0,244.0
683840,Pedri,Barcelona,22.0,Central Midfield,120000.0,Spain,1.74,LEADERBROCK,right,2030.0,,,,,,,,,,,,,
646740,Gavi,Barcelona,20.0,Central Midfield,70000.0,Spain,1.73,,right,2030.0,41.0,2.15,3.0,3.0,0.0,22.0,16.0,6.0,0.0,0.0,0.0,533.0,1.598
326330,Frenkie de Jong,Barcelona,28.0,Central Midfield,45000.0,Netherlands,1.81,HCM Sports ...,right,2026.0,45.0,2.36,2.0,2.0,0.0,22.0,10.0,7.0,0.0,0.0,0.0,1.24,2.479
293385,Dani Olmo,Barcelona,27.0,Attacking Midfield,60000.0,Spain,1.79,Niagara Sports ...,right,2030.0,38.0,2.26,11.0,7.0,0.0,16.0,21.0,1.0,0.0,0.0,1.0,173.0,1.908
636703,Fermín López,Barcelona,22.0,Attacking Midfield,50000.0,Spain,1.74,CAA Stellar,right,2029.0,45.0,2.31,8.0,9.0,0.0,27.0,13.0,6.0,0.0,1.0,0.0,244.0,1.949
720038,Pablo Torre,Barcelona,22.0,Attacking Midfield,7500.0,Spain,1.73,AC Talent,right,2026.0,14.0,2.21,4.0,3.0,0.0,9.0,5.0,0.0,0.0,0.0,0.0,105.0,421.0
411295,Raphinha,Barcelona,28.0,Left Winger,80000.0,Brazil,1.76,,left,2027.0,56.0,2.27,34.0,25.0,0.0,4.0,15.0,7.0,0.0,0.0,2.0,135.0,4.597
466810,Ansu Fati,Barcelona,22.0,Left Winger,5000.0,Spain,1.78,,right,2027.0,11.0,2.45,0.0,0.0,0.0,8.0,3.0,1.0,0.0,0.0,0.0,0.0,298.0
937958,Lamine Yamal,Barcelona,17.0,Right Winger,180000.0,Spain,1.8,Is known - player U18,"
                    Attack - Right Winger                ",2026.0,54.0,2.39,18.0,25.0,0.0,4.0,25.0,3.0,0.0,0.0,0.0,248.0,4.463
398184,Ferran Torres,Barcelona,25.0,Centre-Forward,28000.0,Spain,1.84,LEADERBROCK,right,2027.0,45.0,2.27,19.0,7.0,0.0,26.0,14.0,2.0,0.0,1.0,0.0,101.0,1.921
38253,Robert Lewandowski,Barcelona,36.0,Centre-Forward,15000.0,Poland,1.85,,right,2026.0,51.0,2.24,40.0,3.0,0.0,5.0,28.0,3.0,0.0,0.0,7.0,96.0,3.841
707572,Pau Víctor,Barcelona,23.0,Centre-Forward,5000.0,Spain,1.84,,right,2029.0,28.0,2.14,2.0,1.0,0.0,26.0,2.0,3.0,0.0,0.0,0.0,189.0,378.0
351809,Robin Le Normand,Atlético Madrid,28.0,Centre-Back,40000.0,Spain,1.87,AC Talent,right,2029.0,37.0,1.97,1.0,0.0,0.0,6.0,3.0,11.0,0.0,0.0,0.0,2.752,2.752
250845,José María Giménez,Atlético Madrid,30.0,Centre-Back,20000.0,Uruguay,1.85,VIDA 11,right,2028.0,38.0,1.79,1.0,1.0,1.0,7.0,1.0,9.0,0.0,0.0,0.0,3.014,3.014
182904,Clément Lenglet,Atlético Madrid,29.0,Centre-Back,7500.0,France,1.86,Wasserman,left,2025.0,33.0,2.24,2.0,2.0,0.0,2.0,5.0,11.0,0.0,0.0,0.0,1.393,2.786
35047,Axel Witsel,Atlético Madrid,36.0,Centre-Back,2500.0,Belgium,1.86,AS1,right,2025.0,20.0,2.05,0.0,1.0,0.0,6.0,1.0,2.0,0.0,0.0,0.0,0.0,1.299
57500,César Azpilicueta,Atlético Madrid,35.0,Centre-Back,1800.0,Spain,1.78,,right,2025.0,19.0,1.84,1.0,0.0,0.0,6.0,7.0,4.0,0.0,0.0,0.0,1.108,1.108
240692,Reinildo Mandava,Atlético Madrid,31.0,Left-Back,8000.0,Mozambique,1.8,,left,2025.0,29.0,1.69,0.0,0.0,0.0,14.0,6.0,6.0,0.0,0.0,0.0,0.0,1.495
448628,Javi Galán,Atlético Madrid,30.0,Left-Back,4000.0,Spain,1.72,YOU FIRST,left,2026.0,37.0,2.03,0.0,5.0,0.0,6.0,15.0,11.0,0.0,0.0,0.0,0.0,2.619
424042,Nahuel Molina,Atlético Madrid,27.0,Right-Back,25000.0,Argentina,1.75,,right,2027.0,43.0,1.84,1.0,3.0,0.0,21.0,8.0,2.0,0.0,0.0,0.0,2.322,2.322
775605,Pablo Barrios,Atlético Madrid,21.0,Central Midfield,50000.0,Spain,1.81,CAA Stellar,right,2028.0,40.0,1.95,1.0,4.0,0.0,3.0,12.0,6.0,0.0,2.0,0.0,3.011,3.011
488362,Conor Gallagher,Atlético Madrid,25.0,Central Midfield,40000.0,England,1.82,,right,2029.0,46.0,2.0,4.0,5.0,0.0,19.0,21.0,3.0,0.0,0.0,0.0,607.0,2.426
255901,Rodrigo De Paul,Atlético Madrid,30.0,Central Midfield,25000.0,Argentina,1.8,,right,2026.0,49.0,1.92,3.0,9.0,0.0,12.0,24.0,9.0,0.0,0.0,0.0,1.071,3.214
74229,Koke,Atlético Madrid,33.0,Central Midfield,10000.0,Spain,1.76,,right,2025.0,43.0,2.16,1.0,2.0,1.0,17.0,12.0,5.0,0.0,0.0,0.0,2.588,2.588
282411,Marcos Llorente,Atlético Madrid,30.0,Right Midfield,28000.0,Spain,1.84,,right,2027.0,45.0,1.96,5.0,8.0,0.0,7.0,7.0,1.0,0.0,1.0,0.0,686.0,3.429
205562,Thomas Lemar,Atlético Madrid,29.0,Attacking Midfield,5000.0,France,1.71,Kemari,left,2027.0,8.0,2.25,0.0,0.0,0.0,8.0,1.0,0.0,0.0,0.0,0.0,0.0,128.0
694928,Samuel Lino,Atlético Madrid,25.0,Left Winger,25000.0,Brazil,1.77,ADM Esporte,right,2027.0,44.0,1.93,4.0,8.0,0.0,17.0,23.0,3.0,0.0,0.0,0.0,544.0,2.176
461617,Rodrigo Riquelme,Atlético Madrid,25.0,Left Winger,18000.0,Spain,1.74,Wasserman,right,2028.0,26.0,2.35,1.0,1.0,0.0,18.0,7.0,0.0,0.0,0.0,0.0,846.0,846.0
742201,Giuliano Simeone,Atlético Madrid,22.0,Right Winger,25000.0,Argentina,1.73,AC Talent,right,2028.0,46.0,1.98,5.0,8.0,0.0,8.0,32.0,6.0,0.0,0.0,0.0,565.0,2.825
266807,Ángel Correa,Atlético Madrid,30.0,Right Winger,15000.0,Argentina,1.71,,right,2026.0,44.0,1.98,8.0,5.0,0.0,36.0,5.0,5.0,0.0,1.0,0.0,167.0,1.339
576024,Julián Alvarez,Atlético Madrid,25.0,Centre-Forward,90000.0,Argentina,1.7,,right,2030.0,53.0,1.96,29.0,6.0,0.0,10.0,27.0,6.0,0.0,0.0,5.0,125.0,3.615
238407,Alexander Sørloth,Atlético Madrid,29.0,Centre-Forward,25000.0,Norway,1.95,Keypass AS,left,2028.0,49.0,1.98,21.0,2.0,0.0,29.0,17.0,5.0,0.0,0.0,2.0,101.0,2.117
125781,Antoine Griezmann,Atlético Madrid,34.0,Centre-Forward,22000.0,France,1.76,,left,2026.0,52.0,1.94,16.0,9.0,0.0,11.0,29.0,2.0,0.0,0.0,1.0,218.0,3.488
361914,Nayef Aguerd,Real Sociedad,29.0,Centre-Back,25000.0,Morocco,1.9,,left,2025.0,36.0,1.58,0.0,0.0,0.0,2.0,7.0,7.0,0.0,0.0,0.0,0.0,2.928
355628,Igor Zubeldia,Real Sociedad,28.0,Centre-Back,18000.0,Spain,1.81,Wasserman,right,2029.0,41.0,1.29,0.0,0.0,0.0,1.0,7.0,9.0,0.0,1.0,0.0,0.0,3.4
580560,Jon Pacheco,Real Sociedad,24.0,Centre-Back,7500.0,Spain,1.84,,left,2030.0,21.0,1.33,1.0,1.0,0.0,6.0,4.0,4.0,0.0,0.0,0.0,1.35,1.35
229804,Aritz Elustondo,Real Sociedad,31.0,Centre-Back,4000.0,Spain,1.8,,right,2026.0,35.0,1.4,0.0,1.0,0.0,11.0,6.0,4.0,0.0,1.0,0.0,0.0,2.267
1018938,Jon Martín,Real Sociedad,19.0,Centre-Back,2000.0,Spain,1.87,,right,2030.0,17.0,1.0,0.0,1.0,0.0,8.0,0.0,2.0,0.0,0.0,0.0,0.0,1.245
568158,Javi López,Real Sociedad,23.0,Left-Back,7500.0,Spain,1.83,,left,2030.0,38.0,1.42,0.0,0.0,0.0,13.0,12.0,5.0,0.0,0.0,0.0,0.0,2.42
517842,Aihen Muñoz,Real Sociedad,27.0,Left-Back,5000.0,Spain,1.75,YOU FIRST,left,2027.0,34.0,1.38,0.0,0.0,0.0,10.0,9.0,7.0,1.0,0.0,0.0,0.0,2.075
661145,Jon Aramburu,Real Sociedad,22.0,Right-Back,12000.0,Venezuela,1.76,,right,2030.0,48.0,1.46,1.0,1.0,0.0,12.0,12.0,12.0,0.0,1.0,0.0,3.262,3.262
297070,Hamari Traoré,Real Sociedad,33.0,Right-Back,3000.0,Mali,1.75,,right,2026.0,13.0,1.0,0.0,1.0,0.0,4.0,8.0,2.0,0.0,0.0,0.0,0.0,759.0
280730,Álvaro Odriozola,Real Sociedad,29.0,Right-Back,1200.0,Spain,1.76,,right,2029.0,8.0,1.63,0.0,0.0,0.0,3.0,4.0,4.0,0.0,0.0,0.0,0.0,418.0
423440,Martín Zubimendi,Real Sociedad,26.0,Defensive Midfield,60000.0,Spain,1.81,,right,2027.0,47.0,1.38,2.0,2.0,0.0,3.0,5.0,11.0,0.0,0.0,0.0,1.968,3.935
502722,Luka Sucic,Real Sociedad,22.0,Central Midfield,18000.0,Croatia,1.85,,left,2029.0,39.0,1.36,3.0,2.0,0.0,11.0,15.0,5.0,0.0,0.0,0.0,801.0,2.404
634431,Beñat Turrientes,Real Sociedad,23.0,Central Midfield,16000.0,Spain,1.81,,right,2030.0,30.0,1.47,0.0,0.0,0.0,16.0,10.0,4.0,0.0,0.0,0.0,0.0,1.352
625660,Jon Ander Olasagasti,Real Sociedad,24.0,Central Midfield,2500.0,Spain,1.76,,left,2027.0,33.0,1.91,2.0,2.0,0.0,19.0,12.0,5.0,0.0,0.0,0.0,692.0,1.383
309110,Brais Méndez,Real Sociedad,28.0,Attacking Midfield,28000.0,Spain,1.84,InterStarDeporte,left,2028.0,43.0,1.56,8.0,5.0,0.0,10.0,20.0,6.0,0.0,0.0,1.0,342.0,2.736
555143,Arsen Zakharyan,Real Sociedad,21.0,Attacking Midfield,15000.0,Russia,1.83,,right,2029.0,4.0,1.5,1.0,1.0,0.0,3.0,1.0,0.0,0.0,0.0,0.0,78.0,78.0
907813,Pablo Marín,Real Sociedad,21.0,Attacking Midfield,3000.0,Spain,1.78,InterStarDeporte,right,2028.0,37.0,1.46,2.0,4.0,0.0,15.0,10.0,4.0,0.0,0.0,0.0,1.058,2.116
616369,Ander Barrenetxea,Real Sociedad,23.0,Left Winger,18000.0,Spain,1.75,Wasserman,right,2030.0,,,,,,,,,,,,,
188888,Sheraldo Becker,Real Sociedad,30.0,Left Winger,4000.0,Suriname,1.8,Sports360 GmbH,right,2026.0,,,,,,,,,,,,,
405398,Takefusa Kubo,Real Sociedad,23.0,Right Winger,40000.0,Japan,1.73,,left,2029.0,51.0,1.47,7.0,4.0,0.0,12.0,28.0,6.0,0.0,0.0,0.0,486.0,3.401
366930,Sergio Gómez,Real Sociedad,24.0,Right Winger,20000.0,Spain,1.71,SEG,left,2030.0,48.0,1.54,5.0,7.0,0.0,14.0,15.0,4.0,0.0,0.0,0.0,646.0,3.23
351478,Mikel Oyarzabal,Real Sociedad,28.0,Centre-Forward,30000.0,Spain,1.81,,left,2028.0,52.0,1.5,18.0,8.0,0.0,10.0,29.0,8.0,0.0,1.0,7.0,190.0,3.428
660438,Orri Óskarsson,Real Sociedad,20.0,Centre-Forward,18000.0,Iceland,1.86,CAA Stellar,right,2030.0,49.0,1.57,14.0,1.0,0.0,26.0,16.0,3.0,0.0,0.0,0.0,169.0,2.37
524000,Dani Vivian,Athletic,25.0,Centre-Back,40000.0,Spain,1.84,,right,2032.0,45.0,1.91,4.0,0.0,0.0,5.0,2.0,5.0,0.0,1.0,0.0,905.0,3.621
591916,Aitor Paredes,Athletic,25.0,Centre-Back,22000.0,Spain,1.85,CAA Stellar,right,2029.0,35.0,1.66,4.0,1.0,0.0,4.0,6.0,2.0,1.0,0.0,0.0,698.0,2.793
255488,Yeray Álvarez,Athletic,30.0,Centre-Back,7500.0,Spain,1.82,,right,2026.0,29.0,1.72,2.0,0.0,0.0,2.0,2.0,6.0,1.0,0.0,0.0,1.203,2.406
338285,Unai Núñez,Athletic,28.0,Centre-Back,3000.0,Spain,1.86,LEADERBROCK,right,2025.0,14.0,1.64,0.0,2.0,0.0,4.0,2.0,6.0,0.0,0.0,0.0,0.0,932.0
710671,Adama Boiro,Athletic,22.0,Left-Back,2500.0,Spain,1.83,,left,2029.0,,,,,,,,,,,,,
61812,Yuri Berchiche,Athletic,35.0,Left-Back,1500.0,Spain,1.81,,left,2026.0,43.0,1.84,1.0,3.0,0.0,9.0,2.0,7.0,0.0,0.0,0.0,3.152,3.152
289255,Andoni Gorosabel,Athletic,28.0,Right-Back,5000.0,Spain,1.74,,right,2028.0,30.0,1.7,0.0,2.0,0.0,7.0,12.0,7.0,0.0,0.0,0.0,0.0,1.984
255501,Iñigo Lekue,Athletic,32.0,Right-Back,2500.0,Spain,1.8,,right,2025.0,20.0,1.8,0.0,0.0,0.0,9.0,3.0,1.0,0.0,0.0,0.0,0.0,1.045
96718,Óscar de Marcos,Athletic,36.0,Right-Back,1500.0,Spain,1.82,,right,2025.0,40.0,1.9,1.0,6.0,0.0,14.0,8.0,2.0,0.0,0.0,0.0,2.478,2.478
300168,Mikel Vesga,Athletic,32.0,Defensive Midfield,3000.0,Spain,1.91,,left,2027.0,34.0,1.82,0.0,0.0,0.0,23.0,7.0,2.0,0.0,0.0,0.0,0.0,1.203
625047,Beñat Prados,Athletic,24.0,Central Midfield,18000.0,Spain,1.8,CAA Stellar,right,2031.0,44.0,1.75,2.0,1.0,0.0,16.0,22.0,8.0,0.0,0.0,0.0,1.187,2.373
126751,Iñigo Ruiz de Galarreta,Athletic,31.0,Central Midfield,4000.0,Spain,1.75,,right,2026.0,,,,,,,,,,,,,
571020,Oihan Sancet,Athletic,25.0,Attacking Midfield,60000.0,Spain,1.88,,right,2032.0,35.0,2.14,17.0,3.0,0.0,11.0,18.0,4.0,0.0,0.0,4.0,120.0,2.034
834752,Unai Gómez,Athletic,21.0,Attacking Midfield,6000.0,Spain,1.83,,left,2028.0,46.0,1.83,2.0,4.0,0.0,27.0,19.0,2.0,0.0,0.0,0.0,899.0,1.798
1056966,Peio Canales,Bilbao Athletic,20.0,Attacking Midfield,500.0,Spain,1.75,Podium Trade,right,2027.0,26.0,1.27,3.0,2.0,0.0,6.0,7.0,2.0,0.0,0.0,0.0,624.0,1.872
709187,Nico Williams,Athletic,22.0,Left Winger,70000.0,Spain,1.81,,right,2027.0,44.0,1.86,11.0,7.0,0.0,10.0,18.0,2.0,0.0,0.0,0.0,277.0,3.05
338425,Álex Berenguer,Athletic,29.0,Left Winger,12000.0,Spain,1.75,YOU FIRST,right,2027.0,,,,,,,,,,,,,
671649,Álvaro Djaló,Athletic,25.0,Left Winger,8000.0,Spain,1.75,Niagara Sports ...,right,2029.0,28.0,1.64,1.0,0.0,0.0,17.0,11.0,3.0,0.0,0.0,0.0,976.0,976.0
255508,Iñaki Williams,Athletic,30.0,Right Winger,20000.0,Ghana,1.86,,right,2028.0,,,,,,,,,,,,,
340205,Gorka Guruzeta,Athletic,28.0,Centre-Forward,12000.0,Spain,1.88,YOU FIRST,right,2028.0,51.0,1.86,8.0,5.0,0.0,20.0,23.0,2.0,0.0,0.0,0.0,347.0,2.779
1054934,Maroan Sannadi,Athletic,24.0,Centre-Forward,5000.0,Spain,1.92,EGGO Asesores ...,right,2029.0,43.0,1.67,12.0,4.0,0.0,11.0,17.0,4.0,0.0,0.0,1.0,243.0,2.912
484988,Logan Costa,Villarreal,24.0,Centre-Back,15000.0,Cape Verde,1.9,,right,2030.0,34.0,1.85,2.0,0.0,0.0,4.0,4.0,3.0,0.0,0.0,0.0,1.361,2.721
780630,Willy Kambwala,Villarreal,20.0,Centre-Back,4000.0,France,1.92,Darren Dein,right,2029.0,20.0,1.95,0.0,0.0,0.0,7.0,4.0,1.0,0.0,1.0,0.0,0.0,1.191
286384,Eric Bailly,Villarreal,31.0,Centre-Back,2500.0,Cote d'Ivoire,1.87,LIAN Sports Group,right,2025.0,12.0,1.67,0.0,0.0,0.0,4.0,4.0,2.0,0.0,1.0,0.0,0.0,618.0
15452,Raúl Albiol,Villarreal,39.0,Centre-Back,1300.0,Spain,1.9,RGFOOTBALL,right,2025.0,16.0,1.63,0.0,0.0,1.0,2.0,2.0,5.0,0.0,0.0,0.0,0.0,1.202
1061336,Pau Navarro,Villarreal,20.0,Centre-Back,1000.0,Spain,1.85,,right,2030.0,22.0,1.91,0.0,0.0,0.0,11.0,6.0,2.0,0.0,0.0,0.0,0.0,1.227
678406,Sergi Cardona,Villarreal,25.0,Left-Back,8000.0,Spain,1.86,Dupla Piqué & ...,both,2027.0,36.0,1.86,1.0,7.0,0.0,2.0,10.0,11.0,0.0,0.0,0.0,3.0,3.0
356197,Alfonso Pedraza,Villarreal,29.0,Left-Back,2500.0,Spain,1.84,LEADERBROCK,left,2026.0,11.0,1.82,0.0,2.0,0.0,8.0,2.0,0.0,0.0,0.0,0.0,0.0,365.0
480763,Juan Foyth,Villarreal,27.0,Right-Back,10000.0,Argentina,1.87,,right,2026.0,19.0,2.11,1.0,0.0,0.0,2.0,2.0,4.0,0.0,0.0,0.0,1.517,1.517
76467,Kiko Femenía,Villarreal,34.0,Right-Back,1200.0,Spain,1.74,Goal Management,right,2025.0,27.0,1.81,0.0,1.0,0.0,1.0,6.0,6.0,0.0,0.0,0.0,0.0,2.139
380598,Santi Comesaña,Villarreal,28.0,Central Midfield,8000.0,Spain,1.88,,both,2028.0,37.0,1.81,4.0,2.0,0.0,7.0,11.0,7.0,0.0,0.0,0.0,652.0,2.608
59561,Dani Parejo,Villarreal,36.0,Central Midfield,2000.0,Spain,1.82,AC Talent,right,2026.0,37.0,1.84,3.0,3.0,0.0,9.0,17.0,8.0,0.0,0.0,1.0,800.0,2.4
165007,Denis Suárez,Villarreal,31.0,Attacking Midfield,1300.0,Spain,1.76,,right,2026.0,21.0,1.43,1.0,1.0,0.0,14.0,6.0,0.0,0.0,0.0,0.0,609.0,609.0
548111,Álex Baena,Villarreal,23.0,Left Winger,50000.0,Spain,1.74,CAA Stellar,right,2028.0,32.0,1.91,6.0,10.0,0.0,3.0,13.0,9.0,0.0,0.0,0.0,429.0,2.571
568157,Yéremy Pino,Villarreal,22.0,Right Winger,30000.0,Spain,1.72,CAA Stellar,right,2027.0,34.0,1.79,3.0,10.0,0.0,9.0,24.0,11.0,0.0,0.0,0.0,653.0,1.958
709969,Ilias Akhomach,Villarreal,21.0,Right Winger,15000.0,Morocco,1.75,,left,2026.0,12.0,2.0,1.0,0.0,0.0,5.0,7.0,1.0,0.0,0.0,0.0,613.0,613.0
638793,Tajon Buchanan,Villarreal,26.0,Right Winger,6000.0,Canada,1.83,,right,2025.0,19.0,2.21,1.0,1.0,0.0,15.0,4.0,2.0,0.0,0.0,0.0,500.0,500.0
343052,Nicolas Pépé,Villarreal,29.0,Right Winger,6000.0,Cote d'Ivoire,1.83,BS Group - BS Law,left,2026.0,27.0,2.07,3.0,6.0,0.0,12.0,10.0,2.0,0.0,0.0,0.0,487.0,1.462
937941,Thierno Barry,Villarreal,22.0,Centre-Forward,14000.0,France,1.95,ROOF,right,2029.0,40.0,1.8,19.0,3.0,0.0,11.0,14.0,4.0,0.0,0.0,2.0,139.0,2.634
246968,Ayoze Pérez,Villarreal,31.0,Centre-Forward,10000.0,Spain,1.78,BOIM FOOTBALL ...,right,2028.0,32.0,1.91,22.0,4.0,0.0,9.0,14.0,4.0,0.0,0.0,0.0,94.0,2.062
177467,Gerard Moreno,Villarreal,33.0,Centre-Forward,5000.0,Spain,1.8,YOU FIRST,left,2027.0,17.0,1.59,3.0,2.0,0.0,10.0,7.0,0.0,0.0,0.0,3.0,251.0,753.0
646750,Cristhian Mosquera,Valencia,20.0,Centre-Back,30000.0,Spain,1.91,,right,2026.0,40.0,1.35,1.0,0.0,0.0,0.0,3.0,6.0,0.0,0.0,0.0,3.525,3.525
895334,Yarek Gasiorowski,Valencia,20.0,Centre-Back,12000.0,Spain,1.92,All Iron Sports,left,2027.0,19.0,1.21,0.0,0.0,0.0,7.0,5.0,1.0,0.0,0.0,0.0,0.0,1.24
707274,César Tárrega,Valencia,23.0,Centre-Back,6000.0,Spain,1.94,Wasserman,right,2028.0,37.0,1.35,2.0,1.0,2.0,3.0,1.0,7.0,0.0,0.0,0.0,1.547,3.094
346289,Mouctar Diakhaby,Valencia,28.0,Centre-Back,2000.0,Guinea,1.92,VV Consulting,right,2027.0,13.0,1.92,2.0,0.0,0.0,6.0,4.0,0.0,0.0,0.0,0.0,313.0,625.0
221322,José Gayà,Valencia,29.0,Left-Back,15000.0,Spain,1.72,,left,2027.0,23.0,1.48,0.0,1.0,0.0,1.0,10.0,7.0,0.0,0.0,0.0,0.0,1.8
623024,Jesús Vázquez,Valencia,22.0,Left-Back,3000.0,Spain,1.82,LEADERBROCK,left,2026.0,23.0,1.48,0.0,0.0,0.0,10.0,5.0,3.0,0.0,0.0,0.0,0.0,1.197
471690,Max Aarons,Valencia,25.0,Right-Back,12000.0,England,1.77,ROOF,right,2025.0,9.0,0.89,0.0,0.0,0.0,5.0,3.0,2.0,0.0,0.0,0.0,0.0,338.0
367466,Thierry Correia,Valencia,26.0,Right-Back,6000.0,Portugal,1.76,Gestifute,right,2026.0,11.0,0.64,0.0,0.0,0.0,2.0,5.0,1.0,0.0,0.0,0.0,0.0,771.0
170472,Dimitri Foulquier,Valencia,32.0,Right-Back,2000.0,Guadeloupe,1.83,,right,2025.0,34.0,1.32,0.0,1.0,0.0,7.0,6.0,6.0,0.0,0.0,0.0,0.0,2.456
328480,Pepelu,Valencia,26.0,Defensive Midfield,12000.0,Spain,1.86,Wasserman,right,2028.0,38.0,1.39,3.0,2.0,0.0,15.0,6.0,7.0,0.0,1.0,2.0,721.0,2.164
671915,Enzo Barrenechea,Valencia,24.0,Defensive Midfield,7500.0,Argentina,1.86,SP,right,2025.0,31.0,1.48,1.0,2.0,0.0,7.0,19.0,6.0,0.0,0.0,0.0,2.078,2.078
495629,Hugo Guillamón,Valencia,25.0,Defensive Midfield,5000.0,Spain,1.78,InterStarDeporte,right,2026.0,17.0,1.59,0.0,0.0,0.0,8.0,5.0,3.0,0.0,0.0,0.0,0.0,769.0
834764,Javi Guerra,Valencia,22.0,Central Midfield,20000.0,Spain,1.87,,right,2027.0,37.0,1.35,3.0,3.0,0.0,6.0,17.0,6.0,0.0,0.0,0.0,867.0,2.601
375382,André Almeida,Valencia,24.0,Attacking Midfield,8000.0,Portugal,1.76,All Iron Sports,right,2028.0,37.0,1.51,0.0,3.0,0.0,13.0,21.0,2.0,0.0,0.0,0.0,0.0,2.032
610335,Iván Jaime,Valencia,24.0,Attacking Midfield,7000.0,Spain,1.8,CAA Stellar,right,2025.0,24.0,2.0,4.0,2.0,0.0,15.0,9.0,1.0,0.0,0.0,0.0,244.0,976.0
941883,Martín Tejón,Valencia B,21.0,Attacking Midfield,500.0,Spain,1.65,AS1,right,2026.0,34.0,1.68,3.0,1.0,0.0,8.0,20.0,8.0,1.0,0.0,0.0,718.0,2.155
278837,Luis Rioja,Valencia,31.0,Left Winger,2000.0,Spain,1.76,AS1,left,2026.0,38.0,1.26,5.0,3.0,0.0,5.0,19.0,6.0,0.0,0.0,2.0,568.0,2.84
251845,Sergi Canós,Valencia,28.0,Left Winger,1500.0,Spain,1.77,,right,2027.0,22.0,1.27,1.0,5.0,0.0,16.0,5.0,3.0,0.0,0.0,0.0,709.0,709.0
617081,Diego López,Valencia,23.0,Right Winger,10000.0,Spain,1.72,,right,2027.0,40.0,1.28,9.0,6.0,0.0,5.0,26.0,4.0,0.0,0.0,0.0,312.0,2.809
622988,Fran Pérez,Valencia,22.0,Right Winger,4000.0,Spain,1.76,Wasserman,right,2026.0,28.0,1.71,0.0,0.0,0.0,23.0,4.0,2.0,0.0,0.0,0.0,0.0,682.0
573775,Hugo Duro,Valencia,25.0,Centre-Forward,10000.0,Spain,1.77,,left,2028.0,,,,,,,,,,,,,
337715,Umar Sadiq,Valencia,28.0,Centre-Forward,5000.0,Nigeria,1.91,AS1,right,2025.0,29.0,1.69,6.0,1.0,0.0,14.0,11.0,7.0,0.0,0.0,0.0,240.0,1.442
361254,Rafa Mir,Valencia,27.0,Centre-Forward,800.0,Spain,1.91,,right,2025.0,21.0,1.14,1.0,2.0,0.0,16.0,5.0,3.0,0.0,0.0,0.0,748.0,748.0
345911,Ladislav Krejci,Girona,26.0,Centre-Back,12000.0,Czech Republic,1.91,SEG,left,2029.0,35.0,0.89,2.0,1.0,3.0,1.0,0.0,10.0,0.0,0.0,0.0,1.535,3.069
129444,David López,Girona,35.0,Centre-Back,2000.0,Spain,1.85,,right,2026.0,35.0,1.2,2.0,1.0,0.0,4.0,4.0,5.0,0.0,0.0,0.0,1.422,2.843
12282,Daley Blind,Girona,35.0,Centre-Back,2000.0,Netherlands,1.8,SEG,left,2026.0,39.0,0.97,0.0,3.0,0.0,3.0,6.0,2.0,0.0,0.0,0.0,0.0,3.163
115333,Juanpe,Girona,34.0,Centre-Back,900.0,Spain,1.9,,right,2025.0,18.0,1.28,1.0,1.0,0.0,4.0,1.0,3.0,0.0,0.0,0.0,1.298,1.298
525299,Miguel Gutiérrez,Girona,23.0,Left-Back,25000.0,Spain,1.8,Wasserman,left,2027.0,,,,,,,,,,,,,
826224,Arnau Martínez,Girona,22.0,Right-Back,10000.0,Spain,1.82,,right,2027.0,38.0,1.13,3.0,3.0,0.0,3.0,6.0,4.0,1.0,0.0,0.0,1.024,3.073
632896,Alejandro Francés,Girona,22.0,Right-Back,2500.0,Spain,1.82,,right,2029.0,24.0,0.79,0.0,0.0,0.0,6.0,7.0,4.0,0.0,0.0,0.0,0.0,1.637
362842,Arthur Melo,Girona,28.0,Defensive Midfield,5000.0,Brazil,1.72,P&P Sport ...,right,2025.0,14.0,0.71,0.0,0.0,0.0,5.0,5.0,2.0,0.0,0.0,0.0,0.0,869.0
66100,Oriol Romeu,Girona,33.0,Defensive Midfield,1800.0,Spain,1.83,,right,2025.0,30.0,1.0,0.0,0.0,0.0,8.0,12.0,7.0,0.0,0.0,0.0,0.0,1.788
378293,Yangel Herrera,Girona,27.0,Central Midfield,20000.0,Venezuela,1.84,,right,2027.0,33.0,1.12,4.0,3.0,1.0,3.0,12.0,11.0,0.0,1.0,0.0,634.0,2.535
288255,Donny van de Beek,Girona,28.0,Central Midfield,7500.0,Netherlands,1.84,PUM,right,2028.0,35.0,1.0,3.0,2.0,0.0,13.0,18.0,7.0,0.0,0.0,0.0,658.0,1.974
742521,Jhon Solís,Girona,20.0,Central Midfield,3500.0,Colombia,1.86,,right,2028.0,24.0,0.75,1.0,0.0,0.0,20.0,3.0,3.0,0.0,0.0,0.0,685.0,685.0
341278,Iván Martín,Girona,26.0,Attacking Midfield,10000.0,Spain,1.78,Goal Management,left,2028.0,39.0,0.97,1.0,1.0,0.0,10.0,18.0,4.0,0.0,0.0,0.0,2.403,2.403
646698,Gabriel Misehouy,Girona,19.0,Attacking Midfield,1000.0,Netherlands,1.73,,right,2028.0,11.0,0.73,1.0,0.0,0.0,9.0,1.0,1.0,0.0,0.0,0.0,349.0,349.0
537382,Bryan Gil,Girona,24.0,Left Winger,15000.0,Spain,1.75,,left,2025.0,,,,,,,,,,,,,
355861,Arnaut Danjuma,Girona,28.0,Left Winger,5000.0,Netherlands,1.78,PANTHERA,right,2025.0,37.0,1.0,5.0,2.0,0.0,14.0,15.0,4.0,0.0,0.0,0.0,410.0,2.052
1108203,Min-su Kim,Girona FC B,19.0,Left Winger,1000.0,"Korea, South",1.77,CAA Stellar,right,2027.0,11.0,1.45,2.0,1.0,0.0,4.0,2.0,2.0,0.0,0.0,0.0,319.0,637.0
857818,Yáser Asprilla,Girona,21.0,Right Winger,18000.0,Colombia,1.76,,left,2030.0,,,,,,,,,,,,,
99353,Portu,Girona,33.0,Right Winger,2500.0,Spain,1.67,Wasserman,right,2027.0,32.0,0.78,1.0,2.0,0.0,26.0,6.0,6.0,0.0,0.0,0.0,863.0,863.0
340376,Abel Ruiz,Girona,25.0,Centre-Forward,6000.0,Spain,1.82,,right,2029.0,26.0,0.96,4.0,0.0,0.0,7.0,18.0,3.0,0.0,0.0,1.0,385.0,1.541
476219,Bojan Miovski,Girona,25.0,Centre-Forward,3000.0,North Macedonia,1.89,,left,2028.0,25.0,1.36,4.0,2.0,0.0,8.0,14.0,0.0,0.0,0.0,0.0,344.0,1.377
59323,Cristhian Stuani,Girona,38.0,Centre-Forward,1200.0,Uruguay,1.84,,right,2026.0,40.0,1.0,11.0,2.0,0.0,32.0,6.0,7.0,0.0,0.0,3.0,124.0,1.369
730581,Loïc Badé,Sevilla FC,25.0,Centre-Back,30000.0,France,1.91,S.O.M FOOTBALL,right,2029.0,33.0,1.03,1.0,1.0,0.0,1.0,1.0,8.0,0.0,1.0,0.0,2.777,2.777
766583,Kike Salas,Sevilla FC,23.0,Centre-Back,8000.0,Spain,1.88,YOU FIRST,left,2029.0,32.0,1.16,3.0,2.0,0.0,7.0,5.0,6.0,0.0,0.0,0.0,757.0,2.271
439022,Marcão,Sevilla FC,28.0,Centre-Back,3000.0,Brazil,1.85,,left,2027.0,14.0,1.36,0.0,0.0,0.0,6.0,3.0,5.0,1.0,0.0,0.0,0.0,687.0
538996,Tanguy Nianzou,Sevilla FC,22.0,Centre-Back,3000.0,France,1.91,VV Consulting,right,2027.0,,,,,,,,,,,,,
882710,Ramón Martínez,Sevilla Atl.,22.0,Centre-Back,250.0,Spain,1.85,YOU FIRST,right,2027.0,30.0,1.37,1.0,1.0,0.0,2.0,2.0,7.0,0.0,0.0,0.0,2.519,2.519
501418,Adrià Pedrosa,Sevilla FC,27.0,Left-Back,7000.0,Spain,1.72,,left,2028.0,33.0,1.12,1.0,1.0,0.0,7.0,11.0,7.0,0.0,0.0,0.0,2.236,2.236
711625,José Ángel Carmona,Sevilla FC,23.0,Right-Back,12000.0,Spain,1.84,amk,right,2028.0,35.0,1.09,0.0,0.0,0.0,1.0,12.0,10.0,0.0,0.0,0.0,0.0,2.902
676042,Juanlu Sánchez,Sevilla FC,21.0,Right-Back,12000.0,Spain,1.86,AS1,right,2029.0,34.0,1.12,5.0,5.0,0.0,14.0,13.0,4.0,1.0,0.0,0.0,373.0,1.863
569384,Lucien Agoumé,Sevilla FC,23.0,Defensive Midfield,7000.0,France,1.85,ND SPORTS MANAGEMENT,right,2028.0,36.0,1.22,1.0,2.0,0.0,11.0,10.0,5.0,0.0,1.0,0.0,2.201,2.201
74294,Nemanja Gudelj,Sevilla FC,33.0,Defensive Midfield,3500.0,Serbia,1.87,AS1,right,2026.0,30.0,1.2,1.0,1.0,0.0,4.0,6.0,6.0,0.0,0.0,1.0,2.406,2.406
381967,Albert Sambi Lokonga,Sevilla FC,25.0,Central Midfield,9000.0,Belgium,1.83,,right,2025.0,23.0,1.13,0.0,2.0,0.0,6.0,8.0,4.0,0.0,0.0,0.0,0.0,1.564
212723,Djibril Sow,Sevilla FC,28.0,Central Midfield,7500.0,Switzerland,1.84,Signature - ISCM AG,right,2028.0,31.0,1.16,1.0,1.0,0.0,7.0,15.0,5.0,0.0,0.0,0.0,2.111,2.111
148928,Saúl Ñíguez,Sevilla FC,30.0,Central Midfield,3500.0,Spain,1.84,CAA Stellar,left,2025.0,26.0,1.04,1.0,6.0,0.0,7.0,10.0,8.0,0.0,1.0,0.0,1.69,1.69
766723,Manu Bueno,Sevilla Atl.,20.0,Central Midfield,1500.0,Spain,1.78,YOU FIRST,left,2026.0,36.0,1.11,2.0,3.0,0.0,11.0,6.0,2.0,0.0,0.0,0.0,1.112,2.224
743387,Stanis Idumbo,Sevilla FC,19.0,Attacking Midfield,2500.0,Belgium,1.71,,right,2028.0,18.0,1.11,2.0,3.0,0.0,12.0,6.0,0.0,0.0,0.0,0.0,264.0,527.0
345886,Rubén Vargas,Sevilla FC,26.0,Left Winger,7000.0,Switzerland,1.79,ROOF,right,2029.0,21.0,1.0,3.0,1.0,0.0,9.0,12.0,3.0,0.0,0.0,0.0,349.0,1.047
500067,Chidera Ejuke,Sevilla FC,27.0,Left Winger,6000.0,Nigeria,1.76,Aneke/PMG,right,2027.0,24.0,1.08,2.0,1.0,0.0,15.0,8.0,0.0,0.0,0.0,0.0,477.0,954.0
303259,Dodi Lukébakio,Sevilla FC,27.0,Right Winger,25000.0,Belgium,1.87,,left,2028.0,38.0,1.08,11.0,2.0,0.0,1.0,12.0,3.0,0.0,1.0,1.0,286.0,3.148
111961,Suso,Sevilla FC,31.0,Right Winger,2500.0,Spain,1.77,AS1,left,2025.0,16.0,1.44,0.0,1.0,0.0,12.0,3.0,4.0,0.0,0.0,0.0,0.0,579.0
639733,Peque Fernández,Sevilla FC,22.0,Second Striker,3500.0,Spain,1.72,,right,2028.0,28.0,1.11,1.0,1.0,0.0,13.0,14.0,1.0,0.0,0.0,0.0,1.237,1.237
687609,Isaac Romero,Sevilla FC,25.0,Centre-Forward,10000.0,Spain,1.83,AS1,left,2028.0,32.0,0.94,5.0,2.0,0.0,5.0,18.0,10.0,0.0,1.0,0.0,452.0,2.261
607034,Akor Adams,Sevilla FC,25.0,Centre-Forward,7500.0,Nigeria,1.9,Aneke/PMG,right,2029.0,20.0,0.45,3.0,3.0,0.0,5.0,7.0,2.0,0.0,0.0,0.0,424.0,1.272
1305792,García Pascual,Sevilla Atl.,22.0,Centre-Forward,250.0,Spain,1.9,Niagara Sports ...,right,2025.0,35.0,1.37,9.0,3.0,0.0,16.0,14.0,3.0,0.0,1.0,0.0,218.0,1.961
735568,Natan,Real Betis,24.0,Centre-Back,9000.0,Brazil,1.88,,left,2025.0,50.0,1.74,2.0,2.0,0.0,9.0,1.0,7.0,0.0,1.0,0.0,1.913,3.825
246291,Diego Llorente,Real Betis,31.0,Centre-Back,6000.0,Spain,1.86,,right,2028.0,42.0,1.74,2.0,0.0,1.0,3.0,6.0,6.0,0.0,0.0,0.0,1.672,3.344
99922,Marc Bartra,Real Betis,34.0,Centre-Back,1000.0,Spain,1.84,InterStarDeporte,right,2027.0,35.0,1.8,3.0,1.0,0.0,4.0,5.0,3.0,0.0,0.0,0.0,950.0,2.851
318523,Romain Perraud,Real Betis,27.0,Left-Back,5000.0,France,1.73,Unique Sports Group,left,2029.0,39.0,1.38,2.0,2.0,0.0,9.0,4.0,11.0,0.0,1.0,0.0,1.422,2.844
86784,Ricardo Rodríguez,Real Betis,32.0,Left-Back,2500.0,Switzerland,1.82,,left,2026.0,31.0,2.1,0.0,2.0,0.0,4.0,8.0,1.0,0.0,0.0,0.0,0.0,2.307
378139,Aitor Ruibal,Real Betis,29.0,Right-Back,3500.0,Spain,1.76,,right,2028.0,43.0,1.67,2.0,6.0,0.0,20.0,12.0,11.0,0.0,0.0,0.0,1.072,2.143
191217,Héctor Bellerín,Real Betis,30.0,Right-Back,3000.0,Spain,1.78,Goal Management,right,2028.0,13.0,2.08,0.0,2.0,0.0,5.0,2.0,1.0,0.0,0.0,0.0,0.0,813.0
933908,Ángel Ortiz,Real Betis,20.0,Right-Back,2500.0,Spain,1.67,,right,2025.0,29.0,1.55,0.0,4.0,0.0,5.0,8.0,2.0,0.0,0.0,0.0,0.0,2.131
135492,Youssouf Sabaly,Real Betis,32.0,Right-Back,2000.0,Senegal,1.73,HCM Sports ...,right,2026.0,33.0,1.73,0.0,3.0,0.0,5.0,14.0,4.0,0.0,0.0,0.0,0.0,2.381
689505,Johnny Cardoso,Real Betis,23.0,Defensive Midfield,20000.0,United States,1.86,AIS Football,right,2030.0,45.0,1.76,4.0,1.0,0.0,8.0,11.0,5.0,0.0,0.0,0.0,826.0,3.302
336869,Marc Roca,Real Betis,28.0,Defensive Midfield,8000.0,Spain,1.84,AS1,left,2029.0,17.0,1.47,2.0,2.0,0.0,5.0,7.0,4.0,0.0,0.0,0.0,521.0,1.041
100131,William Carvalho,Real Betis,33.0,Defensive Midfield,2000.0,Portugal,1.87,,right,2026.0,14.0,1.64,0.0,0.0,0.0,8.0,5.0,1.0,0.0,0.0,0.0,0.0,467.0
348795,Giovani Lo Celso,Real Betis,29.0,Central Midfield,20000.0,Argentina,1.77,DCGLOBALSL,left,2028.0,33.0,1.58,9.0,3.0,0.0,12.0,12.0,4.0,0.0,1.0,2.0,222.0,1.995
466801,Sergi Altimira,Real Betis,23.0,Central Midfield,10000.0,Spain,1.88,,right,2029.0,51.0,1.78,2.0,1.0,0.0,17.0,20.0,5.0,0.0,0.0,0.0,1.504,3.008
1061283,Mateo Flores,Betis Deportivo,21.0,Central Midfield,1000.0,Spain,1.78,,"
                            Jul 1, 2023                        ",2029.0,37.0,1.43,0.0,4.0,1.0,12.0,20.0,5.0,0.0,0.0,0.0,0.0,2.227
357885,Pablo Fornals,Real Betis,29.0,Attacking Midfield,6000.0,Spain,1.78,,right,2029.0,36.0,1.61,2.0,1.0,0.0,7.0,20.0,4.0,0.0,0.0,0.0,1.25,2.5
85288,Isco,Real Betis,33.0,Attacking Midfield,6000.0,Spain,1.76,Gestifute,right,2027.0,31.0,1.81,12.0,9.0,0.0,7.0,12.0,7.0,0.0,0.0,5.0,181.0,2.17
724520,Abde Ezzalzouli,Real Betis,23.0,Left Winger,12000.0,Morocco,1.77,,right,2029.0,47.0,1.7,8.0,5.0,0.0,16.0,24.0,4.0,0.0,0.0,0.0,356.0,2.848
1190411,Jesús Rodríguez,Real Betis,19.0,Left Winger,10000.0,Spain,1.85,All Iron Sports,right,2029.0,42.0,1.83,5.0,4.0,0.0,11.0,26.0,3.0,1.0,0.0,0.0,493.0,2.464
602105,Antony,Real Betis,25.0,Right Winger,20000.0,Brazil,1.72,,left,2025.0,38.0,1.68,9.0,5.0,0.0,13.0,11.0,4.0,0.0,1.0,1.0,262.0,2.361
459463,Cucho Hernández,Real Betis,26.0,Centre-Forward,18000.0,Colombia,1.76,YOU FIRST,right,2030.0,14.0,2.14,5.0,1.0,0.0,1.0,10.0,0.0,0.0,0.0,0.0,218.0,1.09
167721,Chimy Ávila,Real Betis,31.0,Centre-Forward,2500.0,Argentina,1.72,,right,2027.0,32.0,1.78,4.0,2.0,0.0,17.0,9.0,9.0,0.0,1.0,0.0,361.0,1.443
127048,Cédric Bakambu,Real Betis,34.0,Centre-Forward,1800.0,DR Congo,1.82,AS1,right,2026.0,40.0,1.7,10.0,4.0,0.0,21.0,15.0,6.0,0.0,0.0,0.0,175.0,1.754
617060,Mika Mármol,UD Las Palmas,23.0,Centre-Back,12000.0,Spain,1.81,,left,2026.0,32.0,0.97,0.0,1.0,0.0,4.0,3.0,6.0,0.0,0.0,0.0,0.0,2.534
255906,Scott McKenna,UD Las Palmas,28.0,Centre-Back,5000.0,Scotland,1.89,Wasserman,left,2027.0,30.0,1.13,0.0,0.0,1.0,2.0,1.0,5.0,0.0,1.0,0.0,0.0,2.472
1146029,Juanma Herzog,UD Las Palmas,21.0,Centre-Back,1500.0,Spain,1.86,Niagara Sports ...,right,2025.0,21.0,0.67,1.0,0.0,0.0,4.0,3.0,1.0,0.0,0.0,0.0,1.504,1.504
510396,Alex Suárez,UD Las Palmas,32.0,Centre-Back,1000.0,Spain,1.8,Wasserman,right,2026.0,30.0,0.93,0.0,0.0,2.0,0.0,12.0,11.0,0.0,0.0,0.0,0.0,2.469
243760,Álex Muñoz,UD Las Palmas,30.0,Left-Back,1200.0,Spain,1.87,,left,2026.0,22.0,0.86,3.0,0.0,0.0,3.0,10.0,3.0,0.0,0.0,0.0,496.0,1.488
494236,Andy Pelmard,UD Las Palmas,25.0,Right-Back,2500.0,France,1.8,Team Raiola,right,2025.0,8.0,0.25,0.0,0.0,0.0,4.0,2.0,2.0,0.0,0.0,0.0,0.0,394.0
438971,Viti Rozada,UD Las Palmas,27.0,Right-Back,2500.0,Spain,1.72,,right,2027.0,30.0,0.97,0.0,2.0,0.0,7.0,11.0,5.0,0.0,0.0,0.0,0.0,2.013
603940,Marvin Park,UD Las Palmas,24.0,Right-Back,1500.0,Spain,1.77,,right,2028.0,24.0,0.96,0.0,0.0,0.0,14.0,6.0,4.0,0.0,0.0,0.0,0.0,1.092
864799,Stefan Bajcetic,UD Las Palmas,20.0,Defensive Midfield,9000.0,Spain,1.85,ROOF,right,2025.0,33.0,0.88,1.0,0.0,0.0,13.0,16.0,8.0,0.0,0.0,0.0,1.87,1.87
581781,Enzo Loiodice,UD Las Palmas,24.0,Central Midfield,1500.0,France,1.77,SAgency,left,2026.0,19.0,1.0,0.0,0.0,0.0,10.0,6.0,3.0,0.0,0.0,0.0,0.0,741.0
120095,José Campaña,UD Las Palmas,31.0,Central Midfield,1000.0,Spain,1.79,,right,2025.0,26.0,1.0,0.0,3.0,0.0,10.0,16.0,6.0,0.0,0.0,0.0,0.0,1.22
733576,Alberto Moleiro,UD Las Palmas,21.0,Attacking Midfield,25000.0,Spain,1.71,BOIM FOOTBALL ...,right,2026.0,36.0,0.81,6.0,1.0,0.0,4.0,16.0,5.0,0.0,0.0,0.0,462.0,2.773
566574,Kirian Rodríguez,UD Las Palmas,29.0,Attacking Midfield,12000.0,Spain,1.78,Wasserman,right,2028.0,22.0,1.05,0.0,3.0,0.0,1.0,12.0,2.0,0.0,0.0,0.0,0.0,1.832
511021,Manu Fuster,UD Las Palmas,27.0,Left Winger,1500.0,Spain,1.69,,right,2028.0,30.0,0.77,3.0,4.0,0.0,21.0,6.0,2.0,0.0,0.0,0.0,365.0,1.096
282672,Benito Ramírez,UD Las Palmas,29.0,Left Winger,800.0,Spain,1.79,,left,2025.0,20.0,1.1,0.0,0.0,0.0,17.0,3.0,2.0,0.0,1.0,0.0,0.0,565.0
177847,Adnan Januzaj,UD Las Palmas,30.0,Right Winger,1200.0,Belgium,1.86,AS1,left,2025.0,19.0,0.68,2.0,1.0,0.0,13.0,5.0,4.0,0.0,0.0,0.0,310.0,619.0
505653,Fábio Silva,UD Las Palmas,22.0,Centre-Forward,20000.0,Portugal,1.85,,right,2025.0,25.0,1.16,10.0,3.0,0.0,2.0,14.0,7.0,0.0,0.0,2.0,195.0,1.954
298477,Oli McBurnie,UD Las Palmas,28.0,Centre-Forward,2500.0,Scotland,1.88,CAA Stellar,right,2027.0,34.0,0.76,5.0,6.0,0.0,13.0,12.0,3.0,0.0,0.0,0.0,384.0,1.919
199369,Sandro Ramírez,UD Las Palmas,29.0,Centre-Forward,2500.0,Spain,1.74,Wasserman,right,2026.0,32.0,1.0,9.0,4.0,0.0,6.0,20.0,6.0,0.0,0.0,1.0,236.0,2.12
443222,Marc Cardona,UD Las Palmas,29.0,Centre-Forward,900.0,Spain,1.82,Sp international,right,2026.0,14.0,0.93,1.0,1.0,0.0,12.0,2.0,2.0,0.0,0.0,0.0,273.0,273.0
227961,Jaime Mata,UD Las Palmas,36.0,Centre-Forward,600.0,Spain,1.86,,right,2025.0,32.0,1.0,4.0,0.0,0.0,28.0,3.0,9.0,0.0,0.0,0.0,173.0,693.0
541555,Enzo Boyomo,CA Osasuna,23.0,Centre-Back,20000.0,Cameroon,1.84,InterStarDeporte,right,2029.0,39.0,1.44,2.0,0.0,0.0,1.0,1.0,6.0,0.0,0.0,0.0,1.719,3.438
555500,Jorge Herrando,CA Osasuna,24.0,Centre-Back,4000.0,Spain,1.92,,left,2027.0,23.0,1.48,2.0,0.0,0.0,5.0,0.0,3.0,0.0,0.0,0.0,850.0,1.7
449796,Alejandro Catena,CA Osasuna,30.0,Centre-Back,4000.0,Spain,1.94,,right,2028.0,36.0,1.47,1.0,2.0,0.0,0.0,3.0,12.0,0.0,1.0,0.0,3.111,3.111
197122,Unai García,CA Osasuna,33.0,Centre-Back,1000.0,Spain,1.86,,right,2025.0,4.0,2.25,0.0,0.0,0.0,1.0,1.0,0.0,0.0,0.0,0.0,0.0,244.0
658115,Abel Bretones,CA Osasuna,24.0,Left-Back,3000.0,Spain,1.88,,left,2029.0,38.0,1.63,2.0,0.0,0.0,15.0,8.0,3.0,0.0,0.0,0.0,1.16,2.32
169497,Juan Cruz,CA Osasuna,32.0,Left-Back,1800.0,Spain,1.82,,left,2026.0,28.0,1.68,0.0,0.0,0.0,8.0,13.0,4.0,0.0,0.0,0.0,0.0,1.627
488626,Jesús Areso,CA Osasuna,25.0,Right-Back,8000.0,Spain,1.82,LIAN Sports Group,right,2026.0,39.0,1.54,0.0,4.0,0.0,2.0,12.0,10.0,0.0,0.0,0.0,0.0,3.275
238868,Rubén Peña,CA Osasuna,33.0,Right-Back,1800.0,Spain,1.7,,right,2025.0,27.0,1.41,0.0,0.0,0.0,18.0,8.0,1.0,0.0,0.0,0.0,0.0,903.0
213670,Lucas Torró,CA Osasuna,30.0,Defensive Midfield,3500.0,Spain,1.9,,right,2027.0,38.0,1.53,3.0,0.0,0.0,1.0,8.0,10.0,0.0,0.0,0.0,1.073,3.218
710677,Iker Muñoz,CA Osasuna,22.0,Defensive Midfield,3000.0,Spain,1.8,,right,2027.0,,,,,,,,,,,,,
552425,Jon Moncayola,CA Osasuna,27.0,Central Midfield,7000.0,Spain,1.82,,right,2031.0,35.0,1.4,0.0,0.0,0.0,6.0,23.0,11.0,0.0,0.0,0.0,0.0,2.339
785353,Pablo Ibáñez,CA Osasuna,26.0,Central Midfield,2300.0,Spain,1.79,,right,2025.0,31.0,1.65,1.0,1.0,0.0,16.0,12.0,5.0,0.0,0.0,0.0,1.444,1.444
634131,Aimar Oroz,CA Osasuna,23.0,Attacking Midfield,15000.0,Spain,1.77,,right,2029.0,40.0,1.5,6.0,4.0,0.0,3.0,20.0,8.0,0.0,0.0,1.0,527.0,3.164
713644,Bryan Zaragoza,CA Osasuna,23.0,Left Winger,12000.0,Spain,1.64,,right,2025.0,27.0,1.44,1.0,6.0,0.0,6.0,19.0,4.0,0.0,0.0,0.0,1.801,1.801
175449,Moi Gómez,CA Osasuna,30.0,Left Winger,3000.0,Spain,1.76,InterStarDeporte,right,2027.0,28.0,1.39,1.0,0.0,1.0,20.0,4.0,1.0,0.0,0.0,0.0,948.0,948.0
364603,José Manuel Arnáiz,CA Osasuna,30.0,Left Winger,1800.0,Spain,1.73,C14 Sport,right,2025.0,15.0,0.73,1.0,0.0,0.0,13.0,2.0,0.0,0.0,0.0,0.0,202.0,202.0
213260,Rubén García,CA Osasuna,31.0,Right Winger,2000.0,Spain,1.72,,left,2026.0,39.0,1.38,5.0,6.0,0.0,7.0,27.0,2.0,0.0,0.0,0.0,517.0,2.586
298575,Kike Barja,CA Osasuna,28.0,Right Winger,1800.0,Spain,1.79,YOU FIRST,right,2026.0,18.0,1.56,0.0,1.0,0.0,14.0,5.0,4.0,0.0,0.0,0.0,0.0,386.0
46413,Ante Budimir,CA Osasuna,33.0,Centre-Forward,5000.0,Croatia,1.9,,left,2027.0,41.0,1.46,24.0,4.0,0.0,5.0,21.0,5.0,0.0,0.0,9.0,132.0,3.159
631002,Raúl García,CA Osasuna,24.0,Centre-Forward,3500.0,Spain,1.92,,right,2028.0,35.0,1.37,6.0,1.0,0.0,28.0,5.0,0.0,0.0,0.0,0.0,150.0,900.0
1076815,Javi Rodríguez,Celta de Vigo,21.0,Centre-Back,10000.0,Spain,1.78,,right,2028.0,39.0,1.56,3.0,3.0,1.0,11.0,8.0,7.0,0.0,0.0,0.0,898.0,2.693
258987,Carl Starfelt,Celta de Vigo,29.0,Centre-Back,6000.0,Sweden,1.87,,right,2027.0,30.0,1.4,1.0,0.0,0.0,2.0,3.0,6.0,0.0,0.0,0.0,2.481,2.481
636093,Carlos Domínguez,Celta de Vigo,24.0,Centre-Back,2500.0,Spain,1.87,IGdreamsfootball,left,2026.0,20.0,1.75,1.0,0.0,1.0,6.0,4.0,1.0,0.0,0.0,0.0,1.225,1.225
939374,Yoel Lago,Celta Fortuna,21.0,Centre-Back,200.0,Spain,1.85,Universal Twenty Two,right,2027.0,39.0,1.56,0.0,1.0,1.0,4.0,4.0,10.0,0.0,0.0,0.0,0.0,3.104
112515,Marcos Alonso,Celta de Vigo,34.0,Left-Back,1800.0,Spain,1.88,LIAN Sports Group,left,2025.0,32.0,1.44,4.0,0.0,0.0,2.0,2.0,9.0,1.0,1.0,4.0,692.0,2.769
271455,Mihailo Ristic,Celta de Vigo,29.0,Left-Back,900.0,Serbia,1.8,AC Talent,left,2026.0,11.0,1.91,0.0,3.0,0.0,3.0,7.0,1.0,0.0,0.0,0.0,0.0,604.0
331505,Óscar Mingueza,Celta de Vigo,26.0,Right-Back,20000.0,Spain,1.84,,right,2026.0,35.0,1.51,4.0,6.0,0.0,3.0,11.0,7.0,0.0,0.0,0.0,705.0,2.82
545647,Sergio Carreira,Celta de Vigo,24.0,Right-Back,3000.0,Spain,1.7,,right,2025.0,26.0,1.58,0.0,4.0,0.0,6.0,7.0,0.0,0.0,0.0,0.0,0.0,1.768
162029,Javier Manquillo,Celta de Vigo,31.0,Right-Back,1800.0,Spain,1.78,CAA Stellar,right,2025.0,11.0,0.91,0.0,0.0,0.0,4.0,7.0,1.0,0.0,0.0,0.0,0.0,549.0
715628,Damián Rodríguez,Celta de Vigo,22.0,Defensive Midfield,3000.0,Spain,1.8,Universal Twenty Two,left,2028.0,18.0,1.44,0.0,1.0,0.0,7.0,4.0,3.0,0.0,0.0,0.0,0.0,1.014
366948,Jailson,Celta de Vigo,29.0,Defensive Midfield,1500.0,Brazil,1.87,,right,2025.0,13.0,1.77,0.0,0.0,1.0,7.0,3.0,2.0,0.0,0.0,0.0,0.0,613.0
423444,Fran Beltrán,Celta de Vigo,26.0,Central Midfield,6000.0,Spain,1.65,InterStarDeporte,right,2026.0,36.0,1.58,2.0,1.0,0.0,5.0,15.0,4.0,0.0,0.0,0.0,1.287,2.574
892221,Hugo Sotelo,Celta de Vigo,21.0,Central Midfield,5000.0,Spain,1.8,LIAN Sports Group,right,2028.0,26.0,1.19,1.0,0.0,0.0,9.0,13.0,5.0,0.0,0.0,1.0,1.454,1.454
617074,Ilaix Moriba,Celta de Vigo,22.0,Central Midfield,4000.0,Guinea,1.85,AS1,right,2025.0,34.0,1.26,1.0,2.0,0.0,12.0,7.0,6.0,1.0,0.0,0.0,2.181,2.181
892929,Hugo Álvarez,Celta de Vigo,21.0,Left Winger,7500.0,Spain,1.76,ROOF,right,2028.0,28.0,1.32,4.0,3.0,0.0,10.0,9.0,6.0,0.0,0.0,0.0,421.0,1.682
764859,Williot Swedberg,Celta de Vigo,21.0,Left Winger,5000.0,Sweden,1.87,Nordic Sky,right,2027.0,34.0,1.29,5.0,4.0,0.0,17.0,17.0,3.0,0.0,0.0,0.0,293.0,1.464
357628,Alfon González,Celta de Vigo,26.0,Left Winger,2000.0,Spain,1.72,,"
                            Jul 1, 2024                        ",2025.0,28.0,1.32,8.0,5.0,0.0,12.0,11.0,1.0,0.0,1.0,0.0,194.0,1.554
341110,Franco Cervi,Celta de Vigo,30.0,Left Winger,900.0,Argentina,1.66,Wasserman,left,2026.0,11.0,1.73,0.0,0.0,0.0,5.0,4.0,2.0,0.0,0.0,0.0,0.0,542.0
1064471,Fer López,Celta Fortuna,20.0,Right Winger,1500.0,Spain,1.88,Gestifute,left,2028.0,36.0,1.53,8.0,3.0,0.0,14.0,7.0,4.0,0.0,0.0,0.0,274.0,2.19
632741,Iker Losada,Celta de Vigo,23.0,Second Striker,1800.0,Spain,1.75,IGdreamsfootball,right,2025.0,27.0,1.89,1.0,1.0,0.0,17.0,8.0,2.0,0.0,0.0,0.0,965.0,965.0
905997,Pablo Durán,Celta de Vigo,23.0,Centre-Forward,3500.0,Spain,1.76,,right,2027.0,30.0,1.6,6.0,6.0,0.0,12.0,14.0,3.0,0.0,0.0,0.0,273.0,1.638
278359,Borja Iglesias,Celta de Vigo,32.0,Centre-Forward,3000.0,Spain,1.87,,right,2025.0,38.0,1.45,10.0,3.0,0.0,14.0,23.0,4.0,0.0,0.0,0.0,199.0,1.99
72047,Iago Aspas,Celta de Vigo,37.0,Centre-Forward,2500.0,Spain,1.76,,left,2026.0,30.0,1.5,9.0,4.0,0.0,11.0,10.0,3.0,1.0,0.0,5.0,191.0,1.717
371371,Marash Kumbulla,Espanyol,25.0,Centre-Back,6000.0,Albania,1.91,,right,2025.0,36.0,1.08,3.0,0.0,1.0,1.0,5.0,10.0,0.0,0.0,0.0,1.022,3.066
357884,Fernando Calero,Espanyol,29.0,Centre-Back,1500.0,Spain,1.84,,right,2026.0,20.0,1.5,1.0,0.0,0.0,15.0,3.0,0.0,0.0,0.0,0.0,612.0,612.0
102423,Leandro Cabrera,Espanyol,33.0,Centre-Back,1000.0,Uruguay,1.9,,left,2025.0,32.0,1.0,4.0,2.0,0.0,1.0,1.0,4.0,0.0,1.0,0.0,695.0,2.78
92947,Sergi Gómez,Espanyol,33.0,Centre-Back,900.0,Spain,1.85,Unique Sports Group,right,2025.0,,,,,,,,,,,,,
629511,Pablo Ramón,Espanyol,23.0,Centre-Back,200.0,Spain,1.84,,right,2028.0,0.0,,0.0,0.0,0.0,0.0,0.0,0.0,0.0,0.0,0.0,0.0,0.0
709372,Carlos Romero,Espanyol,23.0,Left-Back,3000.0,Spain,1.74,LEADERBROCK,left,2025.0,,,,,,,,,,,,,
166677,Brian Oliván,Espanyol,31.0,Left-Back,2000.0,Spain,1.75,AS1,left,2025.0,18.0,1.11,0.0,1.0,0.0,5.0,5.0,2.0,0.0,0.0,0.0,0.0,1.107
822331,Omar El Hilali,Espanyol,21.0,Right-Back,10000.0,Morocco,1.83,AS1,right,2027.0,36.0,1.14,0.0,2.0,0.0,1.0,6.0,11.0,0.0,0.0,0.0,0.0,3.103
290273,Álvaro Tejero,Espanyol,28.0,Right-Back,2000.0,Spain,1.74,,both,2025.0,29.0,0.93,1.0,4.0,0.0,15.0,9.0,2.0,0.0,0.0,0.0,1.324,1.324
625651,Urko González de Zárate,Espanyol,24.0,Defensive Midfield,1500.0,Spain,1.89,,right,2025.0,20.0,1.45,0.0,2.0,0.0,1.0,11.0,2.0,0.0,0.0,0.0,0.0,1.606
337333,Alex Král,Espanyol,27.0,Central Midfield,6000.0,Czech Republic,1.86,,right,2025.0,38.0,1.11,0.0,1.0,0.0,9.0,4.0,1.0,0.0,0.0,0.0,0.0,2.714
412045,Pol Lozano,Espanyol,25.0,Central Midfield,4000.0,Spain,1.76,,right,2027.0,,,,,,,,,,,,,
557147,José Gragera,Espanyol,25.0,Central Midfield,2000.0,Spain,1.86,,right,2028.0,10.0,1.0,0.0,0.0,0.0,3.0,5.0,0.0,0.0,0.0,0.0,0.0,569.0
449496,Álvaro Aguado,Espanyol,29.0,Central Midfield,2000.0,Spain,1.75,YOU FIRST,right,2025.0,17.0,0.88,0.0,1.0,0.0,11.0,5.0,3.0,0.0,0.0,0.0,0.0,588.0
506248,Edu Expósito,Espanyol,28.0,Central Midfield,1500.0,Spain,1.78,AS1,right,2027.0,18.0,1.0,0.0,2.0,0.0,7.0,7.0,2.0,0.0,0.0,0.0,0.0,985.0
904712,Justin Smith,RCD Espanyol B,22.0,Central Midfield,300.0,Canada,1.89,Wasserman,right,2026.0,31.0,1.35,1.0,0.0,0.0,5.0,11.0,7.0,0.0,0.0,0.0,2.207,2.207
1178721,Rafel Bauzà,RCD Espanyol B,20.0,Central Midfield,200.0,Spain,1.83,,right,2028.0,29.0,1.17,1.0,1.0,0.0,6.0,13.0,8.0,0.0,0.0,0.0,2.017,2.017
408471,Javi Puado,Espanyol,26.0,Left Winger,8000.0,Spain,1.77,DCGLOBALSL,right,2025.0,34.0,0.97,11.0,3.0,0.0,0.0,15.0,7.0,0.0,0.0,4.0,264.0,2.899
225593,Pere Milla,Espanyol,32.0,Left Winger,1500.0,Spain,1.8,EGGO Asesores ...,left,2027.0,21.0,1.05,2.0,0.0,0.0,19.0,3.0,3.0,0.0,0.0,0.0,251.0,501.0
628498,Jofre Carreras,Espanyol,23.0,Right Winger,4000.0,Spain,1.75,LIAN Sports Group,right,2029.0,37.0,1.03,3.0,4.0,0.0,12.0,22.0,5.0,0.0,0.0,0.0,711.0,2.133
834744,Antoniu Roca,Espanyol,22.0,Right Winger,1500.0,Spain,1.8,Unique Sports Group,right,2026.0,28.0,1.11,0.0,1.0,0.0,13.0,14.0,3.0,0.0,0.0,0.0,0.0,1.17
720518,Roberto Fernández,Espanyol,22.0,Centre-Forward,4000.0,Spain,1.86,Niagara Sports ...,right,2025.0,48.0,1.63,8.0,2.0,0.0,20.0,22.0,4.0,0.0,0.0,0.0,317.0,2.539
521407,Walid Cheddira,Espanyol,27.0,Centre-Forward,3000.0,Morocco,1.87,,right,2025.0,25.0,1.0,1.0,1.0,0.0,19.0,6.0,3.0,0.0,0.0,0.0,705.0,705.0
888493,Alejo Veliz,Espanyol,21.0,Centre-Forward,2800.0,Argentina,1.86,,right,2025.0,28.0,0.86,4.0,0.0,0.0,16.0,8.0,4.0,0.0,0.0,0.0,317.0,1.266
277384,Martin Valjent,RCD Mallorca,29.0,Centre-Back,6000.0,Slovakia,1.87,,right,2029.0,33.0,1.24,3.0,0.0,1.0,0.0,2.0,4.0,0.0,0.0,0.0,982.0,2.945
520840,José Copete,RCD Mallorca,25.0,Centre-Back,2800.0,Spain,1.9,YOU FIRST,left,2026.0,27.0,1.11,0.0,0.0,0.0,10.0,1.0,7.0,0.0,0.0,0.0,0.0,1.669
278296,Antonio Raíllo,RCD Mallorca,33.0,Centre-Back,2000.0,Spain,1.87,AS1,"
                            Jul 1, 2016                        ",2026.0,36.0,1.22,2.0,0.0,0.0,0.0,2.0,7.0,0.0,1.0,0.0,1.577,3.153
947431,David López,RCD Mallorca,22.0,Centre-Back,500.0,Spain,1.95,LIAN Sports Group,"
                            Jan 31, 2024                        ",2027.0,20.0,1.45,1.0,1.0,0.0,2.0,5.0,3.0,0.0,0.0,0.0,1.566,1.566
262939,Johan Mojica,RCD Mallorca,32.0,Left-Back,2200.0,Colombia,1.85,LF Sport Management,left,2027.0,36.0,1.28,1.0,2.0,0.0,5.0,4.0,5.0,0.0,0.0,0.0,2.832,2.832
320271,Toni Lato,RCD Mallorca,27.0,Left-Back,2000.0,Spain,1.71,,left,2027.0,14.0,1.21,0.0,0.0,0.0,7.0,3.0,1.0,0.0,1.0,0.0,0.0,629.0
251876,Pablo Maffeo,RCD Mallorca,27.0,Right-Back,5000.0,Argentina,1.72,AS1,right,2027.0,31.0,1.23,0.0,2.0,0.0,2.0,9.0,7.0,0.0,0.0,0.0,0.0,2.465
388513,Mateu Morey,RCD Mallorca,25.0,Right-Back,800.0,Spain,1.73,Goal Management,right,2025.0,16.0,1.0,0.0,0.0,0.0,8.0,5.0,1.0,0.0,0.0,0.0,0.0,740.0
142031,Omar Mascarell,RCD Mallorca,32.0,Defensive Midfield,900.0,Equatorial Guinea,1.81,LEADERBROCK,right,2026.0,33.0,1.39,1.0,0.0,0.0,11.0,8.0,3.0,0.0,1.0,0.0,2.09,2.09
142021,Sergi Darder,RCD Mallorca,31.0,Central Midfield,4000.0,Spain,1.8,LIAN Sports Group,right,2028.0,39.0,1.21,2.0,6.0,0.0,5.0,26.0,4.0,0.0,0.0,0.0,1.395,2.789
335225,Manu Morlanes,RCD Mallorca,26.0,Central Midfield,2500.0,Spain,1.78,Goal Management,right,2028.0,23.0,1.26,0.0,0.0,0.0,7.0,11.0,6.0,0.0,0.0,0.0,0.0,1.385
513031,Antonio Sánchez,RCD Mallorca,28.0,Central Midfield,2500.0,Spain,1.79,LIAN Sports Group,right,2027.0,33.0,1.36,0.0,0.0,0.0,21.0,10.0,3.0,0.0,0.0,0.0,0.0,1.36
563137,Robert Navarro,RCD Mallorca,23.0,Attacking Midfield,6000.0,Spain,1.78,,right,2025.0,25.0,1.36,1.0,0.0,0.0,9.0,15.0,3.0,0.0,0.0,0.0,1.396,1.396
139435,Dani Rodríguez,RCD Mallorca,36.0,Attacking Midfield,900.0,Spain,1.78,,right,2026.0,38.0,1.24,4.0,7.0,0.0,11.0,26.0,6.0,0.0,0.0,0.0,566.0,2.262
695454,Chiquinho,RCD Mallorca,25.0,Left Winger,2500.0,Portugal,1.79,,right,2025.0,11.0,1.09,0.0,0.0,0.0,9.0,1.0,2.0,0.0,0.0,0.0,0.0,252.0
245744,Takuma Asano,RCD Mallorca,30.0,Right Winger,2500.0,Japan,1.73,JEB ENTERTAINMENT ...,right,2026.0,23.0,1.04,2.0,1.0,0.0,9.0,14.0,0.0,0.0,0.0,0.0,572.0,1.144
331496,Valery Fernández,RCD Mallorca,25.0,Right Winger,2500.0,Spain,1.82,Unique Sports Group,right,2025.0,19.0,1.47,2.0,0.0,0.0,17.0,2.0,1.0,0.0,0.0,0.0,181.0,361.0
256267,Vedat Muriqi,RCD Mallorca,31.0,Centre-Forward,8000.0,Kosovo,1.94,FutureBall,left,2027.0,30.0,1.03,7.0,2.0,1.0,6.0,11.0,1.0,0.0,2.0,2.0,302.0,2.116
343463,Cyle Larin,RCD Mallorca,30.0,Centre-Forward,3500.0,Canada,1.88,Axia Sports ...,right,2028.0,33.0,1.12,7.0,2.0,0.0,11.0,20.0,4.0,0.0,0.0,1.0,263.0,1.841
177452,Abdón Prats,RCD Mallorca,32.0,Centre-Forward,1500.0,Spain,1.81,,left,2028.0,26.0,1.27,2.0,0.0,0.0,22.0,3.0,4.0,0.0,0.0,1.0,257.0,513.0
1296876,Marc Domènech,RCD Mallorca B,18.0,Centre-Forward,500.0,Spain,1.82,,left,2029.0,35.0,0.51,9.0,3.0,0.0,8.0,12.0,1.0,0.0,0.0,0.0,266.0,2.394
353032,Omar Alderete,Getafe,28.0,Centre-Back,8000.0,Paraguay,1.88,,left,2028.0,36.0,1.22,1.0,0.0,0.0,1.0,8.0,8.0,0.0,0.0,0.0,3.073,3.073
221150,Djené,Getafe,33.0,Centre-Back,2000.0,Togo,1.78,,right,2025.0,34.0,1.41,0.0,0.0,0.0,2.0,9.0,10.0,0.0,1.0,0.0,0.0,2.662
461843,Juan Berrocal,Getafe,26.0,Centre-Back,1800.0,Spain,1.87,,both,2027.0,20.0,1.2,0.0,0.0,0.0,8.0,4.0,6.0,1.0,0.0,0.0,0.0,1.196
257376,Domingos Duarte,Getafe,30.0,Centre-Back,800.0,Portugal,1.92,ROOF,right,2026.0,26.0,1.58,1.0,0.0,0.0,1.0,2.0,3.0,1.0,0.0,0.0,2.254,2.254
126719,Juan Bernat,Getafe,32.0,Left-Back,2500.0,Spain,1.7,InterStarDeporte,left,2025.0,27.0,1.33,0.0,2.0,0.0,14.0,9.0,0.0,0.0,0.0,0.0,0.0,1.132
249513,Diego Rico,Getafe,32.0,Left-Back,1300.0,Spain,1.83,,left,2026.0,34.0,1.32,0.0,3.0,0.0,1.0,1.0,9.0,1.0,1.0,0.0,0.0,2.94
390688,Juan Iglesias,Getafe,26.0,Right-Back,3500.0,Spain,1.87,ADM PRO,right,2026.0,41.0,1.24,0.0,1.0,0.0,6.0,10.0,4.0,0.0,0.0,0.0,0.0,3.195
111508,Allan Nyom,Getafe,37.0,Right-Back,400.0,Cameroon,1.89,,right,2025.0,20.0,1.0,1.0,2.0,0.0,12.0,5.0,4.0,0.0,0.0,0.0,730.0,730.0
290249,Mauro Arambarri,Getafe,29.0,Central Midfield,7000.0,Uruguay,1.75,,right,2028.0,36.0,1.25,10.0,0.0,0.0,4.0,8.0,11.0,0.0,0.0,3.0,281.0,2.805
783396,Ramón Terrats,Getafe,24.0,Central Midfield,4000.0,Spain,1.81,,left,2025.0,27.0,1.48,5.0,3.0,0.0,10.0,12.0,2.0,0.0,0.0,0.0,294.0,1.471
281989,Luis Milla,Getafe,30.0,Central Midfield,3500.0,Spain,1.75,AS1,right,2027.0,36.0,1.22,1.0,4.0,0.0,2.0,5.0,6.0,0.0,0.0,1.0,3.141,3.141
941869,Yellu Santiago,Getafe,20.0,Central Midfield,1000.0,Spain,1.92,LEADERBROCK,right,2025.0,22.0,1.45,0.0,0.0,0.0,16.0,5.0,5.0,0.0,0.0,0.0,0.0,542.0
1124005,Christantus Uche,Getafe,22.0,Attacking Midfield,8000.0,Nigeria,1.9,PINTEX SPORTS AGENCY,both,2028.0,37.0,1.46,4.0,6.0,0.0,5.0,20.0,6.0,1.0,1.0,0.0,690.0,2.76
1033005,Coba da Costa,Getafe,22.0,Left Winger,3000.0,Spain,1.82,Wasserman,right,2026.0,31.0,1.52,4.0,3.0,0.0,11.0,18.0,10.0,0.0,0.0,0.0,463.0,1.853
126737,Juanmi,Getafe,32.0,Left Winger,2800.0,Spain,1.72,,right,2025.0,32.0,1.22,2.0,0.0,0.0,18.0,12.0,5.0,0.0,0.0,0.0,641.0,1.282
434990,Álex Sola,Getafe,25.0,Right Winger,3000.0,Spain,1.78,LEADERBROCK,right,2027.0,24.0,1.33,0.0,1.0,0.0,8.0,16.0,4.0,0.0,0.0,0.0,0.0,1.277
282810,Carles Pérez,Getafe,27.0,Right Winger,2500.0,Spain,1.73,,left,2025.0,30.0,1.0,3.0,0.0,0.0,14.0,12.0,2.0,0.0,0.0,0.0,527.0,1.58
710004,Peter Federico,Getafe,22.0,Right Winger,1500.0,Dominican Republic,1.8,,left,2028.0,21.0,0.81,1.0,0.0,0.0,15.0,6.0,2.0,0.0,0.0,0.0,729.0,729.0
298976,Borja Mayoral,Getafe,28.0,Centre-Forward,9000.0,Spain,1.82,Footfeel ISM,right,2027.0,26.0,1.38,5.0,1.0,0.0,20.0,2.0,0.0,0.0,0.0,1.0,222.0,1.112
672803,Bertuğ Yıldırım,Getafe,22.0,Centre-Forward,2500.0,Türkiye,1.91,FutureBall,right,2025.0,25.0,1.28,3.0,1.0,0.0,9.0,13.0,7.0,0.0,0.0,0.0,440.0,1.319
948275,Álvaro Rodríguez,Getafe,20.0,Centre-Forward,2500.0,Uruguay,1.93,Footfeel ISM,left,2025.0,26.0,1.35,3.0,1.0,0.0,15.0,12.0,7.0,0.0,1.0,0.0,353.0,1.06
559979,Abdel Abqar,Alavés,26.0,Centre-Back,7500.0,Morocco,1.88,MANGMT,right,2025.0,29.0,1.03,0.0,1.0,0.0,0.0,5.0,13.0,0.0,0.0,0.0,0.0,2.467
953901,Santiago Mouriño,Alavés,23.0,Centre-Back,2000.0,Uruguay,1.86,,right,2029.0,27.0,1.15,0.0,1.0,0.0,5.0,2.0,8.0,0.0,0.0,0.0,0.0,2.058
694509,Moussa Diarra,Alavés,24.0,Centre-Back,2000.0,Mali,1.85,,left,2028.0,27.0,0.89,0.0,0.0,0.0,6.0,2.0,6.0,0.0,0.0,0.0,0.0,1.953
895458,Adrián Pica,Alavés,23.0,Centre-Back,1500.0,Spain,1.9,,"
                            Sep 1, 2024                        ",2026.0,12.0,1.25,0.0,0.0,0.0,3.0,1.0,1.0,0.0,0.0,0.0,0.0,845.0
533354,Facundo Garcés,Alavés,25.0,Centre-Back,1200.0,Argentina,1.89,MSG Team,right,2028.0,,,,,,,,,,,,,
237499,Aleksandar Sedlar,Alavés,33.0,Centre-Back,400.0,Serbia,1.8,MIV GESTFUT,right,2025.0,9.0,1.0,0.0,0.0,0.0,2.0,1.0,0.0,0.0,1.0,0.0,0.0,635.0
618809,Manu Sánchez,Alavés,24.0,Left-Back,6000.0,Spain,1.71,LIAN Sports Group,left,2025.0,33.0,1.12,1.0,0.0,1.0,3.0,9.0,6.0,0.0,1.0,0.0,2.67,2.67
533568,Nahuel Tenaglia,Alavés,29.0,Right-Back,3000.0,Argentina,1.81,Universal Twenty Two,right,2027.0,34.0,1.0,2.0,1.0,0.0,1.0,4.0,11.0,0.0,0.0,0.0,1.459,2.917
668276,Hugo Novoa,Alavés,22.0,Right-Back,2000.0,Spain,1.82,ROOF,right,2029.0,5.0,1.2,0.0,0.0,0.0,3.0,0.0,0.0,0.0,0.0,0.0,0.0,234.0
495621,Antonio Blanco,Alavés,24.0,Defensive Midfield,7500.0,Spain,1.76,,right,2027.0,36.0,1.17,0.0,1.0,0.0,4.0,13.0,10.0,0.0,1.0,0.0,0.0,2.751
431190,Carlos Protesoni,Alavés,27.0,Defensive Midfield,1500.0,Uruguay,1.85,,right,2026.0,19.0,1.42,1.0,1.0,0.0,14.0,4.0,3.0,0.0,0.0,0.0,480.0,480.0
465967,Ander Guevara,Alavés,27.0,Central Midfield,4000.0,Spain,1.8,YOU FIRST,right,2027.0,35.0,1.14,0.0,1.0,0.0,14.0,11.0,4.0,0.0,0.0,0.0,0.0,2.02
289257,Jon Guridi,Alavés,30.0,Central Midfield,3000.0,Spain,1.79,,left,2026.0,33.0,1.12,3.0,1.0,0.0,6.0,22.0,6.0,0.0,0.0,1.0,696.0,2.089
284854,Carles Aleñá,Alavés,27.0,Central Midfield,2500.0,Spain,1.8,,left,2025.0,24.0,1.17,0.0,2.0,0.0,7.0,13.0,2.0,0.0,0.0,0.0,0.0,1.516
263727,Joan Jordán,Alavés,30.0,Central Midfield,2500.0,Spain,1.85,LEADERBROCK,right,2025.0,27.0,1.11,5.0,2.0,0.0,10.0,10.0,4.0,0.0,0.0,3.0,325.0,1.624
618813,Carlos Martín,Alavés,23.0,Left Winger,3000.0,Spain,1.8,,right,2025.0,26.0,1.15,2.0,2.0,0.0,10.0,15.0,3.0,0.0,0.0,0.0,665.0,1.329
401571,Tomás Conechny,Alavés,27.0,Left Winger,2000.0,Argentina,1.76,,left,2028.0,23.0,1.13,1.0,0.0,0.0,13.0,9.0,7.0,0.0,0.0,0.0,950.0,950.0
540536,Carlos Vicente,Alavés,26.0,Right Winger,8000.0,Spain,1.79,,right,2027.0,37.0,1.11,4.0,6.0,0.0,2.0,9.0,3.0,0.0,0.0,0.0,771.0,3.085
302371,Toni Martínez,Alavés,27.0,Centre-Forward,2800.0,Spain,1.87,LEADERBROCK,right,2028.0,30.0,1.1,4.0,0.0,0.0,20.0,8.0,1.0,0.0,0.0,0.0,270.0,1.081
251897,Asier Villalibre,Alavés,27.0,Centre-Forward,1800.0,Spain,1.82,UNIQUE DIMENSION,left,2028.0,18.0,0.61,1.0,1.0,0.0,14.0,4.0,2.0,0.0,0.0,1.0,445.0,445.0
93936,Kike García,Alavés,35.0,Centre-Forward,900.0,Spain,1.86,,right,2025.0,35.0,1.14,15.0,0.0,0.0,7.0,16.0,3.0,1.0,0.0,4.0,170.0,2.557
1063553,Pau Cabanes,Alavés,20.0,Centre-Forward,800.0,Spain,1.79,B1G Talent,right,2025.0,29.0,1.24,4.0,2.0,0.0,16.0,10.0,2.0,0.0,0.0,0.0,314.0,1.256
451801,Abdul Mumin,Rayo Vallecano,26.0,Centre-Back,5000.0,Ghana,1.88,,right,2026.0,25.0,1.52,2.0,1.0,0.0,0.0,2.0,6.0,0.0,1.0,0.0,1.055,2.11
127108,Florian Lejeune,Rayo Vallecano,34.0,Centre-Back,2800.0,France,1.9,Wasserman,right,2027.0,37.0,1.3,2.0,3.0,0.0,0.0,1.0,9.0,0.0,0.0,0.0,1.663,3.326
692208,Pelayo Fernández,Rayo Vallecano,22.0,Centre-Back,500.0,Spain,1.93,,right,2028.0,4.0,3.0,0.0,0.0,0.0,1.0,2.0,1.0,0.0,0.0,0.0,0.0,236.0
82503,Aridane Hernández,Rayo Vallecano,36.0,Centre-Back,400.0,Spain,1.88,,right,2025.0,17.0,1.47,0.0,0.0,1.0,3.0,3.0,1.0,0.0,0.0,0.0,0.0,1.266
596122,Pep Chavarría,Rayo Vallecano,27.0,Left-Back,3500.0,Spain,1.74,AS1,left,2027.0,35.0,1.4,0.0,1.0,0.0,8.0,4.0,3.0,0.0,0.0,0.0,0.0,2.513
311044,Alfonso Espino,Rayo Vallecano,33.0,Left-Back,1500.0,Uruguay,1.72,GBG Global Business ...,left,2026.0,19.0,1.37,1.0,2.0,0.0,7.0,7.0,5.0,1.0,0.0,0.0,1.078,1.078
527966,Andrei Rațiu,Rayo Vallecano,26.0,Right-Back,12000.0,Romania,1.83,LEADERBROCK,right,2028.0,35.0,1.43,2.0,3.0,0.0,2.0,3.0,5.0,0.0,0.0,0.0,1.498,2.995
85295,Iván Balliu,Rayo Vallecano,33.0,Right-Back,1500.0,Albania,1.72,,right,2027.0,28.0,1.82,0.0,0.0,0.0,13.0,3.0,3.0,0.0,0.0,0.0,0.0,1.464
268670,Gerard Gumbau,Rayo Vallecano,30.0,Defensive Midfield,2000.0,Spain,1.88,,left,2025.0,24.0,1.42,0.0,2.0,0.0,14.0,9.0,4.0,0.0,0.0,0.0,0.0,1.011
517753,Óscar Valentín,Rayo Vallecano,30.0,Central Midfield,3500.0,Spain,1.77,,right,2027.0,36.0,1.42,0.0,0.0,0.0,16.0,9.0,6.0,0.0,0.0,0.0,0.0,2.009
192009,Unai López,Rayo Vallecano,29.0,Central Midfield,2800.0,Spain,1.7,,right,2026.0,33.0,1.58,3.0,1.0,0.0,11.0,19.0,8.0,0.0,1.0,0.0,573.0,1.72
363057,Pedro Díaz,Rayo Vallecano,26.0,Central Midfield,2500.0,Spain,1.8,Wasserman,right,2028.0,28.0,1.36,4.0,0.0,0.0,13.0,10.0,2.0,0.0,0.0,0.0,353.0,1.41
525578,Pathé Ciss,Rayo Vallecano,31.0,Central Midfield,2000.0,Senegal,1.86,,right,2027.0,34.0,1.44,4.0,2.0,0.0,9.0,15.0,11.0,0.0,1.0,0.0,542.0,2.169
560483,Randy Nteka,Rayo Vallecano,27.0,Attacking Midfield,1500.0,Angola,1.89,,left,2028.0,28.0,1.32,3.0,0.0,0.0,9.0,18.0,6.0,0.0,0.0,0.0,452.0,1.356
343273,Joni Montiel,Rayo Vallecano,26.0,Attacking Midfield,900.0,Spain,1.73,,left,2025.0,1.0,3.0,0.0,1.0,0.0,1.0,0.0,0.0,0.0,0.0,0.0,0.0,27.0
30321,Oscar Trejo,Rayo Vallecano,37.0,Attacking Midfield,800.0,Argentina,1.8,Eleven Talent Group,right,2025.0,22.0,1.32,4.0,1.0,0.0,12.0,9.0,2.0,0.0,0.0,1.0,198.0,793.0
257062,Álvaro García,Rayo Vallecano,32.0,Left Winger,2500.0,Spain,1.67,YOU FIRST,both,2028.0,36.0,1.31,4.0,5.0,0.0,8.0,15.0,4.0,0.0,0.0,0.0,639.0,2.557
455181,Jorge de Frutos,Rayo Vallecano,28.0,Right Winger,4000.0,Spain,1.73,Niagara Sports ...,right,2028.0,38.0,1.47,8.0,3.0,0.0,7.0,24.0,4.0,0.0,1.0,0.0,322.0,2.575
288318,Adrián Embarba,Rayo Vallecano,33.0,Right Winger,1500.0,Spain,1.73,,right,2025.0,38.0,1.53,2.0,1.0,0.0,18.0,18.0,5.0,0.0,0.0,0.0,894.0,1.787
362086,Isi Palazón,Rayo Vallecano,30.0,Second Striker,4000.0,Spain,1.69,,left,2028.0,37.0,1.49,4.0,5.0,0.0,13.0,14.0,7.0,0.0,0.0,0.0,535.0,2.138
505674,Sergio Camello,Rayo Vallecano,24.0,Centre-Forward,3500.0,Spain,1.82,,right,2027.0,25.0,1.52,3.0,2.0,0.0,10.0,15.0,2.0,0.0,0.0,0.0,412.0,1.236
162038,Raúl de Tomás,Rayo Vallecano,30.0,Centre-Forward,800.0,Spain,1.8,,right,2027.0,3.0,1.0,2.0,0.0,0.0,2.0,0.0,0.0,0.0,0.0,1.0,55.0,110.0
256429,Sergi Guardiola,Rayo Vallecano,33.0,Centre-Forward,600.0,Spain,1.85,,left,2025.0,19.0,1.53,1.0,0.0,0.0,17.0,2.0,2.0,0.0,0.0,0.0,506.0,506.0
298583,Eray Cömert,Real Valladolid,27.0,Centre-Back,2500.0,Switzerland,1.83,Wasserman,right,2025.0,27.0,0.67,0.0,0.0,0.0,6.0,9.0,6.0,0.0,0.0,0.0,0.0,1.871
340853,Javi Sánchez,Real Valladolid,28.0,Centre-Back,1800.0,Spain,1.89,LEADERBROCK,right,2026.0,26.0,0.69,2.0,0.0,0.0,0.0,7.0,6.0,0.0,0.0,0.0,1.044,2.087
615350,Cenk Özkacar,Real Valladolid,24.0,Centre-Back,1500.0,Türkiye,1.9,SEG,left,2025.0,,,,,,,,,,,,,
857832,David Torres,Real Valladolid,22.0,Centre-Back,1400.0,Spain,1.82,,left,2026.0,21.0,0.81,0.0,1.0,1.0,3.0,2.0,5.0,0.0,0.0,0.0,0.0,1.686
358250,Joseph Aidoo,Real Valladolid,29.0,Centre-Back,1400.0,Ghana,1.81,,right,2025.0,10.0,0.9,0.0,0.0,0.0,3.0,2.0,0.0,0.0,0.0,0.0,0.0,699.0
938146,Adam Aznou,Real Valladolid,18.0,Left-Back,3000.0,Morocco,1.78,Footfeel ISM,left,2025.0,28.0,1.11,2.0,2.0,0.0,6.0,4.0,7.0,0.0,0.0,0.0,963.0,1.926
204072,Henrique Silva,Real Valladolid,31.0,Left-Back,600.0,Brazil,1.73,Carlos Leite,left,2025.0,4.0,,0.0,0.0,0.0,1.0,2.0,0.0,0.0,0.0,0.0,0.0,264.0
392881,Antonio Candela,Real Valladolid,25.0,Right-Back,2000.0,Italy,1.85,,right,2025.0,26.0,0.42,0.0,1.0,1.0,3.0,12.0,2.0,0.0,0.0,0.0,0.0,1.903
358115,Luis Pérez,Real Valladolid,30.0,Right-Back,1500.0,Spain,1.73,,right,2025.0,32.0,0.69,0.0,0.0,0.0,3.0,2.0,2.0,0.0,0.0,0.0,0.0,2.651
195736,Florian Grillitsch,Real Valladolid,29.0,Defensive Midfield,3000.0,Austria,1.87,YOU FIRST,right,2025.0,27.0,0.78,0.0,0.0,0.0,6.0,14.0,3.0,0.0,0.0,0.0,0.0,1.682
948273,Mario Martín,Real Valladolid,21.0,Defensive Midfield,1500.0,Spain,1.77,,right,2025.0,32.0,0.44,0.0,1.0,0.0,11.0,11.0,7.0,1.0,2.0,0.0,0.0,1.859
388125,Stanko Juric,Real Valladolid,28.0,Defensive Midfield,1500.0,Croatia,1.88,,right,2027.0,28.0,0.64,0.0,0.0,0.0,7.0,12.0,5.0,1.0,0.0,0.0,0.0,1.873
633056,Tamás Nikitscher,Real Valladolid,25.0,Central Midfield,1000.0,Hungary,1.93,,right,2028.0,31.0,0.48,2.0,0.0,0.0,5.0,4.0,5.0,0.0,0.0,0.0,1.198,2.396
377219,Selim Amallah,Real Valladolid,28.0,Attacking Midfield,1800.0,Morocco,1.85,,right,2027.0,25.0,0.36,4.0,3.0,0.0,6.0,17.0,6.0,0.0,0.0,1.0,362.0,1.446
926763,Chuki,Real Valladolid,21.0,Attacking Midfield,1000.0,Spain,1.76,LEADERBROCK,left,2025.0,19.0,0.37,2.0,1.0,0.0,10.0,8.0,1.0,0.0,0.0,0.0,393.0,785.0
624942,Raúl Moro,Real Valladolid,22.0,Left Winger,5000.0,Spain,1.69,YOU FIRST,right,2028.0,33.0,0.48,5.0,6.0,0.0,7.0,11.0,2.0,0.0,0.0,0.0,469.0,2.346
211251,Darwin Machís,Real Valladolid,32.0,Left Winger,1000.0,Venezuela,1.71,YOU FIRST,right,2026.0,19.0,0.37,0.0,1.0,0.0,11.0,8.0,0.0,0.0,0.0,0.0,0.0,692.0
281404,Kenedy,Real Valladolid,29.0,Left Winger,300.0,Brazil,1.8,,"
                    Attack - Left Winger                ",2027.0,2.0,,0.0,0.0,0.0,2.0,0.0,0.0,0.0,0.0,0.0,0.0,7.0
339820,Amath Ndiaye,Real Valladolid,28.0,Right Winger,1000.0,Senegal,1.73,,right,2027.0,15.0,0.87,0.0,2.0,0.0,8.0,5.0,3.0,0.0,0.0,0.0,0.0,596.0
327126,Anuar,Real Valladolid,30.0,Right Winger,900.0,Morocco,1.73,,"
                    Attack - Right Winger                ",2025.0,27.0,0.52,2.0,0.0,0.0,6.0,13.0,7.0,0.0,0.0,0.0,901.0,1.802
221311,Iván Sánchez,Real Valladolid,32.0,Right Winger,600.0,Spain,1.69,,left,2025.0,35.0,0.54,2.0,2.0,0.0,23.0,9.0,4.0,0.0,0.0,0.0,773.0,1.546
623521,Juanmi Latasa,Real Valladolid,24.0,Centre-Forward,2500.0,Spain,1.92,Niagara Sports ...,left,2029.0,30.0,0.5,6.0,1.0,0.0,15.0,7.0,7.0,0.0,1.0,0.0,250.0,1.5
166683,Mamadou Sylla,Real Valladolid,31.0,Centre-Forward,1500.0,Senegal,1.8,,right,2026.0,28.0,0.46,5.0,1.0,0.0,12.0,10.0,5.0,0.0,0.0,4.0,302.0,1.511
481084,Marcos André,Real Valladolid,28.0,Centre-Forward,1200.0,Brazil,1.85,ADM PRO,right,2029.0,24.0,0.5,3.0,2.0,0.0,9.0,13.0,5.0,0.0,0.0,0.0,436.0,1.307
308989,Sergio González,CD Leganés,33.0,Centre-Back,1500.0,Spain,1.89,,right,2025.0,39.0,1.1,2.0,0.0,1.0,4.0,5.0,3.0,0.0,1.0,0.0,1.584,3.167
340339,Jorge Sáenz,CD Leganés,28.0,Centre-Back,1200.0,Spain,1.88,RR-Soccer ...,right,2025.0,24.0,1.29,1.0,1.0,1.0,4.0,4.0,4.0,0.0,1.0,0.0,1.811,1.811
143559,Matija Nastasić,CD Leganés,32.0,Centre-Back,1000.0,Serbia,1.87,LIAN Sports Group,left,2026.0,29.0,1.07,1.0,0.0,0.0,2.0,4.0,4.0,0.0,0.0,0.0,2.382,2.382
422466,Javi Hernández,CD Leganés,27.0,Left-Back,2000.0,Spain,1.8,Wasserman,left,2027.0,34.0,1.29,2.0,1.0,0.0,7.0,6.0,7.0,0.0,0.0,0.0,1.256,2.512
282700,Enric Franquesa,CD Leganés,28.0,Left-Back,1500.0,Spain,1.75,AC Talent,left,2026.0,13.0,1.23,1.0,0.0,0.0,6.0,3.0,1.0,0.0,0.0,0.0,640.0,640.0
39125,Borna Barisic,CD Leganés,32.0,Left-Back,1000.0,Croatia,1.86,ARGENTUM SPORT,left,2025.0,16.0,1.19,0.0,1.0,0.0,12.0,1.0,1.0,0.0,0.0,0.0,0.0,392.0
441170,Valentin Rosier,CD Leganés,28.0,Right-Back,3000.0,France,1.75,,right,2025.0,36.0,0.92,1.0,2.0,0.0,5.0,2.0,9.0,0.0,0.0,0.0,2.859,2.859
466807,Adrià Altimira,CD Leganés,24.0,Right-Back,1500.0,Spain,1.7,IGdreamsfootball,right,2025.0,,,,,,,,,,,,,
277137,Renato Tapia,CD Leganés,29.0,Defensive Midfield,3500.0,Peru,1.85,,right,2026.0,36.0,1.06,1.0,0.0,0.0,7.0,12.0,8.0,0.0,0.0,0.0,2.539,2.539
469669,Yvan Neyou,CD Leganés,28.0,Defensive Midfield,2500.0,Cameroon,1.8,,right,2025.0,33.0,1.0,1.0,1.0,0.0,5.0,12.0,14.0,0.0,0.0,0.0,2.467,2.467
401583,Julián Chicco,CD Leganés,27.0,Defensive Midfield,600.0,Argentina,1.87,DCGLOBALSL,right,2025.0,17.0,1.29,0.0,1.0,0.0,13.0,2.0,0.0,0.0,0.0,0.0,0.0,459.0
543537,Seydouba Cissé,CD Leganés,24.0,Central Midfield,3000.0,Guinea,1.78,ROOF,right,2026.0,36.0,1.22,3.0,0.0,0.0,3.0,20.0,4.0,0.0,1.0,0.0,871.0,2.612
284884,Óscar Rodríguez,CD Leganés,26.0,Attacking Midfield,2000.0,Spain,1.74,Wasserman,right,2026.0,32.0,1.06,1.0,5.0,0.0,18.0,7.0,7.0,0.0,1.0,0.0,1.541,1.541
569866,Roberto López,CD Leganés,25.0,Attacking Midfield,1500.0,Spain,1.79,,left,2027.0,17.0,1.47,0.0,1.0,0.0,11.0,2.0,0.0,0.0,0.0,0.0,0.0,655.0
585700,Juan Cruz,CD Leganés,25.0,Left Winger,4000.0,Spain,1.8,AS1,left,2028.0,38.0,1.11,7.0,5.0,0.0,9.0,19.0,2.0,0.0,0.0,1.0,364.0,2.548
535959,Duk,CD Leganés,25.0,Left Winger,1200.0,Cape Verde,1.82,,right,2025.0,30.0,0.97,2.0,2.0,0.0,19.0,8.0,8.0,0.0,0.0,0.0,609.0,1.218
413262,Dani Raba,CD Leganés,29.0,Right Winger,1800.0,Spain,1.85,,left,2025.0,32.0,1.22,9.0,5.0,0.0,8.0,18.0,7.0,0.0,0.0,4.0,220.0,1.977
223725,Munir El Haddadi,CD Leganés,29.0,Right Winger,1500.0,Morocco,1.77,LIAN Sports Group,left,2026.0,28.0,1.21,7.0,0.0,0.0,15.0,10.0,1.0,0.0,1.0,0.0,162.0,1.132
480883,Miguel de la Fuente,CD Leganés,25.0,Centre-Forward,2000.0,Spain,1.82,,right,2028.0,,,,,,,,,,,,,
852727,Diego García,CD Leganés,25.0,Centre-Forward,1500.0,Spain,1.88,YOU FIRST,right,2027.0,31.0,1.23,4.0,1.0,0.0,15.0,13.0,2.0,0.0,0.0,0.0,361.0,1.442
401624,Edgar González,UD Almería,28.0,Centre-Back,2000.0,Spain,1.92,InterStarDeporte,right,2028.0,41.0,1.66,2.0,0.0,2.0,2.0,4.0,8.0,0.0,0.0,0.0,1.731,3.461
333361,Chumi,UD Almería,26.0,Centre-Back,1800.0,Spain,1.83,,right,2025.0,25.0,1.72,0.0,0.0,0.0,0.0,2.0,7.0,0.0,0.0,0.0,0.0,2.197
743589,Kaiky,UD Almería,21.0,Centre-Back,1500.0,Brazil,1.82,Bertolucci Sports,right,2028.0,27.0,1.78,0.0,1.0,0.0,9.0,4.0,3.0,1.0,1.0,0.0,0.0,1.544
339501,Aleksandar Radovanovic,UD Almería,31.0,Centre-Back,600.0,Serbia,1.9,,left,2025.0,,,,,,,,,,,,,
631472,Bruno Langa,UD Almería,27.0,Left-Back,1500.0,Mozambique,1.78,,left,2028.0,,,,,,,,,,,,,
423443,Álex Centelles,UD Almería,25.0,Left-Back,1400.0,Spain,1.85,Players First,left,2026.0,38.0,1.68,2.0,5.0,0.0,9.0,7.0,5.0,0.0,0.0,0.0,1.293,2.585
844637,Marc Pubill,UD Almería,21.0,Right-Back,4000.0,Spain,1.9,LIAN Sports Group,right,2029.0,38.0,1.68,1.0,5.0,0.0,6.0,9.0,6.0,0.0,0.0,0.0,2.927,2.927
341272,Álex Pozo,UD Almería,26.0,Right-Back,1500.0,Spain,1.72,,right,2027.0,33.0,1.94,2.0,1.0,0.0,17.0,7.0,3.0,0.0,0.0,0.0,853.0,1.706
649033,Dion Lopy,UD Almería,23.0,Defensive Midfield,6000.0,Senegal,1.84,CAA Stellar,right,2029.0,37.0,1.7,1.0,3.0,0.0,4.0,7.0,18.0,0.0,0.0,0.0,3.005,3.005
1061660,Selvi Clua,UD Almería,20.0,Defensive Midfield,300.0,Spain,1.89,LIAN Sports Group,left,2030.0,18.0,1.94,0.0,0.0,0.0,8.0,6.0,1.0,1.0,0.0,0.0,0.0,923.0
457221,Lucas Robertone,UD Almería,28.0,Central Midfield,5000.0,Argentina,1.69,B1G Talent,right,2028.0,23.0,1.09,1.0,4.0,0.0,10.0,10.0,4.0,0.0,0.0,0.0,1.2,1.2
442805,Iddrisu Baba,UD Almería,29.0,Central Midfield,1800.0,Ghana,1.82,LIAN Sports Group,right,2027.0,,,,,,,,,,,,,
536030,Arnau Puigmal,UD Almería,24.0,Central Midfield,1500.0,Spain,1.73,,right,2026.0,41.0,1.71,4.0,4.0,0.0,25.0,16.0,3.0,0.0,0.0,0.0,392.0,1.567
162056,Gonzalo Melero,UD Almería,31.0,Central Midfield,1000.0,Spain,1.83,,right,2026.0,,,,,,,,,,,,,
696506,Gui Guedes,UD Almería,23.0,Central Midfield,600.0,Portugal,1.84,Universal Twenty Two,right,2028.0,,,,,,,,,,,,,
537762,Sergio Arribas,UD Almería,23.0,Attacking Midfield,8000.0,Spain,1.74,Footfeel ISM,left,2029.0,42.0,1.69,7.0,3.0,0.0,12.0,23.0,2.0,0.0,1.0,0.0,371.0,2.599
570421,Nico Melamed,UD Almería,24.0,Attacking Midfield,4000.0,Spain,1.73,Players First,right,2030.0,41.0,1.68,8.0,5.0,0.0,12.0,22.0,5.0,0.0,0.0,0.0,304.0,2.432
574772,Lázaro,UD Almería,23.0,Left Winger,2500.0,Brazil,1.81,Roc Nation Sports,right,2028.0,14.0,0.93,1.0,1.0,0.0,10.0,4.0,2.0,0.0,0.0,0.0,477.0,477.0
424784,Luis Suárez,UD Almería,27.0,Centre-Forward,6000.0,Colombia,1.81,LIAN Sports Group,right,2029.0,41.0,1.63,31.0,8.0,0.0,0.0,9.0,8.0,0.0,0.0,9.0,118.0,3.659
221899,Léo Baptistão,UD Almería,32.0,Centre-Forward,1000.0,Brazil,1.83,,right,2026.0,37.0,1.65,11.0,5.0,0.0,7.0,27.0,2.0,0.0,0.0,0.0,212.0,2.328
845568,Marko Milovanovic,UD Almería,21.0,Centre-Forward,600.0,Serbia,1.97,AS1,right,2028.0,18.0,1.56,1.0,1.0,0.0,15.0,3.0,3.0,0.0,0.0,0.0,353.0,353.0
891310,Rachad Fettal,UD Almería,20.0,Centre-Forward,500.0,Morocco,1.84,AS1,left,2026.0,,,,,,,,,,,,,
396333,Javi Montero,Racing,26.0,Centre-Back,2000.0,Spain,1.85,,left,2026.0,25.0,1.8,1.0,1.0,0.0,0.0,5.0,5.0,0.0,1.0,0.0,2.167,2.167
396161,Manu Hernando,Racing,26.0,Centre-Back,1600.0,Spain,1.83,YOU FIRST,right,2028.0,28.0,1.68,0.0,0.0,1.0,5.0,3.0,1.0,1.0,1.0,0.0,0.0,1.994
740253,Javi Castro,Racing,24.0,Centre-Back,1500.0,Spain,1.83,YOU FIRST,right,2026.0,37.0,1.76,3.0,0.0,1.0,9.0,2.0,4.0,0.0,0.0,0.0,905.0,2.716
636116,Álvaro Mantilla,Racing,25.0,Centre-Back,700.0,Spain,1.82,,right,2028.0,14.0,0.93,0.0,0.0,0.0,3.0,4.0,3.0,0.0,1.0,0.0,0.0,905.0
274540,Pol Moreno,Racing,31.0,Centre-Back,400.0,Spain,1.87,,right,2025.0,3.0,2.0,0.0,0.0,0.0,3.0,0.0,0.0,0.0,0.0,0.0,0.0,16.0
889459,Mario García,Racing,21.0,Left-Back,700.0,Spain,1.72,,left,2027.0,30.0,1.53,3.0,0.0,0.0,4.0,8.0,8.0,0.0,0.0,0.0,767.0,2.302
249471,Saúl García,Racing,30.0,Left-Back,500.0,Spain,1.82,,left,2026.0,24.0,1.75,0.0,1.0,1.0,7.0,4.0,2.0,1.0,0.0,0.0,0.0,1.54
318520,Clément Michelin,Racing,28.0,Right-Back,1500.0,France,1.79,FAIR SPORT MNG,right,2026.0,31.0,1.68,2.0,2.0,0.0,5.0,21.0,5.0,0.0,0.0,0.0,1.042,2.083
933795,Maguette Gueye,Racing,22.0,Defensive Midfield,1000.0,Senegal,1.88,YOU FIRST,left,2029.0,32.0,1.41,0.0,0.0,0.0,16.0,7.0,12.0,0.0,0.0,0.0,0.0,1.713
610083,Unai Vencedor,Racing,24.0,Central Midfield,2200.0,Spain,1.76,,right,2025.0,39.0,1.69,0.0,2.0,0.0,6.0,10.0,5.0,0.0,0.0,0.0,0.0,2.841
663258,Aritz Aldasoro,Racing,25.0,Central Midfield,2000.0,Spain,1.76,,right,2026.0,,,,,,,,,,,,,
658269,Víctor Meseguer,Racing,25.0,Central Midfield,2000.0,Spain,1.84,,right,2025.0,32.0,1.34,1.0,1.0,0.0,23.0,7.0,4.0,0.0,0.0,0.0,1.12,1.12
522730,Íñigo Sainz-Maza,Racing,26.0,Central Midfield,1000.0,Spain,1.84,Niagara Sports ...,right,2028.0,9.0,2.56,0.0,0.0,0.0,8.0,1.0,0.0,0.0,0.0,0.0,0.0,243.0
971663,Jeremy Arévalo,Racing,20.0,Attacking Midfield,200.0,Ecuador,1.82,,left,2026.0,8.0,0.75,1.0,1.0,0.0,5.0,3.0,0.0,0.0,0.0,0.0,298.0,298.0
335216,Iñigo Vicente,Racing,27.0,Left Winger,3000.0,Spain,1.78,,right,2030.0,40.0,1.68,4.0,10.0,0.0,2.0,13.0,9.0,1.0,0.0,0.0,833.0,3.333
100722,Lago Júnior,Racing,34.0,Left Winger,300.0,Cote d'Ivoire,1.8,,right,2025.0,20.0,1.8,1.0,0.0,0.0,15.0,4.0,0.0,0.0,0.0,0.0,634.0,634.0
531277,Andrés Martín,Racing,25.0,Right Winger,3200.0,Spain,1.78,DCGLOBALSL,left,2028.0,40.0,1.68,16.0,15.0,0.0,2.0,15.0,6.0,0.0,0.0,4.0,204.0,3.259
505675,Rober González,Racing,24.0,Right Winger,2000.0,Spain,1.69,Wasserman,both,2025.0,33.0,1.27,2.0,1.0,0.0,15.0,16.0,3.0,0.0,0.0,0.0,810.0,1.619
537765,Pablo Rodríguez,Racing,23.0,Second Striker,1800.0,Spain,1.78,YOU FIRST,right,2025.0,37.0,1.92,7.0,3.0,0.0,6.0,31.0,6.0,0.0,0.0,0.0,275.0,1.926
512070,Ekain Zenitagoia,Racing,31.0,Second Striker,500.0,Spain,1.79,,right,2025.0,9.0,2.78,2.0,1.0,0.0,7.0,0.0,0.0,0.0,0.0,0.0,121.0,242.0
461631,Juan Carlos Arana,Racing,25.0,Centre-Forward,2500.0,Spain,1.82,,right,2028.0,38.0,1.58,11.0,0.0,0.0,12.0,22.0,6.0,0.0,0.0,0.0,206.0,2.268
711382,Jon Karrikaburu,Racing,22.0,Centre-Forward,2500.0,Spain,1.83,,right,2025.0,,,,,,,,,,,,,
452483,David Affengruber,Elche CF,24.0,Centre-Back,4000.0,Austria,1.85,WINS,right,2026.0,40.0,1.85,1.0,1.0,0.0,6.0,5.0,3.0,0.0,0.0,0.0,3.133,3.133
435493,Bambo Diaby,Elche CF,27.0,Centre-Back,800.0,Spain,1.88,,right,2027.0,25.0,1.84,0.0,1.0,0.0,8.0,13.0,3.0,1.0,0.0,0.0,0.0,1.329
627290,John Donald,Elche CF,24.0,Centre-Back,800.0,Spain,1.82,,right,2028.0,21.0,2.05,1.0,0.0,0.0,13.0,1.0,1.0,0.0,0.0,0.0,913.0,913.0
73250,Mario Gaspar,Elche CF,34.0,Centre-Back,500.0,Spain,1.8,,right,2025.0,22.0,1.73,1.0,0.0,0.0,15.0,4.0,2.0,0.0,0.0,0.0,814.0,814.0
203043,Pedro Bigas,Elche CF,35.0,Centre-Back,500.0,Spain,1.81,,left,2025.0,33.0,2.0,1.0,2.0,0.0,5.0,8.0,4.0,0.0,0.0,0.0,2.483,2.483
345083,Álex Martín,Elche CF,27.0,Centre-Back,400.0,Spain,1.83,AS1,right,2025.0,,,,,,,,,,,,,
819590,José Salinas,Elche CF,24.0,Left-Back,2000.0,Spain,1.78,CAA Stellar,left,2025.0,39.0,1.79,3.0,3.0,0.0,0.0,5.0,11.0,0.0,0.0,0.0,1.135,3.404
337946,Jairo Izquierdo,Elche CF,31.0,Left-Back,800.0,Spain,1.65,,left,2026.0,29.0,0.83,1.0,3.0,0.0,10.0,11.0,2.0,0.0,0.0,0.0,1.652,1.652
626953,Álvaro Núñez,Elche CF,24.0,Right-Back,1000.0,Spain,1.77,YOU FIRST,right,2026.0,38.0,1.87,2.0,5.0,0.0,5.0,4.0,4.0,0.0,0.0,0.0,1.511,3.022
531404,Marc Aguado,Elche CF,25.0,Defensive Midfield,1400.0,Spain,1.78,Footfeel ISM,right,2027.0,31.0,1.71,0.0,2.0,0.0,8.0,22.0,5.0,0.0,0.0,0.0,0.0,1.706
217144,Aleix Febas,Elche CF,29.0,Central Midfield,2200.0,Spain,1.72,,right,2026.0,37.0,1.73,1.0,0.0,0.0,2.0,12.0,9.0,0.0,0.0,0.0,2.998,2.998
961297,Rodrigo Mendoza,Elche CF,20.0,Central Midfield,1000.0,Spain,1.82,Footfeel ISM,right,2026.0,24.0,1.79,2.0,2.0,0.0,12.0,12.0,3.0,0.0,0.0,0.0,533.0,1.065
565899,Nicolás Castro,Elche CF,24.0,Attacking Midfield,3000.0,Argentina,1.82,SP,right,2028.0,34.0,1.76,4.0,4.0,0.0,10.0,12.0,4.0,0.0,0.0,1.0,561.0,2.245
739315,Nicolás Fernández Mercau,Elche CF,25.0,Attacking Midfield,2500.0,Argentina,1.72,,left,2027.0,34.0,1.74,7.0,10.0,0.0,3.0,16.0,9.0,2.0,0.0,2.0,367.0,2.566
149579,Elbasan Rashani,Elche CF,32.0,Left Winger,800.0,Kosovo,1.81,RGFOOTBALL,left,2025.0,12.0,1.83,3.0,0.0,0.0,9.0,1.0,2.0,0.0,1.0,0.0,136.0,407.0
706947,Yago Santiago,Elche CF,22.0,Left Winger,800.0,Spain,1.8,,right,2026.0,20.0,2.05,2.0,3.0,0.0,1.0,13.0,2.0,0.0,0.0,0.0,725.0,1.449
548188,Germán Valera,Elche CF,23.0,Right Winger,1500.0,Spain,1.7,Excellence Sport,left,2025.0,27.0,1.78,2.0,3.0,0.0,9.0,16.0,3.0,1.0,0.0,0.0,706.0,1.412
534379,Pejiño,Elche CF,28.0,Right Winger,1000.0,Spain,1.78,,left,2025.0,13.0,1.77,1.0,1.0,0.0,10.0,2.0,0.0,0.0,0.0,0.0,425.0,425.0
221309,Óscar Plano,Elche CF,34.0,Right Winger,600.0,Spain,1.79,,both,2025.0,28.0,1.75,4.0,0.0,0.0,13.0,11.0,1.0,0.0,1.0,0.0,319.0,1.277
277533,Josan,Elche CF,35.0,Right Winger,500.0,Spain,1.76,,right,2025.0,30.0,1.77,4.0,8.0,0.0,10.0,16.0,5.0,0.0,0.0,0.0,435.0,1.74
1064506,Adam Boayar,Elche CF,19.0,Second Striker,500.0,Morocco,1.8,,right,2027.0,21.0,1.29,2.0,2.0,0.0,5.0,13.0,8.0,0.0,0.0,0.0,649.0,1.297
812625,Agustín Álvarez,Elche CF,24.0,Centre-Forward,4000.0,Uruguay,1.77,,right,2025.0,38.0,1.76,9.0,2.0,0.0,10.0,16.0,8.0,0.0,0.0,0.0,276.0,2.481
527972,Mourad El Ghezouani,Elche CF,26.0,Centre-Forward,1400.0,Morocco,1.89,,right,2027.0,32.0,1.91,8.0,0.0,0.0,19.0,11.0,3.0,0.0,0.0,1.0,160.0,1.281
355689,Sory Kaba,Elche CF,29.0,Centre-Forward,1000.0,Guinea,1.91,CAA Stellar,right,2025.0,26.0,1.58,3.0,0.0,0.0,15.0,7.0,3.0,0.0,0.0,1.0,366.0,1.099
583510,Miguel Rubio,Granada CF,27.0,Centre-Back,1500.0,Spain,1.91,,right,2025.0,31.0,1.52,3.0,1.0,0.0,2.0,1.0,8.0,0.0,0.0,0.0,883.0,2.649
171362,Pablo Insua,Granada CF,31.0,Centre-Back,800.0,Spain,1.87,,right,2026.0,14.0,1.29,1.0,0.0,0.0,2.0,4.0,3.0,0.0,0.0,0.0,1.083,1.083
707272,Loïc Williams,Granada CF,23.0,Centre-Back,800.0,Spain,1.88,BOIM FOOTBALL ...,left,2028.0,31.0,1.65,1.0,1.0,0.0,3.0,4.0,16.0,0.0,0.0,0.0,2.472,2.472
628464,Manu Lama,Granada CF,24.0,Centre-Back,200.0,Spain,1.92,,right,2027.0,17.0,1.76,2.0,1.0,1.0,4.0,3.0,1.0,0.0,1.0,0.0,578.0,1.155
448844,Carlos Neva,Granada CF,28.0,Left-Back,1500.0,Spain,1.74,,left,2025.0,17.0,1.59,1.0,1.0,0.0,1.0,6.0,3.0,0.0,0.0,0.0,1.386,1.386
713649,Miguel Ángel Brau,Granada CF,23.0,Left-Back,1000.0,Spain,1.83,,left,2025.0,26.0,1.62,2.0,0.0,0.0,5.0,5.0,7.0,0.0,0.0,0.0,1.005,2.009
388545,Ricard Sánchez,Granada CF,25.0,Right-Back,2500.0,Spain,1.75,,right,2025.0,35.0,1.66,2.0,4.0,0.0,12.0,5.0,7.0,0.0,1.0,0.0,1.106,2.212
705813,Rubén Sánchez,Granada CF,24.0,Right-Back,700.0,Spain,1.85,,right,2025.0,32.0,1.41,1.0,1.0,0.0,10.0,7.0,1.0,1.0,0.0,0.0,2.007,2.007
398808,Martin Hongla,Granada CF,27.0,Defensive Midfield,2000.0,Cameroon,1.82,,right,2027.0,32.0,1.47,3.0,2.0,0.0,5.0,11.0,9.0,0.0,1.0,0.0,780.0,2.34
398163,Gonzalo Villar,Granada CF,27.0,Central Midfield,2000.0,Spain,1.81,,right,2027.0,38.0,1.61,2.0,1.0,0.0,13.0,14.0,10.0,0.0,1.0,0.0,1.136,2.271
394694,Sergio Ruiz,Granada CF,30.0,Central Midfield,2000.0,Spain,1.76,,right,2026.0,38.0,1.61,0.0,6.0,0.0,8.0,11.0,6.0,0.0,0.0,0.0,0.0,2.643
188854,Manu Trigueros,Granada CF,33.0,Central Midfield,600.0,Spain,1.78,,right,2026.0,37.0,1.57,3.0,3.0,0.0,20.0,16.0,4.0,0.0,0.0,0.0,516.0,1.549
627226,Reinier,Granada CF,23.0,Attacking Midfield,2000.0,Brazil,1.85,Bertolucci Sports,right,2025.0,25.0,1.36,1.0,4.0,0.0,10.0,14.0,3.0,0.0,0.0,0.0,1.401,1.401
289167,Kamil Jóźwiak,Granada CF,27.0,Left Winger,1200.0,Poland,1.76,Fabryka Futbolu,right,2025.0,19.0,1.63,0.0,1.0,0.0,11.0,8.0,4.0,0.0,1.0,0.0,0.0,770.0
1064103,Sergio Rodelas,Granada CF,20.0,Left Winger,800.0,Spain,1.68,,left,2028.0,25.0,1.76,3.0,7.0,0.0,13.0,9.0,4.0,1.0,0.0,0.0,398.0,1.194
718034,Abde Rebbach,Granada CF,26.0,Left Winger,700.0,Algeria,1.76,,right,2025.0,27.0,1.52,2.0,1.0,0.0,7.0,19.0,3.0,0.0,0.0,0.0,799.0,1.597
419067,Georgiy Tsitaishvili,Granada CF,24.0,Right Winger,1500.0,Georgia,1.71,,left,2025.0,37.0,1.49,6.0,3.0,0.0,6.0,25.0,5.0,0.0,0.0,0.0,434.0,2.604
271021,Stoichkov,Granada CF,31.0,Second Striker,2000.0,Spain,1.78,AS1,right,2027.0,29.0,1.41,1.0,1.0,0.0,14.0,12.0,1.0,0.0,1.0,0.0,1.544,1.544
334222,Lucas Boyé,Granada CF,29.0,Centre-Forward,3500.0,Argentina,1.83,Universal Twenty Two,right,2027.0,31.0,1.65,10.0,5.0,0.0,5.0,13.0,3.0,0.0,0.0,3.0,242.0,2.416
984708,Siren Diao,Granada CF,20.0,Centre-Forward,1500.0,Spain,1.89,GR Sports,left,2025.0,14.0,2.14,2.0,2.0,0.0,10.0,3.0,0.0,0.0,0.0,0.0,194.0,388.0
85324,Borja Bastón,Granada CF,32.0,Centre-Forward,1000.0,Spain,1.86,,right,2025.0,18.0,1.11,0.0,0.0,0.0,11.0,6.0,0.0,0.0,0.0,0.0,0.0,546.0
276111,David Costas,Real Oviedo,30.0,Centre-Back,1400.0,Spain,1.84,,right,2026.0,29.0,1.72,1.0,1.0,0.0,2.0,3.0,5.0,0.0,0.0,0.0,2.388,2.388
326416,Dani Calvo,Real Oviedo,31.0,Centre-Back,1200.0,Spain,1.93,Wasserman,right,2025.0,40.0,1.73,2.0,3.0,0.0,1.0,1.0,9.0,0.0,0.0,0.0,1.771,3.542
447823,Oier Luengo,Real Oviedo,27.0,Centre-Back,1000.0,Spain,1.85,,right,2027.0,28.0,1.79,2.0,1.0,0.0,3.0,7.0,6.0,0.0,1.0,0.0,1.068,2.136
929899,Rahim Alhassane,Real Oviedo,23.0,Left-Back,1000.0,Niger,1.84,ROOF,left,2027.0,23.0,1.65,0.0,1.0,0.0,4.0,4.0,4.0,0.0,0.0,0.0,0.0,1.702
216870,Nacho Vidal,Real Oviedo,30.0,Right-Back,1500.0,Spain,1.8,AS1,right,2027.0,25.0,1.96,2.0,1.0,0.0,6.0,3.0,4.0,0.0,0.0,0.0,871.0,1.741
349884,Lucas Ahijado,Real Oviedo,30.0,Right-Back,800.0,Spain,1.74,Wasserman,right,2025.0,17.0,1.71,1.0,2.0,0.0,8.0,4.0,3.0,0.0,0.0,0.0,897.0,897.0
230222,Álvaro Lemos,Real Oviedo,32.0,Right-Back,500.0,Spain,1.77,,right,2025.0,10.0,1.6,0.0,0.0,0.0,4.0,3.0,2.0,0.0,0.0,0.0,0.0,572.0
395122,Santiago Colombatto,Real Oviedo,28.0,Defensive Midfield,3000.0,Argentina,1.78,B1G Talent,left,2025.0,38.0,1.63,4.0,3.0,0.0,3.0,9.0,9.0,0.0,0.0,1.0,792.0,3.167
226261,César de la Hoz,Real Oviedo,33.0,Defensive Midfield,400.0,Spain,1.79,Dupla Piqué & ...,right,2026.0,,,,,,,,,,,,,
340867,Jaime Seoane,Real Oviedo,28.0,Central Midfield,2000.0,Spain,1.77,Footfeel ISM,right,2027.0,26.0,1.69,2.0,1.0,0.0,9.0,14.0,5.0,0.0,0.0,0.0,702.0,1.404
538006,Kwasi Sibo,Real Oviedo,26.0,Central Midfield,1000.0,Ghana,1.83,,right,2026.0,34.0,1.74,1.0,1.0,0.0,10.0,12.0,9.0,0.0,0.0,0.0,2.259,2.259
15799,Santi Cazorla,Real Oviedo,40.0,Central Midfield,300.0,Spain,1.68,,both,2025.0,30.0,1.73,3.0,5.0,0.0,7.0,21.0,1.0,0.0,0.0,2.0,601.0,1.802
719737,Álex Cardero,Real Oviedo,21.0,Attacking Midfield,200.0,Spain,1.74,,"
                            Jul 1, 2023                        ",2026.0,20.0,1.85,1.0,1.0,0.0,17.0,2.0,4.0,0.0,0.0,0.0,614.0,614.0
620164,Haissem Hassan,Real Oviedo,23.0,Right Winger,2000.0,France,1.75,FAIR SPORT MNG,right,2027.0,38.0,1.63,4.0,2.0,0.0,14.0,20.0,4.0,0.0,0.0,0.0,535.0,2.141
292617,Sebas Moyano,Real Oviedo,28.0,Right Winger,1600.0,Spain,1.73,IGdreamsfootball,right,2025.0,,,,,,,,,,,,,
261502,Paulino de la Fuente,Real Oviedo,27.0,Right Winger,1400.0,Spain,1.84,LEADERBROCK,left,2026.0,23.0,1.65,1.0,1.0,0.0,19.0,4.0,3.0,0.0,0.0,0.0,579.0,579.0
138803,Francisco Portillo,Real Oviedo,34.0,Right Winger,300.0,Spain,1.69,,right,2025.0,20.0,1.85,1.0,1.0,0.0,10.0,10.0,2.0,0.0,0.0,0.0,956.0,956.0
560417,Alemão,Real Oviedo,27.0,Centre-Forward,3500.0,Brazil,1.82,Marcio Bittencourt ...,right,2025.0,40.0,1.65,14.0,4.0,0.0,6.0,19.0,3.0,0.0,0.0,0.0,211.0,2.948
578419,Federico Viñas,Real Oviedo,26.0,Centre-Forward,3000.0,Uruguay,1.81,,left,2025.0,16.0,1.75,1.0,0.0,0.0,6.0,10.0,3.0,0.0,0.0,0.0,676.0,676.0
605543,Daniel Paraschiv,Real Oviedo,26.0,Centre-Forward,1000.0,Romania,1.85,,right,2027.0,27.0,1.48,3.0,1.0,0.0,25.0,2.0,1.0,0.0,0.0,0.0,187.0,562.0
690273,Bernardo Vital,Real Zaragoza,24.0,Centre-Back,1500.0,Portugal,1.87,,right,2026.0,34.0,1.18,0.0,0.0,0.0,4.0,2.0,10.0,0.0,0.0,0.0,0.0,2.78
582429,Sebastian Kosa,Real Zaragoza,21.0,Centre-Back,600.0,Slovakia,1.91,Stars & Friends,right,2028.0,13.0,1.69,0.0,0.0,0.0,2.0,2.0,5.0,0.0,0.0,0.0,0.0,983.0
262391,Lluís López,Real Zaragoza,28.0,Centre-Back,500.0,Spain,1.82,,right,2025.0,30.0,1.33,0.0,1.0,0.0,1.0,1.0,6.0,0.0,1.0,0.0,0.0,2.615
487951,Enrique Clemente,Real Zaragoza,26.0,Centre-Back,400.0,Spain,1.82,,left,2025.0,19.0,0.89,1.0,0.0,1.0,4.0,6.0,3.0,0.0,1.0,0.0,1.333,1.333
128479,Jair Amador,Real Zaragoza,35.0,Centre-Back,200.0,Portugal,1.9,,left,2025.0,23.0,1.26,3.0,2.0,0.0,5.0,0.0,6.0,0.0,0.0,0.0,560.0,1.681
627282,Dani Tasende,Real Zaragoza,24.0,Left-Back,1200.0,Spain,1.72,,left,2028.0,34.0,1.18,2.0,7.0,0.0,7.0,10.0,8.0,1.0,0.0,0.0,1.19,2.379
340682,Carlos Nieto,Real Zaragoza,29.0,Left-Back,400.0,Spain,1.81,,left,2025.0,,,,,,,,,,,,,
212849,Iván Calero,Real Zaragoza,30.0,Right-Back,900.0,Spain,1.74,Footfeel ISM,right,2027.0,33.0,1.12,0.0,3.0,0.0,5.0,7.0,8.0,1.0,0.0,0.0,0.0,2.511
718876,Marcos Luna,Real Zaragoza,22.0,Right-Back,500.0,Spain,1.8,,right,2029.0,26.0,1.27,2.0,2.0,0.0,11.0,7.0,5.0,0.0,0.0,0.0,730.0,1.459
526050,Kervin Arriaga,Real Zaragoza,27.0,Defensive Midfield,1500.0,Honduras,1.91,Wasserman,right,2025.0,37.0,1.41,1.0,2.0,0.0,4.0,7.0,11.0,0.0,0.0,0.0,2.964,2.964
632930,Francho Serrano,Real Zaragoza,23.0,Central Midfield,3500.0,Spain,1.8,LEADERBROCK,right,2025.0,37.0,1.19,4.0,3.0,0.0,11.0,7.0,3.0,0.0,0.0,0.0,616.0,2.465
295622,Keidi Bare,Real Zaragoza,27.0,Central Midfield,2500.0,Albania,1.74,Niagara Sports ...,right,2027.0,22.0,1.27,0.0,2.0,0.0,2.0,12.0,7.0,0.0,0.0,0.0,0.0,1.704
330352,Raúl Guti,Real Zaragoza,28.0,Central Midfield,1500.0,Spain,1.78,,right,2026.0,22.0,1.55,2.0,3.0,0.0,7.0,7.0,6.0,0.0,0.0,0.0,676.0,1.351
295065,Toni Moya,Real Zaragoza,27.0,Central Midfield,1500.0,Spain,1.85,,right,2026.0,36.0,1.19,0.0,6.0,0.0,17.0,9.0,7.0,0.0,0.0,0.0,0.0,1.937
1061122,Adrián Liso,Real Zaragoza,20.0,Left Winger,2000.0,Spain,1.82,Goal Management,left,2029.0,39.0,1.13,4.0,2.0,0.0,14.0,16.0,2.0,0.0,0.0,0.0,625.0,2.499
895480,Adu Ares,Real Zaragoza,23.0,Right Winger,1600.0,Spain,1.83,,right,2025.0,31.0,1.03,5.0,2.0,0.0,13.0,13.0,8.0,0.0,0.0,0.0,308.0,1.542
158057,Ager Aketxe,Real Zaragoza,31.0,Right Winger,1000.0,Spain,1.74,EGGO Asesores ...,left,2026.0,35.0,1.17,2.0,3.0,0.0,14.0,17.0,4.0,0.0,0.0,0.0,898.0,1.796
710969,Samed Bazdar,Real Zaragoza,21.0,Centre-Forward,3000.0,Bosnia-Herzegovina,1.86,,right,2029.0,29.0,1.14,4.0,4.0,0.0,10.0,14.0,6.0,0.0,1.0,0.0,409.0,1.636
522110,Mario Soberón,Real Zaragoza,28.0,Centre-Forward,2000.0,Spain,1.78,,right,2026.0,23.0,1.3,10.0,2.0,0.0,3.0,17.0,4.0,0.0,0.0,2.0,147.0,1.474
634105,Alberto Marí,Real Zaragoza,23.0,Centre-Forward,1200.0,Spain,1.83,,right,2025.0,,,,,,,,,,,,,
422460,Dani Gómez,Real Zaragoza,26.0,Centre-Forward,1000.0,Spain,1.78,,right,2028.0,28.0,0.93,6.0,1.0,0.0,14.0,11.0,1.0,0.0,1.0,1.0,208.0,1.248
1061123,Pau Sans,Real Zaragoza,20.0,Centre-Forward,800.0,Spain,1.77,MSSports,right,2029.0,32.0,1.25,5.0,1.0,0.0,20.0,9.0,4.0,0.0,0.0,0.0,264.0,1.32
387129,Róber Pier,Sporting Gijón,30.0,Centre-Back,1200.0,Spain,1.82,,right,2025.0,33.0,1.27,2.0,0.0,1.0,3.0,4.0,7.0,0.0,1.0,0.0,1.315,2.629
258475,Nikola Maras,Sporting Gijón,29.0,Centre-Back,1000.0,Serbia,1.89,AS1,right,2025.0,26.0,1.35,0.0,1.0,0.0,2.0,10.0,5.0,0.0,0.0,0.0,0.0,1.981
825184,Diego Sánchez,Sporting Gijón,21.0,Centre-Back,600.0,Spain,1.86,,left,2027.0,29.0,1.31,1.0,0.0,0.0,5.0,2.0,3.0,0.0,0.0,0.0,2.212,2.212
390823,Eric Curbelo,Sporting Gijón,31.0,Centre-Back,600.0,Spain,1.8,,right,2026.0,9.0,1.22,0.0,0.0,0.0,0.0,5.0,2.0,0.0,0.0,0.0,0.0,577.0
620163,Yann Kembo,Sporting Gijón,23.0,Centre-Back,100.0,France,1.96,YOU FIRST,left,2025.0,3.0,2.0,0.0,0.0,0.0,0.0,0.0,0.0,0.0,0.0,0.0,0.0,270.0
636300,Pablo García,Sporting Gijón,24.0,Left-Back,600.0,Spain,1.78,LIAN Sports Group,left,2028.0,34.0,1.26,0.0,5.0,0.0,16.0,8.0,7.0,0.0,0.0,0.0,0.0,1.896
87469,Cote,Sporting Gijón,35.0,Left-Back,300.0,Spain,1.82,Dupla Piqué & ...,left,2025.0,24.0,1.29,1.0,2.0,0.0,8.0,10.0,8.0,0.0,0.0,0.0,1.361,1.361
557146,Guille Rosas,Sporting Gijón,25.0,Right-Back,1500.0,Spain,1.75,AS1,right,2028.0,38.0,1.29,2.0,3.0,0.0,6.0,10.0,10.0,0.0,0.0,0.0,1.442,2.884
221315,Kevin Vázquez,Sporting Gijón,32.0,Right-Back,600.0,Spain,1.75,,right,2026.0,21.0,1.52,0.0,1.0,1.0,10.0,9.0,2.0,0.0,0.0,0.0,0.0,960.0
503837,Nacho Méndez,Sporting Gijón,27.0,Central Midfield,1500.0,Spain,1.78,YOU FIRST,left,2025.0,39.0,1.26,4.0,1.0,0.0,1.0,11.0,6.0,0.0,0.0,0.0,802.0,3.207
623524,Carlos Dotor,Sporting Gijón,24.0,Central Midfield,1200.0,Spain,1.8,Footfeel ISM,right,2025.0,17.0,1.06,2.0,0.0,0.0,12.0,5.0,2.0,0.0,0.0,0.0,279.0,558.0
509483,Jesús Bernal,Sporting Gijón,28.0,Central Midfield,1000.0,Spain,1.82,,right,2027.0,,,,,,,,,,,,,
719722,Nacho Martín,Sporting Gijón,23.0,Central Midfield,900.0,Spain,1.75,,right,2027.0,40.0,1.28,0.0,1.0,0.0,23.0,9.0,2.0,0.0,0.0,0.0,0.0,1.969
377795,Lander Olaetxea,Sporting Gijón,32.0,Central Midfield,600.0,Spain,1.79,,right,2025.0,,,,,,,,,,,,,
505308,César Gelabert,Sporting Gijón,24.0,Attacking Midfield,1500.0,Spain,1.82,YOU FIRST,right,2025.0,38.0,1.24,4.0,2.0,0.0,12.0,17.0,7.0,0.0,0.0,0.0,577.0,2.308
628621,Jonathan Dubasin,Sporting Gijón,25.0,Left Winger,2500.0,Spain,1.81,AS1,right,2025.0,39.0,1.28,8.0,9.0,0.0,2.0,10.0,6.0,0.0,0.0,1.0,404.0,3.228
580525,Gaspar Campos,Sporting Gijón,25.0,Left Winger,2200.0,Spain,1.75,LIAN Sports Group,right,2028.0,24.0,1.33,3.0,1.0,0.0,8.0,11.0,3.0,0.0,0.0,0.0,452.0,1.355
719726,Dani Queipo,Sporting Gijón,23.0,Left Winger,1200.0,Spain,1.68,,right,2027.0,28.0,1.36,0.0,1.0,0.0,16.0,11.0,4.0,0.0,0.0,0.0,0.0,1.148
668183,Nico Serrano,Sporting Gijón,22.0,Left Winger,1200.0,Spain,1.76,,left,2025.0,26.0,1.35,2.0,1.0,0.0,10.0,15.0,2.0,0.0,0.0,0.0,644.0,1.288
332305,Juan Otero,Sporting Gijón,29.0,Right Winger,2000.0,Colombia,1.82,,right,2027.0,35.0,1.37,12.0,1.0,0.0,7.0,22.0,3.0,0.0,0.0,7.0,193.0,2.32
870139,Álex Oyón,Sporting Atlco.,22.0,Second Striker,100.0,Spain,1.71,,both,2025.0,5.0,0.8,1.0,0.0,0.0,3.0,1.0,0.0,0.0,0.0,0.0,181.0,181.0
360412,Jordy Caicedo,Sporting Gijón,27.0,Centre-Forward,1600.0,Ecuador,1.87,AS1,right,2025.0,26.0,1.23,2.0,0.0,0.0,17.0,8.0,6.0,0.0,0.0,1.0,436.0,871.0
394285,Víctor Campuzano,Sporting Gijón,27.0,Centre-Forward,1000.0,Spain,1.74,YOU FIRST,left,2025.0,39.0,1.21,5.0,2.0,0.0,31.0,8.0,4.0,0.0,0.0,1.0,212.0,1.061
341263,Adrián de la Fuente,Levante,26.0,Centre-Back,1000.0,Spain,1.79,,right,2026.0,31.0,1.71,1.0,0.0,0.0,5.0,2.0,10.0,1.0,0.0,1.0,2.393,2.393
255495,Unai Elgezabal,Levante,32.0,Centre-Back,700.0,Spain,1.85,,right,2025.0,39.0,1.87,0.0,0.0,0.0,0.0,0.0,8.0,0.0,0.0,0.0,0.0,3.51
1063333,Jorge Cabello,Levante,21.0,Centre-Back,700.0,Spain,1.83,LIAN Sports Group,left,2028.0,20.0,1.7,0.0,0.0,0.0,5.0,0.0,5.0,0.0,0.0,0.0,0.0,1.459
70245,Ignasi Miquel,Levante,32.0,Centre-Back,600.0,Spain,1.89,,left,2025.0,16.0,2.06,0.0,1.0,1.0,2.0,2.0,5.0,1.0,0.0,0.0,0.0,1.263
505493,Diego Pampín,Levante,25.0,Left-Back,900.0,Spain,1.75,Excellence Sport,left,2025.0,33.0,1.88,1.0,2.0,0.0,2.0,2.0,4.0,0.0,0.0,0.0,2.826,2.826
1063331,Marcos Navarro,Levante,20.0,Left-Back,300.0,Spain,1.72,InterStarDeporte,left,2025.0,11.0,1.64,0.0,0.0,0.0,1.0,7.0,2.0,0.0,1.0,0.0,0.0,732.0
374142,Manu Sánchez,Levante,29.0,Right-Back,400.0,Spain,1.83,RGFOOTBALL,right,2026.0,16.0,1.06,1.0,0.0,1.0,3.0,8.0,3.0,0.0,0.0,0.0,959.0,959.0
947115,Xavi Grande,Levante,20.0,Right-Back,200.0,Spain,1.75,,right,2028.0,17.0,2.24,0.0,0.0,0.0,8.0,8.0,0.0,0.0,0.0,0.0,0.0,690.0
405564,Giorgi Kochorashvili,Levante,25.0,Defensive Midfield,4000.0,Georgia,1.78,,right,2027.0,33.0,1.85,6.0,4.0,0.0,4.0,11.0,6.0,0.0,0.0,1.0,428.0,2.569
293388,Oriol Rey,Levante,27.0,Defensive Midfield,1600.0,Spain,1.77,Unique Sports Group,left,2025.0,38.0,1.82,0.0,3.0,0.0,2.0,7.0,10.0,0.0,0.0,0.0,0.0,3.152
638589,Ángel Algobia,Levante,25.0,Defensive Midfield,800.0,Spain,1.8,,right,2025.0,22.0,2.09,2.0,1.0,0.0,14.0,7.0,2.0,0.0,0.0,0.0,386.0,771.0
65467,Vicente Iborra,Levante,37.0,Defensive Midfield,200.0,Spain,1.9,Wasserman,right,2025.0,24.0,1.92,1.0,0.0,0.0,15.0,8.0,3.0,0.0,0.0,1.0,891.0,891.0
568835,Pablo Martínez,Levante,27.0,Central Midfield,2000.0,Spain,1.82,,right,2026.0,35.0,1.71,3.0,2.0,0.0,5.0,23.0,0.0,0.0,0.0,1.0,829.0,2.487
341277,Sergio Lozano,Levante,26.0,Central Midfield,1500.0,Spain,1.75,InterStarDeporte,right,2026.0,39.0,1.72,0.0,3.0,0.0,30.0,8.0,3.0,0.0,0.0,0.0,0.0,1.177
557057,Roger Brugué,Levante,28.0,Left Winger,1500.0,Spain,1.74,,left,2026.0,,,,,,,,,,,,,
668179,Carlos Álvarez,Levante,21.0,Right Winger,4000.0,Spain,1.68,,left,2027.0,41.0,1.78,6.0,11.0,0.0,4.0,18.0,4.0,0.0,0.0,0.0,541.0,3.244
1063338,Carlos Espí,Levante,19.0,Centre-Forward,1000.0,Spain,1.94,InterStarDeporte,right,2027.0,35.0,1.8,6.0,1.0,0.0,33.0,2.0,0.0,0.0,0.0,0.0,82.0,489.0
252677,José Luis Morales,Levante,37.0,Centre-Forward,700.0,Spain,1.8,,right,2025.0,41.0,1.78,11.0,3.0,0.0,7.0,33.0,4.0,0.0,0.0,0.0,234.0,2.57
709380,Álex Forés,Levante,24.0,Centre-Forward,600.0,Spain,1.79,ROOF,right,2025.0,,,,,,,,,,,,,
495625,Víctor Chust,Cádiz CF,25.0,Centre-Back,2000.0,Spain,1.84,,both,2028.0,39.0,1.26,3.0,1.0,0.0,2.0,1.0,8.0,0.0,0.0,0.0,1.117,3.35
845563,Bojan Kovacevic,Cádiz CF,21.0,Centre-Back,1200.0,Serbia,1.93,INTERNATIONAL ...,right,2025.0,25.0,1.48,0.0,0.0,1.0,3.0,0.0,2.0,0.0,0.0,0.0,0.0,2.081
252667,Fali,Cádiz CF,31.0,Centre-Back,1000.0,Spain,1.86,AS1,right,2028.0,24.0,1.38,0.0,0.0,0.0,3.0,5.0,11.0,0.0,1.0,0.0,0.0,1.761
62945,Luis Hernández,Cádiz CF,36.0,Centre-Back,200.0,Spain,1.82,,right,2026.0,,,,,,,,,,,,,
628461,Iker Recio,Cádiz CF,23.0,Centre-Back,200.0,Spain,1.84,,left,2028.0,12.0,1.83,1.0,0.0,0.0,1.0,1.0,3.0,0.0,0.0,0.0,946.0,946.0
268957,José Matos,Cádiz CF,30.0,Left-Back,1200.0,Spain,1.68,,left,2026.0,27.0,1.19,1.0,2.0,0.0,8.0,6.0,2.0,1.0,0.0,0.0,1.712,1.712
720526,Mario Climent,Cádiz CF,23.0,Left-Back,500.0,Spain,1.79,RGFOOTBALL,left,2028.0,,,,,,,,,,,,,
254037,Iza Carcelén,Cádiz CF,32.0,Right-Back,1000.0,Spain,1.7,,right,2025.0,31.0,1.23,1.0,0.0,0.0,3.0,9.0,7.0,0.0,0.0,0.0,2.46,2.46
307519,Fede San Emeterio,Cádiz CF,28.0,Central Midfield,1000.0,Spain,1.76,,right,2026.0,24.0,1.67,0.0,0.0,0.0,10.0,9.0,6.0,1.0,0.0,0.0,0.0,1.275
89733,Álex Fernández,Cádiz CF,32.0,Central Midfield,1000.0,Spain,1.83,,right,2025.0,32.0,1.31,6.0,1.0,0.0,14.0,12.0,4.0,0.0,0.0,4.0,271.0,1.628
266795,Gonzalo Escalante,Cádiz CF,32.0,Central Midfield,800.0,Argentina,1.82,Hernan Berman,right,2026.0,23.0,1.65,1.0,1.0,0.0,13.0,4.0,2.0,0.0,0.0,0.0,973.0,973.0
247250,Rubén Alcaraz,Cádiz CF,34.0,Central Midfield,700.0,Spain,1.8,LEADERBROCK,right,2026.0,28.0,1.29,3.0,1.0,1.0,3.0,15.0,10.0,0.0,0.0,2.0,702.0,2.105
448344,Óscar Melendo,Cádiz CF,27.0,Attacking Midfield,1000.0,Spain,1.67,,left,2027.0,20.0,1.1,1.0,2.0,0.0,13.0,7.0,0.0,0.0,0.0,0.0,702.0,702.0
298983,Javi Ontiveros,Cádiz CF,27.0,Left Winger,2500.0,Spain,1.75,,right,2028.0,37.0,1.38,11.0,6.0,0.0,8.0,20.0,7.0,1.0,0.0,0.0,233.0,2.563
598765,Brian Ocampo,Cádiz CF,25.0,Left Winger,1000.0,Uruguay,1.72,,right,2026.0,33.0,1.09,1.0,4.0,0.0,11.0,17.0,6.0,1.0,0.0,0.0,1.798,1.798
1027993,José Antonio de la Rosa,Cádiz CF,20.0,Left Winger,300.0,Spain,1.74,,right,2027.0,22.0,1.27,1.0,0.0,0.0,11.0,12.0,1.0,0.0,0.0,0.0,899.0,899.0
538810,Chris Ramos,Cádiz CF,28.0,Centre-Forward,3000.0,Spain,1.9,YOU FIRST,right,2028.0,39.0,1.33,10.0,1.0,0.0,14.0,17.0,2.0,0.0,0.0,1.0,235.0,2.351
216464,Carlos Fernández,Cádiz CF,29.0,Centre-Forward,1200.0,Spain,1.85,,left,2025.0,30.0,1.27,1.0,1.0,0.0,14.0,13.0,5.0,0.0,0.0,0.0,1.475,1.475
85383,Rubén Sobrino,Cádiz CF,32.0,Centre-Forward,1000.0,Spain,1.85,LEADERBROCK,right,2026.0,39.0,1.38,5.0,0.0,0.0,14.0,21.0,9.0,0.0,0.0,0.0,425.0,2.127
212391,Roger Martí,Cádiz CF,34.0,Centre-Forward,700.0,Spain,1.79,AS1,right,2026.0,22.0,1.0,3.0,2.0,0.0,10.0,7.0,4.0,0.0,0.0,0.0,347.0,1.041
632872,Francisco Mwepu,Cádiz CF,25.0,Centre-Forward,500.0,Zambia,1.78,MANagement,right,2026.0,10.0,1.8,1.0,0.0,0.0,8.0,2.0,0.0,0.0,0.0,0.0,259.0,259.0
350197,Aitor Córdoba,Burgos CF,30.0,Centre-Back,1200.0,Spain,1.91,,right,2026.0,41.0,1.39,1.0,1.0,0.0,1.0,3.0,8.0,0.0,0.0,0.0,3.572,3.572
253905,Grego Sierra,Burgos CF,32.0,Centre-Back,700.0,Spain,1.86,,left,2026.0,28.0,1.64,1.0,0.0,0.0,1.0,3.0,6.0,0.0,1.0,0.0,2.386,2.386
854804,Nikola Milicic,Burgos CF,20.0,Centre-Back,500.0,Serbia,1.86,,right,2027.0,7.0,1.43,0.0,0.0,0.0,0.0,2.0,0.0,0.0,0.0,0.0,0.0,554.0
422850,Ghislain Konan,Burgos CF,29.0,Left-Back,2000.0,Cote d'Ivoire,1.76,,left,2025.0,2.0,,0.0,0.0,0.0,2.0,0.0,0.0,0.0,0.0,0.0,0.0,61.0
347594,Florian Miguel,Burgos CF,28.0,Left-Back,1000.0,France,1.79,Horizon,left,2026.0,38.0,1.5,1.0,1.0,0.0,1.0,11.0,9.0,0.0,0.0,0.0,3.14,3.14
423166,Pipa,Burgos CF,27.0,Right-Back,1600.0,Spain,1.76,Pro Evolution ...,right,2025.0,27.0,1.19,0.0,1.0,0.0,11.0,8.0,4.0,0.0,0.0,0.0,0.0,1.348
426326,Anderson Arroyo,Burgos CF,25.0,Right-Back,800.0,Colombia,1.76,,right,2027.0,36.0,1.39,1.0,1.0,0.0,6.0,9.0,6.0,0.0,0.0,0.0,2.695,2.695
268959,Raúl Navarro,Burgos CF,31.0,Right-Back,500.0,Spain,1.67,AS1,right,2025.0,6.0,1.67,0.0,0.0,0.0,2.0,3.0,2.0,0.0,0.0,0.0,0.0,299.0
484743,Gabriel Barès,Burgos CF,24.0,Defensive Midfield,400.0,Switzerland,1.87,Binary Sports Group,left,2026.0,12.0,0.75,0.0,0.0,0.0,8.0,4.0,1.0,0.0,0.0,0.0,0.0,314.0
480955,Miguel Atienza,Burgos CF,25.0,Central Midfield,1000.0,Spain,1.86,,right,2026.0,37.0,1.32,0.0,0.0,0.0,2.0,14.0,11.0,0.0,0.0,0.0,0.0,2.96
342223,Kévin Appin,Burgos CF,27.0,Central Midfield,1000.0,Martinique,1.76,,right,2027.0,7.0,1.57,0.0,0.0,0.0,1.0,3.0,0.0,0.0,0.0,0.0,0.0,515.0
548109,Iván Morante,Burgos CF,24.0,Central Midfield,700.0,Spain,1.82,Players First,left,2026.0,34.0,1.21,0.0,1.0,0.0,13.0,15.0,7.0,0.0,0.0,0.0,0.0,1.987
634267,David González,Burgos CF,22.0,Central Midfield,200.0,Spain,1.8,Universal Twenty Two,left,2027.0,29.0,1.07,3.0,1.0,0.0,19.0,8.0,2.0,0.0,0.0,1.0,337.0,1.01
251848,Iñigo Córdoba,Burgos CF,28.0,Left Winger,1500.0,Spain,1.78,,left,2026.0,31.0,1.29,3.0,3.0,0.0,16.0,12.0,5.0,0.0,0.0,0.0,500.0,1.501
111621,Dani Ojeda,Burgos CF,30.0,Left Winger,1200.0,Spain,1.78,YOU FIRST,both,2025.0,36.0,1.47,1.0,1.0,0.0,16.0,20.0,5.0,0.0,0.0,0.0,1.527,1.527
217155,Borja Sánchez,Burgos CF,29.0,Left Winger,1000.0,Spain,1.86,,right,2025.0,31.0,1.29,4.0,1.0,0.0,20.0,10.0,3.0,1.0,0.0,0.0,281.0,1.122
240849,Elady Zorrilla,Burgos CF,34.0,Left Winger,200.0,Spain,1.76,,right,2025.0,21.0,0.86,1.0,1.0,0.0,14.0,6.0,3.0,1.0,0.0,1.0,759.0,759.0
208116,Curro Sánchez,Burgos CF,29.0,Right Winger,2200.0,Spain,1.76,,left,2027.0,,,,,,,,,,,,,
560705,Álex Sancris,Burgos CF,28.0,Right Winger,1500.0,Spain,1.81,,both,2025.0,37.0,1.46,8.0,10.0,0.0,5.0,16.0,10.0,0.0,0.0,2.0,363.0,2.903
627294,Fer Niño,Burgos CF,24.0,Centre-Forward,2000.0,Spain,1.91,YOU FIRST,right,2026.0,41.0,1.32,8.0,1.0,0.0,17.0,17.0,8.0,0.0,0.0,0.0,284.0,2.273
1073078,Fernando Mimbacas,Burgos CF,23.0,Centre-Forward,500.0,Uruguay,1.95,,left,2028.0,2.0,,0.0,0.0,0.0,2.0,0.0,0.0,0.0,0.0,0.0,0.0,3.0
446516,Pablo Vázquez,Dep. La Coruña,30.0,Centre-Back,500.0,Spain,1.85,,right,2026.0,40.0,1.33,2.0,0.0,0.0,0.0,0.0,4.0,0.0,0.0,0.0,1.8,3.6
857949,Dani Barcia,Dep. La Coruña,22.0,Centre-Back,300.0,Spain,1.86,YOU FIRST,left,2028.0,16.0,1.5,0.0,0.0,1.0,0.0,0.0,5.0,0.0,0.0,0.0,0.0,1.44
282900,Pablo Martínez,Dep. La Coruña,36.0,Centre-Back,200.0,France,1.82,Wasserman,left,2025.0,27.0,1.41,0.0,0.0,1.0,5.0,2.0,4.0,0.0,0.0,0.0,0.0,1.951
212863,Jaime Sánchez,Dep. La Coruña,30.0,Centre-Back,200.0,Spain,1.85,Wasserman,right,2025.0,15.0,1.8,0.0,0.0,1.0,11.0,0.0,1.0,0.0,0.0,0.0,0.0,460.0
440737,Nemanja Tosic,Dep. La Coruña,28.0,Left-Back,1000.0,Serbia,1.89,,left,2025.0,17.0,1.71,0.0,0.0,0.0,8.0,7.0,1.0,0.0,0.0,0.0,0.0,719.0
646747,Rafa Obrador,Dep. La Coruña,21.0,Left-Back,500.0,Spain,1.81,,left,2025.0,32.0,1.34,0.0,1.0,0.0,8.0,12.0,5.0,0.0,0.0,0.0,0.0,2.167
93935,Sergio Escudero,Dep. La Coruña,35.0,Left-Back,200.0,Spain,1.76,,left,2026.0,,,,,,,,,,,,,
527838,Álex Petxarroman,Dep. La Coruña,28.0,Right-Back,500.0,Spain,1.8,,right,2028.0,26.0,1.31,0.0,2.0,0.0,10.0,6.0,4.0,0.0,0.0,0.0,0.0,1.412
184767,Ximo Navarro,Dep. La Coruña,35.0,Right-Back,200.0,Spain,1.76,CAA Stellar,right,2026.0,30.0,1.3,4.0,2.0,0.0,1.0,5.0,4.0,0.0,1.0,0.0,613.0,2.451
203516,Nuke Mfulu,Dep. La Coruña,31.0,Defensive Midfield,700.0,DR Congo,1.83,InterStarDeporte,right,2026.0,25.0,1.44,0.0,0.0,0.0,11.0,12.0,5.0,0.0,0.0,0.0,0.0,1.168
581674,Charlie Patiño,Dep. La Coruña,21.0,Central Midfield,1000.0,England,1.82,,left,2028.0,6.0,1.0,0.0,0.0,0.0,4.0,2.0,1.0,0.0,0.0,0.0,0.0,206.0
590687,Diego Villares,Dep. La Coruña,28.0,Central Midfield,700.0,Spain,1.8,,right,2027.0,39.0,1.31,4.0,1.0,0.0,6.0,9.0,3.0,0.0,1.0,0.0,760.0,3.04
187673,José Ángel Jurado,Dep. La Coruña,32.0,Central Midfield,300.0,Spain,1.83,,left,2026.0,28.0,1.36,0.0,5.0,0.0,5.0,14.0,5.0,0.0,0.0,0.0,0.0,1.963
568148,Mario Soriano,Dep. La Coruña,23.0,Attacking Midfield,1800.0,Spain,1.63,Wasserman,right,2028.0,41.0,1.29,5.0,4.0,0.0,4.0,19.0,4.0,0.0,0.0,0.0,642.0,3.212
470618,Denis Genreau,Dep. La Coruña,26.0,Attacking Midfield,800.0,Australia,1.75,Kemari,right,2027.0,19.0,1.53,2.0,0.0,0.0,12.0,7.0,0.0,0.0,1.0,0.0,305.0,610.0
510329,Hugo Rama,Dep. La Coruña,28.0,Attacking Midfield,400.0,Spain,1.77,Niagara Sports ...,right,2025.0,15.0,1.07,0.0,0.0,0.0,13.0,2.0,1.0,0.0,0.0,0.0,0.0,280.0
636385,Yeremay Hernández,Dep. La Coruña,22.0,Left Winger,5000.0,Spain,1.7,,right,2030.0,37.0,1.38,15.0,5.0,0.0,2.0,24.0,2.0,0.0,0.0,4.0,199.0,2.992
741256,David Mella,Dep. La Coruña,19.0,Right Winger,4000.0,Spain,1.69,,left,2029.0,35.0,1.4,6.0,5.0,0.0,3.0,22.0,0.0,1.0,0.0,0.0,459.0,2.754
847283,Juan Carlos Gauto,Dep. La Coruña,20.0,Right Winger,1500.0,Argentina,1.72,,right,2025.0,16.0,1.31,0.0,0.0,0.0,13.0,3.0,0.0,0.0,0.0,0.0,0.0,321.0
941104,Diego Gómez,Dep. La Coruña,20.0,Right Winger,200.0,Spain,1.77,,left,2030.0,35.0,1.51,2.0,4.0,0.0,11.0,13.0,5.0,0.0,0.0,0.0,1.007,2.013
211628,Mohamed Bouldini,Dep. La Coruña,29.0,Centre-Forward,800.0,Morocco,1.87,,right,2028.0,21.0,0.81,1.0,0.0,0.0,15.0,6.0,2.0,0.0,0.0,0.0,650.0,650.0
519651,Zakaria Eddahchouri,Dep. La Coruña,25.0,Centre-Forward,600.0,Netherlands,1.87,,right,2028.0,41.0,1.44,21.0,2.0,0.0,3.0,16.0,1.0,0.0,0.0,2.0,157.0,3.299
514514,Iván Barbero,Dep. La Coruña,26.0,Centre-Forward,500.0,Spain,1.86,,right,2026.0,37.0,1.3,7.0,5.0,0.0,18.0,18.0,3.0,0.0,1.0,0.0,254.0,1.777
237617,Cristian Herrera,Dep. La Coruña,34.0,Centre-Forward,300.0,Spain,1.82,CAA Stellar,both,2025.0,24.0,1.13,2.0,2.0,0.0,19.0,4.0,0.0,0.0,0.0,0.0,333.0,665.0
388542,Arnau Comas,SD Eibar,25.0,Centre-Back,500.0,Spain,1.91,Wasserman,right,2025.0,14.0,1.57,0.0,0.0,0.0,1.0,8.0,2.0,0.0,0.0,0.0,0.0,954.0
434602,Aritz Arambarri,SD Eibar,27.0,Centre-Back,500.0,Spain,1.86,,right,2027.0,,,,,,,,,,,,,
652330,Álvaro Carrillo,SD Eibar,23.0,Centre-Back,400.0,Spain,1.82,,right,2026.0,20.0,1.2,1.0,0.0,0.0,5.0,4.0,5.0,2.0,0.0,0.0,1.276,1.276
248330,Chema Rodríguez,SD Eibar,33.0,Centre-Back,200.0,Spain,1.89,,left,2025.0,11.0,1.55,0.0,0.0,0.0,4.0,2.0,6.0,0.0,0.0,0.0,0.0,689.0
71548,Anaitz Arbilla,SD Eibar,38.0,Centre-Back,200.0,Spain,1.78,,right,2025.0,26.0,1.42,0.0,0.0,0.0,0.0,1.0,8.0,1.0,0.0,0.0,0.0,2.326
566575,Cristian Gutiérrez,SD Eibar,24.0,Left-Back,1200.0,Spain,1.77,AS1,left,2027.0,33.0,1.3,0.0,3.0,0.0,7.0,17.0,1.0,0.0,0.0,0.0,0.0,2.298
1112214,Hodei Arrillaga,SD Eibar,21.0,Left-Back,500.0,Spain,1.75,,left,2027.0,,,,,,,,,,,,,
684253,Sergio Cubero,SD Eibar,25.0,Right-Back,600.0,Spain,1.87,YOU FIRST,right,2027.0,26.0,1.31,0.0,1.0,0.0,6.0,1.0,1.0,0.0,1.0,0.0,0.0,1.939
447052,Peru Nolaskoain,SD Eibar,26.0,Defensive Midfield,1000.0,Spain,1.86,CAA Stellar,right,2027.0,37.0,1.22,2.0,0.0,0.0,10.0,11.0,8.0,0.0,0.0,0.0,1.237,2.473
138935,Sergio Álvarez,SD Eibar,33.0,Defensive Midfield,700.0,Spain,1.83,,right,2026.0,36.0,1.47,0.0,0.0,0.0,10.0,3.0,3.0,1.0,0.0,0.0,0.0,2.607
323934,Matheus Pereira,SD Eibar,27.0,Central Midfield,1200.0,Brazil,1.83,,left,2025.0,31.0,1.42,1.0,4.0,0.0,5.0,15.0,9.0,0.0,0.0,0.0,2.118,2.118
611075,Iván Gil,SD Eibar,25.0,Attacking Midfield,800.0,Spain,1.68,,right,2025.0,11.0,1.73,0.0,2.0,0.0,5.0,6.0,2.0,0.0,0.0,0.0,0.0,475.0
471474,Javi Martínez,SD Eibar,25.0,Attacking Midfield,800.0,Spain,1.81,CAA Stellar,right,2027.0,16.0,1.38,0.0,1.0,0.0,10.0,6.0,2.0,0.0,0.0,0.0,0.0,534.0
337066,Toni Villa,SD Eibar,30.0,Left Winger,1000.0,Spain,1.72,,right,2026.0,16.0,1.31,0.0,1.0,0.0,11.0,3.0,3.0,0.0,0.0,0.0,0.0,580.0
289272,Martín Merquelanz,SD Eibar,29.0,Left Winger,600.0,Spain,1.76,,left,2025.0,15.0,1.07,0.0,0.0,0.0,10.0,5.0,2.0,0.0,0.0,0.0,0.0,502.0
572271,Xeber Alkain,SD Eibar,27.0,Right Winger,1500.0,Spain,1.74,,right,2026.0,33.0,1.3,1.0,1.0,0.0,13.0,11.0,2.0,0.0,0.0,0.0,1.913,1.913
262365,Antonio Puertas,SD Eibar,33.0,Right Winger,1500.0,Spain,1.83,AS1,right,2026.0,40.0,1.3,5.0,5.0,0.0,11.0,24.0,6.0,0.0,0.0,0.0,512.0,2.562
379534,José Corpas,SD Eibar,33.0,Right Winger,800.0,Spain,1.78,AS1,right,2026.0,32.0,1.56,5.0,6.0,1.0,0.0,12.0,11.0,0.0,0.0,2.0,542.0,2.71
625064,Jon Guruzeta,SD Eibar,25.0,Right Winger,500.0,Spain,1.85,YOU FIRST,right,2026.0,32.0,1.44,3.0,2.0,0.0,17.0,14.0,4.0,0.0,0.0,0.0,431.0,1.293
669511,Jorge Pascual,SD Eibar,22.0,Centre-Forward,1200.0,Spain,1.87,,left,2025.0,40.0,1.3,5.0,2.0,0.0,17.0,18.0,4.0,0.0,0.0,0.0,397.0,1.987
517845,Jérémy Blasco,SD Huesca,26.0,Centre-Back,800.0,France,1.85,UNIQUE DIMENSION,right,2025.0,33.0,1.7,1.0,0.0,0.0,3.0,11.0,2.0,0.0,0.0,0.0,2.444,2.444
67546,Jorge Pulido,SD Huesca,34.0,Centre-Back,700.0,Spain,1.86,YOU FIRST,right,2026.0,38.0,1.68,2.0,1.0,1.0,1.0,1.0,10.0,1.0,1.0,0.0,1.651,3.301
603969,Rubén Pulido,SD Huesca,24.0,Centre-Back,600.0,Spain,1.84,YOU FIRST,right,2025.0,26.0,1.42,1.0,0.0,0.0,5.0,4.0,6.0,0.0,0.0,0.0,1.762,1.762
513441,Diego González,SD Huesca,26.0,Centre-Back,500.0,Spain,1.79,,left,2026.0,24.0,1.67,1.0,2.0,0.0,11.0,6.0,4.0,0.0,1.0,0.0,1.164,1.164
581701,Ignasi Vilarrasa,SD Huesca,25.0,Left-Back,1000.0,Spain,1.83,MSSports,left,2025.0,42.0,1.6,1.0,8.0,0.0,3.0,8.0,3.0,0.0,1.0,1.0,3.372,3.372
537763,Jordi Martín,SD Huesca,24.0,Left-Back,800.0,Spain,1.76,,left,2026.0,31.0,1.55,2.0,1.0,0.0,18.0,9.0,5.0,0.0,0.0,0.0,657.0,1.313
260230,Moi Delgado,SD Huesca,31.0,Left-Back,300.0,Spain,1.72,,left,2025.0,22.0,0.86,0.0,0.0,0.0,10.0,8.0,3.0,0.0,0.0,0.0,0.0,1.117
400104,Miguel Loureiro,SD Huesca,28.0,Right-Back,1000.0,Spain,1.82,,right,2026.0,31.0,1.55,3.0,1.0,0.0,2.0,2.0,8.0,0.0,1.0,0.0,854.0,2.562
595357,Toni Abad,SD Huesca,28.0,Right-Back,600.0,Spain,1.74,Wasserman,right,2026.0,40.0,1.68,0.0,1.0,0.0,26.0,8.0,5.0,0.0,0.0,0.0,0.0,1.808
67550,Óscar Sielva,SD Huesca,33.0,Central Midfield,800.0,Spain,1.8,IGdreamsfootball,right,2029.0,34.0,1.62,6.0,1.0,0.0,2.0,10.0,13.0,0.0,2.0,5.0,450.0,2.701
625653,Iker Kortajarena,SD Huesca,24.0,Central Midfield,700.0,Spain,1.82,,left,2026.0,39.0,1.62,4.0,4.0,0.0,8.0,15.0,3.0,0.0,0.0,0.0,673.0,2.693
353018,Javi Mier,SD Huesca,26.0,Central Midfield,600.0,Spain,1.76,,right,2025.0,23.0,1.7,1.0,0.0,0.0,15.0,7.0,5.0,0.0,0.0,0.0,896.0,896.0
350208,Javi Pérez,SD Huesca,29.0,Central Midfield,500.0,Spain,1.85,,right,2025.0,19.0,1.16,1.0,1.0,0.0,4.0,11.0,4.0,0.0,0.0,0.0,1.227,1.227
628301,Hugo Vallejo,SD Huesca,25.0,Left Winger,500.0,Spain,1.81,CAA Stellar,right,2025.0,26.0,1.54,2.0,1.0,0.0,16.0,7.0,1.0,1.0,0.0,0.0,591.0,1.182
396334,Joaquín Muñoz,SD Huesca,26.0,Right Winger,1000.0,Spain,1.72,,both,2025.0,36.0,1.53,7.0,1.0,0.0,17.0,17.0,6.0,0.0,0.0,0.0,247.0,1.726
524197,Patrick Soko,SD Huesca,27.0,Right Winger,1000.0,Cameroon,1.76,,right,2025.0,37.0,1.7,12.0,4.0,0.0,3.0,24.0,4.0,0.0,0.0,0.0,223.0,2.681
278651,Gerard Valentín,SD Huesca,31.0,Right Winger,900.0,Spain,1.77,AS1,right,2026.0,37.0,1.59,1.0,4.0,0.0,8.0,21.0,9.0,0.0,0.0,0.0,2.405,2.405
605466,Iker Unzueta,SD Huesca,26.0,Centre-Forward,500.0,Spain,1.84,,right,2026.0,28.0,1.54,3.0,1.0,0.0,19.0,8.0,2.0,0.0,0.0,1.0,312.0,936.0
81988,Sergi Enrich,SD Huesca,35.0,Centre-Forward,300.0,Spain,1.83,,right,2025.0,37.0,1.57,7.0,0.0,0.0,11.0,20.0,2.0,0.0,0.0,0.0,313.0,2.194
1137080,Ayman Arguigue,SD Huesca,20.0,Centre-Forward,200.0,Morocco,1.84,,right,2026.0,10.0,1.3,0.0,0.0,0.0,9.0,1.0,1.0,0.0,0.0,0.0,0.0,164.0
353034,Juan Escobar,Castellón,29.0,Centre-Back,1000.0,Paraguay,1.77,,right,2025.0,8.0,1.5,0.0,0.0,0.0,2.0,5.0,2.0,0.0,0.0,0.0,0.0,431.0
611816,Daijiro Chirino,Castellón,23.0,Centre-Back,800.0,Curacao,1.85,,right,2028.0,39.0,1.28,0.0,3.0,0.0,5.0,11.0,10.0,0.0,0.0,0.0,0.0,3.112
199341,Óscar Gil,Castellón,29.0,Centre-Back,300.0,Spain,1.84,,right,2025.0,18.0,1.67,1.0,0.0,0.0,3.0,13.0,4.0,0.0,0.0,0.0,1.011,1.011
265289,Alberto Jiménez,Castellón,32.0,Centre-Back,200.0,Spain,1.86,,right,2026.0,38.0,1.32,2.0,0.0,0.0,2.0,7.0,10.0,1.0,0.0,0.0,1.584,3.167
765467,Jozhua Vertrouwd,Castellón,20.0,Left-Back,600.0,Netherlands,1.87,,left,2027.0,33.0,1.27,1.0,2.0,0.0,3.0,10.0,5.0,0.0,0.0,0.0,2.677,2.677
146258,Jetro Willems,Castellón,31.0,Left-Back,400.0,Netherlands,1.77,H2 Agency,left,2025.0,20.0,1.05,1.0,1.0,0.0,10.0,6.0,5.0,0.0,0.0,0.0,956.0,956.0
162063,Salva Ruiz,Castellón,30.0,Left-Back,400.0,Spain,1.77,,left,2026.0,20.0,1.1,0.0,0.0,0.0,9.0,6.0,3.0,0.0,0.0,0.0,0.0,1.093
160285,Milos Jojic,Castellón,33.0,Central Midfield,500.0,Serbia,1.77,,right,2025.0,12.0,1.33,0.0,0.0,0.0,8.0,4.0,1.0,0.0,0.0,0.0,0.0,433.0
408472,Josep Calavera,Castellón,25.0,Central Midfield,500.0,Spain,1.81,IGdreamsfootball,right,2025.0,18.0,1.28,0.0,0.0,0.0,7.0,7.0,2.0,0.0,1.0,0.0,0.0,862.0
208022,Giovanni Zarfino,Castellón,33.0,Central Midfield,300.0,Uruguay,1.85,YOU FIRST,right,2025.0,11.0,1.36,0.0,1.0,0.0,4.0,4.0,1.0,1.0,0.0,0.0,0.0,511.0
540659,Albert Lottin,Castellón,23.0,Central Midfield,200.0,France,1.81,,right,2027.0,13.0,0.46,1.0,0.0,0.0,9.0,4.0,1.0,0.0,0.0,0.0,487.0,487.0
352223,Israel Suero,Castellón,31.0,Attacking Midfield,400.0,Spain,1.72,,left,2027.0,40.0,1.18,11.0,2.0,0.0,15.0,14.0,3.0,0.0,0.0,2.0,216.0,2.375
361878,Sergio Moyita,Castellón,32.0,Attacking Midfield,200.0,Spain,1.74,,right,2025.0,,,,,,,,,,,,,
536619,Raúl Sánchez,Castellón,27.0,Left Winger,700.0,Spain,1.88,,left,2027.0,35.0,1.43,10.0,4.0,0.0,3.0,10.0,6.0,0.0,0.0,0.0,275.0,2.749
700565,Brian Cipenga,Castellón,27.0,Left Winger,500.0,DR Congo,1.72,,right,2026.0,,,,,,,,,,,,,
255729,Awer Mabil,Castellón,29.0,Left Winger,300.0,Australia,1.78,,right,2026.0,23.0,1.0,4.0,10.0,0.0,6.0,12.0,2.0,0.0,0.0,0.0,383.0,1.533
461959,Douglas Aurélio,Castellón,26.0,Right Winger,800.0,Brazil,1.83,,left,2025.0,25.0,1.44,3.0,0.0,0.0,8.0,11.0,1.0,0.0,0.0,0.0,474.0,1.421
633111,Álex Calatrava,Castellón,24.0,Right Winger,800.0,Spain,1.75,,left,2028.0,31.0,1.48,5.0,10.0,0.0,6.0,11.0,7.0,0.0,0.0,0.0,436.0,2.178
776579,Kenneth Mamah,Castellón,27.0,Right Winger,700.0,Nigeria,1.82,,right,2027.0,24.0,1.46,4.0,1.0,0.0,2.0,6.0,1.0,0.0,0.0,0.0,475.0,1.899
972764,Nick Markanich,Castellón,25.0,Right Winger,500.0,United States,1.85,,"
                            Jan 1, 2025                        ",2027.0,12.0,1.17,2.0,0.0,0.0,8.0,4.0,2.0,0.0,0.0,0.0,178.0,355.0
543390,Mamadou Traoré,Castellón,23.0,Right Winger,100.0,Mali,1.7,,"
                            Jan 7, 2025                        ",2028.0,8.0,1.0,0.0,0.0,0.0,6.0,0.0,1.0,0.0,0.0,0.0,0.0,278.0
598611,Jesús de Miguel,Castellón,28.0,Centre-Forward,600.0,Spain,1.89,,left,2026.0,33.0,1.27,3.0,2.0,0.0,17.0,10.0,1.0,0.0,0.0,0.0,574.0,1.722
827950,Ousmane Camara,Castellón,23.0,Centre-Forward,500.0,Guinea,1.76,LIAN Sports Group,left,2027.0,15.0,0.73,3.0,0.0,0.0,4.0,5.0,1.0,0.0,0.0,0.0,323.0,968.0
281773,José León,CD Tenerife,30.0,Centre-Back,700.0,Spain,1.85,,left,2026.0,30.0,0.63,4.0,0.0,1.0,1.0,1.0,2.0,0.0,1.0,0.0,648.0,2.591
410696,Anthony Landázuri,CD Tenerife,28.0,Centre-Back,500.0,Ecuador,1.79,,right,2027.0,9.0,1.44,1.0,1.0,0.0,0.0,0.0,1.0,0.0,1.0,0.0,738.0,738.0
465317,Juande Rivas,CD Tenerife,25.0,Centre-Back,400.0,Spain,1.87,,right,2027.0,12.0,0.42,0.0,0.0,0.0,2.0,3.0,1.0,0.0,0.0,0.0,0.0,852.0
311454,José Amo,CD Tenerife,27.0,Centre-Back,400.0,Spain,1.82,Goal Management,right,2026.0,,,,,,,,,,,,,
461619,Fernando Medrano,CD Tenerife,25.0,Left-Back,500.0,Spain,1.72,,left,2026.0,17.0,0.59,0.0,1.0,0.0,6.0,11.0,3.0,0.0,0.0,0.0,0.0,855.0
282724,Adrián Guerrero,CD Tenerife,27.0,Left-Back,500.0,Spain,1.74,Footfeel ISM,left,2026.0,8.0,1.0,0.0,0.0,0.0,3.0,1.0,0.0,0.0,0.0,0.0,0.0,496.0
525113,Jérémy Mellot,CD Tenerife,31.0,Right-Back,1000.0,France,1.78,,right,2027.0,,,,,,,,,,,,,
820375,David Rodríguez,CD Tenerife,24.0,Right-Back,400.0,Spain,1.79,AS1,right,2026.0,37.0,0.95,1.0,0.0,0.0,12.0,8.0,11.0,0.0,0.0,0.0,2.351,2.351
290533,Yann Bodiger,CD Tenerife,30.0,Defensive Midfield,500.0,France,1.88,,left,2026.0,27.0,1.07,0.0,1.0,0.0,3.0,18.0,7.0,0.0,0.0,0.0,0.0,1.921
524008,Yussi Diarra,CD Tenerife,26.0,Central Midfield,1000.0,Mali,1.74,,right,2027.0,42.0,0.93,5.0,3.0,0.0,4.0,17.0,4.0,0.0,0.0,0.0,653.0,3.265
1270449,Aarón Martin,CD Tenerife,18.0,Central Midfield,1000.0,Spain,1.75,,right,2025.0,28.0,1.18,2.0,2.0,0.0,10.0,10.0,4.0,0.0,0.0,0.0,790.0,1.579
435500,Sergio González,CD Tenerife,28.0,Central Midfield,800.0,Spain,1.84,,both,2026.0,37.0,1.0,3.0,1.0,0.0,2.0,9.0,11.0,0.0,1.0,1.0,1.005,3.015
531062,Fabio González,CD Tenerife,28.0,Central Midfield,500.0,Spain,1.76,,right,2025.0,17.0,1.53,0.0,0.0,0.0,11.0,3.0,3.0,0.0,1.0,0.0,0.0,676.0
71834,Aitor Sanz,CD Tenerife,40.0,Central Midfield,100.0,Spain,1.81,,right,2025.0,15.0,1.6,0.0,0.0,0.0,1.0,7.0,6.0,0.0,0.0,0.0,0.0,1.139
197576,Maikel Mesa,CD Tenerife,33.0,Attacking Midfield,500.0,Spain,1.88,YOU FIRST,right,2027.0,30.0,0.87,4.0,0.0,0.0,16.0,12.0,4.0,0.0,0.0,0.0,327.0,1.306
638235,Alejandro Cantero,CD Tenerife,24.0,Left Winger,800.0,Spain,1.84,,right,2026.0,,,,,,,,,,,,,
404688,Waldo Rubio,CD Tenerife,29.0,Left Winger,700.0,Spain,1.83,AS1,right,2027.0,36.0,0.97,2.0,4.0,0.0,4.0,27.0,3.0,0.0,1.0,0.0,1.214,2.427
345654,Marlos Moreno,CD Tenerife,28.0,Left Winger,500.0,Colombia,1.73,,right,2026.0,26.0,1.27,0.0,0.0,0.0,20.0,5.0,1.0,0.0,0.0,0.0,0.0,759.0
610461,Luismi Cruz,CD Tenerife,23.0,Right Winger,1000.0,Spain,1.66,YOU FIRST,left,2027.0,36.0,0.92,2.0,8.0,0.0,5.0,12.0,1.0,0.0,1.0,0.0,1.374,2.748
963613,Teto Martín,CD Tenerife,23.0,Right Winger,700.0,Spain,1.75,Footfeel ISM,right,2027.0,21.0,0.52,0.0,0.0,0.0,17.0,3.0,3.0,0.0,0.0,0.0,0.0,706.0
726030,Jorge Padilla,CD Tenerife,24.0,Centre-Forward,200.0,Spain,1.75,,right,2026.0,26.0,1.58,7.0,3.0,0.0,15.0,9.0,5.0,0.0,0.0,0.0,170.0,1.193
51510,Ángel Rodríguez,CD Tenerife,38.0,Centre-Forward,200.0,Spain,1.71,,right,2025.0,27.0,0.7,1.0,0.0,0.0,14.0,13.0,3.0,0.0,0.0,0.0,1.07,1.07
114060,Enric Gallego,CD Tenerife,38.0,Centre-Forward,200.0,Spain,1.89,,left,2025.0,34.0,1.09,7.0,0.0,0.0,13.0,15.0,8.0,0.0,1.0,0.0,271.0,1.895
892685,Pablo Tomeo,CD Mirandés,25.0,Centre-Back,800.0,Spain,1.86,Wasserman,right,2025.0,40.0,1.78,4.0,0.0,0.0,6.0,8.0,5.0,0.0,0.0,0.0,754.0,3.015
354697,Tachi,CD Mirandés,27.0,Centre-Back,600.0,Spain,1.84,,right,2025.0,26.0,1.85,0.0,0.0,0.0,8.0,7.0,6.0,1.0,0.0,0.0,0.0,1.576
531121,Juan Gutiérrez,CD Mirandés,25.0,Centre-Back,600.0,Spain,1.88,,right,2026.0,36.0,1.69,0.0,5.0,0.0,2.0,6.0,12.0,0.0,0.0,0.0,0.0,2.99
834485,Unai Egiluz,CD Mirandés,23.0,Centre-Back,400.0,Spain,1.86,,right,2025.0,27.0,1.74,0.0,0.0,0.0,7.0,9.0,6.0,0.0,0.0,0.0,0.0,1.788
158791,Sergio Postigo,CD Mirandés,36.0,Centre-Back,200.0,Spain,1.84,,right,2025.0,11.0,1.82,0.0,1.0,1.0,5.0,4.0,2.0,0.0,0.0,0.0,0.0,586.0
521455,Julio Alonso,CD Mirandés,26.0,Left-Back,600.0,Spain,1.7,,left,2025.0,31.0,1.68,0.0,0.0,0.0,5.0,13.0,6.0,0.0,0.0,0.0,0.0,2.153
591957,Victor Parada,CD Mirandés,23.0,Left-Back,300.0,Spain,1.85,,left,2025.0,33.0,1.85,0.0,1.0,0.0,15.0,4.0,8.0,0.0,1.0,0.0,0.0,1.727
834487,Hugo Rincón,CD Mirandés,22.0,Right-Back,1200.0,Spain,1.83,LEADERBROCK,right,2025.0,39.0,1.72,2.0,4.0,0.0,2.0,9.0,8.0,0.0,0.0,0.0,1.625,3.249
711374,Jon Gorrotxategi,CD Mirandés,23.0,Defensive Midfield,1500.0,Spain,1.77,,right,2025.0,40.0,1.78,4.0,2.0,0.0,0.0,6.0,2.0,0.0,0.0,0.0,888.0,3.551
860669,Mathis Lachuer,CD Mirandés,24.0,Defensive Midfield,700.0,France,1.85,,left,2025.0,,,,,,,,,,,,,
603696,Alberto Reina,CD Mirandés,27.0,Central Midfield,900.0,Spain,1.79,RR-Soccer ...,right,2025.0,40.0,1.78,5.0,4.0,0.0,1.0,23.0,3.0,0.0,0.0,0.0,651.0,3.257
627287,Carlo García,CD Mirandés,24.0,Central Midfield,400.0,Spain,1.82,AS1,right,2025.0,6.0,1.17,0.0,1.0,0.0,6.0,0.0,0.0,0.0,0.0,0.0,0.0,29.0
895326,Joel Roca,CD Mirandés,19.0,Left Winger,500.0,Spain,1.76,Wasserman,right,2025.0,37.0,1.59,5.0,3.0,0.0,20.0,14.0,4.0,0.0,0.0,0.0,351.0,1.753
710679,Iker Benito,CD Mirandés,22.0,Right Winger,800.0,Spain,1.76,,right,2025.0,23.0,1.83,2.0,3.0,0.0,6.0,10.0,2.0,0.0,0.0,1.0,735.0,1.469
1064699,Álex Calvo,CD Mirandés,21.0,Right Winger,500.0,Spain,1.7,DCGLOBALSL,left,2025.0,12.0,1.5,0.0,0.0,0.0,12.0,0.0,1.0,0.0,0.0,0.0,0.0,138.0
625658,Ander Martín,CD Mirandés,24.0,Right Winger,400.0,Spain,1.77,YOU FIRST,left,2025.0,24.0,1.67,0.0,1.0,0.0,19.0,3.0,0.0,0.0,0.0,0.0,0.0,628.0
711377,Alberto Dadie,CD Mirandés,22.0,Right Winger,200.0,Spain,1.7,,right,2025.0,12.0,1.67,0.0,0.0,0.0,10.0,1.0,1.0,0.0,2.0,0.0,0.0,293.0
1064871,Joaquín Panichelli,CD Mirandés,22.0,Centre-Forward,2000.0,Argentina,1.87,,right,2025.0,38.0,1.71,20.0,3.0,0.0,0.0,6.0,5.0,0.0,0.0,3.0,166.0,3.328
610622,Urko Izeta,CD Mirandés,25.0,Centre-Forward,800.0,Spain,1.75,,right,2025.0,38.0,1.76,11.0,3.0,0.0,16.0,20.0,3.0,0.0,0.0,2.0,174.0,1.913
596884,Adrián Butzke,CD Mirandés,26.0,Centre-Forward,300.0,Spain,1.93,RGFOOTBALL,right,2025.0,,,,,,,,,,,,,
1060456,Matia Barzic,Eldense,20.0,Centre-Back,500.0,Croatia,1.9,,right,2025.0,28.0,1.46,1.0,0.0,0.0,3.0,8.0,9.0,0.0,1.0,0.0,2.163,2.163
78818,Dario Dumic,Eldense,33.0,Centre-Back,400.0,Bosnia-Herzegovina,1.93,People In Sport,right,2025.0,19.0,1.0,2.0,1.0,0.0,2.0,5.0,3.0,0.0,0.0,0.0,744.0,1.488
277500,Piña,Eldense,30.0,Centre-Back,300.0,Spain,1.88,,right,2025.0,32.0,1.16,1.0,0.0,0.0,0.0,2.0,7.0,0.0,0.0,0.0,2.856,2.856
281990,Nacho Monsalve,Eldense,31.0,Centre-Back,200.0,Spain,1.88,,both,2025.0,,,,,,,,,,,,,
96539,Marc Mateu,Eldense,34.0,Left-Back,600.0,Spain,1.8,,left,2025.0,38.0,1.05,2.0,5.0,0.0,1.0,4.0,8.0,0.0,0.0,1.0,1.655,3.309
406773,Iván Martos,Eldense,28.0,Left-Back,400.0,Spain,1.83,,left,2025.0,17.0,1.12,0.0,0.0,0.0,5.0,5.0,1.0,1.0,0.0,0.0,0.0,1.027
590690,Víctor García,Eldense,27.0,Right-Back,600.0,Spain,1.8,,right,2026.0,41.0,1.2,4.0,4.0,0.0,5.0,10.0,6.0,0.0,0.0,0.0,809.0,3.235
442816,Fran Gámez,Eldense,33.0,Right-Back,300.0,Spain,1.74,,right,2026.0,35.0,1.29,0.0,3.0,0.0,1.0,10.0,8.0,0.0,0.0,0.0,0.0,2.824
784719,Raúl Parra,Eldense,25.0,Right-Back,200.0,Spain,1.87,,right,2025.0,19.0,1.21,0.0,1.0,0.0,8.0,7.0,3.0,0.0,0.0,0.0,0.0,906.0
355501,Amadou Diawara,Eldense,27.0,Defensive Midfield,700.0,Guinea,1.83,Goal Management,right,2025.0,14.0,1.07,1.0,0.0,0.0,2.0,3.0,2.0,0.0,0.0,0.0,1.072,1.072
158795,David Timor,Eldense,35.0,Defensive Midfield,300.0,Spain,1.85,,left,2025.0,31.0,1.29,0.0,2.0,0.0,11.0,11.0,7.0,1.0,0.0,0.0,0.0,1.753
263856,Víctor Camarasa,Eldense,30.0,Central Midfield,700.0,Spain,1.83,AS1,right,2025.0,27.0,1.04,0.0,4.0,0.0,16.0,10.0,2.0,0.0,0.0,0.0,0.0,1.025
199131,Álex Bernal,Eldense,34.0,Central Midfield,100.0,Spain,1.75,,right,2025.0,26.0,1.04,1.0,1.0,0.0,13.0,9.0,4.0,0.0,0.0,0.0,1.261,1.261
932349,Diego Méndez,Eldense,21.0,Central Midfield,100.0,Spain,1.82,,right,2025.0,7.0,2.0,0.0,0.0,0.0,2.0,4.0,2.0,0.0,0.0,0.0,0.0,440.0
162079,Fede Vico,Eldense,30.0,Attacking Midfield,500.0,Spain,1.79,Unique Sports Group,left,2025.0,13.0,1.0,0.0,0.0,0.0,7.0,4.0,2.0,0.0,0.0,0.0,0.0,584.0
536826,Nacho Quintana,Eldense,24.0,Attacking Midfield,400.0,Spain,1.78,,right,2026.0,,,,,,,,,,,,,
706138,Javi Llabrés,Eldense,22.0,Left Winger,600.0,Spain,1.74,LIAN Sports Group,both,2025.0,14.0,1.36,3.0,0.0,0.0,0.0,13.0,2.0,0.0,0.0,1.0,342.0,1.026
566965,Diego Collado,Eldense,24.0,Left Winger,400.0,Spain,1.83,LEADERBROCK,right,2025.0,21.0,1.24,1.0,1.0,0.0,9.0,11.0,4.0,0.0,0.0,0.0,931.0,931.0
537375,Simo Bouzaidi,Eldense,25.0,Left Winger,300.0,Morocco,1.71,AS1,right,2026.0,12.0,0.58,1.0,0.0,0.0,10.0,2.0,0.0,0.0,0.0,0.0,297.0,297.0
412046,Iván Chapela,Eldense,26.0,Right Winger,1200.0,Spain,1.81,,right,2025.0,30.0,1.17,4.0,0.0,0.0,13.0,15.0,1.0,0.0,0.0,1.0,377.0,1.506
718029,Unai Ropero,Eldense,23.0,Right Winger,500.0,Spain,1.88,,right,2025.0,,,,,,,,,,,,,
606720,Masca,Eldense,25.0,Centre-Forward,800.0,Portugal,1.82,,right,2025.0,22.0,0.95,2.0,0.0,0.0,11.0,10.0,0.0,0.0,0.0,1.0,471.0,942.0
213875,Juanto Ortuño,Eldense,33.0,Centre-Forward,400.0,Spain,1.77,José Vicente Simeón,right,2026.0,,,,,,,,,,,,,
337070,Sekou Gassama,Eldense,30.0,Centre-Forward,350.0,Senegal,1.89,,left,2025.0,24.0,1.63,3.0,1.0,0.0,10.0,11.0,3.0,0.0,0.0,0.0,419.0,1.257
715679,Lalo Aguilar,Albacete,22.0,Centre-Back,300.0,Spain,1.9,,right,2025.0,31.0,1.39,0.0,1.0,1.0,2.0,3.0,3.0,1.0,0.0,0.0,0.0,2.551
156817,Jon García,Albacete,33.0,Centre-Back,200.0,Spain,1.77,,right,2026.0,29.0,1.34,0.0,0.0,1.0,6.0,3.0,1.0,0.0,0.0,0.0,0.0,2.131
500191,Pepe Sánchez,Albacete,25.0,Centre-Back,200.0,Spain,1.85,,right,2026.0,11.0,1.64,0.0,0.0,2.0,0.0,5.0,1.0,0.0,0.0,0.0,0.0,923.0
628923,Juan María Alcedo,Albacete,24.0,Left-Back,400.0,Spain,1.79,,left,2025.0,29.0,1.31,1.0,1.0,0.0,15.0,4.0,4.0,0.0,0.0,0.0,1.574,1.574
65318,Jaume Costa,Albacete,37.0,Left-Back,100.0,Spain,1.71,,left,2025.0,13.0,1.31,0.0,1.0,0.0,2.0,10.0,1.0,0.0,1.0,0.0,0.0,596.0
560107,Álvaro Rodríguez,Albacete,30.0,Right-Back,600.0,Spain,1.81,,right,2026.0,26.0,1.38,0.0,0.0,0.0,10.0,10.0,3.0,0.0,0.0,0.0,0.0,1.403
652331,Javi Rueda,Albacete,23.0,Right-Back,600.0,Spain,1.77,DCGLOBALSL,right,2025.0,31.0,1.26,4.0,1.0,0.0,6.0,13.0,7.0,0.0,0.0,0.0,544.0,2.175
336051,Agus Medina,Albacete,30.0,Central Midfield,1000.0,Spain,1.76,,right,2026.0,39.0,1.36,1.0,5.0,0.0,4.0,10.0,8.0,0.0,1.0,0.0,3.049,3.049
596899,Riki Rodríguez,Albacete,27.0,Central Midfield,1000.0,Spain,1.75,,right,2026.0,37.0,1.38,1.0,2.0,0.0,4.0,13.0,5.0,0.0,0.0,0.0,2.957,2.957
568156,Antonio Pacheco,Albacete,23.0,Central Midfield,600.0,Spain,1.84,Wasserman,right,2027.0,30.0,1.2,0.0,0.0,0.0,11.0,11.0,2.0,0.0,1.0,0.0,0.0,1.676
234866,Rai Marchán,Albacete,31.0,Central Midfield,200.0,Spain,1.83,,right,2025.0,19.0,1.42,1.0,0.0,0.0,12.0,4.0,4.0,0.0,1.0,0.0,676.0,676.0
689639,Javi Villar,Albacete,22.0,Central Midfield,200.0,Spain,1.87,Footfeel ISM,right,2027.0,25.0,1.56,0.0,0.0,0.0,13.0,7.0,4.0,0.0,0.0,0.0,0.0,1.187
455349,Jon Morcillo,Albacete,26.0,Left Winger,1200.0,Spain,1.83,,left,2026.0,39.0,1.28,9.0,6.0,0.0,11.0,18.0,3.0,0.0,0.0,2.0,284.0,2.559
149231,Fidel,Albacete,35.0,Left Winger,400.0,Spain,1.8,Wasserman,left,2025.0,34.0,1.21,4.0,6.0,0.0,10.0,20.0,4.0,0.0,0.0,0.0,465.0,1.86
315312,Juanma García,Albacete,32.0,Right Winger,700.0,Spain,1.67,,"
                            Jul 23, 2022                        ",2025.0,38.0,1.32,2.0,3.0,0.0,14.0,14.0,2.0,0.0,0.0,0.0,1.148,2.296
821820,Pablo Sáenz,Albacete,24.0,Right Winger,500.0,Spain,1.75,AS1,left,2025.0,38.0,1.53,5.0,3.0,0.0,21.0,14.0,3.0,0.0,0.0,0.0,342.0,1.708
242882,Higinio Marín,Albacete,31.0,Centre-Forward,1000.0,Spain,1.84,,right,2025.0,21.0,1.33,8.0,2.0,0.0,11.0,7.0,3.0,0.0,0.0,5.0,119.0,953.0
711394,Javi Martón,Albacete,26.0,Centre-Forward,500.0,Spain,1.81,,right,2025.0,,,,,,,,,,,,,
487180,Nabil Touaizi,Albacete,24.0,Centre-Forward,200.0,Morocco,1.83,IGdreamsfootball,right,2026.0,23.0,1.13,0.0,0.0,0.0,21.0,2.0,1.0,0.0,0.0,0.0,0.0,402.0
1364454,Christian Kofane,Albacete,18.0,Centre-Forward,200.0,Cameroon,1.89,,right,2028.0,,,,,,,,,,,,,
332615,Nélson Monte,Málaga CF,29.0,Centre-Back,500.0,Portugal,1.87,,right,2026.0,,,,,,,,,,,,,
251046,Einar Galilea,Málaga CF,31.0,Centre-Back,400.0,Spain,1.85,,left,2025.0,,,,,,,,,,,,,
398056,Álex Pastor,Málaga CF,25.0,Centre-Back,300.0,Spain,1.85,Footfeel ISM,right,2026.0,,,,,,,,,,,,,
635930,Diego Murillo,Málaga CF,24.0,Centre-Back,100.0,Spain,1.82,,right,2027.0,,,,,,,,,,,,,
281588,Víctor García,Málaga CF,30.0,Left-Back,300.0,Spain,1.8,,left,2025.0,,,,,,,,,,,,,
622951,Dani Sánchez,Málaga CF,25.0,Left-Back,200.0,Spain,1.71,,left,2027.0,,,,,,,,,,,,,
711388,Jokin Gabilondo,Málaga CF,26.0,Right-Back,400.0,Spain,1.76,,right,2025.0,,,,,,,,,,,,,
776703,Carlos Puga,Málaga CF,24.0,Right-Back,300.0,Spain,1.75,YOU FIRST,right,2026.0,,,,,,,,,,,,,
207922,Luismi Sánchez,Málaga CF,33.0,Defensive Midfield,400.0,Spain,1.79,,right,2026.0,,,,,,,,,,,,,
1078436,Izan Merino,Málaga CF,19.0,Central Midfield,500.0,Spain,1.82,,right,2028.0,,,,,,,,,,,,,
960562,Dani Lorenzo,Málaga CF,22.0,Central Midfield,400.0,Spain,1.76,CAA Stellar,right,2027.0,,,,,,,,,,,,,
160671,Manu Molina,Málaga CF,33.0,Central Midfield,300.0,Spain,1.77,,right,2025.0,,,,,,,,,,,,,
455066,Juanpe,Málaga CF,29.0,Central Midfield,200.0,Spain,1.84,,right,2026.0,,,,,,,,,,,,,
289286,Luca Sangalli,Málaga CF,30.0,Central Midfield,200.0,Spain,1.67,YOU FIRST,right,2025.0,,,,,,,,,,,,,
1109577,Aarón Ochoa,Málaga CF,18.0,Attacking Midfield,500.0,Ireland,1.67,,right,2027.0,,,,,,,,,,,,,
1178393,Antoñito Cordero,Málaga CF,18.0,Left Winger,2000.0,Spain,1.78,,right,2025.0,,,,,,,,,,,,,
625654,Julen Lobete,Málaga CF,24.0,Left Winger,1200.0,Spain,1.77,Wasserman,right,2027.0,,,,,,,,,,,,,
635904,Kevin Medina,Málaga CF,24.0,Left Winger,800.0,Spain,1.73,Footfeel ISM,both,2025.0,,,,,,,,,,,,,
255506,Yanis Rahmani,Málaga CF,30.0,Left Winger,500.0,France,1.78,IGdreamsfootball,left,2025.0,,,,,,,,,,,,,
635939,David Larrubia,Málaga CF,23.0,Right Winger,500.0,Spain,1.72,,left,2027.0,,,,,,,,,,,,,
667996,Haitam Abaida,Málaga CF,22.0,Right Winger,200.0,Morocco,1.72,,left,2027.0,,,,,,,,,,,,,
371008,Roko Baturina,Málaga CF,24.0,Centre-Forward,600.0,Croatia,1.87,,left,2025.0,,,,,,,,,,,,,
164402,Dioni,Málaga CF,35.0,Centre-Forward,300.0,Spain,1.84,AS1,left,2025.0,,,,,,,,,,,,,
423614,Gabriele Corbo,Córdoba CF,25.0,Centre-Back,700.0,Italy,1.86,Team Raiola,right,2025.0,,,,,,,,,,,,,
379743,Rubén Alves,Córdoba CF,30.0,Centre-Back,600.0,Spain,1.84,,left,2025.0,,,,,,,,,,,,,
935229,Marvel,Córdoba CF,22.0,Centre-Back,500.0,Spain,1.84,,"
                    Defender - Centre-Back                ",2025.0,27.0,1.3,0.0,0.0,0.0,4.0,5.0,9.0,0.0,0.0,0.0,0.0,2.062
569876,Xavi Sintes,Córdoba CF,23.0,Centre-Back,300.0,Spain,1.9,CAA Stellar,right,2026.0,,,,,,,,,,,,,
630998,José Calderón,Córdoba CF,25.0,Left-Back,300.0,Spain,1.7,AS1,left,2026.0,30.0,1.33,0.0,1.0,0.0,8.0,0.0,8.0,0.0,1.0,0.0,0.0,2.095
396324,Carlos Isaac,Córdoba CF,27.0,Right-Back,500.0,Spain,1.84,,right,2025.0,,,,,,,,,,,,,
286375,Carlos Albarrán,Córdoba CF,31.0,Right-Back,200.0,Spain,1.87,,"
                            Jul 1, 2023                        ",2026.0,,,,,,,,,,,,,
396109,Genaro Rodríguez,Córdoba CF,27.0,Defensive Midfield,500.0,Spain,1.85,RR-Soccer ...,right,2025.0,,,,,,,,,,,,,
582664,Álex Sala,Córdoba CF,24.0,Central Midfield,800.0,Spain,1.85,,right,2026.0,,,,,,,,,,,,,
635347,Alberto del Moral,Córdoba CF,24.0,Central Midfield,800.0,Spain,1.85,InterStarDeporte,right,2025.0,,,,,,,,,,,,,
337917,Théo Zidane,Córdoba CF,23.0,Central Midfield,500.0,France,1.96,,right,2026.0,,,,,,,,,,,,,
610238,Pedro Ortiz,Córdoba CF,24.0,Central Midfield,400.0,Spain,1.84,,left,2026.0,,,,,,,,,,,,,
631221,Isma Ruiz,Córdoba CF,24.0,Central Midfield,400.0,Spain,1.8,,right,2028.0,,,,,,,,,,,,,
625655,Jon Magunazelaia,Córdoba CF,23.0,Attacking Midfield,1000.0,Spain,1.8,,right,2025.0,,,,,,,,,,,,,
294388,Cristian Carracedo,Córdoba CF,29.0,Left Winger,500.0,Spain,1.79,,right,2028.0,,,,,,,,,,,,,
635581,Ander Yoldi,Córdoba CF,24.0,Left Winger,400.0,Spain,1.87,,right,2025.0,,,,,,,,,,,,,
442794,Adilson,Córdoba CF,28.0,Left Winger,300.0,Portugal,1.69,,both,2025.0,,,,,,,,,,,,,
340870,Jacobo González,Córdoba CF,28.0,Right Winger,800.0,Spain,1.79,,right,2026.0,,,,,,,,,,,,,
537767,Antonio Casas,Córdoba CF,25.0,Centre-Forward,700.0,Spain,1.83,,right,2025.0,39.0,1.28,10.0,1.0,0.0,7.0,28.0,8.0,1.0,0.0,0.0,268.0,2.679
281914,Nikolay Obolskiy,Córdoba CF,28.0,Centre-Forward,500.0,Russia,1.86,,left,2026.0,,,,,,,,,,,,,
311146,Nikola Sipcic,FC Cartagena,30.0,Centre-Back,600.0,Montenegro,1.92,MIV GESTFUT,right,2025.0,,,,,,,,,,,,,
717957,Jorge Moreno,FC Cartagena,23.0,Centre-Back,500.0,Spain,1.84,RGFOOTBALL,right,2025.0,,,,,,,,,,,,,
51663,Pedro Alcalá,FC Cartagena,36.0,Centre-Back,200.0,Spain,1.96,,right,2026.0,,,,,,,,,,,,,
51667,Kiko Olivas,FC Cartagena,36.0,Centre-Back,200.0,Spain,1.84,YOU FIRST,right,2025.0,,,,,,,,,,,,,
294987,Andrija Vukcevic,FC Cartagena,28.0,Left-Back,600.0,Montenegro,1.8,,left,2025.0,,,,,,,,,,,,,
127554,Nacho Martínez,FC Cartagena,36.0,Left-Back,200.0,Spain,1.74,Niagara Sports ...,left,2025.0,,,,,,,,,,,,,
483573,Martín Aguirregabiria,FC Cartagena,29.0,Right-Back,800.0,Spain,1.78,,right,2025.0,,,,,,,,,,,,,
509484,Julián Delmás,FC Cartagena,30.0,Right-Back,500.0,Spain,1.74,CAA Stellar,right,2025.0,,,,,,,,,,,,,
355624,Luis Muñoz,FC Cartagena,28.0,Central Midfield,1000.0,Spain,1.82,,right,2025.0,,,,,,,,,,,,,
396340,Óscar Clemente,FC Cartagena,26.0,Central Midfield,600.0,Spain,1.76,,left,2025.0,,,,,,,,,,,,,
355104,Pepín Machín,FC Cartagena,28.0,Central Midfield,500.0,Equatorial Guinea,1.84,Team Raiola,right,2025.0,,,,,,,,,,,,,
606570,Sergio Guerrero,FC Cartagena,26.0,Central Midfield,400.0,Spain,1.74,,right,2026.0,,,,,,,,,,,,,
252686,Andy Rodríguez,FC Cartagena,35.0,Central Midfield,100.0,Spain,1.85,,left,2025.0,,,,,,,,,,,,,
857830,Daniel Luna,FC Cartagena,22.0,Attacking Midfield,300.0,Colombia,1.78,,left,2025.0,,,,,,,,,,,,,
935457,Salim El Jebari,FC Cartagena,21.0,Left Winger,400.0,Morocco,1.78,,right,2025.0,,,,,,,,,,,,,
589456,Rafa Núñez,FC Cartagena,23.0,Left Winger,300.0,Dominican Republic,1.78,Wasserman,right,2025.0,,,,,,,,,,,,,
1033478,Gastón Valles,FC Cartagena,24.0,Centre-Forward,600.0,Uruguay,1.92,,left,2025.0,,,,,,,,,,,,,
531829,Dani Escriche,FC Cartagena,27.0,Centre-Forward,600.0,Spain,1.78,,right,2025.0,,,,,,,,,,,,,
412041,Álex Millán,FC Cartagena,25.0,Centre-Forward,500.0,Spain,1.82,AS1,right,2025.0,27.0,0.59,5.0,0.0,0.0,11.0,15.0,1.0,0.0,0.0,1.0,286.0,1.431
96540,Alfredo Ortuño,FC Cartagena,34.0,Centre-Forward,400.0,Spain,1.84,,left,2026.0,,,,,,,,,,,,,
699233,Aleksa Puric,Racing Ferrol,21.0,Centre-Back,700.0,Serbia,1.96,IGdreamsfootball,right,2027.0,38.0,0.92,1.0,0.0,0.0,2.0,5.0,10.0,1.0,0.0,0.0,3.117,3.117
513526,David Castro,Racing Ferrol,29.0,Centre-Back,500.0,Spain,1.92,,left,2025.0,,,,,,,,,,,,,
302991,Erick Cabaco,Racing Ferrol,30.0,Centre-Back,500.0,Uruguay,1.85,InterStarDeporte,right,2025.0,,,,,,,,,,,,,
148666,Naldo,Racing Ferrol,36.0,Centre-Back,100.0,Brazil,1.88,,right,2025.0,33.0,0.79,0.0,1.0,1.0,1.0,1.0,10.0,0.0,0.0,0.0,0.0,2.855
638138,Brais Martínez,Racing Ferrol,23.0,Left-Back,500.0,Spain,1.75,,left,2025.0,,,,,,,,,,,,,
226006,Emanuel Insúa,Racing Ferrol,34.0,Left-Back,200.0,Argentina,1.81,INSUA GROUP,left,2025.0,10.0,0.4,0.0,0.0,0.0,5.0,3.0,1.0,0.0,0.0,0.0,0.0,474.0
374081,Aitor Buñuel,Racing Ferrol,27.0,Right-Back,500.0,Spain,1.72,Footfeel ISM,right,2025.0,,,,,,,,,,,,,
223890,Rober Correa,Racing Ferrol,32.0,Right-Back,300.0,Spain,1.8,,right,2025.0,,,,,,,,,,,,,
466806,Álvaro Sanz,Racing Ferrol,24.0,Defensive Midfield,800.0,Spain,1.7,Wasserman,right,2026.0,41.0,0.88,0.0,0.0,0.0,11.0,16.0,4.0,0.0,0.0,0.0,0.0,2.756
396328,Luis Perea,Racing Ferrol,27.0,Defensive Midfield,500.0,Spain,1.91,LIAN Sports Group,right,2025.0,18.0,0.72,1.0,0.0,0.0,6.0,12.0,0.0,0.0,0.0,0.0,844.0,844.0
385084,Fran Manzanara,Racing Ferrol,28.0,Central Midfield,400.0,Spain,1.82,InterStarDeporte,right,2025.0,,,,,,,,,,,,,
652329,Aitor Gelardo,Racing Ferrol,22.0,Central Midfield,300.0,Spain,1.8,CAA Stellar,right,2025.0,24.0,1.08,2.0,2.0,0.0,9.0,12.0,3.0,0.0,0.0,0.0,607.0,1.214
161267,Josep Señé,Racing Ferrol,33.0,Attacking Midfield,300.0,Spain,1.84,,right,2025.0,,,,,,,,,,,,,
636096,Raúl Blanco,Racing Ferrol,23.0,Attacking Midfield,300.0,Spain,1.73,Footfeel ISM,left,2025.0,,,,,,,,,,,,,
275020,Héber Pena,Racing Ferrol,35.0,Left Winger,100.0,Spain,1.76,,left,2025.0,,,,,,,,,,,,,
483453,Josué Dorrio,Racing Ferrol,31.0,Right Winger,600.0,Spain,1.7,,right,2025.0,,,,,,,,,,,,,
715683,Naim García,Racing Ferrol,22.0,Right Winger,400.0,Spain,1.8,CAA Stellar,left,2025.0,,,,,,,,,,,,,
391047,Nacho Sánchez,Racing Ferrol,32.0,Right Winger,400.0,Spain,1.77,AS1,right,2025.0,,,,,,,,,,,,,
527350,Manu Vallejo,Racing Ferrol,28.0,Second Striker,500.0,Spain,1.67,YOU FIRST,right,2025.0,,,,,,,,,,,,,
511030,Christian Borrego,Racing Ferrol,28.0,Centre-Forward,500.0,Spain,1.7,,right,2025.0,,,,,,,,,,,,,
57935,Álvaro Giménez,Racing Ferrol,34.0,Centre-Forward,400.0,Spain,1.83,,left,2025.0,,,,,,,,,,,,,
