player_id,name,player_club,age,position,goalkeeper_or_not,market_value,nationality,player_height,player_agent,strong_foot,contract_value_time,appearances,PPG,goals,assists,own_goals,substitutions_on,substitutions_off,yellow_cards,second_yellow_cards,red_cards,penalty_goals,minutes_per_goal,minutes_played,goals_conceded,clean_sheet,crawl_timestamp,source
193859,Patrick Erras,Holstein Kiel,30.0,Defensive Midfield,0,1000.0,Germany,1.96,None,right,2026.0,12.0,0.58,1.0,0,0,0,3.0,2.0,0,0,0,968.0,968.0,0.0,0.0,1748219610630,https://www.transfermarkt.com/patrick-erras/profil/spieler/193859
160344,Leonardo Mancuso,Mantova,33.0,Centre-Forward,0,500.0,Italy,1.82,None,right,2026.0,40.0,1.18,10.0,2.0,0,10.0,24.0,3.0,0,0,2.0,243.0,2.431,0.0,0.0,1748219613724,https://www.transfermarkt.com/leonardo-mancuso/profil/spieler/160344
244997,Arne Sicker,SV Elversberg,28.0,Left-Back,0,300.0,Germany,1.84,DC International ...,left,2025.0,8.0,2.25,0.0,0,0,7.0,1.0,0.0,0,0,0,0.0,146.0,0.0,0.0,1748219640773,https://www.transfermarkt.com/arne-sicker/profil/spieler/244997
364132,Flavio Bianchi,Brescia,25.0,Centre-Forward,0,500.0,Italy,1.78,None,right,2026.0,24.0,1.0,4.0,0,0,19.0,5.0,2.0,0,0,0,156.0,623.0,0.0,0.0,1748219653162,https://www.transfermarkt.com/flavio-bianchi/profil/spieler/364132
193867,Liam Henderson,FC Empoli,29.0,Central Midfield,0,1800.0,Scotland,1.83,None,right,2025.0,41.0,1.05,0.0,6.0,0,10.0,21.0,11.0,0,0,0,0.0,2.713,0.0,0.0,1748219655594,https://www.transfermarkt.com/liam-henderson/profil/spieler/193867
813137,Niccolò Pisilli,AS Roma,20.0,Central Midfield,0,12000.0,Italy,1.8,None,right,2029.0,41.0,1.83,3.0,1.0,0,23.0,11.0,8.0,0,0,0,645.0,1.934,0.0,0.0,1748219680962,https://www.transfermarkt.com/niccolo-pisilli/profil/spieler/813137
683812,John Tolkin,Holstein Kiel,22.0,Left-Back,0,3000.0,United States,1.7,YMU Management Ltd.,left,-,11.0,0.91,0.0,2.0,0,2.0,4.0,0.0,0,0,0,0.0,739.0,0.0,0.0,1748219682970,https://www.transfermarkt.com/john-tolkin/profil/spieler/683812
700405,Ollie Tanner,Cardiff,23.0,Right Midfield,0,1500.0,England,1.77,None,left,2027.0,31.0,1.16,2.0,3.0,0,15.0,12.0,1.0,0,0,0,754.0,1.507,0.0,0.0,1748219684999,https://www.transfermarkt.com/ollie-tanner/profil/spieler/700405
240129,Tommaso Biasci,Catanzaro,30.0,Second Striker,0,800.0,Italy,1.82,None,right,2026.0,35.0,1.29,6.0,2.0,0,12.0,23.0,1.0,0,1.0,0,294.0,1.762,0.0,0.0,1748219687340,https://www.transfermarkt.com/tommaso-biasci/profil/spieler/240129
1067659,Boris Mamuzah Lum,Hertha BSC II,17.0,Defensive Midfield,0,500.0,Germany,1.73,None,both,2026.0,20.0,1.85,2.0,0,0,3.0,7.0,3.0,0,0,1.0,683.0,1.366,0.0,0.0,1748219699993,https://www.transfermarkt.com/boris-mamuzah-lum/profil/spieler/1067659
660342,Gabriel Charpentier,Parma,26.0,Centre-Forward,0,1600.0,Congo,1.88,None,right,2026.0,10.0,1.0,1.0,3.0,0,10.0,0.0,1.0,0,0,0,264.0,264.0,0.0,0.0,1748219711752,https://www.transfermarkt.com/gabriel-charpentier/profil/spieler/660342
407098,Jakub Kaminski,VfL Wolfsburg,22.0,Left Winger,0,6000.0,Poland,1.79,BMG-SPORT,right,2027.0,26.0,1.27,0.0,5.0,1.0,13.0,4.0,2.0,0,0,0,0.0,1.26,0.0,0.0,1748219723925,https://www.transfermarkt.com/jakub-kaminski/profil/spieler/407098
626724,João Pedro,Brighton,23.0,Centre-Forward,0,50000.0,Brazil,1.88,Promanager,right,2028.0,30.0,1.53,10.0,7.0,0,6.0,10.0,4.0,0,1.0,5.0,214.0,2.136,0.0,0.0,1748219735941,https://www.transfermarkt.com/joao-pedro/profil/spieler/626724
746712,Pietro Comuzzo,Fiorentina,20.0,Centre-Back,0,25000.0,Italy,1.85,None,right,2029.0,44.0,1.82,1.0,0,0,11.0,8.0,6.0,1.0,0,0,3.052,3.052,0.0,0.0,1748219760447,https://www.transfermarkt.com/pietro-comuzzo/profil/spieler/746712
661212,Mathias Løvik,Parma,21.0,Left-Back,0,5000.0,Norway,1.83,Solbakken / Player ...,"Jan 8, 2025",2029.0,17.0,0.88,0.0,1.0,0,7.0,1.0,1.0,0,0,0,0.0,1.008,0.0,0.0,1748219761997,https://www.transfermarkt.com/mathias-lovik/profil/spieler/661212
448258,Josha Vagnoman,VfB Stuttgart,24.0,Right-Back,0,12000.0,Germany,1.9,FTC,right,2026.0,35.0,1.71,2.0,3.0,1.0,8.0,12.0,5.0,0,0,0,1.238,2.475,0.0,0.0,1748219764077,https://www.transfermarkt.com/josha-vagnoman/profil/spieler/448258
703475,Malachi Boateng,Plymouth,22.0,Defensive Midfield,0,450.0,England,1.82,None,right,2028.0,37.0,0.86,0.0,2.0,0,14.0,7.0,2.0,0,0,0,0.0,2.127,0.0,0.0,1748219789609,https://www.transfermarkt.com/malachi-boateng/profil/spieler/703475
146310,Wataru Endo,Liverpool,32.0,Defensive Midfield,0,10000.0,Japan,1.78,None,right,2027.0,32.0,2.31,0.0,0,0,25.0,4.0,1.0,0,0,0,0.0,865.0,0.0,0.0,1748219791463,https://www.transfermarkt.com/wataru-endo/profil/spieler/146310
331779,Kristian Pedersen,Swansea,30.0,Left-Back,0,800.0,Denmark,1.89,BTAM,left,2025.0,2.0,1.5,0.0,0,0,0,0.0,1.0,0,0,0,0.0,180.0,0.0,0.0,1748219803659,https://www.transfermarkt.com/kristian-pedersen/profil/spieler/331779
727538,Aaron Keller,SSV Ulm 1846,21.0,Left Winger,0,800.0,Switzerland,1.81,WINS,right,2025.0,28.0,0.79,4.0,1.0,0,4.0,11.0,3.0,0,0,0,499.0,1.997,0.0,0.0,1748219827932,https://www.transfermarkt.com/aaron-keller/profil/spieler/727538
289592,Orel Mangala,Everton,27.0,Defensive Midfield,0,20000.0,Belgium,1.78,M-Soccermanagement,right,2025.0,22.0,1.18,1.0,0,0,5.0,6.0,2.0,0,0,0,1.508,1.508,0.0,0.0,1748219830070,https://www.transfermarkt.com/orel-mangala/profil/spieler/289592
982267,Ibrahim Sulemana,Atalanta BC,22.0,Defensive Midfield,0,6000.0,Ghana,1.8,None,right,2028.0,10.0,2.5,2.0,0,0,7.0,3.0,1.0,0,0,0,154.0,308.0,0.0,0.0,1748219832448,https://www.transfermarkt.com/ibrahim-sulemana/profil/spieler/982267
616628,Giorgio Cittadini,Frosinone,23.0,Centre-Back,0,1000.0,Italy,1.93,None,right,2025.0,5.0,1.0,0.0,0,0,3.0,2.0,1.0,0,0,0,0.0,207.0,0.0,0.0,1748219834230,https://www.transfermarkt.com/giorgio-cittadini/profil/spieler/616628
225657,Philipp Lienhart,SC Freiburg,28.0,Centre-Back,0,15000.0,Austria,1.89,YOU FIRST,right,-,35.0,1.66,1.0,0,0,2.0,3.0,5.0,0,0,0,2.966,2.966,0.0,0.0,1748219837161,https://www.transfermarkt.com/philipp-lienhart/profil/spieler/225657
198128,Manuel Marras,Reggiana,31.0,Right Winger,0,400.0,Italy,1.68,None,left,2026.0,28.0,1.25,0.0,2.0,0,9.0,11.0,8.0,0,1.0,0,0.0,1.701,0.0,0.0,1748219869790,https://www.transfermarkt.com/manuel-marras/profil/spieler/198128
825073,Leon Opitz,Werder Bremen,20.0,Attacking Midfield,0,600.0,Germany,1.83,None,left,-,26.0,1.77,16.0,12.0,0,5.0,6.0,3.0,0,0,0,113.0,1.809,0.0,0.0,1748219880920,https://www.transfermarkt.com/leon-opitz/profil/spieler/825073
568005,Jeremy Sarmiento,Burnley,22.0,Left Winger,0,7000.0,Ecuador,1.78,None,right,2025.0,39.0,2.23,5.0,0,0,25.0,13.0,4.0,0,0,0,278.0,1.392,0.0,0.0,1748219883137,https://www.transfermarkt.com/jeremy-sarmiento/profil/spieler/568005
393512,Felix Agu,Werder Bremen,25.0,Left-Back,0,6000.0,Germany,1.8,None,right,2027.0,25.0,1.68,3.0,1.0,1.0,3.0,13.0,1.0,0,0,0,617.0,1.852,0.0,0.0,1748219884810,https://www.transfermarkt.com/felix-agu/profil/spieler/393512
181778,Emerson,West Ham,30.0,Left-Back,0,12000.0,Italy,1.76,Bertolucci Sports,left,2026.0,32.0,1.22,2.0,1.0,0,6.0,19.0,5.0,0,0,0,1.071,2.141,0.0,0.0,1748219886400,https://www.transfermarkt.com/emerson/profil/spieler/181778
133179,Marten de Roon,Atalanta BC,34.0,Defensive Midfield,0,7000.0,Netherlands,1.85,SEG,right,2026.0,50.0,1.78,4.0,5.0,0,2.0,3.0,8.0,0,0,0,1.073,4.292,0.0,0.0,1748219888351,https://www.transfermarkt.com/marten-de-roon/profil/spieler/133179
515964,Maximilian Dietz,Greuther Fürth,23.0,Centre-Back,0,2500.0,United States,1.89,ROOF,right,2027.0,28.0,1.07,0.0,1.0,0,3.0,2.0,6.0,1.0,0,0,0.0,2.322,0.0,0.0,1748219912447,https://www.transfermarkt.com/maximilian-dietz/profil/spieler/515964
191829,Dimitrios Goutas,Cardiff,31.0,Centre-Back,0,2000.0,Greece,1.89,Prosport ...,right,2025.0,36.0,0.92,1.0,1.0,0,1.0,4.0,3.0,0,1.0,0,3.102,3.102,0.0,0.0,1748219924499,https://www.transfermarkt.com/dimitrios-goutas/profil/spieler/191829
624548,Salva Ferrer,Spezia Calcio,27.0,Right-Back,0,400.0,Spain,1.84,Goal Management,right,2025.0,1.0,3.0,0.0,0,0,1.0,0.0,0.0,0,0,0,0.0,8.0,0.0,0.0,1748219926281,https://www.transfermarkt.com/salva-ferrer/profil/spieler/624548
878160,Reuell Walters,Luton,20.0,Right-Back,0,4000.0,England,1.86,None,right,-,17.0,0.35,0.0,0,0,3.0,5.0,3.0,0,0,0,0.0,1.251,0.0,0.0,1748219951426,https://www.transfermarkt.com/reuell-walters/profil/spieler/878160
264514,Luca Vido,Reggiana,28.0,Centre-Forward,0,500.0,Italy,1.82,None,right,2025.0,29.0,0.9,6.0,2.0,0,20.0,8.0,4.0,0,0,1.0,168.0,1.005,0.0,0.0,1748219953191,https://www.transfermarkt.com/luca-vido/profil/spieler/264514
111195,Joël Veltman,Brighton,33.0,Right-Back,0,7000.0,Netherlands,1.84,None,right,2026.0,24.0,1.83,0.0,2.0,0,3.0,6.0,6.0,0,0,0,0.0,1.889,0.0,0.0,1748219955134,https://www.transfermarkt.com/joel-veltman/profil/spieler/111195
345760,David Turnbull,Cardiff,25.0,Central Midfield,0,3500.0,Scotland,1.85,None,right,2027.0,19.0,1.11,1.0,0,0,9.0,7.0,2.0,0,0,0,825.0,825.0,0.0,0.0,1748219978437,https://www.transfermarkt.com/david-turnbull/profil/spieler/345760
351261,Jerry Yates,Derby,28.0,Centre-Forward,0,2800.0,England,1.75,None,right,2025.0,43.0,1.09,10.0,4.0,0,2.0,24.0,1.0,0,0,1.0,353.0,3.528,0.0,0.0,1748220001057,https://www.transfermarkt.com/jerry-yates/profil/spieler/351261
810100,Taylan Bulut,FC Schalke 04,19.0,Right-Back,0,5000.0,Germany,1.88,None,right,2029.0,29.0,1.38,1.0,1.0,0,1.0,5.0,4.0,0,0,0,2.45,2.45,0.0,0.0,1748220003116,https://www.transfermarkt.com/taylan-bulut/profil/spieler/810100
280553,Anton Donkor,FC Schalke 04,27.0,Left-Back,0,600.0,Germany,1.86,None,both,2027.0,28.0,1.21,0.0,1.0,0,21.0,4.0,4.0,0,0,0,0.0,877.0,0.0,0.0,1748220005927,https://www.transfermarkt.com/anton-donkor/profil/spieler/280553
503990,Nathan Wood,Southampton,22.0,Centre-Back,0,3800.0,England,1.88,None,right,2028.0,16.0,0.63,0.0,0,0,3.0,3.0,3.0,0,0,0,0.0,1.149,0.0,0.0,1748220008739,https://www.transfermarkt.com/nathan-wood/profil/spieler/503990
210178,Pablo Marí,Fiorentina,31.0,Centre-Back,0,3500.0,Spain,1.93,AC Talent,left,2027.0,34.0,1.24,0.0,0,0,2.0,1.0,4.0,1.0,0,0,0.0,2.891,0.0,0.0,1748220020681,https://www.transfermarkt.com/pablo-mari/profil/spieler/210178
512354,Malcolm Ebiowei,Crystal Palace,21.0,Right Winger,0,1200.0,England,1.85,None,left,2027.0,8.0,1.25,0.0,1.0,0,6.0,2.0,1.0,0,0,0,0.0,258.0,0.0,0.0,1748220044475,https://www.transfermarkt.com/malcolm-ebiowei/profil/spieler/512354
518505,Jamie Leweling,VfB Stuttgart,24.0,Right Winger,0,20000.0,Germany,1.85,None,both,2029.0,37.0,1.57,5.0,4.0,0,8.0,25.0,4.0,0,0,0,458.0,2.29,0.0,0.0,1748220046990,https://www.transfermarkt.com/jamie-leweling/profil/spieler/518505
581672,Samuel Iling-Junior,Middlesbrough,21.0,Left Winger,0,11000.0,England,1.82,None,left,2025.0,32.0,1.25,3.0,2.0,0,17.0,7.0,3.0,0,0,0,535.0,1.606,0.0,0.0,1748220096763,https://www.transfermarkt.com/samuel-iling-junior/profil/spieler/581672
731467,Simone Giorgeschi,Spezia Calcio,20.0,Centre-Back,0,200.0,Italy,1.89,None,left,2027.0,2.0,2.0,0.0,0,0,2.0,0.0,0.0,0,0,0,0.0,14.0,0.0,0.0,1748220098788,https://www.transfermarkt.com/simone-giorgeschi/profil/spieler/731467
236966,Adam Dzwigala,FC St. Pauli,29.0,Centre-Back,0,600.0,Poland,1.85,None,right,-,17.0,1.0,1.0,0,0,15.0,2.0,2.0,0,1.0,0,412.0,412.0,0.0,0.0,1748220100949,https://www.transfermarkt.com/adam-dzwigala/profil/spieler/236966
54846,Fabian Holland,Darmstadt 98,34.0,Left-Back,0,200.0,Germany,1.72,None,left,-,,,,,,2.0,,,,,,,,0.0,0.0,1748220102481,https://www.transfermarkt.com/fabian-holland/profil/spieler/54846
704191,Andrea Cecchetto,Cittadella,22.0,Centre-Back,0,50.0,Italy,1.8,None,right,-,4.0,0.75,0.0,0,0,2.0,2.0,1.0,0,0,0,0.0,161.0,0.0,0.0,1748220104855,https://www.transfermarkt.com/andrea-cecchetto/profil/spieler/704191
378710,Richarlison,Tottenham,28.0,Centre-Forward,0,25000.0,Brazil,1.84,None,right,2027.0,24.0,1.5,5.0,2.0,0,13.0,11.0,3.0,0,0,1.0,188.0,942.0,0.0,0.0,1748220118565,https://www.transfermarkt.com/richarlison/profil/spieler/378710
392775,Ryan Sessegnon,Fulham,25.0,Left-Back,0,9000.0,England,1.78,Unique Sports Group,left,2026.0,22.0,1.68,4.0,4.0,0,11.0,6.0,1.0,0,0,0,243.0,972.0,0.0,0.0,1748220121432,https://www.transfermarkt.com/ryan-sessegnon/profil/spieler/392775
595652,Peter Kioso,Oxford United,25.0,Right-Back,0,700.0,DR Congo,1.83,Refuel Performance ...,right,-,33.0,1.06,0.0,1.0,0,5.0,10.0,5.0,0,0,0,0.0,2.507,0.0,0.0,1748220123381,https://www.transfermarkt.com/peter-kioso/profil/spieler/595652
237658,Michel Aebischer,Bologna,28.0,Central Midfield,0,10000.0,Switzerland,1.83,Wasserman,right,2027.0,16.0,1.38,0.0,0,0,7.0,7.0,3.0,0,0,0,0.0,759.0,0.0,0.0,1748220124925,https://www.transfermarkt.com/michel-aebischer/profil/spieler/237658
980576,Amine Salama,Torino,24.0,Centre-Forward,0,1800.0,France,1.92,None,right,2025.0,19.0,1.47,0.0,0,0,16.0,3.0,0.0,0,0,0,0.0,459.0,0.0,0.0,1748220149075,https://www.transfermarkt.com/amine-salama/profil/spieler/980576
538569,Tommaso Milanese,Carrarese,22.0,Central Midfield,0,750.0,Italy,1.73,None,right,2025.0,14.0,1.5,0.0,0,0,9.0,5.0,0.0,0,0,0,0.0,488.0,0.0,0.0,1748220151215,https://www.transfermarkt.com/tommaso-milanese/profil/spieler/538569
148367,Christian Nørgaard,Brentford,31.0,Defensive Midfield,0,12000.0,Denmark,1.87,None,right,2027.0,35.0,1.63,6.0,4.0,0,0,12.0,9.0,0,1.0,0,482.0,2.893,0.0,0.0,1748220154009,https://www.transfermarkt.com/christian-norgaard/profil/spieler/148367
1011139,Jaden Dixon,Stoke U21,18.0,Centre-Back,0,300.0,England,1.88,None,"Jun 30, 2027",2027.0,21.0,1.33,0.0,2.0,0,2.0,0.0,2.0,1.0,1.0,0,0.0,1.642,0.0,0.0,1748220166633,https://www.transfermarkt.com/jaden-dixon/profil/spieler/1011139
344069,Anton Stach,TSG Hoffenheim,26.0,Defensive Midfield,0,14000.0,Germany,1.94,ROOF,right,2027.0,39.0,1.08,2.0,2.0,0,1.0,9.0,10.0,0,0,0,1.693,3.386,0.0,0.0,1748220168533,https://www.transfermarkt.com/anton-stach/profil/spieler/344069
731491,Franco Carboni,Venezia,22.0,Left-Back,0,1000.0,Argentina,1.9,GR Sports,left,2025.0,8.0,0.63,0.0,1.0,0,5.0,3.0,2.0,0,0,0,0.0,223.0,0.0,0.0,1748220170916,https://www.transfermarkt.com/franco-carboni/profil/spieler/731491
243028,Jan Bednarek,Southampton,29.0,Centre-Back,0,11000.0,Poland,1.89,Fabryka Futbolu,right,2027.0,34.0,0.5,2.0,0,0,0,7.0,7.0,0,0,0,1.432,2.863,0.0,0.0,1748220173299,https://www.transfermarkt.com/jan-bednarek/profil/spieler/243028
312819,Silvere Ganvoula,Monza,28.0,Centre-Forward,0,2000.0,Congo,1.91,None,right,2026.0,36.0,0.94,6.0,1.0,0,13.0,18.0,6.0,0,0,0,330.0,1.979,0.0,0.0,1748220195664,https://www.transfermarkt.com/silvere-ganvoula/profil/spieler/312819
390719,Oliver Urso,Reggiana,26.0,Central Midfield,0,150.0,Denmark,1.81,None,left,2027.0,7.0,0.57,0.0,0,0,7.0,0.0,0.0,0,0,0,0.0,128.0,0.0,0.0,1748220207487,https://www.transfermarkt.com/oliver-urso/profil/spieler/390719
425834,Paul Stock,SV Elversberg,28.0,Attacking Midfield,0,600.0,Germany,1.88,MK Sport Consulting,right,2025.0,22.0,1.68,1.0,3.0,0,19.0,3.0,1.0,0,0,0,339.0,339.0,0.0,0.0,1748220209274,https://www.transfermarkt.com/paul-stock/profil/spieler/425834
667521,Cian Ashford,Cardiff,20.0,Attacking Midfield,0,1000.0,Wales,1.79,None,both,2027.0,32.0,0.91,3.0,3.0,0,12.0,15.0,0.0,0,0,0,597.0,1.791,0.0,0.0,1748220211314,https://www.transfermarkt.com/cian-ashford/profil/spieler/667521
434207,Aaron Connolly,Millwall,25.0,Centre-Forward,0,2500.0,Ireland,1.74,None,right,2025.0,27.0,1.59,5.0,0,0,16.0,9.0,3.0,0,0,0,227.0,1.136,0.0,0.0,1748220237548,https://www.transfermarkt.com/aaron-connolly/profil/spieler/434207
613393,Gaetano Oristanio,Venezia,22.0,Attacking Midfield,0,6500.0,Italy,1.74,None,left,2029.0,37.0,0.76,3.0,3.0,0,8.0,25.0,3.0,0,0,0,777.0,2.332,0.0,0.0,1748220262154,https://www.transfermarkt.com/gaetano-oristanio/profil/spieler/613393
1058354,Matteo Palma,Udinese,17.0,Centre-Back,0,1000.0,Germany,1.94,None,right,2027.0,11.0,0.82,0.0,1.0,0,2.0,3.0,0.0,0,0,0,0.0,737.0,0.0,0.0,1748220264276,https://www.transfermarkt.com/matteo-palma/profil/spieler/1058354
460245,Moritz Jenz,1.FSV Mainz 05,26.0,Centre-Back,0,6000.0,Germany,1.9,Sports360 GmbH,right,2025.0,20.0,1.6,0.0,0,0,1.0,3.0,5.0,0,0,0,0.0,1.646,0.0,0.0,1748220265626,https://www.transfermarkt.com/moritz-jenz/profil/spieler/460245
729097,Philipp Müller,Greuther Fürth,21.0,Defensive Midfield,0,800.0,Germany,1.81,None,both,2027.0,16.0,1.31,1.0,1.0,0,7.0,4.0,1.0,0,1.0,0,826.0,826.0,0.0,0.0,1748220267611,https://www.transfermarkt.com/philipp-muller/profil/spieler/729097
375885,Ibrahim Sangaré,Forest,27.0,Defensive Midfield,0,28000.0,Cote d'Ivoire,1.91,None,right,2028.0,17.0,1.47,0.0,3.0,0,8.0,8.0,4.0,0,0,0,0.0,770.0,0.0,0.0,1748220269347,https://www.transfermarkt.com/ibrahim-sangare/profil/spieler/375885
538964,Thijs Dallinga,Bologna,24.0,Centre-Forward,0,12000.0,Netherlands,1.9,AESIR,right,2028.0,43.0,1.63,7.0,3.0,0,25.0,12.0,1.0,0,0,0,260.0,1.823,0.0,0.0,1748220271278,https://www.transfermarkt.com/thijs-dallinga/profil/spieler/538964
509022,Federico Gatti,Juventus,26.0,Centre-Back,0,25000.0,Italy,1.9,None,right,2028.0,42.0,1.74,1.0,2.0,1.0,6.0,9.0,3.0,0,0,0,3.212,3.212,0.0,0.0,1748220340880,https://www.transfermarkt.com/federico-gatti/profil/spieler/509022
251302,Niklas Dorsch,Heidenheim,27.0,Defensive Midfield,0,3500.0,Germany,1.78,AVENT SPORTS ...,right,2028.0,31.0,1.06,3.0,2.0,0,6.0,21.0,6.0,0,1.0,0,606.0,1.817,0.0,0.0,1748220342141,https://www.transfermarkt.com/niklas-dorsch/profil/spieler/251302
312341,Luca Ravanelli,Cremonese,28.0,Centre-Back,0,1800.0,Italy,1.87,None,right,2025.0,30.0,1.8,1.0,1.0,0,2.0,4.0,3.0,0,0,0,2.453,2.453,0.0,0.0,1748220344295,https://www.transfermarkt.com/luca-ravanelli/profil/spieler/312341
606718,Toti,Wolves,26.0,Centre-Back,0,25000.0,Portugal,1.87,None,left,2029.0,34.0,1.38,0.0,1.0,0,2.0,3.0,7.0,0,0,0,0.0,2.853,0.0,0.0,1748220345519,https://www.transfermarkt.com/toti/profil/spieler/606718
107574,Jonas Meffert,Hamburger SV,30.0,Defensive Midfield,0,1000.0,Germany,1.86,Sports360 GmbH,right,2026.0,31.0,1.71,1.0,3.0,0,1.0,11.0,2.0,1.0,0,0,2.53,2.53,0.0,0.0,1748220357960,https://www.transfermarkt.com/jonas-meffert/profil/spieler/107574
883349,Kevin Zeroli,Monza,20.0,Central Midfield,0,3500.0,Italy,1.87,Rafaela Pimenta,right,2025.0,26.0,1.04,4.0,1.0,0,7.0,8.0,4.0,0,0,1.0,418.0,1.673,0.0,0.0,1748220370782,https://www.transfermarkt.com/kevin-zeroli/profil/spieler/883349
936237,Yu Hirakawa,Bristol City,24.0,Right Winger,0,900.0,Japan,1.72,None,right,2025.0,39.0,1.28,2.0,2.0,0,21.0,14.0,0.0,0,0,0,877.0,1.753,0.0,0.0,1748220382560,https://www.transfermarkt.com/yu-hirakawa/profil/spieler/936237
434116,Alexander Prass,TSG Hoffenheim,24.0,Left-Back,0,6500.0,Austria,1.8,YOU FIRST,left,2028.0,31.0,1.03,0.0,2.0,0,7.0,15.0,1.0,0,0,0,0.0,2.024,0.0,0.0,1748220384941,https://www.transfermarkt.com/alexander-prass/profil/spieler/434116
167480,Nicola Pavan,Cittadella,31.0,Centre-Back,0,500.0,Italy,1.86,None,right,-,28.0,1.07,0.0,0,0,2.0,2.0,5.0,1.0,0,0,0.0,2.31,0.0,0.0,1748220398600,https://www.transfermarkt.com/nicola-pavan/profil/spieler/167480
584254,Maximilian Breunig,Heidenheim,24.0,Centre-Forward,0,2000.0,Germany,1.95,Robert Schneider,left,2027.0,22.0,1.18,5.0,1.0,0,16.0,6.0,0.0,0,0,1.0,135.0,677.0,0.0,0.0,1748220410419,https://www.transfermarkt.com/maximilian-breunig/profil/spieler/584254
43530,Adam Lallana,Southampton,37.0,Attacking Midfield,0,900.0,England,1.72,CAA Stellar,both,2025.0,18.0,0.89,0.0,2.0,0,12.0,6.0,4.0,0,0,0,0.0,436.0,0.0,0.0,1748220422738,https://www.transfermarkt.com/adam-lallana/profil/spieler/43530
381753,Ilia Gruev,Leeds,25.0,Defensive Midfield,0,5000.0,Bulgaria,1.85,feel soccer GmbH,left,2027.0,25.0,2.32,0.0,2.0,0,5.0,8.0,3.0,0,0,0,0.0,1.73,0.0,0.0,1748220424611,https://www.transfermarkt.com/ilia-gruev/profil/spieler/381753
564449,Million Manhoef,Stoke City,23.0,Right Winger,0,3500.0,Netherlands,1.79,SeiSei Football,left,2027.0,38.0,1.21,7.0,4.0,0,8.0,21.0,2.0,0,0,0,373.0,2.61,0.0,0.0,1748220437251,https://www.transfermarkt.com/million-manhoef/profil/spieler/564449
216872,Francesco Zampano,Venezia,31.0,Right-Back,0,1100.0,Italy,1.77,None,right,2025.0,25.0,0.72,1.0,2.0,0,7.0,7.0,5.0,0,0,0,1.731,1.731,0.0,0.0,1748220462884,https://www.transfermarkt.com/francesco-zampano/profil/spieler/216872
653186,Benedikt Bauer,Karlsruher SC,21.0,Left-Back,0,250.0,Germany,1.79,PRO Profil GmbH,both,-,14.0,2.21,1.0,3.0,0,1.0,4.0,0.0,0,0,0,1.096,1.096,0.0,0.0,1748220464985,https://www.transfermarkt.com/benedikt-bauer/profil/spieler/653186
800925,Oscar Schwartau,Norwich,19.0,Attacking Midfield,0,2200.0,Denmark,1.86,BTAM,right,2028.0,50.0,1.34,2.0,1.0,0,30.0,14.0,4.0,0,0,0,988.0,1.975,0.0,0.0,1748220466984,https://www.transfermarkt.com/oscar-schwartau/profil/spieler/800925
257462,Luka Jović,AC Milan,27.0,Centre-Forward,0,2500.0,Serbia,1.82,LIAN Sports Group,right,2025.0,17.0,1.35,4.0,0,0,9.0,8.0,1.0,0,0,0,173.0,693.0,0.0,0.0,1748220501131,https://www.transfermarkt.com/luka-jovic/profil/spieler/257462
246963,Carlton Morris,Luton,29.0,Centre-Forward,0,8000.0,England,1.85,CAA Stellar,right,-,43.0,1.09,8.0,3.0,0,4.0,18.0,10.0,0,0,2.0,413.0,3.301,0.0,0.0,1748220502952,https://www.transfermarkt.com/carlton-morris/profil/spieler/246963
908760,Cristian Shpendi,Cesena,22.0,Centre-Forward,0,6000.0,Albania,1.81,LIAN Sports Group,right,2028.0,38.0,1.63,13.0,1.0,0,4.0,23.0,3.0,0,0,5.0,213.0,2.765,0.0,0.0,1748220505111,https://www.transfermarkt.com/cristian-shpendi/profil/spieler/908760
342341,Leonardo Candellone,Juve Stabia,27.0,Centre-Forward,0,400.0,Italy,1.86,LEADERBROCK,right,2025.0,40.0,1.45,6.0,2.0,0,11.0,14.0,6.0,0,1.0,1.0,452.0,2.712,0.0,0.0,1748220506870,https://www.transfermarkt.com/leonardo-candellone/profil/spieler/342341
817688,Callum Doyle,Norwich,21.0,Centre-Back,0,15000.0,England,1.9,None,left,2025.0,43.0,1.21,1.0,7.0,0,4.0,5.0,11.0,0,0,0,3.548,3.548,0.0,0.0,1748220519842,https://www.transfermarkt.com/callum-doyle/profil/spieler/817688
581331,Liam Thompson,Derby,23.0,Defensive Midfield,0,500.0,England,1.73,None,right,2025.0,31.0,1.29,1.0,0,0,10.0,15.0,6.0,0,0,0,1.809,1.809,0.0,0.0,1748220532820,https://www.transfermarkt.com/liam-thompson/profil/spieler/581331
356640,Paul Will,Darmstadt 98,26.0,Defensive Midfield,0,500.0,Germany,1.85,CAA Stellar,left,-,5.0,0.8,0.0,1.0,0,0,0.0,2.0,0,0,0,0.0,450.0,0.0,0.0,1748220534931,https://www.transfermarkt.com/paul-will/profil/spieler/356640
258885,Max Lowe,Sheff Wed,28.0,Left-Back,0,2500.0,England,1.75,Wasserman,left,2026.0,37.0,1.41,0.0,0,0,3.0,6.0,2.0,0,0,0,0.0,2.987,0.0,0.0,1748220559501,https://www.transfermarkt.com/max-lowe/profil/spieler/258885
1010854,Mathis Amougou,Chelsea,19.0,Central Midfield,0,10000.0,France,1.77,Classico,right,2033.0,20.0,0.9,0.0,0,0,10.0,6.0,2.0,0,0,0,0.0,969.0,0.0,0.0,1748220562131,https://www.transfermarkt.com/mathis-amougou/profil/spieler/1010854
920790,Ryan Howley,Coventry,21.0,Central Midfield,0,125.0,Wales,1.87,None,right,2025.0,13.0,1.69,0.0,0,0,8.0,5.0,2.0,0,0,0,0.0,423.0,0.0,0.0,1748220564957,https://www.transfermarkt.com/ryan-howley/profil/spieler/920790
629016,Marco Nasti,Cremonese,21.0,Centre-Forward,0,2300.0,Italy,1.79,GR Sports,right,2028.0,29.0,1.72,2.0,2.0,0,22.0,6.0,10.0,0,0,0,482.0,964.0,0.0,0.0,1748220576467,https://www.transfermarkt.com/marco-nasti/profil/spieler/629016
351755,Darnell Furlong,West Brom,29.0,Right-Back,0,3000.0,England,1.83,None,right,2027.0,43.0,1.42,1.0,3.0,1.0,0,1.0,9.0,0,1.0,0,3.798,3.798,0.0,0.0,1748220578904,https://www.transfermarkt.com/darnell-furlong/profil/spieler/351755
369684,Rasmus Kristensen,E. Frankfurt,27.0,Right-Back,0,10000.0,Denmark,1.87,BTAM,right,2025.0,43.0,1.65,6.0,4.0,0,4.0,7.0,7.0,0,0,0,591.0,3.547,0.0,0.0,1748220628246,https://www.transfermarkt.com/rasmus-kristensen/profil/spieler/369684
182517,Anthony Partipilo,Frosinone,30.0,Right Winger,0,750.0,Italy,1.81,None,left,2025.0,26.0,1.0,3.0,1.0,0,12.0,12.0,4.0,0,0,1.0,419.0,1.256,0.0,0.0,1748220631471,https://www.transfermarkt.com/anthony-partipilo/profil/spieler/182517
936504,Akim Djibril,Cittadella,19.0,Defensive Midfield,0,250.0,Italy,1.67,YOU FIRST,"Jul 1, 2024",-,1.0,,0.0,0,0,1.0,0.0,0.0,0,0,0,0.0,9.0,0.0,0.0,1748220633440,https://www.transfermarkt.com/akim-djibril/profil/spieler/936504
592975,Woyo Coulibaly,Leicester,26.0,Right-Back,0,2000.0,France,1.82,None,both,2029.0,20.0,0.85,0.0,2.0,1.0,6.0,2.0,2.0,0,1.0,0,0.0,1.314,0.0,0.0,1748220671833,https://www.transfermarkt.com/woyo-coulibaly/profil/spieler/592975
867688,Jack Hinshelwood,Brighton,20.0,Central Midfield,0,24000.0,England,1.82,CAA Stellar,right,2028.0,31.0,1.74,5.0,3.0,0,5.0,11.0,6.0,0,0,0,454.0,2.268,0.0,0.0,1748220684191,https://www.transfermarkt.com/jack-hinshelwood/profil/spieler/867688
742163,Joel Bagan,Cardiff,23.0,Left-Back,0,350.0,Ireland,1.88,CAA Stellar,left,2026.0,36.0,1.08,0.0,2.0,0,15.0,6.0,4.0,0,1.0,0,0.0,2.02,0.0,0.0,1748220686387,https://www.transfermarkt.com/joel-bagan/profil/spieler/742163
539798,Luca Jaquez,VfB Stuttgart,21.0,Centre-Back,0,6000.0,Switzerland,1.87,sportsfamilyoffice,right,2029.0,26.0,1.96,3.0,0,0,3.0,4.0,2.0,0,0,0,693.0,2.079,0.0,0.0,1748220711873,https://www.transfermarkt.com/luca-jaquez/profil/spieler/539798
923595,Max Moerstedt,TSG Hoffenheim,19.0,Centre-Forward,0,7000.0,Germany,1.94,Sports360 GmbH,right,2027.0,29.0,1.45,5.0,4.0,0,11.0,14.0,5.0,0,0,0,313.0,1.566,0.0,0.0,1748220724622,https://www.transfermarkt.com/max-moerstedt/profil/spieler/923595
171209,Branimir Hrgota,Greuther Fürth,32.0,Centre-Forward,0,1000.0,Sweden,1.85,None,left,2026.0,35.0,1.2,6.0,4.0,0,0,8.0,5.0,0,0,0,519.0,3.116,0.0,0.0,1748220726868,https://www.transfermarkt.com/branimir-hrgota/profil/spieler/171209
704825,Alessandro Dellavalle,Modena,21.0,Centre-Back,0,3000.0,Italy,1.89,None,right,2025.0,26.0,1.27,1.0,0,0,4.0,7.0,5.0,0,0,0,2.007,2.007,0.0,0.0,1748220729162,https://www.transfermarkt.com/alessandro-dellavalle/profil/spieler/704825
262980,Jefferson Lerma,Crystal Palace,30.0,Defensive Midfield,0,12000.0,Colombia,1.79,None,right,2026.0,42.0,1.69,0.0,1.0,0,11.0,9.0,10.0,0,0,0,0.0,2.806,0.0,0.0,1748220741061,https://www.transfermarkt.com/jefferson-lerma/profil/spieler/262980
390460,Richmond Tachie,E. Braunschweig,26.0,Centre-Forward,0,650.0,Germany,1.78,CAA Stellar,right,2025.0,25.0,1.64,3.0,1.0,0,12.0,12.0,1.0,0,0,0,344.0,1.032,0.0,0.0,1748220743642,https://www.transfermarkt.com/richmond-tachie/profil/spieler/390460
836441,Kialonda Gaspar,Lecce,27.0,Centre-Back,0,2500.0,Angola,1.93,None,right,2027.0,26.0,0.96,1.0,1.0,0,1.0,1.0,3.0,0,0,0,2.263,2.263,0.0,0.0,1748220755426,https://www.transfermarkt.com/kialonda-gaspar/profil/spieler/836441
50057,Aaron Ramsey,Cardiff,34.0,Central Midfield,0,800.0,Wales,1.78,None,right,2025.0,11.0,0.82,0.0,1.0,1.0,2.0,4.0,1.0,0,0,0,0.0,729.0,0.0,0.0,1748220767476,https://www.transfermarkt.com/aaron-ramsey/profil/spieler/50057
282163,Carlo Sickinger,SV Elversberg,27.0,Defensive Midfield,0,600.0,Germany,1.83,None,both,2027.0,35.0,1.74,6.0,0,0,15.0,6.0,4.0,0,0,3.0,316.0,1.897,0.0,0.0,1748220769261,https://www.transfermarkt.com/carlo-sickinger/profil/spieler/282163
741292,Iker Bravo,Udinese,20.0,Centre-Forward,0,2500.0,Spain,1.82,YOU FIRST,right,2028.0,31.0,1.19,2.0,1.0,0,26.0,4.0,3.0,0,0,0,399.0,797.0,0.0,0.0,1748220794440,https://www.transfermarkt.com/iker-bravo/profil/spieler/741292
732165,Ronnie Edwards,QPR,22.0,Centre-Back,0,3800.0,England,1.85,Two Touch Agency,right,2025.0,26.0,1.15,2.0,0,1.0,2.0,2.0,2.0,0,0,0,1.094,2.187,0.0,0.0,1748220799326,https://www.transfermarkt.com/ronnie-edwards/profil/spieler/732165
543822,Malthe Højholt,Pisa,24.0,Defensive Midfield,0,1400.0,Denmark,1.82,Elite Consulting,right,2027.0,34.0,2.0,1.0,1.0,0,19.0,7.0,1.0,0,0,0,1.601,1.601,0.0,0.0,1748220803344,https://www.transfermarkt.com/malthe-hojholt/profil/spieler/543822
469709,David Zec,Holstein Kiel,25.0,Centre-Back,0,2500.0,Slovenia,1.9,Universal Twenty Two,right,2029.0,46.0,1.39,6.0,1.0,0,1.0,5.0,12.0,1.0,0,0,662.0,3.971,0.0,0.0,1748220806662,https://www.transfermarkt.com/david-zec/profil/spieler/469709
787912,El Chadaille Bitshiabu,RB Leipzig,20.0,Centre-Back,0,12000.0,France,1.96,Gestifute,left,2028.0,28.0,1.36,0.0,0,0,9.0,7.0,2.0,0,1.0,0,0.0,1.628,0.0,0.0,1748220810484,https://www.transfermarkt.com/el-chadaille-bitshiabu/profil/spieler/787912
457468,Nicola Pietrangeli,Südtirol,24.0,Centre-Back,0,300.0,Italy,1.91,None,right,2027.0,29.0,1.28,4.0,0,1.0,2.0,0.0,2.0,0,0,0,616.0,2.463,0.0,0.0,1748220823648,https://www.transfermarkt.com/nicola-pietrangeli/profil/spieler/457468
249063,Ryan Hardie,Plymouth,28.0,Centre-Forward,0,1800.0,Scotland,1.88,Wasserman,right,2026.0,40.0,1.1,12.0,3.0,0,10.0,25.0,0.0,0,0,4.0,205.0,2.464,0.0,0.0,1748220826730,https://www.transfermarkt.com/ryan-hardie/profil/spieler/249063
701757,Keke Topp,Werder Bremen,21.0,Centre-Forward,0,4000.0,Germany,1.92,Karl M. Herzog ...,right,2028.0,20.0,1.7,5.0,2.0,0,18.0,2.0,1.0,0,0,0,60.0,299.0,0.0,0.0,1748220829243,https://www.transfermarkt.com/keke-topp/profil/spieler/701757
569455,Bastian Allgeier,SSV Ulm 1846,23.0,Right-Back,0,350.0,Germany,1.94,DC International ...,right,2025.0,24.0,0.96,0.0,2.0,0,5.0,4.0,3.0,0,0,0,0.0,1.752,0.0,0.0,1748220841184,https://www.transfermarkt.com/bastian-allgeier/profil/spieler/569455
461833,Caleb Okoli,Leicester,23.0,Centre-Back,0,12000.0,Italy,1.91,None,right,2029.0,23.0,0.7,1.0,0,0,7.0,5.0,6.0,0,0,0,1.465,1.465,0.0,0.0,1748220843261,https://www.transfermarkt.com/caleb-okoli/profil/spieler/461833
108354,Jordan Ayew,Leicester,33.0,Right Winger,0,3500.0,Ghana,1.82,Wasserman,right,2026.0,36.0,0.89,6.0,1.0,0,14.0,17.0,6.0,0,0,1.0,325.0,1.949,0.0,0.0,1748220844802,https://www.transfermarkt.com/jordan-ayew/profil/spieler/108354
368862,Andy Rinomhota,Cardiff,28.0,Central Midfield,0,800.0,Zimbabwe,1.75,Unique Sports Group,right,2025.0,34.0,1.44,0.0,1.0,0,7.0,7.0,6.0,0,0,0,0.0,2.421,0.0,0.0,1748220847355,https://www.transfermarkt.com/andy-rinomhota/profil/spieler/368862
346707,Sean Longstaff,Newcastle,27.0,Central Midfield,0,22000.0,England,1.87,None,right,2026.0,32.0,2.13,0.0,1.0,0,20.0,5.0,4.0,0,0,0,0.0,1.203,0.0,0.0,1748220849651,https://www.transfermarkt.com/sean-longstaff/profil/spieler/346707
650224,Christos Kourfalidis,Cosenza,22.0,Central Midfield,0,600.0,Greece,1.78,None,right,2026.0,25.0,1.0,0.0,0,0,15.0,6.0,5.0,0,1.0,0,0.0,1.11,0.0,0.0,1748220851687,https://www.transfermarkt.com/christos-kourfalidis/profil/spieler/650224
569383,Chrislain Matsima,FC Augsburg,23.0,Centre-Back,0,17000.0,France,1.93,Classico,right,2029.0,34.0,1.32,1.0,1.0,1.0,2.0,2.0,4.0,0,0,0,2.941,2.941,0.0,0.0,1748220890691,https://www.transfermarkt.com/chrislain-matsima/profil/spieler/569383
747009,Justin Devenny,Crystal Palace,21.0,Central Midfield,0,3000.0,Northern Ireland,1.84,None,"Jul 1, 2024",2027.0,37.0,1.73,4.0,2.0,0,23.0,6.0,3.0,0,0,0,345.0,1.38,0.0,0.0,1748220916824,https://www.transfermarkt.com/justin-devenny/profil/spieler/747009
433181,Tino Anjorin,FC Empoli,23.0,Attacking Midfield,0,6000.0,England,1.86,None,right,2027.0,22.0,1.0,2.0,3.0,0,8.0,13.0,3.0,0,0,0,559.0,1.118,0.0,0.0,1748220918954,https://www.transfermarkt.com/tino-anjorin/profil/spieler/433181
128909,Jack Robinson,Sheff Utd,31.0,Centre-Back,0,800.0,England,1.8,Unique Sports Group,left,2025.0,38.0,1.95,0.0,0,0,4.0,2.0,8.0,0,0,0,0.0,3.133,0.0,0.0,1748220932164,https://www.transfermarkt.com/jack-robinson/profil/spieler/128909
471145,Michael Baidoo,Plymouth,26.0,Attacking Midfield,0,3500.0,Ghana,1.74,AIT,right,2028.0,27.0,1.63,5.0,3.0,0,8.0,13.0,1.0,0,0,2.0,340.0,1.701,0.0,0.0,1748220934570,https://www.transfermarkt.com/michael-baidoo/profil/spieler/471145
964087,Alphadjo Cissè,Hellas Verona,18.0,Attacking Midfield,0,1400.0,Italy,1.81,None,"Jul 1, 2024",-,12.0,1.0,1.0,0,0,2.0,4.0,2.0,0,1.0,0,866.0,866.0,0.0,0.0,1748220937723,https://www.transfermarkt.com/alphadjo-cisse/profil/spieler/964087
565162,Giacomo Fedel,Mantova,22.0,Central Midfield,0,200.0,Italy,1.71,None,right,2027.0,9.0,0.89,0.0,1.0,0,6.0,0.0,0.0,0,0,0,0.0,388.0,0.0,0.0,1748220940774,https://www.transfermarkt.com/giacomo-fedel/profil/spieler/565162
227183,Sam Gallagher,Stoke City,29.0,Centre-Forward,0,1600.0,England,1.93,None,right,2027.0,22.0,1.18,3.0,1.0,0,13.0,7.0,5.0,0,0,0,339.0,1.018,0.0,0.0,1748220953195,https://www.transfermarkt.com/sam-gallagher/profil/spieler/227183
119277,Yannick Gerhardt,VfL Wolfsburg,31.0,Central Midfield,0,3000.0,Germany,1.84,None,left,-,33.0,1.52,2.0,1.0,0,17.0,4.0,5.0,0,1.0,0,840.0,1.679,0.0,0.0,1748220977716,https://www.transfermarkt.com/yannick-gerhardt/profil/spieler/119277
893658,Óscar Zambrano,Hull City,21.0,Defensive Midfield,0,2800.0,Ecuador,1.76,AS1,"Aug 16, 2024",2025.0,8.0,1.38,1.0,1.0,0,3.0,5.0,0.0,0,0,0,393.0,393.0,0.0,0.0,1748220978959,https://www.transfermarkt.com/oscar-zambrano/profil/spieler/893658
515544,Trai Hume,Sunderland,23.0,Right-Back,0,10000.0,Northern Ireland,1.8,None,right,2027.0,48.0,1.71,3.0,6.0,0,1.0,0.0,11.0,0,1.0,0,1.41,4.23,0.0,0.0,1748220991468,https://www.transfermarkt.com/trai-hume/profil/spieler/515544
472249,Jan Thielmann,1.FC Köln,23.0,Right-Back,0,3000.0,Germany,1.78,None,right,2026.0,34.0,1.85,2.0,4.0,0,6.0,11.0,9.0,0,0,0,1.233,2.465,0.0,0.0,1748221003451,https://www.transfermarkt.com/jan-thielmann/profil/spieler/472249
927005,Nick Seidel,1.FC Nuremberg,20.0,Centre-Back,0,300.0,Germany,1.91,None,left,2028.0,13.0,1.77,0.0,1.0,0,4.0,0.0,3.0,0,0,0,0.0,865.0,0.0,0.0,1748221005693,https://www.transfermarkt.com/nick-seidel/profil/spieler/927005
139307,Raffaele Pucino,Bari,34.0,Centre-Back,0,250.0,Italy,1.83,None,right,2025.0,31.0,1.23,1.0,4.0,0,2.0,1.0,7.0,0,0,0,2.643,2.643,0.0,0.0,1748221018748,https://www.transfermarkt.com/raffaele-pucino/profil/spieler/139307
147043,Michael Frey,QPR,30.0,Centre-Forward,0,800.0,Switzerland,1.88,ONEANDTEN,right,2026.0,31.0,1.16,9.0,1.0,0,9.0,16.0,6.0,0,0,1.0,208.0,1.876,0.0,0.0,1748221021045,https://www.transfermarkt.com/michael-frey/profil/spieler/147043
513968,Aidan Morris,Middlesbrough,23.0,Central Midfield,0,3500.0,United States,1.75,Wasserman,right,2028.0,37.0,1.35,0.0,2.0,0,3.0,9.0,4.0,0,0,0,0.0,3.024,0.0,0.0,1748221023459,https://www.transfermarkt.com/aidan-morris/profil/spieler/513968
655525,Yeferson Paz,Sassuolo,22.0,Right-Back,0,500.0,Colombia,1.76,Rafaela Pimenta,right,2027.0,14.0,2.29,0.0,0,0,7.0,6.0,5.0,0,0,0,0.0,474.0,0.0,0.0,1748221025386,https://www.transfermarkt.com/yeferson-paz/profil/spieler/655525
910541,Fabio Baldé,Hamburger SV,19.0,Left Winger,0,1500.0,Germany,1.82,Total Sport Agency,right,2029.0,26.0,1.54,3.0,5.0,0,17.0,10.0,2.0,0,0,0,312.0,936.0,0.0,0.0,1748221051114,https://www.transfermarkt.com/fabio-balde/profil/spieler/910541
815078,Jordy Makengo,SC Freiburg,23.0,Left-Back,0,3000.0,France,1.91,BS Group - BS Law,left,-,20.0,1.9,0.0,0,0,12.0,2.0,1.0,0,0,0,0.0,826.0,0.0,0.0,1748221062970,https://www.transfermarkt.com/jordy-makengo/profil/spieler/815078
1088818,Joe Johnson,Luton,19.0,Left-Back,0,300.0,England,1.8,Unique Sports Group,left,-,11.0,0.91,0.0,0,0,3.0,2.0,1.0,1.0,0,0,0.0,740.0,0.0,0.0,1748221064472,https://www.transfermarkt.com/joe-johnson/profil/spieler/1088818
412932,Myron Boadu,VfL Bochum,24.0,Centre-Forward,0,7000.0,Netherlands,1.81,Team Raiola,right,2025.0,20.0,0.4,9.0,1.0,0,9.0,9.0,3.0,0,0,1.0,118.0,1.062,0.0,0.0,1748221066367,https://www.transfermarkt.com/myron-boadu/profil/spieler/412932
661053,Jarrad Branthwaite,Everton,22.0,Centre-Back,0,50000.0,England,1.95,None,left,2027.0,33.0,1.39,0.0,1.0,0,2.0,1.0,4.0,0,0,0,0.0,2.78,0.0,0.0,1748221071482,https://www.transfermarkt.com/jarrad-branthwaite/profil/spieler/661053
929992,Zaid Amoussou-Tchibara,Schalke 04 U19,19.0,Right Winger,0,300.0,Togo,1.77,None,"Jul 1, 2023",2028.0,20.0,2.1,21.0,3.0,0,3.0,5.0,2.0,0,0,7.0,77.0,1.615,0.0,0.0,1748221076560,https://www.transfermarkt.com/zaid-amoussou-tchibara/profil/spieler/929992
518583,Noah Ganaus,J. Regensburg,24.0,Centre-Forward,0,400.0,Germany,1.93,None,right,2025.0,35.0,0.89,5.0,1.0,0,22.0,10.0,3.0,0,0,0,280.0,1.402,0.0,0.0,1748221079314,https://www.transfermarkt.com/noah-ganaus/profil/spieler/518583
43763,Erik Pieters,Derby,36.0,Centre-Back,0,300.0,Netherlands,1.83,Unique Sports Group,left,2025.0,1.0,1.0,0.0,0,0,1.0,0.0,0.0,0,0,0,0.0,1.0,0.0,0.0,1748221092181,https://www.transfermarkt.com/erik-pieters/profil/spieler/43763
192765,Ben Davies,Tottenham,32.0,Centre-Back,0,8000.0,Wales,1.81,CAA Stellar,left,2025.0,28.0,1.5,0.0,0,0,5.0,2.0,5.0,0,0,0,0.0,2.176,0.0,0.0,1748221094851,https://www.transfermarkt.com/ben-davies/profil/spieler/192765
136514,Charalampos Lykogiannis,Bologna,31.0,Left-Back,0,1500.0,Greece,1.91,BSP FOOTBALL AGENCY,left,2025.0,25.0,1.56,0.0,7.0,0,6.0,9.0,6.0,0,0,0,0.0,1.69,0.0,0.0,1748221097025,https://www.transfermarkt.com/charalampos-lykogiannis/profil/spieler/136514
647395,Kyle Joseph,Hull City,23.0,Centre-Forward,0,600.0,Scotland,1.86,None,right,2028.0,45.0,1.36,7.0,2.0,0,5.0,28.0,3.0,0,0,0,462.0,3.236,0.0,0.0,1748221132811,https://www.transfermarkt.com/kyle-joseph/profil/spieler/647395
913539,Estanis Pedrola,Bologna,21.0,Left Winger,0,1800.0,Spain,1.85,Dupla Piqué & ...,right,2025.0,12.0,0.83,0.0,0,0,9.0,3.0,0.0,0,0,0,0.0,369.0,0.0,0.0,1748221145171,https://www.transfermarkt.com/estanis-pedrola/profil/spieler/913539
569457,Tim Breithaupt,1.FC K'lautern,23.0,Defensive Midfield,0,3000.0,Germany,1.92,DC International ...,right,2025.0,16.0,1.31,0.0,1.0,0,3.0,6.0,3.0,0,0,0,0.0,1.07,0.0,0.0,1748221149800,https://www.transfermarkt.com/tim-breithaupt/profil/spieler/569457
240263,Frederic Ananou,J. Regensburg,27.0,Right-Back,0,600.0,Togo,1.83,HD,right,2025.0,16.0,0.63,0.0,0,0,5.0,5.0,0.0,0,0,0,0.0,960.0,0.0,0.0,1748221152229,https://www.transfermarkt.com/frederic-ananou/profil/spieler/240263
392591,Chiedozie Ogbene,Ipswich,28.0,Right Winger,0,8000.0,Ireland,1.81,None,right,2028.0,9.0,0.44,0.0,0,0,2.0,5.0,0.0,0,0,0,0.0,531.0,0.0,0.0,1748221164619,https://www.transfermarkt.com/chiedozie-ogbene/profil/spieler/392591
465717,Jayden Bogle,Leeds,24.0,Right-Back,0,5500.0,England,1.78,CAA Stellar,right,2028.0,45.0,2.09,6.0,4.0,0,1.0,12.0,12.0,0,0,0,644.0,3.862,0.0,0.0,1748221167824,https://www.transfermarkt.com/jayden-bogle/profil/spieler/465717
77812,Christoph Zimmermann,Darmstadt 98,32.0,Centre-Back,0,300.0,Germany,1.94,DC International ...,right,2025.0,2.0,3.0,0.0,0,0,2.0,0.0,0.0,0,0,0,0.0,32.0,0.0,0.0,1748221169522,https://www.transfermarkt.com/christoph-zimmermann/profil/spieler/77812
679471,Rasim Bulic,J. Regensburg,24.0,Defensive Midfield,0,450.0,Germany,1.96,None,right,2025.0,32.0,0.88,2.0,1.0,0,11.0,1.0,4.0,0,1.0,0,1.024,2.047,0.0,0.0,1748221181489,https://www.transfermarkt.com/rasim-bulic/profil/spieler/679471
455661,Nick Woltemade,VfB Stuttgart,23.0,Second Striker,0,17000.0,Germany,1.98,None,right,2028.0,33.0,1.61,17.0,3.0,0,11.0,8.0,3.0,1.0,0,2.0,120.0,2.039,0.0,0.0,1748221184405,https://www.transfermarkt.com/nick-woltemade/profil/spieler/455661
725242,Luca D'Andrea,Brescia,20.0,Right Winger,0,800.0,Italy,1.73,None,left,2025.0,11.0,0.73,1.0,0,0,7.0,4.0,2.0,0,0,0,366.0,366.0,0.0,0.0,1748221186516,https://www.transfermarkt.com/luca-dandrea/profil/spieler/725242
633668,Giovanni Fabbian,Bologna,22.0,Attacking Midfield,0,13000.0,Italy,1.86,None,right,2028.0,41.0,1.51,4.0,1.0,0,23.0,15.0,5.0,0,0,0,431.0,1.725,0.0,0.0,1748221189011,https://www.transfermarkt.com/giovanni-fabbian/profil/spieler/633668
215599,Lukas Klostermann,RB Leipzig,28.0,Centre-Back,0,8000.0,Germany,1.89,None,right,2028.0,35.0,1.74,1.0,0,0,13.0,6.0,5.0,0,0,0,2.037,2.037,0.0,0.0,1748221201670,https://www.transfermarkt.com/lukas-klostermann/profil/spieler/215599
543771,Kristjan Asllani,Inter,23.0,Defensive Midfield,0,15000.0,Albania,1.75,None,right,2028.0,34.0,2.32,3.0,2.0,0,18.0,10.0,9.0,0,0,2.0,524.0,1.572,0.0,0.0,1748221226081,https://www.transfermarkt.com/kristjan-asllani/profil/spieler/543771
311333,Alessandro Gabrielloni,Como,30.0,Centre-Forward,0,1000.0,Italy,1.78,None,right,2027.0,16.0,1.06,1.0,1.0,0,16.0,0.0,1.0,0,0,0,158.0,158.0,0.0,0.0,1748221227432,https://www.transfermarkt.com/alessandro-gabrielloni/profil/spieler/311333
746695,Kamaldeen Sulemana,Southampton,23.0,Left Winger,0,13000.0,Ghana,1.75,None,right,2027.0,30.0,0.43,2.0,3.0,0,11.0,14.0,3.0,0,0,0,793.0,1.585,0.0,0.0,1748221276658,https://www.transfermarkt.com/kamaldeen-sulemana/profil/spieler/746695
157368,Tom Ince,Watford,33.0,Right Winger,0,800.0,England,1.78,None,left,2026.0,36.0,1.22,5.0,2.0,0,19.0,11.0,1.0,0,0,1.0,324.0,1.62,0.0,0.0,1748221325373,https://www.transfermarkt.com/tom-ince/profil/spieler/157368
709726,Hugo Ekitiké,E. Frankfurt,22.0,Centre-Forward,0,55000.0,France,1.9,None,right,2029.0,48.0,1.79,22.0,12.0,0,5.0,31.0,3.0,0,0,1.0,166.0,3.645,0.0,0.0,1748221327066,https://www.transfermarkt.com/hugo-ekitike/profil/spieler/709726
984964,Niccolò Fortini,Juve Stabia,19.0,Left-Back,0,3500.0,Italy,1.85,None,right,2025.0,28.0,1.43,2.0,4.0,0,3.0,13.0,4.0,0,0,0,1.04,2.08,0.0,0.0,1748221329105,https://www.transfermarkt.com/niccolo-fortini/profil/spieler/984964
273054,Vincent Vermeij,F. Düsseldorf,30.0,Centre-Forward,0,650.0,Netherlands,1.96,None,right,2026.0,21.0,1.29,2.0,1.0,0,17.0,3.0,0.0,0,0,1.0,244.0,488.0,0.0,0.0,1748221331655,https://www.transfermarkt.com/vincent-vermeij/profil/spieler/273054
936874,Tyrique George,Chelsea,19.0,Left Winger,0,3500.0,England,1.81,None,right,2027.0,36.0,2.22,6.0,11.0,0,15.0,12.0,4.0,0,0,0,334.0,2.004,0.0,0.0,1748221335830,https://www.transfermarkt.com/tyrique-george/profil/spieler/936874
670846,Ben Chrisene,Norwich,21.0,Left-Back,0,1500.0,England,1.83,ARETÉ,left,2028.0,28.0,1.36,1.0,0,0,14.0,13.0,2.0,0,0,0,1.286,1.286,0.0,0.0,1748221348574,https://www.transfermarkt.com/ben-chrisene/profil/spieler/670846
270027,Frank Ronstadt,1.FC K'lautern,27.0,Right-Back,0,550.0,Germany,1.79,CAA Stellar,right,-,12.0,2.0,0.0,1.0,0,4.0,7.0,4.0,0,0,0,0.0,685.0,0.0,0.0,1748221350719,https://www.transfermarkt.com/frank-ronstadt/profil/spieler/270027
390163,Andrea Ghion,Sassuolo,25.0,Defensive Midfield,0,650.0,Italy,1.74,None,right,2029.0,24.0,2.25,0.0,2.0,0,5.0,19.0,2.0,0,0,0,0.0,1.455,0.0,0.0,1748221353335,https://www.transfermarkt.com/andrea-ghion/profil/spieler/390163
939290,Jayden Danns,Sunderland,19.0,Centre-Forward,0,800.0,England,1.83,None,right,2025.0,7.0,1.57,2.0,0,0,4.0,3.0,0.0,0,0,1.0,137.0,274.0,0.0,0.0,1748221365695,https://www.transfermarkt.com/jayden-danns/profil/spieler/939290
526347,Macaulay Langstaff,Millwall,28.0,Centre-Forward,0,700.0,England,1.78,Refuel Performance ...,right,-,36.0,1.42,1.0,2.0,0,20.0,12.0,0.0,0,0,0,1.536,1.536,0.0,0.0,1748221367976,https://www.transfermarkt.com/macaulay-langstaff/profil/spieler/526347
613192,Jens Castrop,1.FC Nuremberg,21.0,Central Midfield,0,6000.0,Germany,1.78,WINS,right,2026.0,26.0,1.31,3.0,4.0,0,0,15.0,11.0,0,0,0,693.0,2.08,0.0,0.0,1748221369882,https://www.transfermarkt.com/jens-castrop/profil/spieler/613192
186477,Herbert Bockhorn,1.FC Magdeburg,30.0,Right-Back,0,600.0,Germany,1.76,ROOF,right,-,1.0,3.0,0.0,0,0,0,1.0,0.0,0,0,0,0.0,22.0,0.0,0.0,1748221382578,https://www.transfermarkt.com/herbert-bockhorn/profil/spieler/186477
38607,Federico Di Francesco,Palermo,30.0,Left Winger,0,1200.0,Italy,1.71,None,right,2026.0,30.0,1.27,1.0,7.0,0,11.0,15.0,3.0,0,0,0,1.589,1.589,0.0,0.0,1748221385064,https://www.transfermarkt.com/federico-di-francesco/profil/spieler/38607
415194,Bakery Jatta,Hamburger SV,26.0,Right Winger,0,1300.0,The Gambia,1.84,None,right,2029.0,10.0,1.8,0.0,1.0,0,3.0,7.0,1.0,0,0,0,0.0,481.0,0.0,0.0,1748221387101,https://www.transfermarkt.com/bakery-jatta/profil/spieler/415194
344600,Michaël Cuisance,Hertha BSC,25.0,Central Midfield,0,3500.0,France,1.81,ROGON,left,2029.0,34.0,1.32,7.0,7.0,0,3.0,12.0,7.0,0,0,2.0,399.0,2.79,0.0,0.0,1748221388991,https://www.transfermarkt.com/michael-cuisance/profil/spieler/344600
801005,Stanley Mills,Oxford United,21.0,Right Winger,0,300.0,England,1.8,Wasserman,-,-,12.0,0.5,2.0,0,0,8.0,3.0,2.0,0,0,1.0,220.0,440.0,0.0,0.0,1748221390749,https://www.transfermarkt.com/stanley-mills/profil/spieler/801005
328658,Kristoffer Ajer,Brentford,27.0,Centre-Back,0,18000.0,Norway,1.98,Wasserman,right,2028.0,25.0,1.28,0.0,0,0,7.0,12.0,5.0,0,0,0,0.0,1.533,0.0,0.0,1748221404436,https://www.transfermarkt.com/kristoffer-ajer/profil/spieler/328658
156715,Marco Thiede,Darmstadt 98,33.0,Right-Back,0,300.0,Germany,1.78,Soccer and more,right,2025.0,19.0,1.68,0.0,0,0,17.0,1.0,1.0,0,0,0,0.0,394.0,0.0,0.0,1748221406823,https://www.transfermarkt.com/marco-thiede/profil/spieler/156715
321247,Emiliano Buendía,B. Leverkusen,28.0,Attacking Midfield,0,18000.0,Argentina,1.72,Universal Twenty Two,right,2025.0,34.0,1.88,5.0,0,0,26.0,9.0,2.0,0,0,0,157.0,786.0,0.0,0.0,1748221419946,https://www.transfermarkt.com/emiliano-buendia/profil/spieler/321247
340151,Andrea Favilli,Bari,28.0,Centre-Forward,0,300.0,Italy,1.91,None,right,2025.0,22.0,1.41,5.0,1.0,0,15.0,7.0,6.0,0,0,1.0,156.0,779.0,0.0,0.0,1748221422197,https://www.transfermarkt.com/andrea-favilli/profil/spieler/340151
814446,Luca Marianucci,FC Empoli,20.0,Centre-Back,0,5000.0,Italy,1.86,None,right,-,24.0,1.21,0.0,2.0,0,6.0,4.0,2.0,0,1.0,0,0.0,1.532,0.0,0.0,1748221424620,https://www.transfermarkt.com/luca-marianucci/profil/spieler/814446
76630,Dennis Chessa,SSV Ulm 1846,32.0,Right Winger,0,300.0,Germany,1.79,None,both,2025.0,25.0,0.96,0.0,3.0,0,11.0,7.0,5.0,0,0,0,0.0,1.357,0.0,0.0,1748221427091,https://www.transfermarkt.com/dennis-chessa/profil/spieler/76630
124555,Cristiano Biraghi,Torino,32.0,Left-Back,0,2000.0,Italy,1.85,None,left,2025.0,28.0,1.57,1.0,1.0,1.0,6.0,6.0,2.0,0,0,0,1.96,1.96,0.0,0.0,1748221428899,https://www.transfermarkt.com/cristiano-biraghi/profil/spieler/124555
457237,Sergio Kalaj,Frosinone,25.0,Centre-Back,0,200.0,Albania,1.93,None,right,2026.0,4.0,0.75,0.0,0,0,1.0,1.0,1.0,0,0,0,0.0,272.0,0.0,0.0,1748221453558,https://www.transfermarkt.com/sergio-kalaj/profil/spieler/457237
412616,Giorgi Chakvetadze,Watford,25.0,Attacking Midfield,0,4000.0,Georgia,1.83,Vision Foot,right,2029.0,41.0,1.22,2.0,7.0,0,4.0,12.0,6.0,0,0,0,1.672,3.344,0.0,0.0,1748221455659,https://www.transfermarkt.com/giorgi-chakvetadze/profil/spieler/412616
405385,Yukinari Sugawara,Southampton,24.0,Right-Back,0,12000.0,Japan,1.79,Sports360 GmbH,right,2028.0,32.0,0.41,1.0,1.0,0,15.0,10.0,4.0,0,0,0,1.676,1.676,0.0,0.0,1748221479878,https://www.transfermarkt.com/yukinari-sugawara/profil/spieler/405385
669366,Tom Cannon,Sheff Utd,22.0,Centre-Forward,0,10000.0,Ireland,1.8,None,right,2029.0,42.0,1.31,12.0,2.0,0,10.0,15.0,3.0,0,0,4.0,231.0,2.768,0.0,0.0,1748221481949,https://www.transfermarkt.com/tom-cannon/profil/spieler/669366
148252,Remo Freuler,Bologna,33.0,Central Midfield,0,6500.0,Switzerland,1.8,ESHA,right,2026.0,49.0,1.61,1.0,2.0,0,1.0,15.0,9.0,0,0,0,4.125,4.125,0.0,0.0,1748221506128,https://www.transfermarkt.com/remo-freuler/profil/spieler/148252
531674,Rúben Rodrigues,Oxford United,28.0,Attacking Midfield,0,400.0,Portugal,1.81,None,"Jul 1, 2023",-,41.0,1.22,4.0,3.0,0,12.0,29.0,3.0,0,0,0,585.0,2.34,0.0,0.0,1748221518583,https://www.transfermarkt.com/ruben-rodrigues/profil/spieler/531674
592116,Yuki Ohashi,Blackburn,28.0,Centre-Forward,0,1500.0,Japan,1.81,Athleteplus,right,2027.0,39.0,1.54,10.0,4.0,0,11.0,23.0,3.0,0,0,0,239.0,2.393,0.0,0.0,1748221542081,https://www.transfermarkt.com/yuki-ohashi/profil/spieler/592116
607226,Loum Tchaouna,Lazio,21.0,Right Winger,0,10000.0,France,1.8,BS Group - BS Law,left,2029.0,37.0,1.78,2.0,1.0,0,22.0,12.0,3.0,1.0,0,0,682.0,1.363,0.0,0.0,1748221544273,https://www.transfermarkt.com/loum-tchaouna/profil/spieler/607226
369316,Ferdi Kadıoğlu,Brighton,25.0,Left-Back,0,30000.0,Türkiye,1.74,Wasserman,right,2028.0,13.0,1.62,3.0,0,0,4.0,7.0,2.0,0,0,0,246.0,739.0,0.0,0.0,1748221569143,https://www.transfermarkt.com/ferdi-kadioglu/profil/spieler/369316
373876,Robert Ivanov,E. Braunschweig,30.0,Centre-Back,0,750.0,Finland,1.97,None,right,2025.0,20.0,0.8,0.0,1.0,0,4.0,4.0,6.0,0,0,0,0.0,1.499,0.0,0.0,1748221572777,https://www.transfermarkt.com/robert-ivanov/profil/spieler/373876
503980,Joe Gelhardt,Hull City,23.0,Centre-Forward,0,3500.0,England,1.79,None,left,2025.0,23.0,1.3,5.0,0,0,3.0,10.0,4.0,0,0,2.0,334.0,1.672,0.0,0.0,1748221611107,https://www.transfermarkt.com/joe-gelhardt/profil/spieler/503980
464333,Ivan Nekic,Holstein Kiel,24.0,Centre-Back,0,800.0,Croatia,1.85,FairSport,right,-,20.0,1.3,0.0,1.0,0,0,2.0,2.0,0,0,0,0.0,1.788,0.0,0.0,1748221622921,https://www.transfermarkt.com/ivan-nekic/profil/spieler/464333
691235,Andrea Giorgini,Südtirol,23.0,Centre-Back,0,1200.0,Italy,1.9,GG11,right,2026.0,31.0,1.35,2.0,1.0,0,4.0,1.0,6.0,0,0,0,1.268,2.536,0.0,0.0,1748221624646,https://www.transfermarkt.com/andrea-giorgini/profil/spieler/691235
232355,Leon Bell Bell,E. Braunschweig,28.0,Left-Back,0,650.0,Cameroon,1.8,None,left,2026.0,24.0,1.0,2.0,1.0,0,10.0,8.0,5.0,0,0,0,645.0,1.29,0.0,0.0,1748221636670,https://www.transfermarkt.com/leon-bell-bell/profil/spieler/232355
675565,Thomas Kastanaras,VfB Stuttgart,22.0,Centre-Forward,0,500.0,Germany,1.86,Wasserman,"Jul 1, 2022",2026.0,33.0,1.03,7.0,3.0,0,15.0,13.0,2.0,0,0,0,239.0,1.671,0.0,0.0,1748221640251,https://www.transfermarkt.com/thomas-kastanaras/profil/spieler/675565
526466,Elias Saad,FC St. Pauli,25.0,Left Winger,0,4000.0,Tunisia,1.85,None,right,-,19.0,0.95,3.0,2.0,0,9.0,9.0,1.0,0,0,0,317.0,951.0,0.0,0.0,1748221644428,https://www.transfermarkt.com/elias-saad/profil/spieler/526466
284010,Robin Hack,Bor. M'gladbach,26.0,Left Winger,0,10000.0,Germany,1.78,CN Sports,right,2029.0,34.0,1.32,4.0,8.0,0,7.0,23.0,4.0,0,0,0,552.0,2.209,0.0,0.0,1748221656641,https://www.transfermarkt.com/robin-hack/profil/spieler/284010
393325,Josh Sargent,Norwich,25.0,Centre-Forward,0,15000.0,United States,1.85,Wasserman,right,2028.0,33.0,1.18,15.0,5.0,0,5.0,9.0,3.0,0,0,1.0,168.0,2.516,0.0,0.0,1748221680825,https://www.transfermarkt.com/josh-sargent/profil/spieler/393325
784575,Mehdi Dorval,Bari,24.0,Left Midfield,0,4000.0,Algeria,1.76,None,both,2026.0,38.0,1.24,4.0,6.0,0,0,13.0,4.0,0,0,0,787.0,3.146,0.0,0.0,1748221682963,https://www.transfermarkt.com/mehdi-dorval/profil/spieler/784575
862554,Ronald,Swansea,23.0,Right Winger,0,1800.0,Brazil,1.77,None,right,2027.0,49.0,1.31,3.0,7.0,1.0,4.0,23.0,3.0,0,0,0,1.32,3.961,0.0,0.0,1748221695455,https://www.transfermarkt.com/ronald/profil/spieler/862554
927017,Efe-Kaan Sihlaroglu,Karlsruher SC,19.0,Central Midfield,0,150.0,Türkiye,1.78,None,right,2026.0,,,,,,2.0,,,,,,,,0.0,0.0,1748221697545,https://www.transfermarkt.com/efe-kaan-sihlaroglu/profil/spieler/927017
196139,Robert Glatzel,Hamburger SV,31.0,Centre-Forward,0,3000.0,Germany,1.93,Sports360 GmbH,both,2027.0,16.0,1.75,11.0,0,0,10.0,2.0,0.0,0,0,2.0,62.0,685.0,0.0,0.0,1748221699451,https://www.transfermarkt.com/robert-glatzel/profil/spieler/196139
245056,Saša Lukić,Fulham,28.0,Central Midfield,0,10000.0,Serbia,1.82,None,right,2027.0,35.0,1.43,0.0,2.0,0,4.0,21.0,12.0,0,0,0,0.0,2.614,0.0,0.0,1748221701858,https://www.transfermarkt.com/sasa-lukic/profil/spieler/245056
916542,Millenic Alli,Luton,25.0,Centre-Forward,0,1000.0,Ireland,1.76,None,right,-,49.0,1.49,16.0,2.0,0,18.0,13.0,4.0,0,0,0,193.0,3.08,0.0,0.0,1748221714937,https://www.transfermarkt.com/millenic-alli/profil/spieler/916542
605268,Igor Matanovic,E. Frankfurt,22.0,Centre-Forward,0,6000.0,Croatia,1.94,ROGON,right,2029.0,25.0,2.08,2.0,1.0,0,19.0,5.0,1.0,0,0,0,337.0,673.0,0.0,0.0,1748221717648,https://www.transfermarkt.com/igor-matanovic/profil/spieler/605268
464446,Andri Fannar Baldursson,Bologna,23.0,Central Midfield,0,900.0,Iceland,1.87,CAA Stellar,right,2025.0,8.0,1.75,1.0,1.0,0,3.0,1.0,4.0,0,0,0,470.0,470.0,0.0,0.0,1748221755925,https://www.transfermarkt.com/andri-fannar-baldursson/profil/spieler/464446
251885,Julio Pleguezuelo,Plymouth,28.0,Centre-Back,0,1500.0,Spain,1.8,None,right,2027.0,29.0,1.31,1.0,0,0,1.0,7.0,8.0,0,0,0,2.395,2.395,0.0,0.0,1748221758138,https://www.transfermarkt.com/julio-pleguezuelo/profil/spieler/251885
979766,Mathis Lambourde,Hellas Verona,19.0,Centre-Forward,0,500.0,France,1.79,None,left,2029.0,7.0,,1.0,0,0,7.0,0.0,1.0,0,0,0,82.0,82.0,0.0,0.0,1748221770026,https://www.transfermarkt.com/mathis-lambourde/profil/spieler/979766
163187,Giuseppe Prestia,Cesena,31.0,Centre-Back,0,600.0,Italy,1.9,None,right,2026.0,38.0,1.53,4.0,2.0,1.0,1.0,6.0,3.0,0,0,0,792.0,3.166,0.0,0.0,1748221773024,https://www.transfermarkt.com/giuseppe-prestia/profil/spieler/163187
251303,Johannes Eggestein,FC St. Pauli,27.0,Centre-Forward,0,3000.0,Germany,1.83,ROOF,right,2025.0,29.0,1.03,4.0,6.0,0,5.0,20.0,3.0,0,0,1.0,519.0,2.074,0.0,0.0,1748221776687,https://www.transfermarkt.com/johannes-eggestein/profil/spieler/251303
387013,Antonio Pergreffi,Modena,37.0,Centre-Back,0,200.0,Italy,1.89,None,left,2025.0,7.0,1.14,0.0,0,0,2.0,1.0,2.0,0,0,0,0.0,485.0,0.0,0.0,1748221779769,https://www.transfermarkt.com/antonio-pergreffi/profil/spieler/387013
875332,Arthur Chaves,TSG Hoffenheim,24.0,Centre-Back,0,3000.0,Brazil,1.88,None,right,-,38.0,1.24,2.0,0,0,3.0,8.0,11.0,0,0,0,1.53,3.06,0.0,0.0,1748221791947,https://www.transfermarkt.com/arthur-chaves/profil/spieler/875332
213334,Dominic Iorfa,Sheff Wed,29.0,Centre-Back,0,350.0,England,1.88,None,right,2026.0,23.0,1.43,1.0,0,0,5.0,10.0,4.0,0,0,0,1.498,1.498,0.0,0.0,1748221794079,https://www.transfermarkt.com/dominic-iorfa/profil/spieler/213334
199927,Davide Biraschi,Frosinone,30.0,Centre-Back,0,700.0,Italy,1.82,None,right,2026.0,19.0,0.89,0.0,0,0,1.0,6.0,5.0,0,0,0,0.0,1.447,0.0,0.0,1748221806137,https://www.transfermarkt.com/davide-biraschi/profil/spieler/199927
691678,Tommaso Fumagalli,Cosenza,25.0,Centre-Forward,0,500.0,Italy,1.85,None,right,2025.0,25.0,0.76,4.0,1.0,0,8.0,13.0,4.0,0,0,1.0,334.0,1.337,0.0,0.0,1748221808075,https://www.transfermarkt.com/tommaso-fumagalli/profil/spieler/691678
940198,Jaka Cuber Potocnik,1.FC Köln,19.0,Centre-Forward,0,350.0,Slovenia,1.89,None,right,2027.0,25.0,1.24,9.0,0,0,3.0,13.0,2.0,0,0,4.0,210.0,1.89,0.0,0.0,1748221811486,https://www.transfermarkt.com/jaka-cuber-potocnik/profil/spieler/940198
816585,Can Uzun,E. Frankfurt,19.0,Attacking Midfield,0,18000.0,Türkiye,1.86,WINS,right,2029.0,31.0,1.61,5.0,3.0,0,22.0,9.0,1.0,0,0,0,200.0,1.001,0.0,0.0,1748221824202,https://www.transfermarkt.com/can-uzun/profil/spieler/816585
241641,Bernardo Silva,Man City,30.0,Attacking Midfield,0,45000.0,Portugal,1.73,Gestifute,left,2026.0,49.0,1.67,5.0,4.0,0,7.0,6.0,10.0,0,0,0,780.0,3.902,0.0,0.0,1748221837629,https://www.transfermarkt.com/bernardo-silva/profil/spieler/241641
300508,Palkó Dárdai,Hertha BSC,26.0,Right Winger,0,600.0,Hungary,1.8,B360 Sports,left,2027.0,18.0,1.5,1.0,1.0,0,14.0,4.0,0.0,0,0,0,470.0,470.0,0.0,0.0,1748221840074,https://www.transfermarkt.com/palko-dardai/profil/spieler/300508
895937,Marco Palestra,Atalanta BC,20.0,Right Midfield,0,3000.0,Italy,1.86,None,right,-,15.0,1.67,0.0,0,0,11.0,3.0,0.0,0,0,0,0.0,394.0,0.0,0.0,1748221842236,https://www.transfermarkt.com/marco-palestra/profil/spieler/895937
690429,Robert Wagner,FC St. Pauli,21.0,Central Midfield,0,3000.0,Germany,1.81,VIDA 11,right,2025.0,14.0,0.71,0.0,0,0,7.0,6.0,1.0,0,0,0,0.0,565.0,0.0,0.0,1748221844449,https://www.transfermarkt.com/robert-wagner/profil/spieler/690429
485584,Anass Salah-Eddine,AS Roma,23.0,Left-Back,0,8000.0,Netherlands,1.81,None,left,2028.0,32.0,1.59,2.0,5.0,0,4.0,13.0,2.0,0,0,0,1.194,2.387,0.0,0.0,1748221846731,https://www.transfermarkt.com/anass-salah-eddine/profil/spieler/485584
166237,Leandro Paredes,AS Roma,30.0,Defensive Midfield,0,5000.0,Argentina,1.8,DCGLOBALSL,right,2026.0,33.0,1.79,4.0,2.0,0,9.0,11.0,8.0,0,0,3.0,520.0,2.078,0.0,0.0,1748221850802,https://www.transfermarkt.com/leandro-paredes/profil/spieler/166237
315853,Alessandro Bastoni,Inter,26.0,Centre-Back,0,80000.0,Italy,1.9,None,left,2028.0,52.0,2.13,1.0,6.0,0,5.0,28.0,8.0,1.0,0,0,3.836,3.836,0.0,0.0,1748221875705,https://www.transfermarkt.com/alessandro-bastoni/profil/spieler/315853
255703,Harry Cornick,Bristol City,30.0,Centre-Forward,0,1000.0,England,1.8,None,right,2026.0,5.0,0.8,1.0,0,0,5.0,0.0,1.0,0,0,0,91.0,91.0,0.0,0.0,1748221877909,https://www.transfermarkt.com/harry-cornick/profil/spieler/255703
416386,Abdou Harroui,Hellas Verona,27.0,Central Midfield,0,2000.0,Morocco,1.82,PRO10 Sports,both,2028.0,11.0,1.09,1.0,2.0,0,5.0,5.0,1.0,0,0,0,517.0,517.0,0.0,0.0,1748221890327,https://www.transfermarkt.com/abdou-harroui/profil/spieler/416386
460651,Antoine Makoumbou,Cagliari,26.0,Defensive Midfield,0,4000.0,Congo,1.87,Pro transfer,right,2026.0,34.0,1.06,0.0,3.0,0,6.0,20.0,2.0,1.0,0,0,0.0,2.254,0.0,0.0,1748221902457,https://www.transfermarkt.com/antoine-makoumbou/profil/spieler/460651
960164,Lilian Njoh,Salernitana,23.0,Left-Back,0,750.0,France,1.8,None,left,2026.0,27.0,1.04,0.0,2.0,0,7.0,5.0,1.0,1.0,0,0,0.0,1.773,0.0,0.0,1748221904351,https://www.transfermarkt.com/lilian-njoh/profil/spieler/960164
1109824,Hayden Matthews,Portsmouth,20.0,Centre-Back,0,1300.0,Australia,1.95,None,right,2029.0,24.0,1.63,0.0,1.0,0,3.0,7.0,2.0,1.0,0,0,0.0,1.748,0.0,0.0,1748221906236,https://www.transfermarkt.com/hayden-matthews/profil/spieler/1109824
183167,Darragh Lenihan,Middlesbrough,31.0,Centre-Back,0,1800.0,Ireland,1.87,SMI Sports ...,right,2026.0,0.0,,0.0,0,0,0,0.0,0.0,0,0,0,0.0,0.0,0.0,0.0,1748221908840,https://www.transfermarkt.com/darragh-lenihan/profil/spieler/183167
160137,Tom Barkhuizen,Derby,31.0,Left Winger,0,400.0,England,1.75,None,right,2025.0,22.0,0.59,0.0,0,0,18.0,4.0,2.0,0,0,0,0.0,549.0,0.0,0.0,1748221921901,https://www.transfermarkt.com/tom-barkhuizen/profil/spieler/160137
306024,Dominic Calvert-Lewin,Everton,28.0,Centre-Forward,0,20000.0,England,1.89,Wasserman,right,2025.0,26.0,1.27,3.0,2.0,0,7.0,11.0,2.0,0,0,0,538.0,1.613,0.0,0.0,1748221933828,https://www.transfermarkt.com/dominic-calvert-lewin/profil/spieler/306024
406635,Phil Foden,Man City,24.0,Right Winger,0,130000.0,England,1.71,None,left,2027.0,45.0,1.6,10.0,6.0,0,14.0,16.0,2.0,0,0,0,285.0,2.845,0.0,0.0,1748221957842,https://www.transfermarkt.com/phil-foden/profil/spieler/406635
368887,Loïs Openda,RB Leipzig,25.0,Centre-Forward,0,60000.0,Belgium,1.77,None,right,2028.0,45.0,1.38,13.0,11.0,0,5.0,18.0,4.0,1.0,0,0,270.0,3.506,0.0,0.0,1748221959694,https://www.transfermarkt.com/lois-openda/profil/spieler/368887
567454,Lorenzo Lucchesi,Reggiana,22.0,Centre-Back,0,800.0,Italy,1.9,None,left,2025.0,27.0,1.22,2.0,0,0,1.0,5.0,3.0,0,1.0,0,1.129,2.257,0.0,0.0,1748221971972,https://www.transfermarkt.com/lorenzo-lucchesi/profil/spieler/567454
334221,Amos Pieper,Werder Bremen,27.0,Centre-Back,0,3000.0,Germany,1.92,Sports360 GmbH,right,2026.0,24.0,1.54,0.0,0,0,8.0,8.0,3.0,0,0,0,0.0,1.502,0.0,0.0,1748221974288,https://www.transfermarkt.com/amos-pieper/profil/spieler/334221
616340,Julian Baas,E. Braunschweig,23.0,Central Midfield,0,1000.0,Netherlands,1.84,Key United,right,2025.0,29.0,1.21,1.0,3.0,0,9.0,12.0,3.0,0,0,0,1.811,1.811,0.0,0.0,1748221976464,https://www.transfermarkt.com/julian-baas/profil/spieler/616340
296397,Arne Maier,FC Augsburg,26.0,Central Midfield,0,4000.0,Germany,1.86,WINS,right,2026.0,32.0,1.41,1.0,2.0,0,24.0,8.0,1.0,0,1.0,0,1.109,1.109,0.0,0.0,1748221978522,https://www.transfermarkt.com/arne-maier/profil/spieler/296397
349599,Pervis Estupiñán,Brighton,27.0,Left-Back,0,30000.0,Ecuador,1.75,Gestifute,left,2027.0,36.0,1.64,1.0,1.0,0,6.0,5.0,7.0,0,0,0,2.847,2.847,0.0,0.0,1748221980636,https://www.transfermarkt.com/pervis-estupinan/profil/spieler/349599
361068,Jurgen Ekkelenkamp,Udinese,25.0,Central Midfield,0,7500.0,Netherlands,1.88,None,right,2029.0,37.0,1.27,4.0,2.0,0,15.0,18.0,2.0,0,0,0,520.0,2.079,0.0,0.0,1748221982868,https://www.transfermarkt.com/jurgen-ekkelenkamp/profil/spieler/361068
583699,Andrej Ilic,Union Berlin,25.0,Centre-Forward,0,2500.0,Serbia,1.89,None,right,2025.0,17.0,1.35,7.0,0,0,6.0,10.0,2.0,0,0,1.0,135.0,944.0,0.0,0.0,1748222005015,https://www.transfermarkt.com/andrej-ilic/profil/spieler/583699
557407,Devyne Rensch,AS Roma,22.0,Right-Back,0,12000.0,Netherlands,1.81,AYMO Football ...,right,2029.0,44.0,2.32,1.0,2.0,1.0,12.0,11.0,3.0,0,0,0,2.842,2.842,0.0,0.0,1748222007614,https://www.transfermarkt.com/devyne-rensch/profil/spieler/557407
992686,Martial Godo,Fulham,22.0,Left Winger,0,600.0,England,1.69,None,"Jan 1, 2025",2028.0,11.0,1.27,4.0,1.0,0,4.0,2.0,2.0,0,0,0,174.0,695.0,0.0,0.0,1748222011311,https://www.transfermarkt.com/martial-godo/profil/spieler/992686
486031,Nico González,Juventus,27.0,Right Winger,0,28000.0,Argentina,1.8,None,left,2029.0,35.0,1.69,5.0,4.0,0,6.0,23.0,3.0,0,0,0,447.0,2.237,0.0,0.0,1748222014309,https://www.transfermarkt.com/nico-gonzalez/profil/spieler/486031
571271,Ivan Smolcic,Como,24.0,Right-Back,0,2000.0,Croatia,1.81,Niagara Sports ...,right,2029.0,33.0,1.67,1.0,2.0,0,5.0,4.0,7.0,0,0,0,2.557,2.557,0.0,0.0,1748222028386,https://www.transfermarkt.com/ivan-smolcic/profil/spieler/571271
763079,Abdukodir Khusanov,Man City,21.0,Centre-Back,0,35000.0,Uzbekistan,1.86,Football Group LLC,right,2029.0,25.0,1.6,1.0,1.0,1.0,4.0,3.0,4.0,0,1.0,0,1.903,1.903,0.0,0.0,1748222030385,https://www.transfermarkt.com/abdukodir-khusanov/profil/spieler/763079
414908,Marshall Munetsi,Wolves,28.0,Central Midfield,0,15000.0,Zimbabwe,1.88,Wasserman,right,2028.0,37.0,1.46,6.0,3.0,0,4.0,5.0,5.0,0,0,0,504.0,3.025,0.0,0.0,1748222054335,https://www.transfermarkt.com/marshall-munetsi/profil/spieler/414908
358008,Gianluca Gaetano,Cagliari,25.0,Attacking Midfield,0,4000.0,Italy,1.83,None,right,2029.0,30.0,0.97,2.0,4.0,0,20.0,10.0,0.0,0,0,0,562.0,1.124,0.0,0.0,1748222056187,https://www.transfermarkt.com/gianluca-gaetano/profil/spieler/358008
282169,Marin Šverko,Venezia,27.0,Centre-Back,0,1200.0,Croatia,1.87,Dirk Hebel,left,2026.0,17.0,0.76,1.0,0,0,4.0,5.0,4.0,0,0,0,1.209,1.209,0.0,0.0,1748222068067,https://www.transfermarkt.com/marin-sverko/profil/spieler/282169
185077,Vincenzo Grifo,SC Freiburg,32.0,Left Winger,0,7500.0,Italy,1.8,ROOF,right,-,37.0,1.65,10.0,12.0,0,4.0,26.0,2.0,0,0,1.0,267.0,2.674,0.0,0.0,1748222079987,https://www.transfermarkt.com/vincenzo-grifo/profil/spieler/185077
369888,Jannis Heuer,1.FC K'lautern,25.0,Centre-Back,0,1000.0,Germany,1.89,Dirk Hebel,right,-,28.0,1.61,1.0,1.0,0,8.0,2.0,3.0,0,0,0,1.902,1.902,0.0,0.0,1748222092383,https://www.transfermarkt.com/jannis-heuer/profil/spieler/369888
89591,Felix Klaus,Greuther Fürth,32.0,Right Midfield,0,650.0,Germany,1.79,ROOF,right,2027.0,30.0,1.3,4.0,5.0,0,4.0,16.0,8.0,0,0,1.0,552.0,2.206,0.0,0.0,1748222093866,https://www.transfermarkt.com/felix-klaus/profil/spieler/89591
801422,Ryley Towler,Portsmouth,23.0,Centre-Back,0,700.0,England,1.87,None,left,2026.0,14.0,0.86,1.0,0,0,3.0,0.0,3.0,0,0,0,1.069,1.069,0.0,0.0,1748222096858,https://www.transfermarkt.com/ryley-towler/profil/spieler/801422
1104713,Daniel Bennie,QPR,19.0,Left Winger,0,250.0,Australia,1.81,None,both,-,15.0,1.53,0.0,0,0,12.0,3.0,3.0,0,0,0,0.0,332.0,0.0,0.0,1748222099150,https://www.transfermarkt.com/daniel-bennie/profil/spieler/1104713
45683,Manuel Gulde,SC Freiburg,34.0,Centre-Back,0,800.0,Germany,1.84,Unique Sports Group,right,-,1.0,3.0,0.0,0,0,0,1.0,0.0,0,0,0,0.0,90.0,0.0,0.0,1748222101064,https://www.transfermarkt.com/manuel-gulde/profil/spieler/45683
708186,Tjas Begic,Frosinone,21.0,Left Winger,0,700.0,Slovenia,1.75,None,right,2025.0,22.0,1.09,1.0,0,0,10.0,11.0,4.0,0,0,0,1.069,1.069,0.0,0.0,1748222102661,https://www.transfermarkt.com/tjas-begic/profil/spieler/708186
729165,Nicolas Oliveira,Hamburger SV,21.0,Right-Back,0,300.0,Germany,1.83,Wasserman,right,2026.0,20.0,1.65,1.0,3.0,0,1.0,8.0,1.0,0,0,0,1.644,1.644,0.0,0.0,1748222126260,https://www.transfermarkt.com/nicolas-oliveira/profil/spieler/729165
654982,Bilal El Khannouss,Leicester,21.0,Attacking Midfield,0,30000.0,Morocco,1.8,None,right,2028.0,37.0,0.78,3.0,6.0,0,6.0,22.0,4.0,0,0,0,833.0,2.499,0.0,0.0,1748222148620,https://www.transfermarkt.com/bilal-el-khannouss/profil/spieler/654982
559801,Niall Huggins,Sunderland,24.0,Right-Back,0,800.0,Wales,1.73,SMI Sports ...,right,2026.0,,,,,,2.0,,,,,,,,0.0,0.0,1748222150632,https://www.transfermarkt.com/niall-huggins/profil/spieler/559801
530813,Anis Mehmeti,Bristol City,24.0,Left Winger,0,3500.0,Albania,1.8,None,right,2026.0,46.0,1.3,12.0,1.0,0,15.0,25.0,3.0,0,0,2.0,231.0,2.771,0.0,0.0,1748222185231,https://www.transfermarkt.com/anis-mehmeti/profil/spieler/530813
884810,Kjell Wätjen,Bor. Dortmund,19.0,Central Midfield,0,2000.0,Germany,1.84,CAA Stellar,right,2028.0,27.0,1.0,7.0,1.0,1.0,2.0,18.0,3.0,0,0,0,266.0,1.862,0.0,0.0,1748222187425,https://www.transfermarkt.com/kjell-watjen/profil/spieler/884810
533295,Patrick Wimmer,VfL Wolfsburg,23.0,Right Winger,0,15000.0,Austria,1.82,More than Sport GmbH,right,2027.0,33.0,1.42,4.0,4.0,0,7.0,21.0,5.0,0,1.0,0,520.0,2.081,0.0,0.0,1748222189975,https://www.transfermarkt.com/patrick-wimmer/profil/spieler/533295
94603,Patrick Bauer,Preston,32.0,Centre-Back,0,250.0,Germany,1.92,None,right,2025.0,4.0,1.5,0.0,0,0,1.0,1.0,0.0,0,0,0,0.0,246.0,0.0,0.0,1748222192397,https://www.transfermarkt.com/patrick-bauer/profil/spieler/94603
412660,Keinan Davis,Udinese,27.0,Centre-Forward,0,4000.0,England,1.89,Tier One,left,2027.0,25.0,1.24,3.0,1.0,0,15.0,6.0,3.0,0,0,0,368.0,1.105,0.0,0.0,1748222216338,https://www.transfermarkt.com/keinan-davis/profil/spieler/412660
134983,Andrea La Mantia,Catanzaro,34.0,Centre-Forward,0,400.0,Italy,1.9,None,right,2025.0,17.0,1.24,1.0,1.0,0,11.0,6.0,2.0,0,0,0,553.0,553.0,0.0,0.0,1748222228602,https://www.transfermarkt.com/andrea-la-mantia/profil/spieler/134983
1152979,Levin Chiumento,Nürnberg U19,17.0,Centre-Forward,0,200.0,Germany,1.9,None,both,2026.0,26.0,1.62,18.0,10.0,0,3.0,14.0,1.0,0,0,1.0,106.0,1.916,0.0,0.0,1748222241438,https://www.transfermarkt.com/levin-chiumento/profil/spieler/1152979
787232,David Datro Fofana,Chelsea,22.0,Centre-Forward,0,8500.0,Cote d'Ivoire,1.82,Unique Sports Group,right,2029.0,9.0,1.67,2.0,0,0,6.0,4.0,1.0,0,0,0,141.0,282.0,0.0,0.0,1748222264696,https://www.transfermarkt.com/david-datro-fofana/profil/spieler/787232
392085,Nicolò Zaniolo,Fiorentina,25.0,Attacking Midfield,0,16000.0,Italy,1.9,None,left,2025.0,36.0,1.81,3.0,3.0,0,30.0,7.0,9.0,0,1.0,0,342.0,1.026,0.0,0.0,1748222266973,https://www.transfermarkt.com/nicolo-zaniolo/profil/spieler/392085
353948,Lucas Tousart,Union Berlin,28.0,Defensive Midfield,0,4000.0,France,1.84,None,right,-,16.0,1.56,0.0,1.0,0,10.0,6.0,2.0,0,0,0,0.0,571.0,0.0,0.0,1748222269201,https://www.transfermarkt.com/lucas-tousart/profil/spieler/353948
284248,Paul Jaeckel,E. Braunschweig,26.0,Centre-Back,0,1000.0,Germany,1.86,Karl M. Herzog ...,right,2025.0,24.0,1.33,1.0,2.0,0,2.0,6.0,5.0,0,0,0,1.822,1.822,0.0,0.0,1748222281457,https://www.transfermarkt.com/paul-jaeckel/profil/spieler/284248
272812,Kingsley Ehizibue,Udinese,30.0,Right-Back,0,3000.0,Netherlands,1.89,None,right,2026.0,34.0,1.21,0.0,1.0,0,3.0,15.0,5.0,0,0,0,0.0,2.6,0.0,0.0,1748222305438,https://www.transfermarkt.com/kingsley-ehizibue/profil/spieler/272812
448854,Emmanuel Dennis,Blackburn,27.0,Centre-Forward,0,3000.0,Nigeria,1.75,HCM Sports ...,right,2025.0,7.0,0.71,0.0,1.0,0,5.0,2.0,1.0,1.0,0,0,0.0,222.0,0.0,0.0,1748222307425,https://www.transfermarkt.com/emmanuel-dennis/profil/spieler/448854
286293,Edoardo Masciangelo,Cittadella,28.0,Left-Back,0,300.0,Italy,1.77,GG11,left,-,36.0,0.92,1.0,5.0,0,5.0,9.0,5.0,0,0,0,2.771,2.771,0.0,0.0,1748222309949,https://www.transfermarkt.com/edoardo-masciangelo/profil/spieler/286293
495666,William Saliba,Arsenal,24.0,Centre-Back,0,80000.0,France,1.92,ND SPORTS MANAGEMENT,right,2027.0,51.0,1.9,2.0,0,0,1.0,2.0,3.0,0,1.0,0,2.233,4.466,0.0,0.0,1748222312355,https://www.transfermarkt.com/william-saliba/profil/spieler/495666
331199,Tommaso D'Orazio,Cosenza,35.0,Left Midfield,0,250.0,Italy,1.85,None,left,2025.0,26.0,0.58,2.0,2.0,0,10.0,13.0,9.0,0,0,0,685.0,1.37,0.0,0.0,1748222314406,https://www.transfermarkt.com/tommaso-dorazio/profil/spieler/331199
453016,Anthony Caci,1.FSV Mainz 05,27.0,Right Midfield,0,10000.0,France,1.84,BS Group - BS Law,right,2026.0,35.0,1.54,1.0,7.0,0,0,24.0,7.0,0,0,0,2.863,2.863,0.0,0.0,1748222326436,https://www.transfermarkt.com/anthony-caci/profil/spieler/453016
392569,Gabriele Zappa,Cagliari,25.0,Right-Back,0,4000.0,Italy,1.87,GR Sports,right,2030.0,40.0,1.05,2.0,0,0,2.0,5.0,5.0,0,0,0,1.656,3.311,0.0,0.0,1748222338863,https://www.transfermarkt.com/gabriele-zappa/profil/spieler/392569
493899,Luca Bazzoli,Pr. Münster,24.0,Defensive Midfield,0,700.0,Germany,1.88,None,both,2025.0,22.0,1.0,0.0,0,0,3.0,7.0,5.0,0,0,0,0.0,1.633,0.0,0.0,1748222350967,https://www.transfermarkt.com/luca-bazzoli/profil/spieler/493899
476344,Emerson Royal,AC Milan,26.0,Right-Back,0,10000.0,Brazil,1.83,None,right,2028.0,26.0,1.81,0.0,0,0,4.0,10.0,6.0,0,0,0,0.0,1.868,0.0,0.0,1748222375626,https://www.transfermarkt.com/emerson-royal/profil/spieler/476344
157501,M'Baye Niang,Sampdoria,30.0,Centre-Forward,0,1500.0,Senegal,1.88,None,right,2025.0,24.0,1.33,5.0,0,0,6.0,11.0,5.0,1.0,0,1.0,324.0,1.62,0.0,0.0,1748222377496,https://www.transfermarkt.com/mbaye-niang/profil/spieler/157501
524210,Sean McLoughlin,Hull City,28.0,Centre-Back,0,1500.0,Ireland,1.91,None,left,2026.0,39.0,1.1,0.0,1.0,1.0,0,3.0,7.0,0,0,0,0.0,3.425,0.0,0.0,1748222379564,https://www.transfermarkt.com/sean-mcloughlin/profil/spieler/524210
348601,Mehdi Léris,Pisa,27.0,Right Winger,0,2500.0,Algeria,1.86,YOU FIRST,right,2027.0,3.0,2.33,0.0,1.0,0,1.0,2.0,0.0,0,0,0,0.0,169.0,0.0,0.0,1748222381527,https://www.transfermarkt.com/mehdi-leris/profil/spieler/348601
289835,Jens Stage,Werder Bremen,28.0,Central Midfield,0,12000.0,Denmark,1.87,CMA Group,right,-,31.0,1.61,10.0,5.0,0,2.0,11.0,10.0,0,0,0,244.0,2.441,0.0,0.0,1748222384016,https://www.transfermarkt.com/jens-stage/profil/spieler/289835
1069559,Thomas Waddingham,Portsmouth,20.0,Centre-Forward,0,400.0,Australia,1.85,None,"Jan 22, 2025",2028.0,16.0,0.13,5.0,1.0,0,5.0,4.0,1.0,0,0,0,196.0,981.0,0.0,0.0,1748222386074,https://www.transfermarkt.com/thomas-waddingham/profil/spieler/1069559
196231,Marvin Friedrich,Bor. M'gladbach,29.0,Centre-Back,0,3500.0,Germany,1.93,ROOF,right,2026.0,24.0,1.71,0.0,1.0,0,14.0,0.0,1.0,0,0,0,0.0,1.096,0.0,0.0,1748222446788,https://www.transfermarkt.com/marvin-friedrich/profil/spieler/196231
393607,Filippo Oliana,Carrarese,25.0,Centre-Back,0,300.0,Italy,1.85,None,right,-,21.0,1.05,1.0,0,0,6.0,4.0,5.0,0,0,0,1.466,1.466,0.0,0.0,1748222448922,https://www.transfermarkt.com/filippo-oliana/profil/spieler/393607
796221,Mats Pannewig,VfL Bochum,20.0,Central Midfield,0,600.0,Germany,1.95,CN Sports,"Jul 1, 2023",2026.0,17.0,0.65,2.0,0,0,12.0,5.0,1.0,0,0,0,251.0,501.0,0.0,0.0,1748222451612,https://www.transfermarkt.com/mats-pannewig/profil/spieler/796221
433186,Bali Mumba,Plymouth,23.0,Right-Back,0,2500.0,England,1.68,Wasserman,right,2027.0,46.0,1.04,0.0,3.0,0,6.0,7.0,3.0,0,0,0,0.0,3.64,0.0,0.0,1748222454635,https://www.transfermarkt.com/bali-mumba/profil/spieler/433186
991800,Luis Guilherme,West Ham,19.0,Right Winger,0,18000.0,Brazil,1.75,None,left,2029.0,13.0,0.46,0.0,0,0,12.0,1.0,0.0,0,0,0,0.0,144.0,0.0,0.0,1748222457143,https://www.transfermarkt.com/luis-guilherme/profil/spieler/991800
574569,Marten Winkler,Hertha BSC,22.0,Right Winger,0,1200.0,Germany,1.84,Dirk Hebel,left,2027.0,22.0,1.59,3.0,2.0,0,12.0,9.0,4.0,0,0,0,284.0,853.0,0.0,0.0,1748222459309,https://www.transfermarkt.com/marten-winkler/profil/spieler/574569
346468,Jordan Williams,Portsmouth,25.0,Right-Back,0,800.0,England,1.79,None,right,2027.0,22.0,1.05,0.0,0,0,5.0,10.0,6.0,0,0,0,0.0,1.394,0.0,0.0,1748222482819,https://www.transfermarkt.com/jordan-williams/profil/spieler/346468
717346,Sanoussy Ba,E. Braunschweig,21.0,Right-Back,0,400.0,Germany,1.84,Sports360 GmbH,both,2027.0,13.0,0.62,0.0,0,0,5.0,6.0,1.0,0,0,0,0.0,682.0,0.0,0.0,1748222485976,https://www.transfermarkt.com/sanoussy-ba/profil/spieler/717346
469211,Liberato Cacace,FC Empoli,24.0,Left-Back,0,3000.0,New Zealand,1.83,P&P Sport ...,left,2026.0,39.0,1.03,2.0,5.0,0,9.0,10.0,6.0,0,0,0,1.358,2.716,0.0,0.0,1748222487298,https://www.transfermarkt.com/liberato-cacace/profil/spieler/469211
391742,Patric Pfeiffer,1.FC Magdeburg,25.0,Centre-Back,0,1200.0,Ghana,1.96,None,right,2025.0,12.0,0.92,0.0,0,0,7.0,4.0,1.0,0,0,0,0.0,447.0,0.0,0.0,1748222489732,https://www.transfermarkt.com/patric-pfeiffer/profil/spieler/391742
890290,Dean Huijsen,Bournemouth,20.0,Centre-Back,0,42000.0,Spain,1.97,None,both,2030.0,36.0,1.58,3.0,2.0,0,6.0,0.0,12.0,0,0,0,937.0,2.812,0.0,0.0,1748222491438,https://www.transfermarkt.com/dean-huijsen/profil/spieler/890290
186924,Devante Cole,West Brom,30.0,Centre-Forward,0,800.0,Jamaica,1.84,None,right,2026.0,18.0,1.44,2.0,2.0,0,15.0,2.0,0.0,0,0,0,203.0,405.0,0.0,0.0,1748222505340,https://www.transfermarkt.com/devante-cole/profil/spieler/186924
201586,Greg Leigh,Oxford United,30.0,Left-Back,0,275.0,Jamaica,1.81,Wasserman,left,-,37.0,1.24,6.0,1.0,0,10.0,4.0,1.0,0,0,0,434.0,2.606,0.0,0.0,1748222507856,https://www.transfermarkt.com/greg-leigh/profil/spieler/201586
876298,Matteo Prati,Cagliari,21.0,Defensive Midfield,0,7000.0,Italy,1.85,None,right,2028.0,14.0,0.93,1.0,0,0,5.0,8.0,1.0,0,0,0,686.0,686.0,0.0,0.0,1748222546348,https://www.transfermarkt.com/matteo-prati/profil/spieler/876298
388508,Niklas Kolbe,SSV Ulm 1846,28.0,Centre-Back,0,400.0,Germany,1.96,None,left,2026.0,26.0,0.73,0.0,0,0,2.0,3.0,3.0,0,0,0,0.0,2.086,0.0,0.0,1748222549005,https://www.transfermarkt.com/niklas-kolbe/profil/spieler/388508
546543,Darwin Núñez,Liverpool,25.0,Centre-Forward,0,50000.0,Uruguay,1.87,None,right,2028.0,47.0,2.15,7.0,7.0,0,30.0,11.0,9.0,0,0,0,291.0,2.038,0.0,0.0,1748222550739,https://www.transfermarkt.com/darwin-nunez/profil/spieler/546543
240306,Bruno Fernandes,Man Utd,30.0,Attacking Midfield,0,55000.0,Portugal,1.79,AS1,right,2027.0,57.0,1.49,19.0,20.0,0,2.0,5.0,6.0,2.0,1.0,7.0,260.0,4.932,0.0,0.0,1748222598792,https://www.transfermarkt.com/bruno-fernandes/profil/spieler/240306
503866,Albert Grønbæk,Southampton,24.0,Attacking Midfield,0,12000.0,Denmark,1.81,Nine Group,right,2025.0,23.0,1.0,2.0,1.0,0,11.0,11.0,1.0,0,0,0,521.0,1.042,0.0,0.0,1748222601430,https://www.transfermarkt.com/albert-gronbaek/profil/spieler/503866
386850,Manuel Cicconi,Carrarese,27.0,Left Midfield,0,600.0,Italy,1.82,None,left,2027.0,36.0,1.25,3.0,9.0,0,3.0,12.0,10.0,0,0,0,968.0,2.904,0.0,0.0,1748222672379,https://www.transfermarkt.com/manuel-cicconi/profil/spieler/386850
45395,Jonathan Howson,Middlesbrough,37.0,Central Midfield,0,150.0,England,1.8,CAA Stellar,right,2025.0,22.0,1.68,1.0,1.0,0,6.0,6.0,1.0,0,0,0,1.452,1.452,0.0,0.0,1748222674136,https://www.transfermarkt.com/jonathan-howson/profil/spieler/45395
381706,Arvid Brorsson,Monza,26.0,Centre-Back,0,600.0,Sweden,1.93,A.M.A. Sports Agency,right,2027.0,7.0,1.0,0.0,0,0,3.0,0.0,0.0,0,0,0,0.0,449.0,0.0,0.0,1748222676176,https://www.transfermarkt.com/arvid-brorsson/profil/spieler/381706
897424,Assan Ouédraogo,RB Leipzig,19.0,Central Midfield,0,10000.0,Germany,1.91,MR Sport Management ...,right,2029.0,5.0,0.2,0.0,0,0,5.0,1.0,0.0,0,0,0,0.0,70.0,0.0,0.0,1748222701203,https://www.transfermarkt.com/assan-ouedraogo/profil/spieler/897424
748382,Amin Sarr,Hellas Verona,24.0,Centre-Forward,0,4000.0,Sweden,1.88,HCM Sports ...,right,2025.0,32.0,0.88,4.0,1.0,0,7.0,22.0,1.0,0,0,0,480.0,1.921,0.0,0.0,1748222703049,https://www.transfermarkt.com/amin-sarr/profil/spieler/748382
183288,Luke Shaw,Man Utd,29.0,Left-Back,0,16000.0,England,1.78,CAA Stellar,left,2027.0,12.0,1.42,0.0,0,1.0,7.0,3.0,1.0,0,0,0,0.0,587.0,0.0,0.0,1748222705422,https://www.transfermarkt.com/luke-shaw/profil/spieler/183288
445126,Emanuele Valeri,Parma,26.0,Left-Back,0,3000.0,Italy,1.8,None,left,2027.0,36.0,0.94,2.0,6.0,0,1.0,9.0,1.0,0,0,1.0,1.473,2.946,0.0,0.0,1748222707428,https://www.transfermarkt.com/emanuele-valeri/profil/spieler/445126
708086,Romano Floriani Mussolini,Juve Stabia,22.0,Right-Back,0,1000.0,Italy,1.88,P&P Sport ...,right,2025.0,37.0,1.54,1.0,4.0,0,0,16.0,8.0,0,0,0,3.07,3.07,0.0,0.0,1748222719928,https://www.transfermarkt.com/romano-floriani-mussolini/profil/spieler/708086
199953,Caleb Ekuban,Genoa,31.0,Centre-Forward,0,1500.0,Ghana,1.82,None,right,2026.0,18.0,1.28,1.0,3.0,0,15.0,3.0,1.0,0,0,0,543.0,543.0,0.0,0.0,1748222721938,https://www.transfermarkt.com/caleb-ekuban/profil/spieler/199953
316125,Ben Chilwell,Crystal Palace,28.0,Left-Back,0,18000.0,England,1.8,CAA Stellar,left,2025.0,12.0,2.33,1.0,0,0,10.0,0.0,1.0,0,0,0,440.0,440.0,0.0,0.0,1748222725214,https://www.transfermarkt.com/ben-chilwell/profil/spieler/316125
296372,Luca Herrmann,SC Paderborn,26.0,Central Midfield,0,400.0,Germany,1.77,Unique Sports Group,right,-,20.0,1.45,0.0,0,0,17.0,3.0,2.0,0,0,0,0.0,507.0,0.0,0.0,1748222737186,https://www.transfermarkt.com/luca-herrmann/profil/spieler/296372
392157,Kolja Oudenne,Hannover 96,23.0,Left Winger,0,400.0,Sweden,1.83,ROOF,right,2026.0,23.0,1.22,4.0,3.0,0,8.0,10.0,1.0,0,0,0,345.0,1.378,0.0,0.0,1748222749532,https://www.transfermarkt.com/kolja-oudenne/profil/spieler/392157
827734,Ange-Yoan Bonny,Parma,21.0,Centre-Forward,0,20000.0,France,1.89,P&P Sport ...,right,2027.0,38.0,0.95,6.0,4.0,0,7.0,24.0,2.0,0,0,2.0,434.0,2.604,0.0,0.0,1748222761744,https://www.transfermarkt.com/ange-yoan-bonny/profil/spieler/827734
721227,Luigi Cherubini,Carrarese,21.0,Left Winger,0,1000.0,Italy,1.75,None,right,2025.0,35.0,1.29,4.0,5.0,0,15.0,14.0,4.0,0,0,0,475.0,1.901,0.0,0.0,1748222763818,https://www.transfermarkt.com/luigi-cherubini/profil/spieler/721227
130394,Gianluca Lapadula,Spezia Calcio,35.0,Centre-Forward,0,1000.0,Peru,1.78,None,left,2026.0,28.0,1.36,5.0,0,0,16.0,10.0,2.0,0,1.0,1.0,248.0,1.24,0.0,0.0,1748222766490,https://www.transfermarkt.com/gianluca-lapadula/profil/spieler/130394
202979,Gennaro Tutino,Sampdoria,28.0,Centre-Forward,0,3500.0,Italy,1.77,None,right,2028.0,23.0,1.17,5.0,4.0,0,3.0,9.0,4.0,0,0,1.0,354.0,1.77,0.0,0.0,1748222768419,https://www.transfermarkt.com/gennaro-tutino/profil/spieler/202979
163582,Salvatore Molina,Südtirol,33.0,Right Midfield,0,400.0,Italy,1.77,None,right,2025.0,38.0,1.18,4.0,3.0,0,1.0,19.0,6.0,0,0,0,780.0,3.118,0.0,0.0,1748222791965,https://www.transfermarkt.com/salvatore-molina/profil/spieler/163582
169880,Giovanni Di Lorenzo,Napoli,31.0,Right-Back,0,15000.0,Italy,1.83,None,right,2028.0,39.0,2.1,3.0,3.0,0,1.0,0.0,6.0,0,0,0,1.146,3.438,0.0,0.0,1748222793775,https://www.transfermarkt.com/giovanni-di-lorenzo/profil/spieler/169880
531677,Di'Shon Bernard,Sheff Wed,24.0,Centre-Back,0,1500.0,Jamaica,1.88,OmniSports,right,2027.0,31.0,1.32,3.0,0,0,3.0,2.0,6.0,1.0,1.0,0,830.0,2.49,0.0,0.0,1748222797359,https://www.transfermarkt.com/dishon-bernard/profil/spieler/531677
392163,Noah Weißhaupt,FC St. Pauli,23.0,Left Winger,0,5000.0,Germany,1.81,PRO Profil GmbH,right,2025.0,25.0,1.12,1.0,3.0,0,11.0,13.0,0.0,0,0,0,1.348,1.348,0.0,0.0,1748222810536,https://www.transfermarkt.com/noah-weisshaupt/profil/spieler/392163
525704,Nicolò Rovella,Lazio,23.0,Defensive Midfield,0,28000.0,Italy,1.79,GR Sports,right,2025.0,44.0,1.93,0.0,4.0,0,6.0,11.0,17.0,0,1.0,0,0.0,3.462,0.0,0.0,1748222812766,https://www.transfermarkt.com/nicolo-rovella/profil/spieler/525704
63186,Roberto Soriano,Salernitana,34.0,Attacking Midfield,0,900.0,Italy,1.82,None,right,2025.0,32.0,1.0,4.0,1.0,0,10.0,17.0,4.0,0,0,0,499.0,1.995,0.0,0.0,1748222815405,https://www.transfermarkt.com/roberto-soriano/profil/spieler/63186
500054,David Jurásek,TSG Hoffenheim,24.0,Left-Back,0,7000.0,Czech Republic,1.83,None,left,2025.0,22.0,0.82,0.0,3.0,0,10.0,6.0,1.0,0,0,0,0.0,1.122,0.0,0.0,1748222828782,https://www.transfermarkt.com/david-jurasek/profil/spieler/500054
1033974,Othmane El Idrissi,Darmstadt 98,18.0,Attacking Midfield,0,200.0,Morocco,1.81,CAA Stellar,both,2025.0,12.0,1.92,2.0,2.0,0,2.0,8.0,2.0,1.0,1.0,0,417.0,834.0,0.0,0.0,1748222830701,https://www.transfermarkt.com/othmane-el-idrissi/profil/spieler/1033974
391057,Cristiano Bani,Mantova,26.0,Central Midfield,0,300.0,Italy,1.87,None,right,2026.0,26.0,1.38,0.0,1.0,0,4.0,10.0,5.0,0,0,0,0.0,1.949,0.0,0.0,1748222832865,https://www.transfermarkt.com/cristiano-bani/profil/spieler/391057
308279,Rolando Mandragora,Fiorentina,27.0,Defensive Midfield,0,10000.0,Italy,1.83,None,left,2026.0,43.0,1.65,9.0,6.0,0,8.0,16.0,10.0,0,0,2.0,340.0,3.064,0.0,0.0,1748222836592,https://www.transfermarkt.com/rolando-mandragora/profil/spieler/308279
832977,Juan Cruz Guasone,Salernitana,24.0,Centre-Back,0,200.0,Argentina,1.97,None,right,2025.0,1.0,,0.0,0,0,1.0,0.0,0.0,0,0,0,0.0,1.0,0.0,0.0,1748222838338,https://www.transfermarkt.com/juan-cruz-guasone/profil/spieler/832977
346779,Ché Adams,Torino,28.0,Centre-Forward,0,15000.0,Scotland,1.79,Unique Sports Group,right,2027.0,38.0,1.16,10.0,4.0,0,7.0,10.0,2.0,0,0,0,277.0,2.773,0.0,0.0,1748222839793,https://www.transfermarkt.com/che-adams/profil/spieler/346779
226093,Lorenco Simic,Bari,28.0,Centre-Back,0,550.0,Croatia,1.95,MVP United,right,2025.0,16.0,1.44,3.0,0,0,2.0,3.0,2.0,0,0,0,426.0,1.277,0.0,0.0,1748222852250,https://www.transfermarkt.com/lorenco-simic/profil/spieler/226093
543499,Mohammed Kudus,West Ham,24.0,Right Winger,0,50000.0,Ghana,1.77,ROOF,left,2028.0,35.0,1.11,5.0,4.0,0,3.0,16.0,3.0,0,1.0,0,544.0,2.721,0.0,0.0,1748222864344,https://www.transfermarkt.com/mohammed-kudus/profil/spieler/543499
595809,Beto,Everton,27.0,Centre-Forward,0,20000.0,Guinea-Bissau,1.94,None,right,2027.0,35.0,1.17,12.0,1.0,0,15.0,11.0,3.0,0,0,0,161.0,1.928,0.0,0.0,1748222867658,https://www.transfermarkt.com/beto/profil/spieler/595809
633399,Idris El Mizouni,Oxford United,24.0,Central Midfield,0,450.0,Tunisia,1.85,None,right,2027.0,31.0,1.1,1.0,2.0,0,17.0,8.0,2.0,0,0,0,1.42,1.42,0.0,0.0,1748222880603,https://www.transfermarkt.com/idris-el-mizouni/profil/spieler/633399
331560,Takehiro Tomiyasu,Arsenal,26.0,Right-Back,0,25000.0,Japan,1.88,UDN SPORTS,right,2026.0,1.0,3.0,0.0,0,0,1.0,0.0,0.0,0,0,0,0.0,6.0,0.0,0.0,1748222882314,https://www.transfermarkt.com/takehiro-tomiyasu/profil/spieler/331560
633992,Enzo Le Fée,Sunderland,25.0,Central Midfield,0,18000.0,France,1.73,None,right,2025.0,28.0,1.32,1.0,3.0,0,8.0,9.0,4.0,0,0,0,1.76,1.76,0.0,0.0,1748222884427,https://www.transfermarkt.com/enzo-le-fee/profil/spieler/633992
923945,Noahkai Banks,FC Augsburg,18.0,Centre-Back,0,6000.0,United States,1.93,Karl M. Herzog ...,right,2027.0,20.0,1.35,0.0,1.0,1.0,6.0,6.0,3.0,1.0,0,0,0.0,1.233,0.0,0.0,1748222887074,https://www.transfermarkt.com/noahkai-banks/profil/spieler/923945
270171,Vitaly Janelt,Brentford,27.0,Defensive Midfield,0,22000.0,Germany,1.84,Wasserman,left,2026.0,35.0,1.4,1.0,3.0,2.0,5.0,19.0,3.0,0,0,0,2.493,2.493,0.0,0.0,1748222890539,https://www.transfermarkt.com/vitaly-janelt/profil/spieler/270171
370789,Julian Ryerson,Bor. Dortmund,27.0,Right-Back,0,20000.0,Norway,1.83,None,right,2028.0,42.0,1.67,2.0,4.0,0,3.0,19.0,6.0,1.0,0,0,1.644,3.287,0.0,0.0,1748222915399,https://www.transfermarkt.com/julian-ryerson/profil/spieler/370789
368482,Riccardo Orsolini,Bologna,28.0,Right Winger,0,20000.0,Italy,1.83,None,left,2027.0,40.0,1.5,17.0,5.0,0,8.0,25.0,4.0,0,0,3.0,143.0,2.439,0.0,0.0,1748222937572,https://www.transfermarkt.com/riccardo-orsolini/profil/spieler/368482
467599,Ben Wilmot,Stoke City,25.0,Centre-Back,0,4800.0,England,1.88,General Sports ...,right,2026.0,42.0,1.12,3.0,0,1.0,4.0,5.0,9.0,0,0,0,1.168,3.503,0.0,0.0,1748222939750,https://www.transfermarkt.com/ben-wilmot/profil/spieler/467599
594731,Fabio Gruber,1.FC Nuremberg,22.0,Centre-Back,0,700.0,Germany,1.88,Match2gether,right,-,33.0,1.52,3.0,0,0,2.0,3.0,7.0,1.0,0,0,919.0,2.758,0.0,0.0,1748222964519,https://www.transfermarkt.com/fabio-gruber/profil/spieler/594731
203842,Viktor Kovalenko,FC Empoli,29.0,Attacking Midfield,0,1000.0,Ukraine,1.82,ProStar,right,2025.0,8.0,,1.0,0,0,6.0,1.0,0.0,0,0,0,242.0,242.0,0.0,0.0,1748222976403,https://www.transfermarkt.com/viktor-kovalenko/profil/spieler/203842
451906,David Nemeth,FC St. Pauli,24.0,Centre-Back,0,2500.0,Austria,1.91,YOU FIRST,both,-,26.0,1.0,1.0,1.0,0,0,6.0,4.0,0,0,0,2.301,2.301,0.0,0.0,1748222978300,https://www.transfermarkt.com/david-nemeth/profil/spieler/451906
657635,Bryan Teixeira,1.FC Magdeburg,24.0,Centre-Forward,0,600.0,Cape Verde,1.74,None,right,2025.0,22.0,1.59,1.0,1.0,0,16.0,4.0,2.0,0,0,1.0,693.0,693.0,0.0,0.0,1748222981471,https://www.transfermarkt.com/bryan-teixeira/profil/spieler/657635
707809,Joël Schingtienne,Venezia,22.0,Centre-Back,0,3000.0,Belgium,1.88,BTFM,right,2029.0,20.0,0.9,0.0,0,0,4.0,3.0,2.0,0,0,0,0.0,1.482,0.0,0.0,1748222983523,https://www.transfermarkt.com/joel-schingtienne/profil/spieler/707809
140559,Raffaele Maiello,Bari,33.0,Defensive Midfield,0,300.0,Italy,1.77,None,right,2025.0,15.0,0.93,1.0,0,0,7.0,7.0,3.0,0,0,0,677.0,677.0,0.0,0.0,1748223007918,https://www.transfermarkt.com/raffaele-maiello/profil/spieler/140559
444662,Niccolò Corrado,Brescia,25.0,Left-Back,0,1000.0,Italy,1.79,GR Sports,left,2027.0,38.0,1.13,1.0,2.0,0,17.0,11.0,1.0,0,0,0,2.021,2.021,0.0,0.0,1748223010253,https://www.transfermarkt.com/niccolo-corrado/profil/spieler/444662
658536,Simon Adingra,Brighton,23.0,Left Winger,0,30000.0,Cote d'Ivoire,1.75,Fidus Sports,right,2026.0,33.0,1.58,5.0,2.0,0,18.0,11.0,0.0,0,0,0,282.0,1.411,0.0,0.0,1748223012589,https://www.transfermarkt.com/simon-adingra/profil/spieler/658536
199070,Tommaso Arrigoni,Südtirol,31.0,Central Midfield,0,300.0,Italy,1.71,None,right,-,21.0,0.86,1.0,1.0,0,2.0,4.0,3.0,0,0,0,1.727,1.727,0.0,0.0,1748223014351,https://www.transfermarkt.com/tommaso-arrigoni/profil/spieler/199070
454863,András Schäfer,Union Berlin,26.0,Central Midfield,0,5000.0,Hungary,1.78,None,right,-,28.0,1.29,1.0,1.0,0,9.0,15.0,3.0,0,0,0,1.646,1.646,0.0,0.0,1748223016623,https://www.transfermarkt.com/andras-schafer/profil/spieler/454863
820241,Damion Downs,1.FC Köln,20.0,Centre-Forward,0,5000.0,United States,1.92,Wasserman,right,2026.0,32.0,1.72,11.0,6.0,0,9.0,20.0,2.0,0,0,0,179.0,1.964,0.0,0.0,1748223040980,https://www.transfermarkt.com/damion-downs/profil/spieler/820241
74230,Pablo Sarabia,Wolves,33.0,Right Winger,0,7000.0,Spain,1.74,None,left,2025.0,28.0,1.39,3.0,2.0,0,18.0,10.0,4.0,0,0,0,354.0,1.062,0.0,0.0,1748223043320,https://www.transfermarkt.com/pablo-sarabia/profil/spieler/74230
444208,Michael Obafemi,Plymouth,24.0,Centre-Forward,0,2000.0,Ireland,1.7,None,right,2025.0,31.0,1.06,2.0,0,0,16.0,14.0,0.0,0,0,0,646.0,1.292,0.0,0.0,1748223055622,https://www.transfermarkt.com/michael-obafemi/profil/spieler/444208
241889,Antonio Barreca,Südtirol,30.0,Left-Back,0,300.0,Italy,1.8,MVP United,left,2025.0,16.0,1.25,2.0,0,0,8.0,7.0,0.0,0,0,0,376.0,752.0,0.0,0.0,1748223058545,https://www.transfermarkt.com/antonio-barreca/profil/spieler/241889
135343,Fabian Schär,Newcastle,33.0,Centre-Back,0,9000.0,Switzerland,1.86,Sports360 GmbH,right,2026.0,42.0,1.83,6.0,1.0,0,2.0,4.0,12.0,0,1.0,1.0,606.0,3.633,0.0,0.0,1748223070565,https://www.transfermarkt.com/fabian-schar/profil/spieler/135343
434433,Nikola Krstović,Lecce,25.0,Centre-Forward,0,14000.0,Montenegro,1.85,None,right,2027.0,38.0,0.95,12.0,5.0,0,0,15.0,6.0,0,0,2.0,263.0,3.16,0.0,0.0,1748223094560,https://www.transfermarkt.com/nikola-krstovic/profil/spieler/434433
798929,Gvidas Gineitis,Torino,21.0,Central Midfield,0,5000.0,Lithuania,1.91,None,left,2028.0,31.0,1.13,3.0,1.0,0,15.0,11.0,5.0,0,0,0,489.0,1.468,0.0,0.0,1748223096390,https://www.transfermarkt.com/gvidas-gineitis/profil/spieler/798929
330288,Fabio Gerli,Modena,28.0,Defensive Midfield,0,900.0,Italy,1.73,None,right,2026.0,35.0,1.17,1.0,3.0,0,2.0,11.0,4.0,0,0,0,2.9,2.9,0.0,0.0,1748223098535,https://www.transfermarkt.com/fabio-gerli/profil/spieler/330288
562049,Edoardo Bove,Fiorentina,23.0,Central Midfield,0,5000.0,Italy,1.81,None,right,2025.0,15.0,2.33,1.0,4.0,0,3.0,7.0,3.0,0,0,0,973.0,973.0,0.0,0.0,1748223100954,https://www.transfermarkt.com/edoardo-bove/profil/spieler/562049
251295,Dzenis Burnic,Karlsruher SC,27.0,Right Midfield,0,1200.0,Bosnia-Herzegovina,1.81,None,left,-,34.0,1.59,2.0,3.0,0,1.0,27.0,14.0,0,0,0,1.263,2.526,0.0,0.0,1748223103345,https://www.transfermarkt.com/dzenis-burnic/profil/spieler/251295
356141,Daichi Kamada,Crystal Palace,28.0,Attacking Midfield,0,15000.0,Japan,1.8,None,right,2026.0,43.0,1.65,2.0,3.0,0,22.0,10.0,6.0,0,1.0,0,1.098,2.196,0.0,0.0,1748223105250,https://www.transfermarkt.com/daichi-kamada/profil/spieler/356141
369567,Sasa Kalajdzic,Wolves,27.0,Centre-Forward,0,5000.0,Austria,2.0,None,right,2027.0,,,,,,2.0,,,,,,,,0.0,0.0,1748223117074,https://www.transfermarkt.com/sasa-kalajdzic/profil/spieler/369567
1073997,Shio Fukuda,Bor. M'gladbach,21.0,Centre-Forward,0,500.0,Japan,1.78,None,right,2027.0,21.0,1.0,5.0,2.0,0,6.0,13.0,2.0,0,0,0,241.0,1.206,0.0,0.0,1748223142729,https://www.transfermarkt.com/shio-fukuda/profil/spieler/1073997
616162,Alessandro Fontanarosa,Carrarese,22.0,Centre-Back,0,750.0,Italy,1.85,None,left,2025.0,15.0,1.0,0.0,0,0,4.0,5.0,3.0,0,0,0,0.0,971.0,0.0,0.0,1748223144786,https://www.transfermarkt.com/alessandro-fontanarosa/profil/spieler/616162
476237,Steven Alzate,Hull City,26.0,Central Midfield,0,4000.0,Colombia,1.8,Wasserman,right,2026.0,29.0,1.24,0.0,1.0,0,7.0,10.0,2.0,0,0,0,0.0,1.989,0.0,0.0,1748223147055,https://www.transfermarkt.com/steven-alzate/profil/spieler/476237
435338,Gabriel Magalhães,Arsenal,27.0,Centre-Back,0,75000.0,Brazil,1.9,Bertolucci Sports,left,2027.0,42.0,1.98,5.0,3.0,0,2.0,4.0,6.0,0,0,0,700.0,3.5,0.0,0.0,1748223149237,https://www.transfermarkt.com/gabriel-magalhaes/profil/spieler/435338
700441,Tyler Goodrham,Oxford United,21.0,Right Winger,0,2500.0,Ireland,1.7,None,right,2027.0,44.0,1.09,4.0,6.0,0,10.0,12.0,6.0,0,1.0,0,791.0,3.162,0.0,0.0,1748223151191,https://www.transfermarkt.com/tyler-goodrham/profil/spieler/700441
923611,Ali-Eren Ersungur,Karlsruher SC,19.0,Attacking Midfield,0,200.0,Türkiye,1.85,Soccer and more,right,-,16.0,2.06,5.0,4.0,0,3.0,10.0,2.0,0,0,0,213.0,1.065,0.0,0.0,1748223190009,https://www.transfermarkt.com/ali-eren-ersungur/profil/spieler/923611
920938,Niklas Barthel,FC Schalke 04,20.0,Right-Back,0,50.0,Germany,1.8,CORESPORT,right,2025.0,14.0,0.43,0.0,0,0,9.0,1.0,1.0,0,0,0,0.0,699.0,0.0,0.0,1748223203166,https://www.transfermarkt.com/niklas-barthel/profil/spieler/920938
585982,Carlos Augusto,Inter,26.0,Left-Back,0,22000.0,Brazil,1.84,GR Sports,left,2028.0,45.0,2.09,3.0,6.0,0,22.0,7.0,4.0,0,0,0,836.0,2.507,0.0,0.0,1748223206255,https://www.transfermarkt.com/carlos-augusto/profil/spieler/585982
482383,Valon Zumberi,Hamburger SV,22.0,Centre-Back,0,150.0,Germany,1.88,None,right,2025.0,,,,,,2.0,,,,,,,,0.0,0.0,1748223208367,https://www.transfermarkt.com/valon-zumberi/profil/spieler/482383
504085,Tomás Esteves,Pisa,23.0,Right-Back,0,3000.0,Portugal,1.8,Gestifute,right,2026.0,,,,,,,,,,,,,,0.0,0.0,1748223210328,https://www.transfermarkt.com/tomas-esteves/profil/spieler/504085
314965,Pedro Pereira,Monza,27.0,Right-Back,0,1800.0,Portugal,1.85,None,right,2025.0,37.0,0.62,1.0,3.0,0,5.0,13.0,10.0,0,0,0,2.77,2.77,0.0,0.0,1748223212549,https://www.transfermarkt.com/pedro-pereira/profil/spieler/314965
48002,Angelo Ogbonna,Watford,37.0,Centre-Back,0,300.0,Italy,1.91,None,left,2025.0,8.0,1.13,0.0,0,0,1.0,2.0,0.0,0,0,0,0.0,579.0,0.0,0.0,1748223237964,https://www.transfermarkt.com/angelo-ogbonna/profil/spieler/48002
457444,Giuseppe Aurelio,Spezia Calcio,25.0,Left-Back,0,400.0,Italy,1.86,Team Raiola,left,2025.0,28.0,1.57,4.0,0,0,13.0,7.0,1.0,0,0,0,349.0,1.395,0.0,0.0,1748223239274,https://www.transfermarkt.com/giuseppe-aurelio/profil/spieler/457444
171376,Alexander Milosevic,Portsmouth,33.0,Centre-Back,0,300.0,Sweden,1.93,None,right,2025.0,1.0,3.0,0.0,0,0,0,1.0,0.0,0,0,0,0.0,65.0,0.0,0.0,1748223251223,https://www.transfermarkt.com/alexander-milosevic/profil/spieler/171376
213854,Cedric Gondo,Reggiana,28.0,Centre-Forward,0,500.0,Cote d'Ivoire,1.87,None,right,2026.0,34.0,1.12,7.0,1.0,0,10.0,16.0,9.0,0,0,1.0,294.0,2.056,0.0,0.0,1748223263954,https://www.transfermarkt.com/cedric-gondo/profil/spieler/213854
457672,Manuel Ricciardi,Cosenza,25.0,Right Midfield,0,350.0,Italy,1.84,None,right,2026.0,32.0,0.91,4.0,2.0,0,11.0,14.0,6.0,1.0,0,0,495.0,1.978,0.0,0.0,1748223298595,https://www.transfermarkt.com/manuel-ricciardi/profil/spieler/457672
400489,Eljif Elmas,Torino,25.0,Attacking Midfield,0,14000.0,North Macedonia,1.84,None,right,2025.0,19.0,1.16,4.0,1.0,0,7.0,6.0,1.0,0,0,0,279.0,1.115,0.0,0.0,1748223300735,https://www.transfermarkt.com/eljif-elmas/profil/spieler/400489
145923,Michael Ihiekwe,Sheff Wed,32.0,Centre-Back,0,250.0,England,1.85,Wasserman,right,-,25.0,1.12,2.0,0,0,3.0,1.0,3.0,0,0,0,1.038,2.075,0.0,0.0,1748223312715,https://www.transfermarkt.com/michael-ihiekwe/profil/spieler/145923
74842,Mario Götze,E. Frankfurt,32.0,Attacking Midfield,0,5000.0,Germany,1.76,Sports360 GmbH,right,2026.0,35.0,1.89,5.0,3.0,0,6.0,24.0,1.0,0,0,0,465.0,2.324,0.0,0.0,1748223314820,https://www.transfermarkt.com/mario-gotze/profil/spieler/74842
438315,Andreas Müller,Darmstadt 98,24.0,Defensive Midfield,0,1200.0,Germany,1.73,None,right,2026.0,35.0,1.37,2.0,0,0,1.0,18.0,7.0,0,0,0,1.396,2.792,0.0,0.0,1748223316859,https://www.transfermarkt.com/andreas-muller/profil/spieler/438315
632349,Jarell Quansah,Liverpool,22.0,Centre-Back,0,22000.0,England,1.9,None,right,2029.0,25.0,1.92,0.0,0,2.0,12.0,3.0,3.0,0,0,0,0.0,1.29,0.0,0.0,1748223318902,https://www.transfermarkt.com/jarell-quansah/profil/spieler/632349
796297,Jobe Bellingham,Sunderland,19.0,Central Midfield,0,22000.0,England,1.91,None,right,2028.0,43.0,1.81,4.0,3.0,0,1.0,0.0,10.0,0,1.0,0,952.0,3.807,0.0,0.0,1748223368469,https://www.transfermarkt.com/jobe-bellingham/profil/spieler/796297
585949,Pierre Kalulu,Juventus,24.0,Centre-Back,0,26000.0,France,1.82,CAA Stellar,right,2025.0,39.0,1.59,1.0,0,0,4.0,2.0,3.0,0,1.0,0,3.161,3.161,0.0,0.0,1748223370507,https://www.transfermarkt.com/pierre-kalulu/profil/spieler/585949
776890,Nicolas Jackson,Chelsea,23.0,Centre-Forward,0,55000.0,Senegal,1.87,Epic Jackson,right,2033.0,33.0,1.73,12.0,5.0,0,4.0,23.0,8.0,0,1.0,0,196.0,2.357,0.0,0.0,1748223373553,https://www.transfermarkt.com/nicolas-jackson/profil/spieler/776890
847371,Dajaune Brown,Derby,19.0,Centre-Forward,0,250.0,Jamaica,1.82,None,right,2027.0,19.0,0.84,2.0,1.0,0,13.0,6.0,0.0,0,0,0,320.0,639.0,0.0,0.0,1748223398051,https://www.transfermarkt.com/dajaune-brown/profil/spieler/847371
893675,Amir Richardson,Fiorentina,23.0,Central Midfield,0,9000.0,Morocco,1.97,None,left,2029.0,39.0,1.69,2.0,1.0,0,23.0,13.0,7.0,0,0,0,884.0,1.768,0.0,0.0,1748223422515,https://www.transfermarkt.com/amir-richardson/profil/spieler/893675
724537,Andrew Moran,Stoke City,21.0,Attacking Midfield,0,3000.0,Ireland,1.77,YMU Management Ltd.,right,2025.0,39.0,1.08,4.0,6.0,0,10.0,12.0,10.0,0,0,0,657.0,2.629,0.0,0.0,1748223424787,https://www.transfermarkt.com/andrew-moran/profil/spieler/724537
456492,Faride Alidou,1.FC K'lautern,23.0,Left Winger,0,1500.0,Germany,1.86,Dirk Hebel,right,-,15.0,1.13,0.0,1.0,0,15.0,0.0,2.0,0,0,0,0.0,299.0,0.0,0.0,1748223436709,https://www.transfermarkt.com/faride-alidou/profil/spieler/456492
256178,Joe Gomez,Liverpool,28.0,Centre-Back,0,25000.0,England,1.88,Wasserman,right,2027.0,17.0,2.59,0.0,0,0,6.0,4.0,2.0,0,0,0,0.0,874.0,0.0,0.0,1748223438491,https://www.transfermarkt.com/joe-gomez/profil/spieler/256178
227081,Joaquín Correa,Inter,30.0,Second Striker,0,3000.0,Argentina,1.88,None,right,2025.0,22.0,2.0,2.0,4.0,0,15.0,3.0,3.0,0,0,0,422.0,843.0,0.0,0.0,1748223440511,https://www.transfermarkt.com/joaquin-correa/profil/spieler/227081
341227,Juan Miranda,Bologna,25.0,Left-Back,0,11000.0,Spain,1.85,AC Talent,left,2027.0,38.0,1.55,0.0,6.0,0,8.0,5.0,4.0,0,1.0,0,0.0,2.761,0.0,0.0,1748223442497,https://www.transfermarkt.com/juan-miranda/profil/spieler/341227
377468,Anel Ahmedhodzic,Sheff Utd,26.0,Centre-Back,0,18000.0,Bosnia-Herzegovina,1.9,None,right,2026.0,42.0,1.86,3.0,1.0,0,3.0,2.0,11.0,0,1.0,0,1.165,3.496,0.0,0.0,1748223444367,https://www.transfermarkt.com/anel-ahmedhodzic/profil/spieler/377468
249565,Youri Tielemans,Aston Villa,28.0,Central Midfield,0,35000.0,Belgium,1.77,None,right,2027.0,53.0,1.83,5.0,10.0,0,1.0,14.0,5.0,0,0,0,902.0,4.511,0.0,0.0,1748223446526,https://www.transfermarkt.com/youri-tielemans/profil/spieler/249565
641553,Alessio Rizza,Cittadella,22.0,Left-Back,0,200.0,Italy,1.75,None,left,-,6.0,1.0,0.0,0,0,4.0,2.0,1.0,0,0,0,0.0,175.0,0.0,0.0,1748223470775,https://www.transfermarkt.com/alessio-rizza/profil/spieler/641553
215649,Mirko Marić,Venezia,30.0,Centre-Forward,0,700.0,Croatia,1.88,VPA SPORTS ...,left,2025.0,21.0,0.81,0.0,1.0,0,14.0,5.0,0.0,0,0,0,0.0,684.0,0.0,0.0,1748223472961,https://www.transfermarkt.com/mirko-maric/profil/spieler/215649
75489,Niclas Füllkrug,West Ham,32.0,Centre-Forward,0,12000.0,Germany,1.89,ROOF,right,2028.0,20.0,1.0,3.0,2.0,0,12.0,7.0,2.0,0,0,0,292.0,877.0,0.0,0.0,1748223485411,https://www.transfermarkt.com/niclas-fullkrug/profil/spieler/75489
1075579,Mathys Angély,VfL Wolfsburg,18.0,Centre-Back,0,600.0,France,1.9,None,left,-,7.0,2.29,0.0,1.0,0,0,3.0,1.0,0,0,0,0.0,593.0,0.0,0.0,1748223497748,https://www.transfermarkt.com/mathys-angely/profil/spieler/1075579
610581,Ali Al-Hamadi,Stoke City,23.0,Centre-Forward,0,2500.0,Iraq,1.87,Wasserman,right,2025.0,28.0,1.11,3.0,1.0,0,15.0,13.0,5.0,0,0,0,370.0,1.111,0.0,0.0,1748223499885,https://www.transfermarkt.com/ali-al-hamadi/profil/spieler/610581
160241,Kevin Akpoguma,TSG Hoffenheim,30.0,Centre-Back,0,2500.0,Nigeria,1.92,Unique Sports Group,right,2026.0,42.0,1.1,0.0,0,0,10.0,3.0,5.0,0,0,0,0.0,3.066,0.0,0.0,1748223511920,https://www.transfermarkt.com/kevin-akpoguma/profil/spieler/160241
318204,David Raum,RB Leipzig,27.0,Left-Back,0,25000.0,Germany,1.81,ROOF,left,2027.0,29.0,1.45,1.0,6.0,0,2.0,8.0,7.0,0,0,0,2.3,2.3,0.0,0.0,1748223514074,https://www.transfermarkt.com/david-raum/profil/spieler/318204
715558,Marcelino Núñez,Norwich,25.0,Central Midfield,0,5000.0,Chile,1.73,Vibra Futbol,right,2026.0,35.0,1.31,6.0,4.0,0,5.0,18.0,6.0,0,0,0,415.0,2.488,0.0,0.0,1748223515998,https://www.transfermarkt.com/marcelino-nunez/profil/spieler/715558
543387,Cheick Doucouré,Crystal Palace,25.0,Defensive Midfield,0,30000.0,Mali,1.8,None,right,2029.0,14.0,1.5,0.0,0,0,9.0,5.0,1.0,0,0,0,0.0,515.0,0.0,0.0,1748223517810,https://www.transfermarkt.com/cheick-doucoure/profil/spieler/543387
503160,Paul Nebel,1.FSV Mainz 05,22.0,Attacking Midfield,0,17000.0,Germany,1.69,PRO Profil GmbH,both,2027.0,33.0,1.52,10.0,7.0,0,6.0,8.0,4.0,1.0,0,0,249.0,2.491,0.0,0.0,1748223529614,https://www.transfermarkt.com/paul-nebel/profil/spieler/503160
658693,Roko Simic,Cardiff,21.0,Centre-Forward,0,3500.0,Croatia,1.9,None,right,2028.0,6.0,0.67,1.0,0,0,3.0,2.0,2.0,0,0,0,308.0,308.0,0.0,0.0,1748223532191,https://www.transfermarkt.com/roko-simic/profil/spieler/658693
568693,Pape Matar Sarr,Tottenham,22.0,Central Midfield,0,40000.0,Senegal,1.84,None,right,2030.0,55.0,1.35,6.0,3.0,0,22.0,22.0,8.0,0,0,0,488.0,2.925,0.0,0.0,1748223554238,https://www.transfermarkt.com/pape-matar-sarr/profil/spieler/568693
479999,Eberechi Eze,Crystal Palace,26.0,Attacking Midfield,0,55000.0,England,1.78,None,right,2027.0,43.0,1.74,14.0,11.0,0,3.0,23.0,1.0,0,0,1.0,236.0,3.303,0.0,0.0,1748223566136,https://www.transfermarkt.com/eberechi-eze/profil/spieler/479999
698259,Thomas Kristensen,Udinese,23.0,Centre-Back,0,6000.0,Denmark,1.98,None,right,2028.0,24.0,1.21,1.0,0,0,5.0,3.0,5.0,0,0,0,1.753,1.753,0.0,0.0,1748223568272,https://www.transfermarkt.com/thomas-kristensen/profil/spieler/698259
618903,Josh Eccles,Coventry,25.0,Central Midfield,0,7000.0,England,1.81,Quantum Sport,right,2028.0,45.0,1.58,3.0,3.0,0,16.0,15.0,7.0,0,0,0,898.0,2.693,0.0,0.0,1748223570529,https://www.transfermarkt.com/josh-eccles/profil/spieler/618903
380473,Ilias Chair,QPR,27.0,Attacking Midfield,0,6000.0,Morocco,1.71,PANTHERA,right,-,29.0,1.1,2.0,6.0,0,8.0,15.0,2.0,0,0,0,886.0,1.772,0.0,0.0,1748223582284,https://www.transfermarkt.com/ilias-chair/profil/spieler/380473
380737,Pol Valentín,Sheff Wed,28.0,Right-Back,0,500.0,Spain,1.81,AS1,right,2025.0,37.0,1.24,2.0,0,0,22.0,6.0,6.0,0,0,0,870.0,1.74,0.0,0.0,1748223584138,https://www.transfermarkt.com/pol-valentin/profil/spieler/380737
924115,Tim Janisch,1.FC Nuremberg,19.0,Right Midfield,0,750.0,Germany,1.71,None,right,2026.0,24.0,1.38,0.0,2.0,0,4.0,14.0,6.0,0,0,0,0.0,1.654,0.0,0.0,1748223586376,https://www.transfermarkt.com/tim-janisch/profil/spieler/924115
748720,Fabio Andrea Ruggeri,Salernitana,20.0,Centre-Back,0,200.0,Italy,1.84,GR Sports,right,2025.0,22.0,1.14,0.0,1.0,0,4.0,4.0,5.0,0,0,0,0.0,1.626,0.0,0.0,1748223589031,https://www.transfermarkt.com/fabio-andrea-ruggeri/profil/spieler/748720
66219,Kyle Naughton,Swansea,36.0,Right-Back,0,100.0,England,1.81,None,right,2025.0,26.0,1.46,0.0,0,0,14.0,11.0,1.0,0,0,0,0.0,1.054,0.0,0.0,1748223637314,https://www.transfermarkt.com/kyle-naughton/profil/spieler/66219
358165,Yordan Osorio,Parma,31.0,Centre-Back,0,1700.0,Venezuela,1.89,None,right,2025.0,4.0,0.25,0.0,0,0,1.0,2.0,0.0,0,0,0,0.0,217.0,0.0,0.0,1748223638847,https://www.transfermarkt.com/yordan-osorio/profil/spieler/358165
401922,Samuel Chukwueze,AC Milan,26.0,Right Winger,0,14000.0,Nigeria,1.72,None,left,2028.0,36.0,1.44,5.0,3.0,0,25.0,8.0,2.0,0,0,0,257.0,1.287,0.0,0.0,1748223642270,https://www.transfermarkt.com/samuel-chukwueze/profil/spieler/401922
596153,Justin Njinmah,Werder Bremen,24.0,Right Winger,0,7000.0,Germany,1.85,Tenet Football,right,2027.0,30.0,1.5,3.0,4.0,0,20.0,10.0,3.0,0,0,0,366.0,1.099,0.0,0.0,1748223643701,https://www.transfermarkt.com/justin-njinmah/profil/spieler/596153
256448,Gianluca Mancini,AS Roma,29.0,Centre-Back,0,18000.0,Italy,1.9,GR Sports,right,2027.0,46.0,1.78,3.0,2.0,0,1.0,4.0,8.0,0,0,0,1.318,3.954,0.0,0.0,1748223645821,https://www.transfermarkt.com/gianluca-mancini/profil/spieler/256448
207917,Alberto Moreno,Como,32.0,Left-Back,0,1800.0,Spain,1.71,None,left,2025.0,25.0,1.16,0.0,0,0,3.0,13.0,4.0,0,0,0,0.0,1.814,0.0,0.0,1748223647737,https://www.transfermarkt.com/alberto-moreno/profil/spieler/207917
602781,Daisuke Yokota,1.FC K'lautern,24.0,Right Winger,0,2500.0,Japan,1.71,PRO Profil GmbH,left,2025.0,33.0,1.55,5.0,5.0,0,6.0,22.0,4.0,0,0,0,454.0,2.272,0.0,0.0,1748223660652,https://www.transfermarkt.com/daisuke-yokota/profil/spieler/602781
139208,Virgil van Dijk,Liverpool,33.0,Centre-Back,0,28000.0,Netherlands,1.95,ROOF,right,2027.0,49.0,2.27,5.0,1.0,0,0,1.0,7.0,0,0,0,887.0,4.437,0.0,0.0,1748223662570,https://www.transfermarkt.com/virgil-van-dijk/profil/spieler/139208
604320,Frans Krätzig,Heidenheim,22.0,Left Midfield,0,2000.0,Germany,1.77,ROOF,left,2025.0,23.0,1.17,1.0,3.0,0,3.0,14.0,2.0,0,0,0,1.669,1.669,0.0,0.0,1748223731693,https://www.transfermarkt.com/frans-kratzig/profil/spieler/604320
357003,Martin Erlić,Bologna,27.0,Centre-Back,0,5000.0,Croatia,1.93,GR Sports,right,2029.0,11.0,1.27,0.0,1.0,0,6.0,3.0,1.0,0,0,0,0.0,436.0,0.0,0.0,1748223743796,https://www.transfermarkt.com/martin-erlic/profil/spieler/357003
670989,Saxon Earley,Plymouth,22.0,Left-Back,0,150.0,England,1.77,None,"Jan 2, 2023",2025.0,3.0,2.0,0.0,0,0,2.0,1.0,2.0,0,0,0,0.0,95.0,0.0,0.0,1748223746048,https://www.transfermarkt.com/saxon-earley/profil/spieler/670989
279009,Marco Richter,Hamburger SV,27.0,Attacking Midfield,0,2000.0,Germany,1.76,None,right,2025.0,28.0,1.79,1.0,2.0,0,14.0,14.0,2.0,0,0,0,1.202,1.202,0.0,0.0,1748223748692,https://www.transfermarkt.com/marco-richter/profil/spieler/279009
141573,George Saville,Millwall,31.0,Central Midfield,0,1000.0,Northern Ireland,1.76,Refuel Performance ...,left,-,49.0,1.41,1.0,3.0,0,12.0,11.0,8.0,0,0,0,3.467,3.467,0.0,0.0,1748223750705,https://www.transfermarkt.com/george-saville/profil/spieler/141573
568377,Tijs Velthuis,Sassuolo,23.0,Centre-Back,0,800.0,Netherlands,1.89,Forza Sports Group,left,2025.0,10.0,1.3,0.0,0,0,2.0,0.0,3.0,0,0,0,0.0,733.0,0.0,0.0,1748223752540,https://www.transfermarkt.com/tijs-velthuis/profil/spieler/568377
619326,Aldo Florenzi,Cosenza,23.0,Central Midfield,0,1000.0,Italy,1.68,None,right,2026.0,30.0,0.83,2.0,2.0,1.0,1.0,18.0,10.0,2.0,0,0,1.133,2.265,0.0,0.0,1748223754726,https://www.transfermarkt.com/aldo-florenzi/profil/spieler/619326
111196,Stefan de Vrij,Inter,33.0,Centre-Back,0,7000.0,Netherlands,1.89,P&P Sport ...,right,2025.0,40.0,2.35,3.0,1.0,0,9.0,7.0,3.0,0,0,0,947.0,2.84,0.0,0.0,1748223777610,https://www.transfermarkt.com/stefan-de-vrij/profil/spieler/111196
1039342,Raphael Kofler,Südtirol,20.0,Centre-Back,0,800.0,Italy,1.93,None,right,2028.0,29.0,1.31,1.0,0,0,7.0,8.0,5.0,0,0,0,1.95,1.95,0.0,0.0,1748223790563,https://www.transfermarkt.com/raphael-kofler/profil/spieler/1039342
468002,Ben Johnson,Ipswich,25.0,Right-Back,0,9000.0,England,1.84,None,right,2028.0,27.0,0.85,1.0,3.0,0,11.0,3.0,3.0,1.0,0,0,1.615,1.615,0.0,0.0,1748223792303,https://www.transfermarkt.com/ben-johnson/profil/spieler/468002
307058,Mehdi Taremi,Inter,32.0,Centre-Forward,0,5000.0,Iran,1.85,None,right,2027.0,43.0,2.16,3.0,9.0,0,25.0,10.0,1.0,0,0,2.0,629.0,1.887,0.0,0.0,1748223794096,https://www.transfermarkt.com/mehdi-taremi/profil/spieler/307058
902573,Mateusz Kowalski,Parma,19.0,Second Striker,0,300.0,Poland,1.97,SSM Agency,right,2028.0,2.0,,0.0,0,0,1.0,1.0,0.0,0,0,0,0.0,66.0,0.0,0.0,1748223795972,https://www.transfermarkt.com/mateusz-kowalski/profil/spieler/902573
239962,Denis Vavro,VfL Wolfsburg,29.0,Centre-Back,0,7000.0,Slovakia,1.89,None,right,2025.0,43.0,1.56,3.0,0,0,4.0,3.0,6.0,0,0,0,1.209,3.626,0.0,0.0,1748223798565,https://www.transfermarkt.com/denis-vavro/profil/spieler/239962
696764,Abu Kamara,Hull City,21.0,Right Winger,0,4000.0,England,1.83,OmniSports,left,2028.0,40.0,1.03,6.0,4.0,0,13.0,20.0,1.0,0,0,0,415.0,2.489,0.0,0.0,1748223822704,https://www.transfermarkt.com/abu-kamara/profil/spieler/696764
435796,Kilian Fischer,VfL Wolfsburg,24.0,Right-Back,0,6000.0,Germany,1.82,Robert Schneider,both,2027.0,36.0,1.33,1.0,0,0,4.0,18.0,7.0,0,0,0,2.648,2.648,0.0,0.0,1748223824738,https://www.transfermarkt.com/kilian-fischer/profil/spieler/435796
735571,Rodrigo Muniz,Fulham,24.0,Centre-Forward,0,20000.0,Brazil,1.86,None,right,2026.0,36.0,1.58,11.0,2.0,0,23.0,12.0,1.0,0,0,0,123.0,1.355,0.0,0.0,1748223827062,https://www.transfermarkt.com/rodrigo-muniz/profil/spieler/735571
139781,Tom Bradshaw,Oxford United,32.0,Centre-Forward,0,450.0,Wales,1.78,General Sports ...,right,-,24.0,0.96,1.0,0,0,16.0,8.0,1.0,0,0,1.0,855.0,855.0,0.0,0.0,1748223875482,https://www.transfermarkt.com/tom-bradshaw/profil/spieler/139781
40633,Milan Badelj,Genoa,36.0,Defensive Midfield,0,800.0,Croatia,1.86,None,right,2025.0,25.0,1.12,1.0,1.0,0,2.0,19.0,4.0,0,0,0,1.628,1.628,0.0,0.0,1748223877864,https://www.transfermarkt.com/milan-badelj/profil/spieler/40633
609556,William Osula,Newcastle,21.0,Centre-Forward,0,7000.0,Denmark,1.91,CAA Stellar,right,2029.0,19.0,1.74,2.0,2.0,0,16.0,2.0,1.0,0,0,0,207.0,413.0,0.0,0.0,1748223879572,https://www.transfermarkt.com/william-osula/profil/spieler/609556
291222,Jean-Luc Dompé,Hamburger SV,29.0,Left Winger,0,2500.0,France,1.7,Libera Sports,right,2027.0,33.0,1.7,9.0,14.0,0,6.0,12.0,3.0,0,0,0,269.0,2.418,0.0,0.0,1748223891080,https://www.transfermarkt.com/jean-luc-dompe/profil/spieler/291222
822959,Tom Bischof,TSG Hoffenheim,19.0,Central Midfield,0,25000.0,Germany,1.76,Sports360 GmbH,left,2025.0,41.0,1.0,6.0,3.0,0,2.0,17.0,7.0,0,0,0,549.0,3.291,0.0,0.0,1748223893432,https://www.transfermarkt.com/tom-bischof/profil/spieler/822959
255731,Wes Burns,Ipswich,30.0,Right Winger,0,2500.0,Wales,1.73,CAA Stellar,right,2026.0,19.0,0.79,0.0,1.0,0,6.0,13.0,1.0,0,0,0,0.0,979.0,0.0,0.0,1748223895645,https://www.transfermarkt.com/wes-burns/profil/spieler/255731
906160,Saba Goglichidze,FC Empoli,20.0,Centre-Back,0,8000.0,Georgia,1.92,None,right,2027.0,36.0,0.67,0.0,1.0,0,7.0,11.0,4.0,0,1.0,0,0.0,2.665,0.0,0.0,1748223897396,https://www.transfermarkt.com/saba-goglichidze/profil/spieler/906160
93844,Leonardo Bittencourt,Werder Bremen,31.0,Central Midfield,0,2000.0,Germany,1.71,feel soccer GmbH,right,2026.0,31.0,1.52,2.0,2.0,0,20.0,8.0,5.0,0,0,0,574.0,1.148,0.0,0.0,1748223899476,https://www.transfermarkt.com/leonardo-bittencourt/profil/spieler/93844
567472,Federico Zuccon,Salernitana,22.0,Central Midfield,0,1500.0,Italy,1.88,GR Sports,right,2025.0,18.0,1.44,0.0,0,0,10.0,6.0,1.0,0,0,0,0.0,756.0,0.0,0.0,1748223911566,https://www.transfermarkt.com/federico-zuccon/profil/spieler/567472
209212,Solly March,Brighton,30.0,Right Winger,0,8000.0,England,1.8,None,left,2026.0,11.0,2.09,1.0,1.0,0,9.0,2.0,2.0,0,0,0,239.0,239.0,0.0,0.0,1748223924081,https://www.transfermarkt.com/solly-march/profil/spieler/209212
250277,Morgan Fox,QPR,31.0,Left-Back,0,500.0,Wales,1.85,None,left,2025.0,26.0,1.46,1.0,0,2.0,14.0,1.0,3.0,0,0,0,1.333,1.333,0.0,0.0,1748223925738,https://www.transfermarkt.com/morgan-fox/profil/spieler/250277
278332,Florian Neuhaus,Bor. M'gladbach,28.0,Central Midfield,0,3500.0,Germany,1.85,CN Sports,right,2027.0,19.0,1.11,0.0,1.0,0,16.0,2.0,1.0,0,0,0,0.0,437.0,0.0,0.0,1748223927037,https://www.transfermarkt.com/florian-neuhaus/profil/spieler/278332
121402,Ahmad Benali,Bari,33.0,Central Midfield,0,400.0,Libya,1.73,GR Sports,right,2025.0,35.0,1.2,1.0,2.0,0,1.0,11.0,14.0,0,0,0,2.906,2.906,0.0,0.0,1748223939386,https://www.transfermarkt.com/ahmad-benali/profil/spieler/121402
464469,Torbjørn Heggem,West Brom,26.0,Centre-Back,0,1000.0,Norway,1.92,Nordic Sky,left,2027.0,45.0,1.42,1.0,2.0,1.0,0,4.0,3.0,0,0,0,4.014,4.014,0.0,0.0,1748223941876,https://www.transfermarkt.com/torbjorn-heggem/profil/spieler/464469
532541,Luke Cundle,Millwall,23.0,Central Midfield,0,3500.0,England,1.71,None,right,-,21.0,1.67,1.0,0,0,3.0,15.0,2.0,0,0,0,1.283,1.283,0.0,0.0,1748223944264,https://www.transfermarkt.com/luke-cundle/profil/spieler/532541
156990,Marco Friedl,Werder Bremen,27.0,Centre-Back,0,10000.0,Austria,1.87,YOU FIRST,left,2028.0,29.0,1.83,0.0,0,2.0,1.0,3.0,9.0,1.0,1.0,0,0.0,2.434,0.0,0.0,1748223946092,https://www.transfermarkt.com/marco-friedl/profil/spieler/156990
119044,Marcel Sobottka,F. Düsseldorf,31.0,Defensive Midfield,0,500.0,Germany,1.85,Sports eXcellence ...,right,2025.0,12.0,1.42,0.0,2.0,0,1.0,8.0,5.0,0,0,0,0.0,862.0,0.0,0.0,1748223958426,https://www.transfermarkt.com/marcel-sobottka/profil/spieler/119044
331362,Benedikt Pichler,Holstein Kiel,27.0,Centre-Forward,0,2000.0,Austria,1.88,YOU FIRST,right,2027.0,21.0,0.57,2.0,2.0,0,12.0,3.0,1.0,0,0,1.0,470.0,939.0,0.0,0.0,1748223970750,https://www.transfermarkt.com/benedikt-pichler/profil/spieler/331362
392570,Marco Sala,Lecce,25.0,Left-Back,0,1000.0,Italy,1.82,None,left,2025.0,11.0,0.64,0.0,0,0,8.0,2.0,3.0,0,0,0,0.0,341.0,0.0,0.0,1748223972952,https://www.transfermarkt.com/marco-sala/profil/spieler/392570
614258,Levi Colwill,Chelsea,22.0,Centre-Back,0,55000.0,England,1.87,None,left,2029.0,37.0,1.84,2.0,1.0,0,2.0,1.0,9.0,0,0,0,1.62,3.24,0.0,0.0,1748223986616,https://www.transfermarkt.com/levi-colwill/profil/spieler/614258
264960,Robin Fellhauer,SV Elversberg,27.0,Defensive Midfield,0,1500.0,Germany,1.82,None,right,2027.0,27.0,1.74,6.0,4.0,0,1.0,7.0,5.0,0,0,0,367.0,2.204,0.0,0.0,1748223999374,https://www.transfermarkt.com/robin-fellhauer/profil/spieler/264960
75921,Christopher Trimmel,Union Berlin,38.0,Right-Back,0,600.0,Austria,1.89,ROOF,right,2026.0,27.0,1.44,0.0,3.0,0,7.0,9.0,5.0,0,0,0,0.0,1.768,0.0,0.0,1748224002468,https://www.transfermarkt.com/christopher-trimmel/profil/spieler/75921
192735,Stanislav Lobotka,Napoli,30.0,Defensive Midfield,0,25000.0,Slovakia,1.68,FairSport,right,2027.0,35.0,2.14,0.0,2.0,0,2.0,15.0,3.0,0,0,0,0.0,2.801,0.0,0.0,1748224024380,https://www.transfermarkt.com/stanislav-lobotka/profil/spieler/192735
229006,Franck Honorat,Bor. M'gladbach,28.0,Right Winger,0,12000.0,France,1.8,None,right,2028.0,21.0,1.38,5.0,9.0,0,1.0,19.0,0.0,0,0,0,324.0,1.619,0.0,0.0,1748224036556,https://www.transfermarkt.com/franck-honorat/profil/spieler/229006
207929,Dele Alli,Como,29.0,Attacking Midfield,0,3500.0,England,1.88,None,right,2026.0,1.0,,0.0,0,0,1.0,0.0,0.0,0,1.0,0,0.0,9.0,0.0,0.0,1748224048244,https://www.transfermarkt.com/dele-alli/profil/spieler/207929
102017,Jorginho,Arsenal,33.0,Defensive Midfield,0,8000.0,Italy,1.78,None,right,2025.0,27.0,1.96,1.0,0,0,11.0,8.0,5.0,0,0,1.0,1.454,1.454,0.0,0.0,1748224050428,https://www.transfermarkt.com/jorginho/profil/spieler/102017
690478,Matthew Sorinola,Plymouth,24.0,Right-Back,0,750.0,England,1.73,None,right,-,30.0,1.07,0.0,3.0,0,7.0,12.0,8.0,1.0,0,0,0.0,2.013,0.0,0.0,1748224074385,https://www.transfermarkt.com/matthew-sorinola/profil/spieler/690478
120205,Michael Gregoritsch,SC Freiburg,31.0,Centre-Forward,0,4000.0,Austria,1.93,YOU FIRST,left,2026.0,23.0,1.35,3.0,1.0,0,16.0,5.0,2.0,0,0,0,266.0,799.0,0.0,0.0,1748224076258,https://www.transfermarkt.com/michael-gregoritsch/profil/spieler/120205
227084,Benedikt Gimber,Heidenheim,28.0,Centre-Back,0,3000.0,Germany,1.87,None,left,2028.0,36.0,0.92,0.0,0,0,1.0,10.0,9.0,0,0,0,0.0,2.945,0.0,0.0,1748224088744,https://www.transfermarkt.com/benedikt-gimber/profil/spieler/227084
867909,Harry Vaughan,Hull City,21.0,Attacking Midfield,0,400.0,Ireland,1.7,WINS,right,2026.0,4.0,0.25,0.0,0,0,2.0,2.0,1.0,0,0,0,0.0,164.0,0.0,0.0,1748224091422,https://www.transfermarkt.com/harry-vaughan/profil/spieler/867909
823231,Dango Ouattara,Bournemouth,23.0,Left Winger,0,25000.0,Burkina Faso,1.77,PSM,left,2028.0,37.0,1.59,9.0,4.0,0,14.0,16.0,3.0,0,0,0,254.0,2.285,0.0,0.0,1748224113560,https://www.transfermarkt.com/dango-ouattara/profil/spieler/823231
706889,Jaydon Banel,Burnley,20.0,Left Winger,0,1000.0,Netherlands,1.73,More Than Goals,right,2029.0,19.0,1.26,3.0,1.0,0,4.0,8.0,2.0,0,0,1.0,410.0,1.231,0.0,0.0,1748224116573,https://www.transfermarkt.com/jaydon-banel/profil/spieler/706889
49730,Sebastian Jung,Karlsruher SC,34.0,Right-Back,0,300.0,Germany,1.79,None,right,-,34.0,1.62,2.0,2.0,0,0,9.0,1.0,0,0,0,1.507,3.014,0.0,0.0,1748224142161,https://www.transfermarkt.com/sebastian-jung/profil/spieler/49730
555113,Patryk Peda,Juve Stabia,23.0,Centre-Back,0,400.0,Poland,1.92,None,"Jan 25, 2025",2025.0,16.0,1.69,0.0,1.0,0,3.0,1.0,2.0,0,0,0,0.0,1.194,0.0,0.0,1748224180727,https://www.transfermarkt.com/patryk-peda/profil/spieler/555113
391766,Marco Grüll,Werder Bremen,26.0,Left Winger,0,4000.0,Austria,1.82,Milan ...,both,-,34.0,1.68,6.0,2.0,0,18.0,16.0,1.0,0,0,0,224.0,1.342,0.0,0.0,1748224182534,https://www.transfermarkt.com/marco-grull/profil/spieler/391766
642002,Balthazar Pierret,Lecce,25.0,Defensive Midfield,0,1500.0,France,1.86,One Team Football,left,2027.0,32.0,0.81,0.0,0,0,9.0,17.0,2.0,0,0,0,0.0,1.876,0.0,0.0,1748224184664,https://www.transfermarkt.com/balthazar-pierret/profil/spieler/642002
361093,Sven Botman,Newcastle,25.0,Centre-Back,0,45000.0,Netherlands,1.93,Muy Manero,left,2027.0,11.0,2.0,0.0,0,0,2.0,7.0,1.0,0,0,0,0.0,645.0,0.0,0.0,1748224186996,https://www.transfermarkt.com/sven-botman/profil/spieler/361093
458178,Jack Taylor,Ipswich,26.0,Central Midfield,0,3000.0,Ireland,1.85,Unique Sports Group,right,2026.0,36.0,0.61,2.0,0,0,29.0,6.0,4.0,0,0,0,567.0,1.134,0.0,0.0,1748224221574,https://www.transfermarkt.com/jack-taylor/profil/spieler/458178
520530,Fali Candé,Venezia,27.0,Centre-Back,0,2000.0,Guinea-Bissau,1.84,None,left,2025.0,27.0,1.04,1.0,2.0,0,2.0,3.0,5.0,0,0,0,2.215,2.215,0.0,0.0,1748224246154,https://www.transfermarkt.com/fali-cande/profil/spieler/520530
386752,Ryan Wintle,Millwall,27.0,Defensive Midfield,0,3800.0,England,1.8,SMI Sports ...,right,2025.0,23.0,1.91,1.0,0,0,20.0,1.0,3.0,0,0,0,513.0,513.0,0.0,0.0,1748224248143,https://www.transfermarkt.com/ryan-wintle/profil/spieler/386752
502821,Riccardo Calafiori,Arsenal,23.0,Left-Back,0,40000.0,Italy,1.88,None,left,2029.0,29.0,2.03,3.0,2.0,0,13.0,12.0,7.0,0,0,0,499.0,1.497,0.0,0.0,1748224250487,https://www.transfermarkt.com/riccardo-calafiori/profil/spieler/502821
542819,Milutin Osmajic,Preston,25.0,Centre-Forward,0,2000.0,Montenegro,1.86,None,both,2027.0,41.0,1.32,15.0,3.0,0,16.0,13.0,5.0,0,0,0,162.0,2.437,0.0,0.0,1748224252954,https://www.transfermarkt.com/milutin-osmajic/profil/spieler/542819
117478,Marnon Busch,Heidenheim,30.0,Right-Back,0,1200.0,Germany,1.82,None,right,2027.0,33.0,1.27,0.0,1.0,0,9.0,11.0,1.0,0,0,0,0.0,2.12,0.0,0.0,1748224255293,https://www.transfermarkt.com/marnon-busch/profil/spieler/117478
181579,James Ward-Prowse,West Ham,30.0,Central Midfield,0,10000.0,England,1.77,CAA Stellar,right,2027.0,26.0,1.38,1.0,2.0,0,7.0,10.0,2.0,1.0,0,0,1.585,1.585,0.0,0.0,1748224267822,https://www.transfermarkt.com/james-ward-prowse/profil/spieler/181579
168678,Marvin Schulz,Holstein Kiel,30.0,Defensive Midfield,0,700.0,Germany,1.86,Tenet Football,right,2025.0,15.0,0.73,0.0,0,0,9.0,5.0,4.0,0,0,0,0.0,508.0,0.0,0.0,1748224270440,https://www.transfermarkt.com/marvin-schulz/profil/spieler/168678
866655,Tyler Dibling,Southampton,19.0,Right Winger,0,25000.0,England,1.78,ROOF,left,2027.0,38.0,0.47,4.0,3.0,0,14.0,15.0,7.0,0,0,0,554.0,2.215,0.0,0.0,1748224272875,https://www.transfermarkt.com/tyler-dibling/profil/spieler/866655
706968,Ji-sung Eom,Swansea,23.0,Left Winger,0,1200.0,"Korea, South",1.76,None,right,2028.0,40.0,1.35,3.0,3.0,0,10.0,28.0,2.0,0,0,0,819.0,2.458,0.0,0.0,1748224274445,https://www.transfermarkt.com/ji-sung-eom/profil/spieler/706968
719694,Andu Kelati,Holstein Kiel,22.0,Left Winger,0,800.0,Germany,1.81,Soccer and more,right,2028.0,12.0,0.42,1.0,1.0,0,7.0,3.0,0.0,1.0,0,0,533.0,533.0,0.0,0.0,1748224276468,https://www.transfermarkt.com/andu-kelati/profil/spieler/719694
324358,Ollie Watkins,Aston Villa,29.0,Centre-Forward,0,50000.0,England,1.8,Two Touch Agency,right,2028.0,54.0,1.85,17.0,14.0,0,11.0,28.0,2.0,0,0,2.0,210.0,3.578,0.0,0.0,1748224278592,https://www.transfermarkt.com/ollie-watkins/profil/spieler/324358
1017950,Vernon Addo,Lecce,20.0,Left-Back,0,150.0,Netherlands,1.88,None,"Jul 1, 2024",2027.0,34.0,1.32,1.0,2.0,0,0,7.0,6.0,0,0,0,2.933,2.933,0.0,0.0,1748224328536,https://www.transfermarkt.com/vernon-addo/profil/spieler/1017950
316264,Martin Ødegaard,Arsenal,26.0,Attacking Midfield,0,100000.0,Norway,1.78,Nordic Sky,left,2028.0,45.0,1.89,6.0,12.0,0,7.0,16.0,4.0,0,0,1.0,575.0,3.447,0.0,0.0,1748224330554,https://www.transfermarkt.com/martin-odegaard/profil/spieler/316264
372712,Ibrahima Sissoko,VfL Bochum,27.0,Defensive Midfield,0,6000.0,Mali,1.93,None,right,2027.0,33.0,0.7,2.0,1.0,0,2.0,14.0,10.0,1.0,0,0,1.357,2.714,0.0,0.0,1748224342499,https://www.transfermarkt.com/ibrahima-sissoko/profil/spieler/372712
730893,Tyrick Mitchell,Crystal Palace,25.0,Left-Back,0,25000.0,England,1.81,ROOF,left,2025.0,45.0,1.58,0.0,6.0,0,0,15.0,3.0,0,0,0,0.0,3.768,0.0,0.0,1748224356106,https://www.transfermarkt.com/tyrick-mitchell/profil/spieler/730893
743498,Wilson Odobert,Tottenham,20.0,Right Winger,0,18000.0,France,1.82,None,right,2029.0,22.0,1.32,4.0,0,0,10.0,9.0,0.0,0,0,0,275.0,1.098,0.0,0.0,1748224358341,https://www.transfermarkt.com/wilson-odobert/profil/spieler/743498
386755,Gianluca Frabotta,West Brom,25.0,Left-Back,0,1200.0,Italy,1.87,None,left,2027.0,11.0,1.45,1.0,0,0,6.0,3.0,1.0,0,0,0,438.0,438.0,0.0,0.0,1748224361225,https://www.transfermarkt.com/gianluca-frabotta/profil/spieler/386755
331726,Tammy Abraham,AC Milan,27.0,Centre-Forward,0,15000.0,England,1.94,ROOF,right,2025.0,45.0,1.76,10.0,7.0,0,28.0,15.0,1.0,0,0,1.0,176.0,1.757,0.0,0.0,1748224388758,https://www.transfermarkt.com/tammy-abraham/profil/spieler/331726
88755,Kevin De Bruyne,Man City,33.0,Attacking Midfield,0,27000.0,Belgium,1.81,Roc Nation Sports,right,2025.0,40.0,1.7,6.0,8.0,0,13.0,16.0,3.0,0,0,0,399.0,2.391,0.0,0.0,1748224393851,https://www.transfermarkt.com/kevin-de-bruyne/profil/spieler/88755
961022,Benja Domínguez,Bologna,21.0,Left Winger,0,15000.0,Argentina,1.72,None,right,2029.0,28.0,1.89,4.0,3.0,0,12.0,15.0,0.0,0,0,0,360.0,1.441,0.0,0.0,1748224396907,https://www.transfermarkt.com/benja-dominguez/profil/spieler/961022
611845,Ciaron Brown,Oxford United,27.0,Centre-Back,0,700.0,Northern Ireland,1.85,None,left,2025.0,42.0,1.07,4.0,3.0,0,0,1.0,6.0,0,0,0,926.0,3.702,0.0,0.0,1748224402361,https://www.transfermarkt.com/ciaron-brown/profil/spieler/611845
452121,Shinta Appelkamp,F. Düsseldorf,24.0,Central Midfield,0,2000.0,Germany,1.75,None,right,2026.0,28.0,1.5,1.0,8.0,0,11.0,14.0,4.0,0,0,0,1.622,1.622,0.0,0.0,1748224415177,https://www.transfermarkt.com/shinta-appelkamp/profil/spieler/452121
394346,Emanuel Vignato,Pisa,24.0,Right Winger,0,800.0,Italy,1.75,None,right,2026.0,13.0,1.23,0.0,1.0,0,8.0,5.0,1.0,0,1.0,0,0.0,515.0,0.0,0.0,1748224453689,https://www.transfermarkt.com/emanuel-vignato/profil/spieler/394346
704398,Raphael Borges Rodrigues,Coventry,21.0,Left Winger,0,400.0,Australia,1.73,None,right,2028.0,6.0,1.33,0.0,0,0,5.0,1.0,0.0,0,0,0,0.0,119.0,0.0,0.0,1748224455344,https://www.transfermarkt.com/raphael-borges-rodrigues/profil/spieler/704398
521928,Luca Sirch,1.FC K'lautern,25.0,Centre-Back,0,1800.0,Germany,1.86,Unique Sports Group,right,2026.0,30.0,1.67,4.0,6.0,0,1.0,6.0,0.0,0,0,0,642.0,2.566,0.0,0.0,1748224457544,https://www.transfermarkt.com/luca-sirch/profil/spieler/521928
395522,Samuel Essende,FC Augsburg,27.0,Centre-Forward,0,4500.0,DR Congo,1.93,None,right,2028.0,34.0,1.41,10.0,3.0,0,11.0,18.0,4.0,0,2.0,0,184.0,1.841,0.0,0.0,1748224459976,https://www.transfermarkt.com/samuel-essende/profil/spieler/395522
412758,Giorgi Kvernadze,Frosinone,22.0,Left Winger,0,800.0,Georgia,1.88,None,right,2028.0,34.0,1.21,3.0,5.0,0,20.0,9.0,2.0,0,0,0,574.0,1.723,0.0,0.0,1748224461460,https://www.transfermarkt.com/giorgi-kvernadze/profil/spieler/412758
374139,Junior Firpo,Leeds,28.0,Left-Back,0,6500.0,Dominican Republic,1.84,YOU FIRST,left,2025.0,35.0,2.03,4.0,10.0,1.0,4.0,10.0,8.0,0,0,0,680.0,2.719,0.0,0.0,1748224474678,https://www.transfermarkt.com/junior-firpo/profil/spieler/374139
849520,Santiago Castro,Bologna,20.0,Centre-Forward,0,35000.0,Argentina,1.79,None,right,2028.0,46.0,1.59,10.0,8.0,1.0,13.0,22.0,10.0,0,0,0,282.0,2.82,0.0,0.0,1748224486548,https://www.transfermarkt.com/santiago-castro/profil/spieler/849520
280813,Josh Windass,Sheff Wed,31.0,Attacking Midfield,0,400.0,England,1.75,CAA Stellar,right,2026.0,47.0,1.23,13.0,6.0,0,9.0,25.0,9.0,0,0,1.0,259.0,3.367,0.0,0.0,1748224489050,https://www.transfermarkt.com/josh-windass/profil/spieler/280813
407021,Mads Andersen,Luton,27.0,Centre-Back,0,3000.0,Denmark,1.94,BTAM,right,-,9.0,0.67,0.0,0,0,4.0,4.0,3.0,0,0,0,0.0,455.0,0.0,0.0,1748224511648,https://www.transfermarkt.com/mads-andersen/profil/spieler/407021
531783,Rob Atkinson,Portsmouth,26.0,Centre-Back,0,1200.0,England,1.93,None,left,2025.0,16.0,1.56,2.0,1.0,1.0,1.0,5.0,5.0,0,0,0,618.0,1.236,0.0,0.0,1748224536137,https://www.transfermarkt.com/rob-atkinson/profil/spieler/531783
693440,Terry Devlin,Portsmouth,21.0,Right-Back,0,800.0,Northern Ireland,1.8,None,right,2028.0,36.0,1.25,0.0,1.0,0,21.0,4.0,3.0,0,0,0,0.0,1.726,0.0,0.0,1748224538725,https://www.transfermarkt.com/terry-devlin/profil/spieler/693440
45492,Craig Forsyth,Derby,36.0,Left-Back,0,75.0,Scotland,1.89,Two Touch Agency,left,2025.0,42.0,1.17,3.0,4.0,0,13.0,2.0,4.0,0,0,0,948.0,2.845,0.0,0.0,1748224541091,https://www.transfermarkt.com/craig-forsyth/profil/spieler/45492
740529,Eric-Junior Bocat,Stoke City,25.0,Left-Back,0,2200.0,France,1.84,None,left,2028.0,34.0,1.29,0.0,2.0,0,9.0,7.0,1.0,0,0,0,0.0,2.271,0.0,0.0,1748224544190,https://www.transfermarkt.com/eric-junior-bocat/profil/spieler/740529
667627,Yuri Rocchetti,Juve Stabia,21.0,Left-Back,0,700.0,Italy,1.82,None,left,2025.0,33.0,1.48,0.0,0,0,19.0,6.0,4.0,0,0,0,0.0,1.639,0.0,0.0,1748224545837,https://www.transfermarkt.com/yuri-rocchetti/profil/spieler/667627
441264,Julián Illanes,Carrarese,28.0,Centre-Back,0,250.0,Argentina,1.88,None,right,-,32.0,1.16,1.0,0,0,0,2.0,9.0,0,2.0,0,2.806,2.806,0.0,0.0,1748224547866,https://www.transfermarkt.com/julian-illanes/profil/spieler/441264
149996,Hólmbert Aron Fridjónsson,Pr. Münster,32.0,Centre-Forward,0,300.0,Iceland,1.96,None,left,-,23.0,1.13,3.0,1.0,0,16.0,6.0,6.0,0,0,0,269.0,807.0,0.0,0.0,1748224559906,https://www.transfermarkt.com/holmbert-aron-fridjonsson/profil/spieler/149996
181136,Piotr Zieliński,Inter,31.0,Central Midfield,0,14000.0,Poland,1.8,BMG-SPORT,both,2028.0,39.0,2.15,2.0,3.0,0,23.0,8.0,0.0,0,0,2.0,881.0,1.762,0.0,0.0,1748224562214,https://www.transfermarkt.com/piotr-zielinski/profil/spieler/181136
579565,Ísak Jóhannesson,F. Düsseldorf,22.0,Central Midfield,0,7000.0,Iceland,1.84,CAA Stellar,left,2029.0,33.0,1.48,11.0,6.0,0,0,4.0,8.0,0,0,4.0,268.0,2.943,0.0,0.0,1748224564584,https://www.transfermarkt.com/isak-johannesson/profil/spieler/579565
838236,Marin Ljubicic,Union Berlin,23.0,Centre-Forward,0,4000.0,Croatia,1.83,Stars & Friends,right,-,39.0,1.26,6.0,4.0,0,19.0,11.0,5.0,0,0,2.0,339.0,2.033,0.0,0.0,1748224566573,https://www.transfermarkt.com/marin-ljubicic/profil/spieler/838236
148262,Jeff Hendrick,Derby,33.0,Central Midfield,0,400.0,Ireland,1.85,None,right,2025.0,0.0,,0.0,0,0,0,0.0,0.0,0,0,0,0.0,0.0,0.0,0.0,1748224604286,https://www.transfermarkt.com/jeff-hendrick/profil/spieler/148262
659089,Ilya Zabarnyi,Bournemouth,22.0,Centre-Back,0,40000.0,Ukraine,1.89,Wasserman,right,2029.0,39.0,1.56,0.0,1.0,0,1.0,4.0,4.0,0,1.0,0,0.0,3.384,0.0,0.0,1748224606185,https://www.transfermarkt.com/ilya-zabarnyi/profil/spieler/659089
329517,Georgios Masouras,VfL Bochum,31.0,Left Winger,0,3200.0,Greece,1.84,Target Sport,right,2025.0,31.0,1.58,3.0,0,0,13.0,16.0,3.0,0,0,0,528.0,1.583,0.0,0.0,1748224608326,https://www.transfermarkt.com/georgios-masouras/profil/spieler/329517
478573,Ryan Gravenberch,Liverpool,23.0,Defensive Midfield,0,70000.0,Netherlands,1.9,Team Raiola,right,2028.0,49.0,2.27,0.0,4.0,0,0,12.0,6.0,0,1.0,0,0.0,4.207,0.0,0.0,1748224609813,https://www.transfermarkt.com/ryan-gravenberch/profil/spieler/478573
49693,Andreas Weimann,Blackburn,33.0,Attacking Midfield,0,800.0,Austria,1.79,Wasserman,right,2025.0,34.0,1.26,9.0,2.0,0,16.0,16.0,2.0,0,0,0,184.0,1.652,0.0,0.0,1748224612703,https://www.transfermarkt.com/andreas-weimann/profil/spieler/49693
834742,Mateo Joseph,Leeds,21.0,Centre-Forward,0,3500.0,Spain,1.85,Wasserman,right,2028.0,41.0,2.1,3.0,3.0,0,28.0,10.0,0.0,0,0,0,483.0,1.45,0.0,0.0,1748224637035,https://www.transfermarkt.com/mateo-joseph/profil/spieler/834742
698415,José Córdoba,Norwich,23.0,Centre-Back,0,4800.0,Panama,1.85,None,left,2028.0,36.0,1.06,1.0,0,0,10.0,6.0,2.0,1.0,0,0,2.28,2.28,0.0,0.0,1748224640049,https://www.transfermarkt.com/jose-cordoba/profil/spieler/698415
547985,Fabiano Parisi,Fiorentina,24.0,Left-Back,0,5000.0,Italy,1.78,None,left,2028.0,40.0,1.45,2.0,2.0,0,21.0,11.0,5.0,0,0,0,961.0,1.922,0.0,0.0,1748224642253,https://www.transfermarkt.com/fabiano-parisi/profil/spieler/547985
663237,Jacob Ondrejka,Parma,22.0,Left Winger,0,7000.0,Sweden,1.79,None,right,2029.0,38.0,1.42,12.0,5.0,0,16.0,17.0,2.0,0,0,0,177.0,2.125,0.0,0.0,1748224644114,https://www.transfermarkt.com/jacob-ondrejka/profil/spieler/663237
378883,Lino Tempelmann,E. Braunschweig,26.0,Central Midfield,0,750.0,Germany,1.75,PRO Profil GmbH,right,2025.0,23.0,1.35,7.0,3.0,0,3.0,4.0,5.0,0,0,1.0,255.0,1.784,0.0,0.0,1748224656725,https://www.transfermarkt.com/lino-tempelmann/profil/spieler/378883
524290,Fisnik Asllani,SV Elversberg,22.0,Centre-Forward,0,4000.0,Kosovo,1.91,ROGON,both,2025.0,36.0,1.69,19.0,9.0,0,2.0,16.0,5.0,0,0,0,157.0,2.982,0.0,0.0,1748224659312,https://www.transfermarkt.com/fisnik-asllani/profil/spieler/524290
119581,Marvin Wanitzek,Karlsruher SC,32.0,Central Midfield,0,1500.0,Germany,1.79,None,right,-,37.0,1.57,15.0,13.0,0,0,0.0,3.0,0,0,2.0,224.0,3.36,0.0,0.0,1748224660965,https://www.transfermarkt.com/marvin-wanitzek/profil/spieler/119581
724540,Bosun Lawal,Stoke City,21.0,Centre-Back,0,1800.0,Ireland,1.9,None,right,2028.0,13.0,0.77,0.0,1.0,0,7.0,3.0,0.0,0,0,0,0.0,591.0,0.0,0.0,1748224673540,https://www.transfermarkt.com/bosun-lawal/profil/spieler/724540
433584,Alessio Zerbin,Venezia,26.0,Left Winger,0,4000.0,Italy,1.82,None,right,2025.0,22.0,1.09,1.0,2.0,0,4.0,4.0,4.0,0,0,0,1.627,1.627,0.0,0.0,1748224675240,https://www.transfermarkt.com/alessio-zerbin/profil/spieler/433584
692737,Aljoscha Kemlein,Union Berlin,20.0,Defensive Midfield,0,7000.0,Germany,1.87,None,right,-,17.0,0.88,1.0,0,0,6.0,7.0,3.0,0,0,0,970.0,970.0,0.0,0.0,1748224678157,https://www.transfermarkt.com/aljoscha-kemlein/profil/spieler/692737
924339,Christopher Negele,Heidenheim,20.0,Left Winger,0,250.0,Germany,1.72,Robert Schneider,right,2025.0,1.0,,0.0,0,0,1.0,0.0,0.0,0,0,0,0.0,29.0,0.0,0.0,1748224679955,https://www.transfermarkt.com/christopher-negele/profil/spieler/924339
314245,Emmanuel Iyoha,F. Düsseldorf,27.0,Left-Back,0,1200.0,Germany,1.91,Unique Sports Group,both,2026.0,23.0,1.57,1.0,1.0,0,7.0,10.0,1.0,0,0,0,1.487,1.487,0.0,0.0,1748224682060,https://www.transfermarkt.com/emmanuel-iyoha/profil/spieler/314245
243714,Kingsley Coman,Bayern Munich,28.0,Left Winger,0,35000.0,France,1.81,None,right,2027.0,41.0,2.32,7.0,4.0,0,21.0,19.0,2.0,0,0,0,262.0,1.837,0.0,0.0,1748224693826,https://www.transfermarkt.com/kingsley-coman/profil/spieler/243714
655835,Christian Saydee,Portsmouth,23.0,Centre-Forward,0,400.0,England,1.84,Unique Sports Group,right,2026.0,31.0,0.77,3.0,0,0,19.0,10.0,6.0,0,0,0,438.0,1.314,0.0,0.0,1748224695913,https://www.transfermarkt.com/christian-saydee/profil/spieler/655835
402007,Ousmane Diakité,West Brom,24.0,Defensive Midfield,0,700.0,Mali,1.89,MANagement,"Jul 1, 2024",2026.0,24.0,1.42,0.0,0,0,14.0,5.0,1.0,0,0,0,0.0,981.0,0.0,0.0,1748224756917,https://www.transfermarkt.com/ousmane-diakite/profil/spieler/402007
536482,Junior Dina Ebimbe,E. Frankfurt,24.0,Right Midfield,0,7000.0,France,1.84,ROGON,right,2027.0,12.0,2.0,2.0,2.0,0,6.0,6.0,1.0,0,0,0,251.0,502.0,0.0,0.0,1748224781404,https://www.transfermarkt.com/junior-dina-ebimbe/profil/spieler/536482
536342,Francesco Amatucci,Cittadella,23.0,Central Midfield,0,900.0,Italy,1.82,None,right,-,38.0,0.95,1.0,0,0,6.0,9.0,9.0,0,0,0,2.902,2.902,0.0,0.0,1748224793600,https://www.transfermarkt.com/francesco-amatucci/profil/spieler/536342
307781,Lynden Gooch,Stoke City,29.0,Right Winger,0,1200.0,United States,1.73,Unique Sports Group,right,2025.0,23.0,1.43,0.0,2.0,0,11.0,6.0,3.0,0,0,0,0.0,1.149,0.0,0.0,1748224795450,https://www.transfermarkt.com/lynden-gooch/profil/spieler/307781
358166,Eldor Shomurodov,AS Roma,29.0,Centre-Forward,0,4000.0,Uzbekistan,1.9,None,right,2026.0,37.0,1.95,7.0,5.0,0,22.0,14.0,3.0,0,0,0,209.0,1.465,0.0,0.0,1748224807016,https://www.transfermarkt.com/eldor-shomurodov/profil/spieler/358166
580195,Jamal Musiala,Bayern Munich,22.0,Attacking Midfield,0,140000.0,Germany,1.84,WINS,right,2030.0,40.0,2.3,18.0,8.0,0,7.0,20.0,4.0,0,0,0,160.0,2.871,0.0,0.0,1748224808675,https://www.transfermarkt.com/jamal-musiala/profil/spieler/580195
316575,Moritz-Broni Kwarteng,F. Düsseldorf,27.0,Central Midfield,0,1200.0,Germany,1.75,None,both,2025.0,15.0,0.87,0.0,4.0,0,8.0,6.0,1.0,0,0,0,0.0,659.0,0.0,0.0,1748224810631,https://www.transfermarkt.com/moritz-broni-kwarteng/profil/spieler/316575
430310,Andrew Irving,West Ham,25.0,Central Midfield,0,5000.0,Scotland,1.9,DC International ...,left,2026.0,11.0,1.0,0.0,0,0,10.0,1.0,2.0,0,0,0,0.0,174.0,0.0,0.0,1748224812464,https://www.transfermarkt.com/andrew-irving/profil/spieler/430310
273904,Leon Jensen,Karlsruher SC,28.0,Central Midfield,0,1000.0,Germany,1.75,CAA Stellar,both,2025.0,32.0,1.63,4.0,2.0,0,4.0,21.0,11.0,0,0,0,604.0,2.417,0.0,0.0,1748224814347,https://www.transfermarkt.com/leon-jensen/profil/spieler/273904
571310,Valgeir Lunddal,F. Düsseldorf,23.0,Right-Back,0,1500.0,Iceland,1.91,CAA Stellar,right,2028.0,26.0,1.5,0.0,2.0,1.0,8.0,17.0,4.0,0,0,0,0.0,1.507,0.0,0.0,1748224816135,https://www.transfermarkt.com/valgeir-lunddal/profil/spieler/571310
906315,Hugo Cuenca,Genoa,20.0,Attacking Midfield,0,300.0,Paraguay,1.83,None,left,-,11.0,1.09,0.0,0,0,2.0,7.0,2.0,0,0,0,0.0,738.0,0.0,0.0,1748224828280,https://www.transfermarkt.com/hugo-cuenca/profil/spieler/906315
818448,Alessandro Marcandalli,Venezia,22.0,Centre-Back,0,2000.0,Italy,1.9,None,right,2025.0,10.0,0.9,0.0,0,0,4.0,6.0,2.0,0,0,0,0.0,402.0,0.0,0.0,1748224840444,https://www.transfermarkt.com/alessandro-marcandalli/profil/spieler/818448
469050,Nathan Collins,Brentford,24.0,Centre-Back,0,28000.0,Ireland,1.93,None,right,2029.0,42.0,1.48,2.0,5.0,0,2.0,0.0,6.0,0,0,0,1.818,3.635,0.0,0.0,1748224843759,https://www.transfermarkt.com/nathan-collins/profil/spieler/469050
854932,Josh Seary,Preston,20.0,Right-Back,0,100.0,Ireland,1.8,Wasserman,right,2025.0,8.0,1.25,0.0,1.0,0,1.0,3.0,1.0,0,0,0,0.0,522.0,0.0,0.0,1748224846693,https://www.transfermarkt.com/josh-seary/profil/spieler/854932
255626,Conor Shaughnessy,Portsmouth,28.0,Centre-Back,0,800.0,Ireland,1.91,None,right,2027.0,9.0,1.22,1.0,0,0,2.0,5.0,2.0,0,0,0,515.0,515.0,0.0,0.0,1748224849460,https://www.transfermarkt.com/conor-shaughnessy/profil/spieler/255626
199971,Michele Cavion,Carrarese,30.0,Central Midfield,0,200.0,Italy,1.8,None,both,2025.0,3.0,2.33,0.0,0,0,2.0,1.0,0.0,0,0,0,0.0,83.0,0.0,0.0,1748224851728,https://www.transfermarkt.com/michele-cavion/profil/spieler/199971
631007,Filippo Terracciano,AC Milan,22.0,Right-Back,0,4500.0,Italy,1.86,None,right,2028.0,17.0,1.94,0.0,0,0,10.0,2.0,4.0,0,0,0,0.0,692.0,0.0,0.0,1748224891371,https://www.transfermarkt.com/filippo-terracciano/profil/spieler/631007
863741,Nathan Fraser,Wolves,20.0,Centre-Forward,0,600.0,Ireland,1.88,None,right,2028.0,7.0,2.29,0.0,0,0,5.0,2.0,0.0,0,0,0,0.0,185.0,0.0,0.0,1748224893417,https://www.transfermarkt.com/nathan-fraser/profil/spieler/863741
949477,Jacob Farrell,Portsmouth,22.0,Left-Back,0,500.0,Australia,1.8,Republic Sports Mgt,left,2028.0,1.0,1.0,0.0,0,0,0,0.0,0.0,0,0,0,0.0,90.0,0.0,0.0,1748224905297,https://www.transfermarkt.com/jacob-farrell/profil/spieler/949477
163744,Jack Stephens,Southampton,31.0,Centre-Back,0,2000.0,England,1.85,CAA Stellar,right,2025.0,19.0,0.53,1.0,0,0,2.0,4.0,2.0,0,2.0,0,1.394,1.394,0.0,0.0,1748224918558,https://www.transfermarkt.com/jack-stephens/profil/spieler/163744
125614,Sargis Adamyan,J. Regensburg,32.0,Centre-Forward,0,450.0,Armenia,1.84,Karl M. Herzog ...,right,2025.0,23.0,0.96,2.0,0,0,9.0,11.0,5.0,0,0,0,652.0,1.303,0.0,0.0,1748224921293,https://www.transfermarkt.com/sargis-adamyan/profil/spieler/125614
342385,Guido Rodríguez,West Ham,31.0,Defensive Midfield,0,12000.0,Argentina,1.85,None,right,2027.0,24.0,1.5,0.0,1.0,0,8.0,13.0,6.0,0,0,0,0.0,1.185,0.0,0.0,1748224923662,https://www.transfermarkt.com/guido-rodriguez/profil/spieler/342385
333014,Sander Berge,Fulham,27.0,Defensive Midfield,0,25000.0,Norway,1.95,Keypass AS,right,2029.0,36.0,1.53,0.0,0,0,6.0,11.0,6.0,0,0,0,0.0,2.597,0.0,0.0,1748224935773,https://www.transfermarkt.com/sander-berge/profil/spieler/333014
453824,Josh Maja,West Brom,26.0,Centre-Forward,0,10000.0,Nigeria,1.81,None,right,2026.0,26.0,1.54,12.0,2.0,0,0,21.0,2.0,0,0,0,173.0,2.077,0.0,0.0,1748224948735,https://www.transfermarkt.com/josh-maja/profil/spieler/453824
307335,Raphael Odogwu,Südtirol,34.0,Centre-Forward,0,400.0,Italy,1.88,None,left,2025.0,38.0,1.13,5.0,9.0,0,5.0,13.0,3.0,0,0,1.0,580.0,2.902,0.0,0.0,1748224950787,https://www.transfermarkt.com/raphael-odogwu/profil/spieler/307335
315865,Andrea Pinamonti,Genoa,26.0,Centre-Forward,0,16000.0,Italy,1.85,Team Raiola,right,2025.0,37.0,1.05,11.0,1.0,0,3.0,14.0,4.0,0,0,0,267.0,2.94,0.0,0.0,1748224963340,https://www.transfermarkt.com/andrea-pinamonti/profil/spieler/315865
119269,Shane Duffy,Norwich,33.0,Centre-Back,0,800.0,Ireland,1.93,None,right,2026.0,47.0,1.26,4.0,0,0,2.0,2.0,4.0,0,0,0,1.015,4.061,0.0,0.0,1748224965639,https://www.transfermarkt.com/shane-duffy/profil/spieler/119269
82873,Pascal Groß,Bor. Dortmund,33.0,Central Midfield,0,7000.0,Germany,1.81,Excellence Sport,right,2026.0,45.0,1.78,1.0,15.0,0,5.0,17.0,8.0,0,1.0,0,3.464,3.464,0.0,0.0,1748224968443,https://www.transfermarkt.com/pascal-gross/profil/spieler/82873
922693,Archie Gray,Tottenham,19.0,Centre-Back,0,35000.0,England,1.87,None,right,2030.0,46.0,1.5,0.0,0,1.0,11.0,3.0,2.0,0,0,0,0.0,3.244,0.0,0.0,1748224972042,https://www.transfermarkt.com/archie-gray/profil/spieler/922693
919703,Vitalie Becker,FC Schalke 04,20.0,Left-Back,0,100.0,Germany,1.79,None,left,2027.0,16.0,1.44,1.0,2.0,0,0,2.0,2.0,1.0,0,0,1.413,1.413,0.0,0.0,1748224974529,https://www.transfermarkt.com/vitalie-becker/profil/spieler/919703
392768,Callum Hudson-Odoi,Forest,24.0,Left Winger,0,24000.0,England,1.78,None,right,2026.0,36.0,1.75,5.0,3.0,0,9.0,17.0,2.0,0,0,0,502.0,2.511,0.0,0.0,1748224988163,https://www.transfermarkt.com/callum-hudson-odoi/profil/spieler/392768
401578,Exequiel Palacios,B. Leverkusen,26.0,Central Midfield,0,40000.0,Argentina,1.78,Eleven Talent Group,right,2028.0,38.0,1.92,1.0,6.0,0,15.0,11.0,2.0,0,0,0,2.123,2.123,0.0,0.0,1748224990433,https://www.transfermarkt.com/exequiel-palacios/profil/spieler/401578
363205,Gabriel Jesus,Arsenal,28.0,Centre-Forward,0,40000.0,Brazil,1.75,Energy Sports,right,2027.0,27.0,1.93,7.0,2.0,0,14.0,8.0,4.0,0,0,0,172.0,1.204,0.0,0.0,1748224992110,https://www.transfermarkt.com/gabriel-jesus/profil/spieler/363205
950091,Stefanos Tzimas,1.FC Nuremberg,19.0,Centre-Forward,0,22000.0,Greece,1.86,SEG,both,2025.0,24.0,1.58,12.0,3.0,0,4.0,12.0,5.0,0,1.0,0,149.0,1.793,0.0,0.0,1748225004287,https://www.transfermarkt.com/stefanos-tzimas/profil/spieler/950091
586853,Vitinha,Genoa,25.0,Centre-Forward,0,10000.0,Portugal,1.78,None,right,2028.0,27.0,1.11,2.0,3.0,0,9.0,15.0,3.0,0,0,0,742.0,1.484,0.0,0.0,1748225053586,https://www.transfermarkt.com/vitinha/profil/spieler/586853
411255,Jordan Thorniley,Oxford United,28.0,Centre-Back,0,275.0,England,1.81,None,left,-,4.0,1.25,0.0,0,0,2.0,0.0,0.0,0,0,0,0.0,260.0,0.0,0.0,1748225056246,https://www.transfermarkt.com/jordan-thorniley/profil/spieler/411255
315779,Christian Pulisic,AC Milan,26.0,Right Winger,0,50000.0,United States,1.77,None,right,2027.0,50.0,1.74,17.0,12.0,0,7.0,28.0,4.0,0,0,4.0,215.0,3.65,0.0,0.0,1748225058115,https://www.transfermarkt.com/christian-pulisic/profil/spieler/315779
897422,Max Meyer,J. Regensburg,18.0,Left Winger,0,100.0,Germany,1.75,We'RR,right,2025.0,16.0,0.63,4.0,1.0,0,6.0,5.0,3.0,0,0,0,245.0,978.0,0.0,0.0,1748225060737,https://www.transfermarkt.com/max-meyer/profil/spieler/897422
924117,Finn Jeltsch,VfB Stuttgart,18.0,Centre-Back,0,12000.0,Germany,1.88,Match2gether,right,2030.0,34.0,1.41,1.0,0,0,4.0,5.0,6.0,0,0,0,2.679,2.679,0.0,0.0,1748225062727,https://www.transfermarkt.com/finn-jeltsch/profil/spieler/924117
666547,Zito Luvumbo,Cagliari,23.0,Centre-Forward,0,5500.0,Angola,1.71,None,left,2028.0,28.0,1.07,2.0,2.0,0,8.0,15.0,2.0,0,0,0,855.0,1.71,0.0,0.0,1748225065025,https://www.transfermarkt.com/zito-luvumbo/profil/spieler/666547
533321,Stefano Girelli,Salernitana,24.0,Central Midfield,0,350.0,Italy,1.8,None,right,2025.0,4.0,1.0,0.0,0,0,3.0,1.0,1.0,0,0,0,0.0,89.0,0.0,0.0,1748225076912,https://www.transfermarkt.com/stefano-girelli/profil/spieler/533321
395512,Antoine Bernede,Hellas Verona,26.0,Central Midfield,0,3500.0,France,1.78,Unique Sports Group,right,2025.0,32.0,1.28,3.0,1.0,0,11.0,17.0,6.0,0,0,0,580.0,1.739,0.0,0.0,1748225078362,https://www.transfermarkt.com/antoine-bernede/profil/spieler/395512
242631,Alex Iwobi,Fulham,29.0,Attacking Midfield,0,25000.0,Nigeria,1.83,None,right,2028.0,44.0,1.5,9.0,6.0,0,6.0,24.0,1.0,0,0,0,366.0,3.293,0.0,0.0,1748225080997,https://www.transfermarkt.com/alex-iwobi/profil/spieler/242631
159471,Serge Gnabry,Bayern Munich,29.0,Left Winger,0,25000.0,Germany,1.76,ROOF,right,2026.0,42.0,2.19,7.0,8.0,0,22.0,13.0,2.0,0,0,0,281.0,1.968,0.0,0.0,1748225082972,https://www.transfermarkt.com/serge-gnabry/profil/spieler/159471
401173,Jadon Sancho,Chelsea,25.0,Left Winger,0,30000.0,England,1.8,None,right,2025.0,41.0,1.9,4.0,10.0,0,15.0,17.0,2.0,0,0,0,599.0,2.397,0.0,0.0,1748225132478,https://www.transfermarkt.com/jadon-sancho/profil/spieler/401173
506942,Zan Vipotnik,Swansea,23.0,Centre-Forward,0,2500.0,Slovenia,1.85,BOLA CONSULTING,both,2028.0,44.0,1.39,7.0,0,0,18.0,23.0,1.0,0,0,1.0,321.0,2.247,0.0,0.0,1748225134959,https://www.transfermarkt.com/zan-vipotnik/profil/spieler/506942
1126888,Lamine Fanne,Luton,21.0,Central Midfield,0,4000.0,Spain,1.85,None,right,2029.0,14.0,1.36,0.0,0,0,6.0,6.0,1.0,0,0,0,0.0,722.0,0.0,0.0,1748225136630,https://www.transfermarkt.com/lamine-fanne/profil/spieler/1126888
448266,Bilal Hussein,Hertha BSC,25.0,Central Midfield,0,400.0,Sweden,1.73,HCM Sports ...,right,2026.0,8.0,1.88,0.0,3.0,0,3.0,1.0,1.0,0,0,0,0.0,494.0,0.0,0.0,1748225139582,https://www.transfermarkt.com/bilal-hussein/profil/spieler/448266
382567,Matteo Cotali,Modena,28.0,Left-Back,0,600.0,Italy,1.77,None,left,2026.0,31.0,1.16,1.0,0,0,6.0,20.0,6.0,0,1.0,0,2.014,2.014,0.0,0.0,1748225151882,https://www.transfermarkt.com/matteo-cotali/profil/spieler/382567
474701,Crysencio Summerville,West Ham,23.0,Left Winger,0,22000.0,Netherlands,1.74,Wasserman,right,2029.0,22.0,1.05,1.0,2.0,0,12.0,8.0,2.0,0,0,0,989.0,989.0,0.0,0.0,1748225154139,https://www.transfermarkt.com/crysencio-summerville/profil/spieler/474701
1005649,Murillo,Forest,22.0,Centre-Back,0,55000.0,Brazil,1.8,None,left,2029.0,39.0,1.72,2.0,0,0,0,3.0,6.0,0,0,0,1.761,3.521,0.0,0.0,1748225155904,https://www.transfermarkt.com/murillo/profil/spieler/1005649
292808,Wout Faes,Leicester,27.0,Centre-Back,0,20000.0,Belgium,1.87,None,right,2027.0,37.0,0.81,2.0,0,0,4.0,1.0,4.0,0,0,0,1.532,3.064,0.0,0.0,1748225201768,https://www.transfermarkt.com/wout-faes/profil/spieler/292808
503680,Neco Williams,Forest,24.0,Right-Back,0,20000.0,Wales,1.83,Unique Sports Group,right,2026.0,39.0,1.82,1.0,3.0,0,10.0,5.0,9.0,0,0,0,2.803,2.803,0.0,0.0,1748225214732,https://www.transfermarkt.com/neco-williams/profil/spieler/503680
85393,Nicolas Viola,Cagliari,35.0,Attacking Midfield,0,1000.0,Italy,1.8,None,left,2025.0,28.0,1.18,3.0,1.0,0,10.0,18.0,3.0,0,0,0,436.0,1.308,0.0,0.0,1748225226580,https://www.transfermarkt.com/nicolas-viola/profil/spieler/85393
1031293,Ryan Oné,Sheff Utd,18.0,Centre-Forward,0,200.0,Scotland,1.88,None,left,2029.0,15.0,2.0,1.0,0,0,11.0,2.0,3.0,0,0,0,485.0,485.0,0.0,0.0,1748225228666,https://www.transfermarkt.com/ryan-one/profil/spieler/1031293
76274,Christian Gytkjær,Venezia,35.0,Centre-Forward,0,700.0,Denmark,1.85,None,right,2025.0,30.0,0.73,2.0,1.0,0,23.0,6.0,0.0,0,0,1.0,413.0,826.0,0.0,0.0,1748225230323,https://www.transfermarkt.com/christian-gytkjaer/profil/spieler/76274
221421,Kleis Bozhanaj,Modena,24.0,Attacking Midfield,0,450.0,Albania,1.8,None,right,2026.0,28.0,0.96,2.0,3.0,0,19.0,11.0,1.0,0,0,0,469.0,938.0,0.0,0.0,1748225232234,https://www.transfermarkt.com/kleis-bozhanaj/profil/spieler/221421
395739,Kevin Piscopo,Juve Stabia,27.0,Second Striker,0,250.0,Italy,1.81,GR Sports,right,2026.0,38.0,1.53,4.0,9.0,0,10.0,20.0,4.0,0,0,0,599.0,2.397,0.0,0.0,1748225254131,https://www.transfermarkt.com/kevin-piscopo/profil/spieler/395739
633463,Adam Randell,Plymouth,24.0,Defensive Midfield,0,2200.0,England,1.75,Wasserman,right,2026.0,43.0,1.14,1.0,3.0,0,1.0,9.0,7.0,0,0,0,3.644,3.644,0.0,0.0,1748225255929,https://www.transfermarkt.com/adam-randell/profil/spieler/633463
470391,Jayden Braaf,Salernitana,22.0,Left Winger,0,800.0,Netherlands,1.81,None,right,2025.0,18.0,1.06,2.0,0,0,12.0,6.0,3.0,0,0,0,363.0,726.0,0.0,0.0,1748225257770,https://www.transfermarkt.com/jayden-braaf/profil/spieler/470391
255461,Przemyslaw Szyminski,Frosinone,30.0,Centre-Back,0,400.0,Poland,1.85,None,right,2025.0,1.0,1.0,0.0,0,0,0,1.0,0.0,0,0,0,0.0,16.0,0.0,0.0,1748225295777,https://www.transfermarkt.com/przemyslaw-szyminski/profil/spieler/255461
525247,Maximilian Kilman,West Ham,28.0,Centre-Back,0,30000.0,England,1.94,Wasserman,left,2031.0,41.0,1.12,0.0,2.0,0,0,1.0,5.0,0,0,0,0.0,3.619,0.0,0.0,1748225297597,https://www.transfermarkt.com/maximilian-kilman/profil/spieler/525247
942738,Milan Aleksic,Sunderland,19.0,Central Midfield,0,700.0,Serbia,1.79,WINS,right,2028.0,18.0,1.06,3.0,1.0,0,6.0,6.0,3.0,0,0,0,381.0,1.144,0.0,0.0,1748225311557,https://www.transfermarkt.com/milan-aleksic/profil/spieler/942738
688707,Salis Abdul Samed,Sunderland,25.0,Defensive Midfield,0,5500.0,Ghana,1.79,Supernova Management,right,2025.0,11.0,1.0,0.0,0,0,8.0,3.0,0.0,0,0,0,0.0,320.0,0.0,0.0,1748225324502,https://www.transfermarkt.com/salis-abdul-samed/profil/spieler/688707
629588,Nathan Ngoumou,Bor. M'gladbach,25.0,Right Winger,0,4000.0,Cameroon,1.85,None,right,2027.0,21.0,1.62,2.0,1.0,0,12.0,9.0,0.0,0,0,0,426.0,851.0,0.0,0.0,1748225337467,https://www.transfermarkt.com/nathan-ngoumou/profil/spieler/629588
436064,Ramon Hendriks,VfB Stuttgart,23.0,Left-Back,0,5000.0,Netherlands,1.89,Forza Sports Group,left,2028.0,31.0,1.81,0.0,1.0,0,17.0,1.0,4.0,0,0,0,0.0,1.536,0.0,0.0,1748225341124,https://www.transfermarkt.com/ramon-hendriks/profil/spieler/436064
412823,Joel Latibeaudiere,Coventry,25.0,Centre-Back,0,3000.0,Jamaica,1.8,Wasserman,right,2027.0,36.0,1.56,1.0,0,1.0,4.0,5.0,5.0,0,0,0,2.815,2.815,0.0,0.0,1748225343661,https://www.transfermarkt.com/joel-latibeaudiere/profil/spieler/412823
184204,Christian Kühlwetter,J. Regensburg,29.0,Centre-Forward,0,400.0,Germany,1.82,MK Sport Consulting,both,2026.0,33.0,0.85,3.0,0,0,2.0,17.0,5.0,0,0,2.0,848.0,2.545,0.0,0.0,1748225345685,https://www.transfermarkt.com/christian-kuhlwetter/profil/spieler/184204
470607,Brennan Johnson,Tottenham,24.0,Right Winger,0,50000.0,Wales,1.86,Unique Sports Group,right,2028.0,51.0,1.49,18.0,7.0,0,15.0,18.0,7.0,0,0,0,184.0,3.317,0.0,0.0,1748225370291,https://www.transfermarkt.com/brennan-johnson/profil/spieler/470607
604358,David Herold,Karlsruher SC,22.0,Left-Back,0,1500.0,Germany,1.85,None,left,-,36.0,1.53,1.0,2.0,0,12.0,7.0,0.0,0,0,0,2.331,2.331,0.0,0.0,1748225383049,https://www.transfermarkt.com/david-herold/profil/spieler/604358
67556,Milan Djuric,Parma,35.0,Centre-Forward,0,1500.0,Bosnia-Herzegovina,1.99,None,right,2026.0,27.0,0.59,5.0,1.0,0,11.0,7.0,4.0,0,0,0,307.0,1.536,0.0,0.0,1748225408147,https://www.transfermarkt.com/milan-djuric/profil/spieler/67556
326029,Donyell Malen,Aston Villa,26.0,Right Winger,0,25000.0,Netherlands,1.76,Wasserman,right,-,38.0,1.74,8.0,1.0,0,25.0,12.0,2.0,0,0,0,169.0,1.349,0.0,0.0,1748225409613,https://www.transfermarkt.com/donyell-malen/profil/spieler/326029
598577,Florian Wirtz,B. Leverkusen,22.0,Attacking Midfield,0,140000.0,Germany,1.77,None,right,2027.0,45.0,2.02,16.0,15.0,0,9.0,16.0,8.0,0,0,3.0,212.0,3.392,0.0,0.0,1748225431566,https://www.transfermarkt.com/florian-wirtz/profil/spieler/598577
152435,Marcel Franke,Karlsruher SC,32.0,Centre-Back,0,700.0,Germany,1.93,MvK Sports,right,-,33.0,1.55,3.0,0,0,0,6.0,6.0,0,0,0,954.0,2.863,0.0,0.0,1748225433585,https://www.transfermarkt.com/marcel-franke/profil/spieler/152435
607224,Hannibal,Burnley,22.0,Attacking Midfield,0,9000.0,Tunisia,1.83,ROGON,Midfield - Attacking Midfield,2028.0,39.0,2.18,1.0,5.0,0,14.0,23.0,8.0,0,1.0,0,2.068,2.068,0.0,0.0,1748225435928,https://www.transfermarkt.com/hannibal/profil/spieler/607224
388409,Philipp Sander,Bor. M'gladbach,27.0,Central Midfield,0,4000.0,Germany,1.86,Tenet Football,both,2028.0,29.0,1.38,1.0,0,0,12.0,12.0,2.0,0,0,0,1.497,1.497,0.0,0.0,1748225437532,https://www.transfermarkt.com/philipp-sander/profil/spieler/388409
154219,Michael Rose,Stoke City,29.0,Centre-Back,0,500.0,Scotland,1.88,None,right,2025.0,25.0,1.08,1.0,0,0,9.0,2.0,3.0,0,0,0,1.592,1.592,0.0,0.0,1748225440087,https://www.transfermarkt.com/michael-rose/profil/spieler/154219
333903,Lars Ritzka,FC St. Pauli,27.0,Left-Back,0,900.0,Germany,1.85,None,left,-,23.0,0.96,2.0,0,0,12.0,10.0,1.0,0,0,0,486.0,971.0,0.0,0.0,1748225464152,https://www.transfermarkt.com/lars-ritzka/profil/spieler/333903
441986,Yann Bisseck,Inter,24.0,Centre-Back,0,30000.0,Germany,1.96,None,right,2029.0,45.0,2.16,3.0,3.0,0,15.0,10.0,5.0,0,0,0,946.0,2.839,0.0,0.0,1748225489015,https://www.transfermarkt.com/yann-bisseck/profil/spieler/441986
392538,Tommaso Pobega,Bologna,25.0,Central Midfield,0,10000.0,Italy,1.88,None,left,2025.0,30.0,1.7,4.0,3.0,0,13.0,8.0,4.0,1.0,1.0,0,409.0,1.634,0.0,0.0,1748225501137,https://www.transfermarkt.com/tommaso-pobega/profil/spieler/392538
439914,John Yeboah,Venezia,24.0,Attacking Midfield,0,2500.0,Ecuador,1.7,Dirk Hebel,left,2028.0,33.0,0.82,1.0,2.0,0,22.0,9.0,6.0,0,0,0,1.212,1.212,0.0,0.0,1748225502903,https://www.transfermarkt.com/john-yeboah/profil/spieler/439914
426280,Melle Meulensteen,Sampdoria,25.0,Defensive Midfield,0,800.0,Netherlands,1.88,Nine Group,right,2027.0,28.0,1.11,3.0,0,0,3.0,10.0,4.0,0,0,0,694.0,2.082,0.0,0.0,1748225504655,https://www.transfermarkt.com/melle-meulensteen/profil/spieler/426280
218306,César Falletti,Bari,32.0,Attacking Midfield,0,700.0,Uruguay,1.74,None,right,2025.0,27.0,1.22,1.0,4.0,0,8.0,16.0,3.0,0,0,1.0,1.539,1.539,0.0,0.0,1748225506693,https://www.transfermarkt.com/cesar-falletti/profil/spieler/218306
524428,Nicolas Galazzi,Brescia,24.0,Attacking Midfield,0,1100.0,Italy,1.82,None,left,2028.0,24.0,1.25,1.0,6.0,0,6.0,16.0,2.0,0,0,0,1.55,1.55,0.0,0.0,1748225530781,https://www.transfermarkt.com/nicolas-galazzi/profil/spieler/524428
283497,Mathias Honsak,Heidenheim,28.0,Left Winger,0,1500.0,Austria,1.88,HAGMAYR ...,left,2027.0,34.0,1.03,8.0,3.0,0,18.0,9.0,1.0,0,0,0,217.0,1.738,0.0,0.0,1748225532821,https://www.transfermarkt.com/mathias-honsak/profil/spieler/283497
704335,Davide Bragantini,Mantova,21.0,Right Winger,0,800.0,Italy,1.79,None,left,2029.0,37.0,1.14,7.0,3.0,0,20.0,17.0,2.0,0,0,0,223.0,1.561,0.0,0.0,1748225534561,https://www.transfermarkt.com/davide-bragantini/profil/spieler/704335
606849,Makhtar Gueye,Blackburn,27.0,Centre-Forward,0,3000.0,Senegal,1.95,None,right,2027.0,48.0,1.38,8.0,6.0,0,24.0,13.0,8.0,1.0,0,1.0,290.0,2.32,0.0,0.0,1748225558931,https://www.transfermarkt.com/makhtar-gueye/profil/spieler/606849
856530,Mateo Pellegrino,Parma,23.0,Centre-Forward,0,3500.0,Argentina,1.92,None,left,2029.0,14.0,1.14,3.0,1.0,0,6.0,6.0,2.0,0,0,0,257.0,772.0,0.0,0.0,1748225560501,https://www.transfermarkt.com/mateo-pellegrino/profil/spieler/856530
134425,Raheem Sterling,Arsenal,30.0,Right Winger,0,15000.0,England,1.7,None,right,2025.0,28.0,2.04,1.0,5.0,0,15.0,10.0,5.0,0,0,0,1.143,1.143,0.0,0.0,1748225562227,https://www.transfermarkt.com/raheem-sterling/profil/spieler/134425
400546,Nikolas Nartey,VfB Stuttgart,25.0,Central Midfield,0,400.0,Denmark,1.86,None,left,2025.0,9.0,1.89,1.0,0,0,6.0,4.0,1.0,0,0,0,265.0,265.0,0.0,0.0,1748225564766,https://www.transfermarkt.com/nikolas-nartey/profil/spieler/400546
289433,Yakou Méïté,Cardiff,29.0,Left Winger,0,1500.0,Cote d'Ivoire,1.85,None,left,2025.0,34.0,1.06,3.0,0,0,23.0,10.0,1.0,0,0,0,396.0,1.189,0.0,0.0,1748225599367,https://www.transfermarkt.com/yakou-meite/profil/spieler/289433
371141,Stanley Nsoki,TSG Hoffenheim,26.0,Centre-Back,0,2500.0,France,1.84,None,left,2027.0,27.0,1.07,0.0,0,2.0,6.0,6.0,4.0,0,1.0,0,0.0,1.74,0.0,0.0,1748225611361,https://www.transfermarkt.com/stanley-nsoki/profil/spieler/371141
183302,Ben Pearson,Stoke City,30.0,Defensive Midfield,0,1800.0,England,1.76,Wasserman,right,2027.0,15.0,1.2,0.0,0,0,6.0,6.0,6.0,0,0,0,0.0,663.0,0.0,0.0,1748225622910,https://www.transfermarkt.com/ben-pearson/profil/spieler/183302
865970,Sonny Finch,Middlesbrough,19.0,Centre-Forward,0,75.0,England,1.8,CAA Stellar,right,2026.0,17.0,1.06,3.0,3.0,0,7.0,8.0,1.0,0,0,1.0,289.0,868.0,0.0,0.0,1748225625806,https://www.transfermarkt.com/sonny-finch/profil/spieler/865970
386455,Riccardo Sottil,AC Milan,25.0,Left Winger,0,6000.0,Italy,1.8,GR Sports,right,2025.0,33.0,1.76,5.0,4.0,0,17.0,14.0,2.0,0,0,0,291.0,1.456,0.0,0.0,1748225627684,https://www.transfermarkt.com/riccardo-sottil/profil/spieler/386455
879768,Will Lankshear,West Brom,20.0,Centre-Forward,0,3000.0,England,1.89,None,right,2025.0,19.0,1.32,2.0,0,0,11.0,7.0,1.0,1.0,0,0,313.0,625.0,0.0,0.0,1748225640852,https://www.transfermarkt.com/will-lankshear/profil/spieler/879768
614262,Charlie McNeill,Sheff Wed,21.0,Centre-Forward,0,200.0,England,1.81,Two Touch Agency,right,2027.0,7.0,1.86,2.0,0,0,5.0,2.0,0.0,0,0,0,89.0,178.0,0.0,0.0,1748225642825,https://www.transfermarkt.com/charlie-mcneill/profil/spieler/614262
129129,João Pedro,Hull City,33.0,Centre-Forward,0,2500.0,Italy,1.84,None,right,2026.0,36.0,0.92,6.0,2.0,0,10.0,10.0,4.0,0,1.0,0,378.0,2.268,0.0,0.0,1748225644706,https://www.transfermarkt.com/joao-pedro/profil/spieler/129129
407265,Luca Zanimacchia,Cremonese,26.0,Right Winger,0,1400.0,Italy,1.78,GR Sports,right,2027.0,32.0,1.66,1.0,4.0,0,11.0,13.0,3.0,0,0,0,1.886,1.886,0.0,0.0,1748225656558,https://www.transfermarkt.com/luca-zanimacchia/profil/spieler/407265
337092,Tim Siersleben,Heidenheim,25.0,Centre-Back,0,1500.0,Germany,1.87,Ballarbeit,left,2026.0,28.0,1.43,2.0,1.0,0,3.0,4.0,4.0,0,0,0,1.109,2.218,0.0,0.0,1748225691052,https://www.transfermarkt.com/tim-siersleben/profil/spieler/337092
403718,Matias Antonini,Catanzaro,27.0,Centre-Back,0,650.0,Brazil,1.93,None,right,2027.0,21.0,1.52,0.0,0,0,6.0,0.0,5.0,0,0,0,0.0,1.454,0.0,0.0,1748225692827,https://www.transfermarkt.com/matias-antonini/profil/spieler/403718
566723,Michael Olise,Bayern Munich,23.0,Right Winger,0,80000.0,France,1.84,None,left,2029.0,50.0,2.22,17.0,21.0,0,8.0,24.0,4.0,0,0,1.0,205.0,3.482,0.0,0.0,1748225706077,https://www.transfermarkt.com/michael-olise/profil/spieler/566723
88690,Alberto Gerbo,Juve Stabia,35.0,Central Midfield,0,100.0,Italy,1.78,None,right,2025.0,0.0,,0.0,0,0,0,0.0,0.0,0,1.0,0,0.0,0.0,0.0,0.0,1748225718587,https://www.transfermarkt.com/alberto-gerbo/profil/spieler/88690
147359,Jeremy Dudziak,Hertha BSC,29.0,Left-Back,0,750.0,Tunisia,1.76,None,left,2025.0,2.0,0.5,0.0,0,0,0,2.0,1.0,0,0,0,0.0,112.0,0.0,0.0,1748225720541,https://www.transfermarkt.com/jeremy-dudziak/profil/spieler/147359
578539,Chris Richards,Crystal Palace,25.0,Centre-Back,0,12000.0,United States,1.88,Roc Nation Sports,right,2027.0,32.0,1.91,1.0,1.0,0,3.0,3.0,4.0,1.0,0,0,2.635,2.635,0.0,0.0,1748225724165,https://www.transfermarkt.com/chris-richards/profil/spieler/578539
597000,Eric Martel,1.FC Köln,23.0,Defensive Midfield,0,6000.0,Germany,1.88,None,right,2026.0,34.0,1.85,3.0,0,0,0,2.0,4.0,0,0,0,1.024,3.071,0.0,0.0,1748225726003,https://www.transfermarkt.com/eric-martel/profil/spieler/597000
85706,Enda Stevens,Stoke City,34.0,Left-Back,0,250.0,Ireland,1.83,None,left,2025.0,21.0,1.43,0.0,2.0,0,6.0,6.0,3.0,0,0,0,0.0,1.332,0.0,0.0,1748225728292,https://www.transfermarkt.com/enda-stevens/profil/spieler/85706
651569,Daniel Mosquera,Hellas Verona,25.0,Centre-Forward,0,1500.0,Colombia,1.8,None,right,2028.0,36.0,1.03,5.0,1.0,0,23.0,12.0,4.0,0,0,0,287.0,1.434,0.0,0.0,1748225739872,https://www.transfermarkt.com/daniel-mosquera/profil/spieler/651569
272622,Issa Diop,Fulham,28.0,Centre-Back,0,16000.0,France,1.94,None,right,2027.0,24.0,1.58,0.0,0,1.0,7.0,2.0,3.0,0,0,0,0.0,1.539,0.0,0.0,1748225752682,https://www.transfermarkt.com/issa-diop/profil/spieler/272622
570152,Marcel Hoffmeier,SC Paderborn,25.0,Centre-Back,0,1000.0,Germany,1.82,None,right,-,23.0,1.57,0.0,0,0,5.0,6.0,3.0,0,1.0,0,0.0,1.587,0.0,0.0,1748225754391,https://www.transfermarkt.com/marcel-hoffmeier/profil/spieler/570152
52769,Willian,Fulham,36.0,Left Winger,0,1000.0,Brazil,1.75,None,right,2025.0,23.0,1.35,0.0,1.0,0,17.0,5.0,0.0,0,0,0,0.0,853.0,0.0,0.0,1748225756039,https://www.transfermarkt.com/willian/profil/spieler/52769
805886,Gaby Jean,Lecce,25.0,Centre-Back,0,2000.0,France,1.91,One Team Football,left,2027.0,22.0,0.95,0.0,0,0,3.0,3.0,0.0,0,0,0,0.0,1.658,0.0,0.0,1748225757993,https://www.transfermarkt.com/gaby-jean/profil/spieler/805886
569033,Armindo Sieb,1.FSV Mainz 05,22.0,Second Striker,0,4000.0,Germany,1.75,Sport Business ...,both,2026.0,30.0,1.6,3.0,3.0,0,23.0,10.0,2.0,0,0,0,309.0,926.0,0.0,0.0,1748225769905,https://www.transfermarkt.com/armindo-sieb/profil/spieler/569033
809498,Luca Kerber,Heidenheim,23.0,Central Midfield,0,1300.0,Germany,1.84,Soccer and more,right,2027.0,33.0,1.36,2.0,0,0,18.0,11.0,6.0,0,0,0,696.0,1.391,0.0,0.0,1748225771209,https://www.transfermarkt.com/luca-kerber/profil/spieler/809498
693637,Pape Meïssa Ba,FC Schalke 04,27.0,Centre-Forward,0,1500.0,Senegal,1.86,None,right,2028.0,33.0,1.39,13.0,4.0,0,9.0,12.0,5.0,0,0,1.0,171.0,2.224,0.0,0.0,1748225773622,https://www.transfermarkt.com/pape-meissa-ba/profil/spieler/693637
84435,Kevin Vogt,Union Berlin,33.0,Centre-Back,0,2000.0,Germany,1.94,ROOF,right,-,20.0,1.05,1.0,0,0,2.0,7.0,6.0,0,0,1.0,1.537,1.537,0.0,0.0,1748225785164,https://www.transfermarkt.com/kevin-vogt/profil/spieler/84435
651269,Armin Gigovic,Holstein Kiel,23.0,Central Midfield,0,3000.0,Bosnia-Herzegovina,1.87,None,right,-,33.0,0.85,6.0,2.0,0,8.0,20.0,7.0,0,0,0,348.0,2.085,0.0,0.0,1748225798666,https://www.transfermarkt.com/armin-gigovic/profil/spieler/651269
405687,Tom Krauß,VfL Bochum,23.0,Central Midfield,0,4000.0,Germany,1.82,Dirk Hebel,right,2025.0,37.0,0.86,2.0,4.0,0,4.0,22.0,3.0,0,0,0,1.348,2.696,0.0,0.0,1748225810025,https://www.transfermarkt.com/tom-krauss/profil/spieler/405687
237666,Silvan Hefti,Hamburger SV,27.0,Right-Back,0,1500.0,Switzerland,1.83,ONEANDTEN,right,2028.0,20.0,1.85,1.0,1.0,1.0,8.0,7.0,4.0,0,0,0,1.092,1.092,0.0,0.0,1748225831936,https://www.transfermarkt.com/silvan-hefti/profil/spieler/237666
238427,Will Vaulks,Oxford United,31.0,Defensive Midfield,0,700.0,Wales,1.8,None,right,-,46.0,1.2,1.0,2.0,0,8.0,11.0,4.0,0,0,0,3.374,3.374,0.0,0.0,1748225856337,https://www.transfermarkt.com/will-vaulks/profil/spieler/238427
622722,Colin Kleine-Bekel,Holstein Kiel,22.0,Centre-Back,0,2500.0,Germany,1.92,ROOF,right,2025.0,,,,,,2.0,,,,,,,,0.0,0.0,1748225858274,https://www.transfermarkt.com/colin-kleine-bekel/profil/spieler/622722
405679,Frederik Jäkel,SV Elversberg,24.0,Centre-Back,0,800.0,Germany,1.94,feel soccer GmbH,right,2025.0,1.0,3.0,0.0,0,0,1.0,0.0,0.0,0,0,0,0.0,1.0,0.0,0.0,1748225896242,https://www.transfermarkt.com/frederik-jakel/profil/spieler/405679
343337,Fiete Arp,Holstein Kiel,25.0,Centre-Forward,0,800.0,Germany,1.86,None,right,2026.0,25.0,0.6,2.0,0,0,22.0,1.0,7.0,1.0,0,1.0,377.0,753.0,0.0,0.0,1748225898028,https://www.transfermarkt.com/fiete-arp/profil/spieler/343337
855015,Farès Chaïbi,E. Frankfurt,22.0,Attacking Midfield,0,9000.0,Algeria,1.83,None,right,2028.0,38.0,1.74,2.0,3.0,0,24.0,12.0,2.0,0,0,0,787.0,1.573,0.0,0.0,1748225899598,https://www.transfermarkt.com/fares-chaibi/profil/spieler/855015
610442,Rasmus Højlund,Man Utd,22.0,Centre-Forward,0,45000.0,Denmark,1.91,SEG,left,2028.0,52.0,1.42,10.0,4.0,0,14.0,25.0,2.0,0,0,0,332.0,3.323,0.0,0.0,1748225901385,https://www.transfermarkt.com/rasmus-hojlund/profil/spieler/610442
134294,Danny Ings,West Ham,32.0,Centre-Forward,0,7000.0,England,1.77,None,right,2025.0,17.0,0.94,1.0,2.0,0,15.0,2.0,0.0,0,0,0,405.0,405.0,0.0,0.0,1748225903356,https://www.transfermarkt.com/danny-ings/profil/spieler/134294
678088,Luca Wollschläger,Hertha BSC II,22.0,Centre-Forward,0,175.0,Germany,1.95,None,both,2025.0,25.0,1.28,8.0,2.0,0,18.0,5.0,6.0,0,0,0,132.0,1.053,0.0,0.0,1748225904827,https://www.transfermarkt.com/luca-wollschlager/profil/spieler/678088
183780,Paul Seguin,FC Schalke 04,30.0,Central Midfield,0,1200.0,Germany,1.86,Ballarbeit,right,2026.0,26.0,1.19,2.0,5.0,0,3.0,12.0,9.0,0,0,0,979.0,1.958,0.0,0.0,1748225929341,https://www.transfermarkt.com/paul-seguin/profil/spieler/183780
819215,Julien Duranville,Bor. Dortmund,19.0,Left Winger,0,8500.0,Belgium,1.73,None,right,-,24.0,1.67,1.0,2.0,0,18.0,6.0,4.0,0,0,0,707.0,707.0,0.0,0.0,1748225934113,https://www.transfermarkt.com/julien-duranville/profil/spieler/819215
1063329,Andrés García,Aston Villa,22.0,Right-Back,0,7000.0,Spain,1.85,InterStarDeporte,right,-,33.0,1.7,3.0,3.0,0,4.0,7.0,3.0,0,0,0,823.0,2.468,0.0,0.0,1748225936076,https://www.transfermarkt.com/andres-garcia/profil/spieler/1063329
600041,Mattia Felici,Cagliari,24.0,Left Winger,0,3000.0,Italy,1.82,FIRST,right,2027.0,22.0,0.91,0.0,3.0,0,12.0,9.0,1.0,0,0,0,0.0,1.011,0.0,0.0,1748225939643,https://www.transfermarkt.com/mattia-felici/profil/spieler/600041
635336,Imrân Louza,Watford,26.0,Central Midfield,0,6000.0,Morocco,1.78,None,left,2028.0,37.0,1.27,2.0,5.0,0,4.0,7.0,11.0,0,0,0,1.468,2.936,0.0,0.0,1748225951544,https://www.transfermarkt.com/imran-louza/profil/spieler/635336
56601,Eric Botteghin,Modena,37.0,Centre-Back,0,200.0,Brazil,1.93,None,right,2025.0,5.0,1.0,0.0,0,0,2.0,2.0,0.0,0,0,0,0.0,230.0,0.0,0.0,1748225963630,https://www.transfermarkt.com/eric-botteghin/profil/spieler/56601
494237,Wilson Isidor,Sunderland,24.0,Centre-Forward,0,9000.0,France,1.86,None,right,2028.0,53.0,1.68,15.0,2.0,0,15.0,22.0,11.0,0,0,0,237.0,3.552,0.0,0.0,1748225973280,https://www.transfermarkt.com/wilson-isidor/profil/spieler/494237
159239,Dennis Srbeny,Greuther Fürth,31.0,Centre-Forward,0,600.0,Germany,1.9,Unique Sports Group,right,2026.0,35.0,1.17,5.0,4.0,0,18.0,16.0,6.0,0,0,0,307.0,1.536,0.0,0.0,1748225975460,https://www.transfermarkt.com/dennis-srbeny/profil/spieler/159239
632831,Nicolò Bertola,Spezia Calcio,22.0,Centre-Back,0,6500.0,Italy,1.92,None,right,2025.0,29.0,1.83,3.0,2.0,0,5.0,3.0,6.0,0,1.0,0,726.0,2.179,0.0,0.0,1748225977382,https://www.transfermarkt.com/nicolo-bertola/profil/spieler/632831
802560,Emil Højlund,FC Schalke 04,20.0,Centre-Forward,0,500.0,Denmark,1.91,FConsult,right,2028.0,11.0,1.09,0.0,0,0,8.0,3.0,0.0,0,0,0,0.0,309.0,0.0,0.0,1748225981172,https://www.transfermarkt.com/emil-hojlund/profil/spieler/802560
49723,Timothy Chandler,E. Frankfurt,35.0,Right-Back,0,350.0,United States,1.87,Sports eXcellence ...,right,2026.0,3.0,2.33,0.0,0,0,3.0,0.0,0.0,0,0,0,0.0,22.0,0.0,0.0,1748226005917,https://www.transfermarkt.com/timothy-chandler/profil/spieler/49723
745461,Luca Koleosho,Burnley,20.0,Right Winger,0,12000.0,Italy,1.75,CAA Stellar,right,2029.0,30.0,2.0,2.0,0,0,8.0,16.0,4.0,0,0,0,914.0,1.828,0.0,0.0,1748226008064,https://www.transfermarkt.com/luca-koleosho/profil/spieler/745461
403692,Victor Torp,Coventry,25.0,Central Midfield,0,2000.0,Denmark,1.78,BTAM,right,2028.0,41.0,1.51,6.0,4.0,0,14.0,21.0,2.0,0,0,1.0,394.0,2.366,0.0,0.0,1748226020373,https://www.transfermarkt.com/victor-torp/profil/spieler/403692
451747,Brandon Thomas-Asante,Coventry,26.0,Centre-Forward,0,3000.0,Ghana,1.82,None,right,2028.0,43.0,1.4,6.0,3.0,0,23.0,15.0,4.0,0,0,0,325.0,1.948,0.0,0.0,1748226022294,https://www.transfermarkt.com/brandon-thomas-asante/profil/spieler/451747
707450,Lorenzo Amatucci,Salernitana,21.0,Defensive Midfield,0,3500.0,Italy,1.72,YOU FIRST,right,2025.0,38.0,1.18,3.0,2.0,0,1.0,13.0,5.0,0,0,0,1.044,3.133,0.0,0.0,1748226023896,https://www.transfermarkt.com/lorenzo-amatucci/profil/spieler/707450
724178,Luis Hasa,Napoli,21.0,Central Midfield,0,1000.0,Italy,1.72,LIAN Sports Group,right,2029.0,1.0,,0.0,0,0,1.0,0.0,0.0,0,0,0,0.0,10.0,0.0,0.0,1748226024923,https://www.transfermarkt.com/luis-hasa/profil/spieler/724178
659542,Elye Wahi,E. Frankfurt,22.0,Centre-Forward,0,25000.0,France,1.84,None,right,2030.0,25.0,1.84,3.0,1.0,0,17.0,8.0,2.0,0,0,1.0,270.0,809.0,0.0,0.0,1748226026743,https://www.transfermarkt.com/elye-wahi/profil/spieler/659542
151636,Marlon Ritter,1.FC K'lautern,30.0,Attacking Midfield,0,1000.0,Germany,1.73,KL Sportsbase,right,-,32.0,1.69,8.0,4.0,0,5.0,16.0,10.0,0,0,2.0,288.0,2.305,0.0,0.0,1748226029313,https://www.transfermarkt.com/marlon-ritter/profil/spieler/151636
111266,Anthony Losilla,VfL Bochum,39.0,Defensive Midfield,0,500.0,France,1.85,None,right,2025.0,22.0,0.86,0.0,0,0,8.0,9.0,0.0,0,0,0,0.0,1.208,0.0,0.0,1748226051318,https://www.transfermarkt.com/anthony-losilla/profil/spieler/111266
111433,Frédéric Veseli,Südtirol,32.0,Centre-Back,0,250.0,Albania,1.85,Gold and Foot,right,2026.0,24.0,1.46,0.0,1.0,0,1.0,4.0,5.0,0,0,0,0.0,1.991,0.0,0.0,1748226053404,https://www.transfermarkt.com/frederic-veseli/profil/spieler/111433
433183,Tommy Doyle,Wolves,23.0,Central Midfield,0,10000.0,England,1.72,Unique Sports Group,right,2028.0,26.0,1.0,1.0,1.0,0,21.0,2.0,2.0,0,0,0,656.0,656.0,0.0,0.0,1748226055252,https://www.transfermarkt.com/tommy-doyle/profil/spieler/433183
724532,Sinclair Armstrong,Bristol City,21.0,Centre-Forward,0,2200.0,Ireland,1.82,None,right,2028.0,38.0,1.32,3.0,0,0,21.0,18.0,2.0,0,0,0,537.0,1.612,0.0,0.0,1748226058197,https://www.transfermarkt.com/sinclair-armstrong/profil/spieler/724532
692070,Clemens Riedel,Darmstadt 98,21.0,Centre-Back,0,3000.0,Germany,1.86,Sports360 GmbH,right,2026.0,36.0,1.33,1.0,1.0,0,0,1.0,9.0,0,0,0,3.246,3.246,0.0,0.0,1748226060350,https://www.transfermarkt.com/clemens-riedel/profil/spieler/692070
300532,Pontus Almqvist,Parma,25.0,Right Winger,0,2500.0,Sweden,1.83,A.M.A. Sports Agency,left,2027.0,29.0,0.79,1.0,1.0,0,19.0,10.0,5.0,0,0,0,1.106,1.106,0.0,0.0,1748226062049,https://www.transfermarkt.com/pontus-almqvist/profil/spieler/300532
323167,Matteo Gabbia,AC Milan,25.0,Centre-Back,0,14000.0,Italy,1.85,None,right,2029.0,36.0,1.81,2.0,0,0,4.0,7.0,5.0,0,0,0,1.403,2.805,0.0,0.0,1748226086284,https://www.transfermarkt.com/matteo-gabbia/profil/spieler/323167
853491,Killian Corredor,Darmstadt 98,24.0,Centre-Forward,0,2000.0,France,1.82,None,right,-,35.0,1.37,8.0,6.0,0,2.0,16.0,4.0,0,0,1.0,354.0,2.832,0.0,0.0,1748226088393,https://www.transfermarkt.com/killian-corredor/profil/spieler/853491
1058520,Otto Stange,Hamburger SV,18.0,Centre-Forward,0,2000.0,Germany,1.87,CAA Stellar,right,-,29.0,1.48,9.0,3.0,0,16.0,7.0,1.0,1.0,0,2.0,131.0,1.182,0.0,0.0,1748226091244,https://www.transfermarkt.com/otto-stange/profil/spieler/1058520
346018,Jamal Lewis,Newcastle,27.0,Left-Back,0,3000.0,Northern Ireland,1.78,None,left,2025.0,,,,,,,,,,,,90.0,67.0,0.0,0.0,1748226092982,https://www.transfermarkt.com/jamal-lewis/profil/spieler/346018
162961,Valerio Verre,Palermo,31.0,Central Midfield,0,500.0,Italy,1.81,P&P Sport ...,right,2027.0,28.0,1.32,2.0,4.0,0,11.0,17.0,5.0,0,0,0,647.0,1.293,0.0,0.0,1748226095874,https://www.transfermarkt.com/valerio-verre/profil/spieler/162961
61561,Barry Bannan,Sheff Wed,35.0,Central Midfield,0,200.0,Scotland,1.69,SMI Sports ...,left,2025.0,45.0,1.38,4.0,6.0,0,5.0,11.0,7.0,0,0,0,894.0,3.577,0.0,0.0,1748226120164,https://www.transfermarkt.com/barry-bannan/profil/spieler/61561
448028,Kevin Sessa,Hertha BSC,24.0,Central Midfield,0,2000.0,Germany,1.75,None,right,2027.0,22.0,1.41,0.0,1.0,0,9.0,10.0,1.0,0,0,0,0.0,1.019,0.0,0.0,1748226145046,https://www.transfermarkt.com/kevin-sessa/profil/spieler/448028
144143,Bartosz Bereszyński,Sampdoria,32.0,Right-Back,0,1000.0,Poland,1.83,Fabryka Futbolu,right,2025.0,23.0,1.13,0.0,1.0,0,5.0,4.0,7.0,0,0,0,0.0,1.711,0.0,0.0,1748226147193,https://www.transfermarkt.com/bartosz-bereszynski/profil/spieler/144143
160938,Marc Oliver Kempf,Como,30.0,Centre-Back,0,2500.0,Germany,1.86,Dirk Hebel,left,2027.0,35.0,1.54,0.0,0,0,1.0,4.0,5.0,1.0,0,0,0.0,2.922,0.0,0.0,1748226159311,https://www.transfermarkt.com/marc-oliver-kempf/profil/spieler/160938
346560,Alessandro Mallamo,Südtirol,26.0,Central Midfield,0,300.0,Italy,1.74,None,right,-,22.0,1.05,2.0,2.0,0,14.0,8.0,3.0,0,0,0,367.0,734.0,0.0,0.0,1748226197912,https://www.transfermarkt.com/alessandro-mallamo/profil/spieler/346560
333647,Jonathan Burkardt,1.FSV Mainz 05,24.0,Centre-Forward,0,35000.0,Germany,1.83,PRO Profil GmbH,right,2027.0,30.0,1.63,19.0,3.0,0,1.0,19.0,0.0,0,0,2.0,118.0,2.246,0.0,0.0,1748226200136,https://www.transfermarkt.com/jonathan-burkardt/profil/spieler/333647
288340,Phillip Tietz,FC Augsburg,27.0,Centre-Forward,0,5000.0,Germany,1.9,None,right,2027.0,38.0,1.37,8.0,3.0,0,15.0,16.0,5.0,0,0,1.0,258.0,2.065,0.0,0.0,1748226211345,https://www.transfermarkt.com/phillip-tietz/profil/spieler/288340
119115,Diego Falcinelli,Spezia Calcio,33.0,Centre-Forward,0,400.0,Italy,1.86,None,left,2025.0,25.0,1.88,1.0,1.0,0,19.0,6.0,2.0,0,0,0,663.0,663.0,0.0,0.0,1748226224221,https://www.transfermarkt.com/diego-falcinelli/profil/spieler/119115
340982,Florinel Coman,Cagliari,27.0,Left Winger,0,6000.0,Romania,1.82,P&P Sport ...,right,2025.0,28.0,1.32,4.0,8.0,0,7.0,15.0,3.0,0,0,0,453.0,1.81,0.0,0.0,1748226246718,https://www.transfermarkt.com/florinel-coman/profil/spieler/340982
315867,Gianluca Scamacca,Atalanta BC,26.0,Centre-Forward,0,24000.0,Italy,1.95,CAA Stellar,right,2027.0,1.0,1.0,0.0,0,0,1.0,0.0,0.0,0,0,0,0.0,5.0,0.0,0.0,1748226248658,https://www.transfermarkt.com/gianluca-scamacca/profil/spieler/315867
228912,Liam Lindsay,Preston,29.0,Centre-Back,0,2000.0,Scotland,1.91,None,right,2027.0,43.0,1.23,1.0,1.0,0,8.0,4.0,6.0,2.0,0,0,3.157,3.157,0.0,0.0,1748226250586,https://www.transfermarkt.com/liam-lindsay/profil/spieler/228912
398031,Fabio Maistro,Juve Stabia,27.0,Central Midfield,0,450.0,Italy,1.8,None,right,2026.0,28.0,1.14,2.0,1.0,0,14.0,14.0,2.0,0,0,0,562.0,1.123,0.0,0.0,1748226274965,https://www.transfermarkt.com/fabio-maistro/profil/spieler/398031
513245,Jesper Lindstrøm,Everton,25.0,Right Winger,0,20000.0,Denmark,1.82,None,right,2025.0,30.0,1.3,0.0,2.0,0,11.0,16.0,3.0,0,0,0,0.0,1.554,0.0,0.0,1748226288649,https://www.transfermarkt.com/jesper-lindstrom/profil/spieler/513245
967306,Alfie Massey,Millwall,19.0,Central Midfield,0,50.0,England,1.83,None,"Jul 1, 2024",-,2.0,3.0,0.0,0,0,1.0,1.0,0.0,0,0,0,0.0,72.0,0.0,0.0,1748226300875,https://www.transfermarkt.com/alfie-massey/profil/spieler/967306
531065,Oussama El Azzouzi,Bologna,23.0,Defensive Midfield,0,2000.0,Morocco,1.89,HCM Sports ...,right,2027.0,3.0,2.0,0.0,0,0,3.0,0.0,0.0,0,0,0,0.0,25.0,0.0,0.0,1748226303046,https://www.transfermarkt.com/oussama-el-azzouzi/profil/spieler/531065
198589,Lewis Baker,Stoke City,30.0,Central Midfield,0,1500.0,England,1.82,None,right,2026.0,36.0,1.42,8.0,3.0,0,9.0,9.0,6.0,0,0,3.0,305.0,2.443,0.0,0.0,1748226327531,https://www.transfermarkt.com/lewis-baker/profil/spieler/198589
980417,Nathan Lowe,Stoke City,19.0,Centre-Forward,0,250.0,England,1.93,None,both,2028.0,42.0,1.98,22.0,7.0,0,10.0,14.0,3.0,0,0,0,135.0,2.959,0.0,0.0,1748226340370,https://www.transfermarkt.com/nathan-lowe/profil/spieler/980417
665546,Muhamed Tijani,Plymouth,24.0,Centre-Forward,0,800.0,Nigeria,1.91,None,"Jul 2, 2024",2025.0,14.0,1.36,2.0,1.0,0,10.0,4.0,2.0,0,0,0,231.0,461.0,0.0,0.0,1748226352602,https://www.transfermarkt.com/muhamed-tijani/profil/spieler/665546
481834,Andrea Carboni,Monza,24.0,Centre-Back,0,3400.0,Italy,1.87,None,left,2027.0,28.0,0.68,0.0,1.0,0,2.0,7.0,5.0,0,0,0,0.0,2.267,0.0,0.0,1748226375194,https://www.transfermarkt.com/andrea-carboni/profil/spieler/481834
467992,Samuele Ricci,Torino,23.0,Defensive Midfield,0,30000.0,Italy,1.81,None,right,2028.0,36.0,1.28,1.0,2.0,0,1.0,14.0,9.0,0,1.0,0,2.959,2.959,0.0,0.0,1748226388485,https://www.transfermarkt.com/samuele-ricci/profil/spieler/467992
627248,Lewis Dobbin,Norwich,22.0,Left Winger,0,2500.0,England,1.75,None,right,2025.0,29.0,1.62,2.0,0,0,18.0,7.0,1.0,0,0,0,565.0,1.129,0.0,0.0,1748226390647,https://www.transfermarkt.com/lewis-dobbin/profil/spieler/627248
927251,Gianmarco Castorri,Cesena,19.0,Central Midfield,0,150.0,Italy,1.85,None,right,-,38.0,1.32,5.0,6.0,0,5.0,13.0,4.0,0,1.0,0,582.0,2.911,0.0,0.0,1748226393953,https://www.transfermarkt.com/gianmarco-castorri/profil/spieler/927251
887738,Zylyf Muça,Brescia,20.0,Right-Back,0,50.0,Albania,1.85,None,"Jul 1, 2023",-,3.0,0.67,0.0,0,0,1.0,1.0,1.0,0,0,0,0.0,177.0,0.0,0.0,1748226396588,https://www.transfermarkt.com/zylyf-muca/profil/spieler/887738
401356,Edson Álvarez,West Ham,27.0,Defensive Midfield,0,30000.0,Mexico,1.9,Muy Manero,right,2028.0,31.0,1.23,0.0,1.0,0,8.0,17.0,7.0,2.0,0,0,0.0,2.003,0.0,0.0,1748226422115,https://www.transfermarkt.com/edson-alvarez/profil/spieler/401356
419929,Josh Tymon,Swansea,26.0,Left-Back,0,3200.0,England,1.8,None,left,2026.0,48.0,1.27,2.0,7.0,1.0,3.0,5.0,6.0,0,0,0,2.045,4.09,0.0,0.0,1748226446499,https://www.transfermarkt.com/josh-tymon/profil/spieler/419929
242469,Mario Gargiulo,Cosenza,29.0,Central Midfield,0,500.0,Italy,1.87,None,left,2026.0,33.0,0.79,1.0,1.0,0,6.0,7.0,6.0,0,0,0,2.446,2.446,0.0,0.0,1748226448837,https://www.transfermarkt.com/mario-gargiulo/profil/spieler/242469
450234,Marco John,Greuther Fürth,23.0,Left-Back,0,1000.0,Germany,1.84,Sport Business ...,left,2026.0,18.0,1.5,0.0,1.0,0,2.0,6.0,1.0,0,0,0,0.0,1.358,0.0,0.0,1748226460798,https://www.transfermarkt.com/marco-john/profil/spieler/450234
401529,Dodô,Fiorentina,26.0,Right-Back,0,22000.0,Brazil,1.66,Bertolucci Sports,right,2027.0,46.0,1.74,0.0,6.0,0,4.0,8.0,12.0,0,0,0,0.0,3.852,0.0,0.0,1748226462767,https://www.transfermarkt.com/dodo/profil/spieler/401529
119120,Robert Leipertz,SSV Ulm 1846,32.0,Attacking Midfield,0,400.0,Germany,1.83,SEG,left,2025.0,6.0,0.5,1.0,0,0,4.0,0.0,1.0,0,0,0,246.0,246.0,0.0,0.0,1748226475276,https://www.transfermarkt.com/robert-leipertz/profil/spieler/119120
586834,Jesurun Rak-Sakyi,Sheff Utd,22.0,Right Winger,0,3000.0,England,1.78,Seven Sports ...,left,2025.0,36.0,1.92,7.0,2.0,0,13.0,22.0,1.0,0,0,0,259.0,1.812,0.0,0.0,1748226477426,https://www.transfermarkt.com/jesurun-rak-sakyi/profil/spieler/586834
392966,Nadir Zortea,Cagliari,25.0,Right Midfield,0,4500.0,Italy,1.87,None,right,2028.0,37.0,1.0,6.0,2.0,0,3.0,16.0,3.0,0,0,0,472.0,2.831,0.0,0.0,1748226479226,https://www.transfermarkt.com/nadir-zortea/profil/spieler/392966
128904,Ben Gibson,Stoke City,32.0,Centre-Back,0,1000.0,England,1.85,SMI Sports ...,left,2027.0,25.0,0.92,3.0,0,2.0,2.0,3.0,7.0,0,0,0,689.0,2.067,0.0,0.0,1748226481283,https://www.transfermarkt.com/ben-gibson/profil/spieler/128904
234029,Grischa Prömel,TSG Hoffenheim,30.0,Central Midfield,0,4500.0,Germany,1.84,Unique Sports Group,right,2026.0,3.0,2.0,0.0,0,0,0,2.0,0.0,0,0,0,0.0,237.0,0.0,0.0,1748226483304,https://www.transfermarkt.com/grischa-promel/profil/spieler/234029
646658,Aaron Ramsey,Burnley,22.0,Attacking Midfield,0,10000.0,England,1.81,Unique Sports Group,right,2028.0,1.0,3.0,0.0,0,0,1.0,0.0,0.0,0,0,0,0.0,6.0,0.0,0.0,1748226507480,https://www.transfermarkt.com/aaron-ramsey/profil/spieler/646658
346472,Tom Dele-Bashiru,Watford,25.0,Central Midfield,0,1200.0,Nigeria,1.78,None,right,2026.0,30.0,1.33,4.0,0,0,3.0,12.0,1.0,0,0,3.0,563.0,2.251,0.0,0.0,1748226510187,https://www.transfermarkt.com/tom-dele-bashiru/profil/spieler/346472
236509,Connor Ogilvie,Portsmouth,29.0,Left-Back,0,275.0,England,1.84,PANTHERA,left,2026.0,46.0,1.15,4.0,1.0,1.0,0,1.0,5.0,0,0,0,1.03,4.119,0.0,0.0,1748226522320,https://www.transfermarkt.com/connor-ogilvie/profil/spieler/236509
188910,Sei Muroya,Hannover 96,31.0,Right-Back,0,700.0,Japan,1.76,PRO Profil GmbH,right,2025.0,28.0,1.36,0.0,0,0,2.0,9.0,6.0,0,0,0,0.0,2.256,0.0,0.0,1748226524186,https://www.transfermarkt.com/sei-muroya/profil/spieler/188910
287863,Antonio Palumbo,Modena,28.0,Central Midfield,0,2200.0,Italy,1.82,None,left,2027.0,36.0,1.14,9.0,10.0,0,1.0,10.0,10.0,0,1.0,5.0,339.0,3.049,0.0,0.0,1748226526067,https://www.transfermarkt.com/antonio-palumbo/profil/spieler/287863
280581,Boris Tomiak,Hannover 96,26.0,Centre-Back,0,2000.0,Germany,1.93,KL Sportsbase,right,2028.0,28.0,1.36,5.0,2.0,0,1.0,3.0,11.0,0,1.0,4.0,474.0,2.369,0.0,0.0,1748226527394,https://www.transfermarkt.com/boris-tomiak/profil/spieler/280581
1159022,Mateus Lusuardi,Frosinone,21.0,Centre-Back,0,300.0,Brazil,1.9,None,Defender - Centre-Back,2027.0,12.0,1.17,2.0,0,0,1.0,2.0,0.0,0,0,0,462.0,924.0,0.0,0.0,1748226529298,https://www.transfermarkt.com/mateus-lusuardi/profil/spieler/1159022
314367,Marcus Edwards,Burnley,26.0,Right Winger,0,15000.0,England,1.68,Wasserman,left,2025.0,26.0,2.31,5.0,1.0,0,10.0,15.0,1.0,0,0,0,269.0,1.346,0.0,0.0,1748226542722,https://www.transfermarkt.com/marcus-edwards/profil/spieler/314367
1152976,Eric Porstner,Nürnberg U19,18.0,Left-Back,0,200.0,Germany,1.87,Karl M. Herzog ...,left,-,24.0,1.92,2.0,3.0,0,1.0,6.0,2.0,0,0,0,994.0,1.987,0.0,0.0,1748226545189,https://www.transfermarkt.com/eric-porstner/profil/spieler/1152976
569366,Enzo Millot,VfB Stuttgart,22.0,Attacking Midfield,0,35000.0,France,1.75,None,left,2028.0,43.0,1.6,12.0,8.0,0,9.0,21.0,12.0,0,0,0,238.0,2.856,0.0,0.0,1748226547040,https://www.transfermarkt.com/enzo-millot/profil/spieler/569366
730861,Milos Kerkez,Bournemouth,21.0,Left-Back,0,35000.0,Hungary,1.8,LIAN Sports Group,left,2028.0,41.0,1.59,2.0,6.0,0,1.0,6.0,6.0,0,0,0,1.783,3.565,0.0,0.0,1748226548883,https://www.transfermarkt.com/milos-kerkez/profil/spieler/730861
608832,Merlin Röhl,SC Freiburg,22.0,Attacking Midfield,0,12000.0,Germany,1.92,None,right,-,20.0,1.65,0.0,1.0,0,9.0,10.0,2.0,0,0,0,0.0,974.0,0.0,0.0,1748226552797,https://www.transfermarkt.com/merlin-rohl/profil/spieler/608832
177843,Domenico Berardi,Sassuolo,30.0,Right Winger,0,10000.0,Italy,1.83,None,left,2027.0,29.0,2.38,6.0,14.0,0,4.0,16.0,4.0,0,0,1.0,378.0,2.266,0.0,0.0,1748226554548,https://www.transfermarkt.com/domenico-berardi/profil/spieler/177843
943549,Mark O'Mahony,Portsmouth,20.0,Centre-Forward,0,500.0,Ireland,1.82,None,right,2025.0,14.0,0.93,4.0,0,0,9.0,5.0,1.0,0,0,0,168.0,673.0,0.0,0.0,1748226567522,https://www.transfermarkt.com/mark-omahony/profil/spieler/943549
812902,Jonathan Varane,QPR,23.0,Central Midfield,0,1200.0,Martinique,1.9,UTOPIA,right,2028.0,43.0,1.42,1.0,2.0,0,10.0,9.0,9.0,0,1.0,0,2.931,2.931,0.0,0.0,1748226592054,https://www.transfermarkt.com/jonathan-varane/profil/spieler/812902
346567,Luca Pellegrini,Lazio,26.0,Left-Back,0,2500.0,Italy,1.78,Team Raiola,left,2025.0,30.0,1.83,0.0,6.0,0,13.0,7.0,9.0,0,0,0,0.0,1.592,0.0,0.0,1748226614329,https://www.transfermarkt.com/luca-pellegrini/profil/spieler/346567
504209,Gianluca Busio,Venezia,22.0,Central Midfield,0,6500.0,United States,1.72,None,right,2026.0,33.0,0.82,2.0,0,0,5.0,12.0,4.0,0,0,0,1.264,2.527,0.0,0.0,1748226616372,https://www.transfermarkt.com/gianluca-busio/profil/spieler/504209
192638,Nicolas Haas,FC Empoli,29.0,Central Midfield,0,700.0,Switzerland,1.78,Wasserman,right,2025.0,12.0,1.75,1.0,1.0,0,9.0,1.0,1.0,0,0,0,372.0,372.0,0.0,0.0,1748226618163,https://www.transfermarkt.com/nicolas-haas/profil/spieler/192638
510310,Sivert Mannsverk,Cardiff,23.0,Defensive Midfield,0,5000.0,Norway,1.85,Solbakken / Player ...,right,2025.0,20.0,1.2,0.0,1.0,0,2.0,12.0,5.0,0,0,0,0.0,1.403,0.0,0.0,1748226621066,https://www.transfermarkt.com/sivert-mannsverk/profil/spieler/510310
562255,David Wieser,Mantova,23.0,Central Midfield,0,350.0,Italy,1.82,None,"Jul 28, 2023",2027.0,31.0,1.32,0.0,3.0,0,23.0,8.0,3.0,0,0,0,0.0,933.0,0.0,0.0,1748226634504,https://www.transfermarkt.com/david-wieser/profil/spieler/562255
744600,Niklas Jahn,VfL Bochum,20.0,Defensive Midfield,0,200.0,Germany,1.72,ROOF Talents,right,2027.0,18.0,2.33,1.0,3.0,0,0,9.0,0.0,0,0,0,1.455,1.455,0.0,0.0,1748226647008,https://www.transfermarkt.com/niklas-jahn/profil/spieler/744600
534033,Alexis Mac Allister,Liverpool,26.0,Central Midfield,0,90000.0,Argentina,1.76,None,right,2028.0,49.0,2.35,7.0,6.0,0,9.0,18.0,11.0,0,0,0,510.0,3.569,0.0,0.0,1748226671045,https://www.transfermarkt.com/alexis-mac-allister/profil/spieler/534033
884820,Almugera Kabar,Bor. Dortmund,18.0,Left-Back,0,1000.0,Germany,1.86,None,left,2028.0,25.0,1.2,1.0,1.0,0,4.0,13.0,4.0,2.0,0,0,1.577,1.577,0.0,0.0,1748226674596,https://www.transfermarkt.com/almugera-kabar/profil/spieler/884820
948932,Gabe Forsyth,Norwich,18.0,Central Midfield,0,100.0,Scotland,1.84,Unique Sports Group,left,2028.0,8.0,0.63,0.0,0,0,5.0,3.0,1.0,0,0,0,0.0,288.0,0.0,0.0,1748226677457,https://www.transfermarkt.com/gabe-forsyth/profil/spieler/948932
